<?xml version="1.0" encoding="UTF-8"?>
<gpx xmlns="http://www.topografix.com/GPX/1/1" xmlns:xsi="http://www.w3.org/2001/XMLSchema-instance" xsi:schemaLocation="http://www.topografix.com/GPX/1/1 http://www.topografix.com/GPX/1/1/gpx.xsd" version="1.1" creator="overpass-turbo"><metadata><desc>Filtered OSM data converted to GPX by overpass turbo</desc><copyright author="The data included in this document is from www.openstreetmap.org. The data is made available under ODbL."/><time>2026-05-26T20:47:00Z</time></metadata><trk><name>Tromsøya</name><desc>name=Tromsøya
name:no=Tromsøya
name:se=Romssasuolu
place=island
ssr:stedsnr=868425
type=multipolygon
wikidata=Q1190341
wikipedia=en:Tromsøya</desc><link href="http://osm.org/browse/relation/4008105"/><trkseg><trkpt lat="69.6814031" lon="19.0021109"/><trkpt lat="69.6814722" lon="19.0023125"/><trkpt lat="69.681512" lon="19.0024604"/><trkpt lat="69.6815643" lon="19.0026496"/><trkpt lat="69.6816122" lon="19.0028209"/><trkpt lat="69.6818559" lon="19.0034536"/><trkpt lat="69.6819669" lon="19.0037154"/><trkpt lat="69.681857" lon="19.0040356"/><trkpt lat="69.6821932" lon="19.0049422"/><trkpt lat="69.6822947" lon="19.004615"/><trkpt lat="69.6824456" lon="19.0049958"/><trkpt lat="69.6825154" lon="19.0051889"/><trkpt lat="69.6825676" lon="19.0052828"/><trkpt lat="69.6825834" lon="19.0053472"/><trkpt lat="69.6826295" lon="19.0054384"/><trkpt lat="69.6827003" lon="19.0056248"/><trkpt lat="69.6827287" lon="19.0057321"/><trkpt lat="69.6827743" lon="19.005838"/><trkpt lat="69.6828451" lon="19.0059963"/><trkpt lat="69.6829252" lon="19.0062189"/><trkpt lat="69.6830043" lon="19.0064147"/><trkpt lat="69.6830402" lon="19.0065032"/><trkpt lat="69.6830747" lon="19.0065488"/><trkpt lat="69.6831086" lon="19.0065676"/><trkpt lat="69.6831301" lon="19.0065689"/><trkpt lat="69.6831538" lon="19.0065327"/><trkpt lat="69.6832134" lon="19.0063611"/><trkpt lat="69.6833573" lon="19.0058689"/><trkpt lat="69.6833736" lon="19.0058394"/><trkpt lat="69.6833936" lon="19.0058407"/><trkpt lat="69.6836116" lon="19.0062306"/><trkpt lat="69.6837407" lon="19.0065912"/><trkpt lat="69.6839138" lon="19.0069272"/><trkpt lat="69.683947" lon="19.0070096"/><trkpt lat="69.6839787" lon="19.0071365"/><trkpt lat="69.6840258" lon="19.0072567"/><trkpt lat="69.6840621" lon="19.0072923"/><trkpt lat="69.6841641" lon="19.0074926"/><trkpt lat="69.6842376" lon="19.0075972"/><trkpt lat="69.6843002" lon="19.0076617"/><trkpt lat="69.6843427" lon="19.0077664"/><trkpt lat="69.6844346" lon="19.0080245"/><trkpt lat="69.6844879" lon="19.008167"/><trkpt lat="69.6845312" lon="19.0082427"/><trkpt lat="69.6845691" lon="19.0082939"/><trkpt lat="69.6846108" lon="19.0082961"/><trkpt lat="69.6846448" lon="19.0082716"/><trkpt lat="69.6846749" lon="19.0082338"/><trkpt lat="69.6847692" lon="19.0079711"/><trkpt lat="69.6848024" lon="19.0079355"/><trkpt lat="69.6848303" lon="19.0079311"/><trkpt lat="69.6848596" lon="19.0079088"/><trkpt lat="69.6849045" lon="19.0078287"/><trkpt lat="69.6849269" lon="19.0077552"/><trkpt lat="69.68494" lon="19.0076985"/><trkpt lat="69.6849481" lon="19.0076451"/><trkpt lat="69.6849682" lon="19.0075571"/><trkpt lat="69.6850095" lon="19.0075037"/><trkpt lat="69.6850513" lon="19.0074703"/><trkpt lat="69.6851316" lon="19.0073234"/><trkpt lat="69.6852275" lon="19.007023"/><trkpt lat="69.6852877" lon="19.0067692"/><trkpt lat="69.6853221" lon="19.0067181"/><trkpt lat="69.6853781" lon="19.0066891"/><trkpt lat="69.6854801" lon="19.006836"/><trkpt lat="69.6859839" lon="19.0078851"/><trkpt lat="69.6860326" lon="19.0079066"/><trkpt lat="69.6860713" lon="19.00794"/><trkpt lat="69.6861853" lon="19.008039"/><trkpt lat="69.6862951" lon="19.0082439"/><trkpt lat="69.6865872" lon="19.0086355"/><trkpt lat="69.6868056" lon="19.0088127"/><trkpt lat="69.6868934" lon="19.008925"/><trkpt lat="69.6871856" lon="19.0091619"/><trkpt lat="69.6875248" lon="19.0093086"/><trkpt lat="69.6875816" lon="19.0093807"/><trkpt lat="69.6876017" lon="19.0095282"/><trkpt lat="69.6876381" lon="19.0098"/><trkpt lat="69.6877069" lon="19.0099396"/><trkpt lat="69.6879232" lon="19.010134"/><trkpt lat="69.6879657" lon="19.0102556"/><trkpt lat="69.6879695" lon="19.0105976"/><trkpt lat="69.6879727" lon="19.0107666"/><trkpt lat="69.6880357" lon="19.0110589"/><trkpt lat="69.6880548" lon="19.0112842"/><trkpt lat="69.6881521" lon="19.0121947"/><trkpt lat="69.688219" lon="19.0128681"/><trkpt lat="69.6882595" lon="19.0132718"/><trkpt lat="69.6882795" lon="19.0133697"/><trkpt lat="69.6882935" lon="19.0134287"/><trkpt lat="69.6883135" lon="19.0134542"/><trkpt lat="69.6882604" lon="19.013894"/><trkpt lat="69.6899511" lon="19.0156088"/><trkpt lat="69.6900109" lon="19.0151289"/><trkpt lat="69.6900745" lon="19.0151889"/><trkpt lat="69.6901267" lon="19.0152506"/><trkpt lat="69.6901669" lon="19.0152517"/><trkpt lat="69.6902199" lon="19.0152439"/><trkpt lat="69.6902859" lon="19.0152703"/><trkpt lat="69.6904772" lon="19.0155852"/><trkpt lat="69.6905591" lon="19.015722"/><trkpt lat="69.6906485" lon="19.015836"/><trkpt lat="69.6907579" lon="19.0159178"/><trkpt lat="69.6908463" lon="19.0160385"/><trkpt lat="69.6909329" lon="19.0161136"/><trkpt lat="69.6910539" lon="19.0162504"/><trkpt lat="69.6911009" lon="19.0163308"/><trkpt lat="69.6911214" lon="19.0163872"/><trkpt lat="69.6911447" lon="19.0164368"/><trkpt lat="69.6911625" lon="19.0164817"/><trkpt lat="69.6911909" lon="19.0165511"/><trkpt lat="69.6919349" lon="19.017529"/><trkpt lat="69.6919785" lon="19.0175594"/><trkpt lat="69.6920097" lon="19.0175594"/><trkpt lat="69.6920526" lon="19.0175768"/><trkpt lat="69.6921086" lon="19.0176526"/><trkpt lat="69.6921729" lon="19.0177156"/><trkpt lat="69.6922082" lon="19.0177349"/><trkpt lat="69.6922457" lon="19.0177285"/><trkpt lat="69.6922609" lon="19.017722"/><trkpt lat="69.6922709" lon="19.0177204"/><trkpt lat="69.6922788" lon="19.0177398"/><trkpt lat="69.6922855" lon="19.0177962"/><trkpt lat="69.6922978" lon="19.0178317"/><trkpt lat="69.6923577" lon="19.0179027"/><trkpt lat="69.6925223" lon="19.018035"/><trkpt lat="69.6926209" lon="19.0180834"/><trkpt lat="69.6926679" lon="19.0180866"/><trkpt lat="69.6927116" lon="19.0181447"/><trkpt lat="69.6928029" lon="19.0182496"/><trkpt lat="69.6928236" lon="19.0182528"/><trkpt lat="69.6928409" lon="19.0182657"/><trkpt lat="69.6928507" lon="19.0183069"/><trkpt lat="69.6928608" lon="19.0183173"/><trkpt lat="69.6928992" lon="19.0183141"/><trkpt lat="69.6929255" lon="19.0183254"/><trkpt lat="69.6929496" lon="19.0183254"/><trkpt lat="69.6929725" lon="19.0182915"/><trkpt lat="69.6929927" lon="19.0182447"/><trkpt lat="69.6930218" lon="19.018206"/><trkpt lat="69.6930386" lon="19.0181415"/><trkpt lat="69.693089" lon="19.017935"/><trkpt lat="69.6931819" lon="19.0175768"/><trkpt lat="69.6932278" lon="19.0173429"/><trkpt lat="69.6932816" lon="19.0171073"/><trkpt lat="69.6933107" lon="19.0170283"/><trkpt lat="69.6933342" lon="19.0170186"/><trkpt lat="69.6933538" lon="19.0170493"/><trkpt lat="69.6933622" lon="19.0170783"/><trkpt lat="69.6933656" lon="19.0171315"/><trkpt lat="69.6933689" lon="19.0174542"/><trkpt lat="69.6933824" lon="19.0176301"/><trkpt lat="69.6934372" lon="19.0178672"/><trkpt lat="69.6935078" lon="19.0180189"/><trkpt lat="69.6935895" lon="19.0180963"/><trkpt lat="69.6936522" lon="19.0180866"/><trkpt lat="69.6936948" lon="19.018106"/><trkpt lat="69.6937161" lon="19.0181673"/><trkpt lat="69.6937385" lon="19.0182512"/><trkpt lat="69.6937911" lon="19.0183093"/><trkpt lat="69.6938751" lon="19.0183754"/><trkpt lat="69.6939232" lon="19.0183754"/><trkpt lat="69.6939585" lon="19.018377"/><trkpt lat="69.6939753" lon="19.0184012"/><trkpt lat="69.6939876" lon="19.0184561"/><trkpt lat="69.6939893" lon="19.0185255"/><trkpt lat="69.6939904" lon="19.0194612"/><trkpt lat="69.6939831" lon="19.0198701"/><trkpt lat="69.6940111" lon="19.0201399"/><trkpt lat="69.6940558" lon="19.0202389"/><trkpt lat="69.6941028" lon="19.0203064"/><trkpt lat="69.6941288" lon="19.0203384"/><trkpt lat="69.6941484" lon="19.0203303"/><trkpt lat="69.6941942" lon="19.0202356"/><trkpt lat="69.6941973" lon="19.0201897"/><trkpt lat="69.6941967" lon="19.0201367"/><trkpt lat="69.6941761" lon="19.0200189"/><trkpt lat="69.6941484" lon="19.0199166"/><trkpt lat="69.6941357" lon="19.0198445"/><trkpt lat="69.6941259" lon="19.0196822"/><trkpt lat="69.6941186" lon="19.0185271"/><trkpt lat="69.6941293" lon="19.0182996"/><trkpt lat="69.6942187" lon="19.0175843"/><trkpt lat="69.6942183" lon="19.0175375"/><trkpt lat="69.6942225" lon="19.0174941"/><trkpt lat="69.6942387" lon="19.0174559"/><trkpt lat="69.6942626" lon="19.0174591"/><trkpt lat="69.6943257" lon="19.0175375"/><trkpt lat="69.6946037" lon="19.0159024"/><trkpt lat="69.6946304" lon="19.0159283"/><trkpt lat="69.6946439" lon="19.0159205"/><trkpt lat="69.6946617" lon="19.0158148"/><trkpt lat="69.6946725" lon="19.0157847"/><trkpt lat="69.6946899" lon="19.0157747"/><trkpt lat="69.6947014" lon="19.0157769"/><trkpt lat="69.6947095" lon="19.0157958"/><trkpt lat="69.694718" lon="19.015837"/><trkpt lat="69.6947219" lon="19.015876"/><trkpt lat="69.6949436" lon="19.0161631"/><trkpt lat="69.6949525" lon="19.0161564"/><trkpt lat="69.694964" lon="19.0161086"/><trkpt lat="69.6949685" lon="19.0160935"/><trkpt lat="69.6949822" lon="19.0161041"/><trkpt lat="69.6949976" lon="19.0161375"/><trkpt lat="69.6949895" lon="19.0162093"/><trkpt lat="69.694993" lon="19.0162343"/><trkpt lat="69.695015" lon="19.0162488"/><trkpt lat="69.6951039" lon="19.0163579"/><trkpt lat="69.6952352" lon="19.0164714"/><trkpt lat="69.6952854" lon="19.0165159"/><trkpt lat="69.6952985" lon="19.0164847"/><trkpt lat="69.6953302" lon="19.0164836"/><trkpt lat="69.6953842" lon="19.0165326"/><trkpt lat="69.6954738" lon="19.0166628"/><trkpt lat="69.6955418" lon="19.0167763"/><trkpt lat="69.6956785" lon="19.0170008"/><trkpt lat="69.6957341" lon="19.0171035"/><trkpt lat="69.6957604" lon="19.0171814"/><trkpt lat="69.6957743" lon="19.0172192"/><trkpt lat="69.6959156" lon="19.0174284"/><trkpt lat="69.6960205" lon="19.0175941"/><trkpt lat="69.6964335" lon="19.0182817"/><trkpt lat="69.696415" lon="19.0188352"/><trkpt lat="69.6964367" lon="19.019021"/><trkpt lat="69.6964924" lon="19.0191503"/><trkpt lat="69.6965234" lon="19.0190115"/><trkpt lat="69.6965979" lon="19.0189656"/><trkpt lat="69.6966369" lon="19.0190618"/><trkpt lat="69.696654" lon="19.0191382"/><trkpt lat="69.6966752" lon="19.0194302"/><trkpt lat="69.6966534" lon="19.0201867"/><trkpt lat="69.6965565" lon="19.0201779"/><trkpt lat="69.6963771" lon="19.020397"/><trkpt lat="69.6963211" lon="19.0204438"/><trkpt lat="69.696292" lon="19.0204446"/><trkpt lat="69.6962668" lon="19.0204421"/><trkpt lat="69.6962562" lon="19.0204639"/><trkpt lat="69.6962363" lon="19.0206491"/><trkpt lat="69.6962268" lon="19.0206745"/><trkpt lat="69.6962159" lon="19.0209181"/><trkpt lat="69.6961918" lon="19.0212843"/><trkpt lat="69.6961705" lon="19.0216747"/><trkpt lat="69.6961554" lon="19.0220861"/><trkpt lat="69.6961406" lon="19.022248"/><trkpt lat="69.6961381" lon="19.0222811"/><trkpt lat="69.6961373" lon="19.0223217"/><trkpt lat="69.6961436" lon="19.0223334"/><trkpt lat="69.6961407" lon="19.0223669"/><trkpt lat="69.6961702" lon="19.0223955"/><trkpt lat="69.6961518" lon="19.0225685"/><trkpt lat="69.6962551" lon="19.0226766"/><trkpt lat="69.6962909" lon="19.0227638"/><trkpt lat="69.6963021" lon="19.0228057"/><trkpt lat="69.696308" lon="19.0228792"/><trkpt lat="69.6963066" lon="19.0229477"/><trkpt lat="69.6963007" lon="19.0230343"/><trkpt lat="69.6962945" lon="19.0231387"/><trkpt lat="69.6962955" lon="19.0231653"/><trkpt lat="69.6962458" lon="19.023219"/><trkpt lat="69.6961939" lon="19.0228022"/><trkpt lat="69.6961031" lon="19.0229136"/><trkpt lat="69.6961913" lon="19.0235307"/><trkpt lat="69.6962236" lon="19.0234846"/><trkpt lat="69.6962282" lon="19.0235178"/><trkpt lat="69.696243" lon="19.0235005"/><trkpt lat="69.6962472" lon="19.0235326"/><trkpt lat="69.6965262" lon="19.0240646"/><trkpt lat="69.6967361" lon="19.0236074"/><trkpt lat="69.6969335" lon="19.022688"/><trkpt lat="69.696938" lon="19.0226496"/><trkpt lat="69.696936" lon="19.0225893"/><trkpt lat="69.6969293" lon="19.0225344"/><trkpt lat="69.6969192" lon="19.0224821"/><trkpt lat="69.6969189" lon="19.0224287"/><trkpt lat="69.6969254" lon="19.0223908"/><trkpt lat="69.6971073" lon="19.0218155"/><trkpt lat="69.69712" lon="19.0218232"/><trkpt lat="69.6971324" lon="19.0218655"/><trkpt lat="69.6971753" lon="19.0218644"/><trkpt lat="69.6972042" lon="19.0217887"/><trkpt lat="69.697222" lon="19.021752"/><trkpt lat="69.6972401" lon="19.021712"/><trkpt lat="69.6972436" lon="19.0216541"/><trkpt lat="69.6972805" lon="19.0215853"/><trkpt lat="69.6973398" lon="19.0214749"/><trkpt lat="69.6974139" lon="19.0213102"/><trkpt lat="69.6974711" lon="19.0211054"/><trkpt lat="69.6975784" lon="19.0208517"/><trkpt lat="69.6976448" lon="19.0207604"/><trkpt lat="69.6976923" lon="19.020727"/><trkpt lat="69.6977143" lon="19.0207437"/><trkpt lat="69.6977263" lon="19.0208005"/><trkpt lat="69.6977359" lon="19.0209104"/><trkpt lat="69.6977475" lon="19.0209763"/><trkpt lat="69.6977634" lon="19.0209975"/><trkpt lat="69.6977769" lon="19.0210008"/><trkpt lat="69.6977838" lon="19.0210286"/><trkpt lat="69.6978124" lon="19.0212178"/><trkpt lat="69.6978309" lon="19.021249"/><trkpt lat="69.6978468" lon="19.0212902"/><trkpt lat="69.6978665" lon="19.0214282"/><trkpt lat="69.6978738" lon="19.0214504"/><trkpt lat="69.6979082" lon="19.0214905"/><trkpt lat="69.697919" lon="19.0214827"/><trkpt lat="69.6979313" lon="19.0214493"/><trkpt lat="69.6979449" lon="19.0214348"/><trkpt lat="69.6979557" lon="19.021456"/><trkpt lat="69.6979607" lon="19.0214905"/><trkpt lat="69.6979846" lon="19.0214871"/><trkpt lat="69.6980047" lon="19.0215339"/><trkpt lat="69.6980221" lon="19.0215762"/><trkpt lat="69.698041" lon="19.0215912"/><trkpt lat="69.6980761" lon="19.0215751"/><trkpt lat="69.6981356" lon="19.0215205"/><trkpt lat="69.6981916" lon="19.0214526"/><trkpt lat="69.6982611" lon="19.0213302"/><trkpt lat="69.6983237" lon="19.0211945"/><trkpt lat="69.6983618" lon="19.0211236"/><trkpt lat="69.6984263" lon="19.0210487"/><trkpt lat="69.6984775" lon="19.020987"/><trkpt lat="69.6985094" lon="19.0209652"/><trkpt lat="69.6985391" lon="19.0209841"/><trkpt lat="69.6986013" lon="19.0210631"/><trkpt lat="69.698675" lon="19.0211455"/><trkpt lat="69.6988253" lon="19.02121"/><trkpt lat="69.698814" lon="19.0213881"/><trkpt lat="69.6988154" lon="19.0213971"/><trkpt lat="69.6993314" lon="19.0216025"/><trkpt lat="69.6993345" lon="19.0215259"/><trkpt lat="69.6993767" lon="19.0215461"/><trkpt lat="69.699435" lon="19.0215826"/><trkpt lat="69.6995089" lon="19.0216014"/><trkpt lat="69.6995507" lon="19.0216194"/><trkpt lat="69.6995826" lon="19.0216277"/><trkpt lat="69.6997583" lon="19.0216094"/><trkpt lat="69.6997886" lon="19.021647"/><trkpt lat="69.6998281" lon="19.0217033"/><trkpt lat="69.69987" lon="19.021702"/><trkpt lat="69.699937" lon="19.0216497"/><trkpt lat="69.6999933" lon="19.0215638"/><trkpt lat="69.7000147" lon="19.0215223"/><trkpt lat="69.7000923" lon="19.0214517"/><trkpt lat="69.7001534" lon="19.0214498"/><trkpt lat="69.7002092" lon="19.0213895"/><trkpt lat="69.7002622" lon="19.0212661"/><trkpt lat="69.7003241" lon="19.021126"/><trkpt lat="69.7003302" lon="19.0210918"/><trkpt lat="69.7003979" lon="19.0211769"/><trkpt lat="69.7003991" lon="19.0211648"/><trkpt lat="69.7004103" lon="19.0211717"/><trkpt lat="69.7004126" lon="19.021133"/><trkpt lat="69.700415" lon="19.0211333"/><trkpt lat="69.7004143" lon="19.0213391"/><trkpt lat="69.7007428" lon="19.0214673"/><trkpt lat="69.7007542" lon="19.0212265"/><trkpt lat="69.7009182" lon="19.0212701"/><trkpt lat="69.7010276" lon="19.0212366"/><trkpt lat="69.7011186" lon="19.0211723"/><trkpt lat="69.7016552" lon="19.0213105"/><trkpt lat="69.7016981" lon="19.0213053"/><trkpt lat="69.7017792" lon="19.0213167"/><trkpt lat="69.7018874" lon="19.0213127"/><trkpt lat="69.7019376" lon="19.0213119"/><trkpt lat="69.7020009" lon="19.021301"/><trkpt lat="69.7025601" lon="19.0211333"/><trkpt lat="69.703141" lon="19.0209167"/><trkpt lat="69.7032381" lon="19.0209486"/><trkpt lat="69.7032723" lon="19.0209778"/><trkpt lat="69.7033044" lon="19.0210301"/><trkpt lat="69.7033317" lon="19.0210467"/><trkpt lat="69.7033574" lon="19.0210321"/><trkpt lat="69.7033736" lon="19.0212407"/><trkpt lat="69.7042027" lon="19.0206495"/><trkpt lat="69.7042081" lon="19.0206336"/><trkpt lat="69.70421" lon="19.0206127"/><trkpt lat="69.7041683" lon="19.0201463"/><trkpt lat="69.7041049" lon="19.0201972"/><trkpt lat="69.704018" lon="19.0190905"/><trkpt lat="69.7040031" lon="19.0189181"/><trkpt lat="69.7039799" lon="19.0187675"/><trkpt lat="69.7039613" lon="19.018545"/><trkpt lat="69.7039617" lon="19.0184578"/><trkpt lat="69.7039794" lon="19.0183063"/><trkpt lat="69.7040166" lon="19.0180407"/><trkpt lat="69.7040673" lon="19.0178476"/><trkpt lat="69.7040852" lon="19.0177082"/><trkpt lat="69.7041022" lon="19.0176451"/><trkpt lat="69.704125" lon="19.0176035"/><trkpt lat="69.7041753" lon="19.0175714"/><trkpt lat="69.704279" lon="19.0175633"/><trkpt lat="69.7043213" lon="19.0175492"/><trkpt lat="69.7043437" lon="19.017509"/><trkpt lat="69.7043511" lon="19.0174185"/><trkpt lat="69.7043655" lon="19.0173782"/><trkpt lat="69.7043753" lon="19.0173836"/><trkpt lat="69.7043818" lon="19.017397"/><trkpt lat="69.7043981" lon="19.0175231"/><trkpt lat="69.7044139" lon="19.0176237"/><trkpt lat="69.7044497" lon="19.0176746"/><trkpt lat="69.7045386" lon="19.0177993"/><trkpt lat="69.704573" lon="19.017908"/><trkpt lat="69.7046172" lon="19.0180917"/><trkpt lat="69.7046302" lon="19.0181145"/><trkpt lat="69.7046395" lon="19.0181346"/><trkpt lat="69.7046432" lon="19.0181802"/><trkpt lat="69.7045711" lon="19.0182701"/><trkpt lat="69.7044916" lon="19.0183291"/><trkpt lat="69.7044418" lon="19.0184484"/><trkpt lat="69.7045569" lon="19.0194328"/><trkpt lat="69.7045676" lon="19.0194831"/><trkpt lat="69.7045758" lon="19.0195106"/><trkpt lat="69.7045883" lon="19.019528"/><trkpt lat="69.7046072" lon="19.0195508"/><trkpt lat="69.7046221" lon="19.0195937"/><trkpt lat="69.7046404" lon="19.019701"/><trkpt lat="69.7046577" lon="19.0197802"/><trkpt lat="69.7046651" lon="19.01987"/><trkpt lat="69.7048005" lon="19.0215953"/><trkpt lat="69.704958" lon="19.0235366"/><trkpt lat="69.7049588" lon="19.0236016"/><trkpt lat="69.7049565" lon="19.0236506"/><trkpt lat="69.7049444" lon="19.0237049"/><trkpt lat="69.7049381" lon="19.0237907"/><trkpt lat="69.7049454" lon="19.0238611"/><trkpt lat="69.7049605" lon="19.0238947"/><trkpt lat="69.7049792" lon="19.0239297"/><trkpt lat="69.7050144" lon="19.0239067"/><trkpt lat="69.7050619" lon="19.0238813"/><trkpt lat="69.7050798" lon="19.023894"/><trkpt lat="69.7050903" lon="19.0239014"/><trkpt lat="69.7051126" lon="19.0238719"/><trkpt lat="69.7051535" lon="19.0237981"/><trkpt lat="69.7052052" lon="19.0237324"/><trkpt lat="69.7052777" lon="19.0237029"/><trkpt lat="69.7063547" lon="19.0233725"/><trkpt lat="69.707353" lon="19.0231704"/><trkpt lat="69.7074252" lon="19.023184"/><trkpt lat="69.707521" lon="19.0230586"/><trkpt lat="69.7075494" lon="19.0229467"/><trkpt lat="69.7076037" lon="19.022977"/><trkpt lat="69.7076392" lon="19.0231131"/><trkpt lat="69.707876" lon="19.0234041"/><trkpt lat="69.7081277" lon="19.0232834"/><trkpt lat="69.7082378" lon="19.0230773"/><trkpt lat="69.7082677" lon="19.0226988"/><trkpt lat="69.7084003" lon="19.0223811"/><trkpt lat="69.708647" lon="19.0226757"/><trkpt lat="69.7088758" lon="19.022712"/><trkpt lat="69.7092728" lon="19.0225714"/><trkpt lat="69.7094133" lon="19.0223671"/><trkpt lat="69.7095225" lon="19.022056"/><trkpt lat="69.7096057" lon="19.0217158"/><trkpt lat="69.7095805" lon="19.0212343"/><trkpt lat="69.7094655" lon="19.0189968"/><trkpt lat="69.7095343" lon="19.0185898"/><trkpt lat="69.7096272" lon="19.018397"/><trkpt lat="69.7097099" lon="19.0183113"/><trkpt lat="69.7098377" lon="19.0182359"/><trkpt lat="69.7098853" lon="19.0181921"/><trkpt lat="69.7099958" lon="19.0181585"/><trkpt lat="69.7100987" lon="19.0181472"/><trkpt lat="69.7101329" lon="19.0182233"/><trkpt lat="69.7101427" lon="19.0188392"/><trkpt lat="69.7101527" lon="19.0189007"/><trkpt lat="69.7102251" lon="19.0189763"/><trkpt lat="69.7103756" lon="19.0190088"/><trkpt lat="69.7103845" lon="19.0189858"/><trkpt lat="69.7103867" lon="19.0189376"/><trkpt lat="69.710389" lon="19.0185829"/><trkpt lat="69.7103808" lon="19.0183224"/><trkpt lat="69.7103815" lon="19.0182177"/><trkpt lat="69.7103885" lon="19.0181825"/><trkpt lat="69.7104754" lon="19.0180862"/><trkpt lat="69.7107839" lon="19.0178535"/><trkpt lat="69.7109721" lon="19.0177631"/><trkpt lat="69.7110511" lon="19.0176"/><trkpt lat="69.7110953" lon="19.0174386"/><trkpt lat="69.7111237" lon="19.017278"/><trkpt lat="69.7111564" lon="19.0169329"/><trkpt lat="69.7113864" lon="19.016799"/><trkpt lat="69.7115077" lon="19.0167073"/><trkpt lat="69.7115375" lon="19.0166728"/><trkpt lat="69.7115529" lon="19.0166051"/><trkpt lat="69.7115812" lon="19.0165716"/><trkpt lat="69.7117397" lon="19.0165359"/><trkpt lat="69.7120297" lon="19.0164193"/><trkpt lat="69.7125792" lon="19.0160635"/><trkpt lat="69.7126251" lon="19.0159979"/><trkpt lat="69.7126592" lon="19.0158832"/><trkpt lat="69.7127637" lon="19.0157555"/><trkpt lat="69.7128726" lon="19.0156529"/><trkpt lat="69.7130248" lon="19.0155612"/><trkpt lat="69.7131307" lon="19.015778"/><trkpt lat="69.7133783" lon="19.0158584"/><trkpt lat="69.7136133" lon="19.0154957"/><trkpt lat="69.713806" lon="19.0151362"/><trkpt lat="69.7139292" lon="19.0148882"/><trkpt lat="69.7143236" lon="19.0138613"/><trkpt lat="69.7143842" lon="19.0137164"/><trkpt lat="69.7145728" lon="19.0132662"/><trkpt lat="69.7146553" lon="19.0129952"/><trkpt lat="69.7146512" lon="19.0128939"/><trkpt lat="69.7146168" lon="19.0127639"/><trkpt lat="69.7146055" lon="19.0127208"/><trkpt lat="69.7146022" lon="19.0125599"/><trkpt lat="69.7145998" lon="19.0121423"/><trkpt lat="69.7146326" lon="19.0113617"/><trkpt lat="69.7146984" lon="19.0109485"/><trkpt lat="69.7148713" lon="19.009973"/><trkpt lat="69.7149058" lon="19.0098379"/><trkpt lat="69.7148105" lon="19.0092023"/><trkpt lat="69.7146136" lon="19.0081461"/><trkpt lat="69.7145583" lon="19.0079217"/><trkpt lat="69.7145061" lon="19.0077526"/><trkpt lat="69.7144374" lon="19.0077199"/><trkpt lat="69.7144335" lon="19.0077106"/><trkpt lat="69.7143929" lon="19.0076162"/><trkpt lat="69.7143082" lon="19.0073306"/><trkpt lat="69.7142702" lon="19.0072022"/><trkpt lat="69.7142491" lon="19.0070185"/><trkpt lat="69.7142287" lon="19.0067094"/><trkpt lat="69.7142067" lon="19.0065615"/><trkpt lat="69.714154" lon="19.0062349"/><trkpt lat="69.7140871" lon="19.00594"/><trkpt lat="69.7139572" lon="19.0052407"/><trkpt lat="69.7138602" lon="19.0043394"/><trkpt lat="69.7137581" lon="19.0035962"/><trkpt lat="69.7136983" lon="19.003233"/><trkpt lat="69.713574" lon="19.0025684"/><trkpt lat="69.7135059" lon="19.0023929"/><trkpt lat="69.7133661" lon="19.0021516"/><trkpt lat="69.7132738" lon="19.0021908"/><trkpt lat="69.713242" lon="19.0021695"/><trkpt lat="69.7131425" lon="19.0019959"/><trkpt lat="69.7130287" lon="19.0017325"/><trkpt lat="69.7129352" lon="19.0014208"/><trkpt lat="69.7128727" lon="19.0011682"/><trkpt lat="69.71278" lon="19.0005795"/><trkpt lat="69.7127584" lon="19.0002362"/><trkpt lat="69.7127436" lon="18.9999999"/><trkpt lat="69.7127416" lon="18.9999685"/><trkpt lat="69.7126986" lon="18.9988313"/><trkpt lat="69.7126971" lon="18.9986712"/><trkpt lat="69.7127051" lon="18.9985881"/><trkpt lat="69.7127155" lon="18.998094"/><trkpt lat="69.712685" lon="18.9977895"/><trkpt lat="69.7126212" lon="18.9974214"/><trkpt lat="69.7125789" lon="18.9968558"/><trkpt lat="69.7125817" lon="18.996535"/><trkpt lat="69.7126076" lon="18.9961728"/><trkpt lat="69.7124879" lon="18.9958004"/><trkpt lat="69.712277" lon="18.9949484"/><trkpt lat="69.7121516" lon="18.9947707"/><trkpt lat="69.7120912" lon="18.9946291"/><trkpt lat="69.7118548" lon="18.9937317"/><trkpt lat="69.711648" lon="18.9927894"/><trkpt lat="69.7116096" lon="18.992743"/><trkpt lat="69.7115524" lon="18.9925536"/><trkpt lat="69.7114728" lon="18.9921358"/><trkpt lat="69.7114071" lon="18.9916162"/><trkpt lat="69.711333" lon="18.9910314"/><trkpt lat="69.7112293" lon="18.9901342"/><trkpt lat="69.7111121" lon="18.989496"/><trkpt lat="69.7110972" lon="18.9894394"/><trkpt lat="69.710936" lon="18.9891201"/><trkpt lat="69.7106941" lon="18.9885774"/><trkpt lat="69.7104773" lon="18.9880618"/><trkpt lat="69.710315" lon="18.9876408"/><trkpt lat="69.7102809" lon="18.9875167"/><trkpt lat="69.7100331" lon="18.9868187"/><trkpt lat="69.7097882" lon="18.9861883"/><trkpt lat="69.7097252" lon="18.9859817"/><trkpt lat="69.7094734" lon="18.9848538"/><trkpt lat="69.7093558" lon="18.9844051"/><trkpt lat="69.7091972" lon="18.9838516"/><trkpt lat="69.7089698" lon="18.9832121"/><trkpt lat="69.7085199" lon="18.9820903"/><trkpt lat="69.7083304" lon="18.9817269"/><trkpt lat="69.7078109" lon="18.9803974"/><trkpt lat="69.7075307" lon="18.9798591"/><trkpt lat="69.707477" lon="18.9797854"/><trkpt lat="69.7074321" lon="18.9797262"/><trkpt lat="69.7073123" lon="18.9795129"/><trkpt lat="69.7069674" lon="18.9788155"/><trkpt lat="69.7066993" lon="18.9781023"/><trkpt lat="69.7064346" lon="18.97723"/><trkpt lat="69.7061757" lon="18.9765092"/><trkpt lat="69.7059914" lon="18.9760807"/><trkpt lat="69.7057472" lon="18.9756701"/><trkpt lat="69.7055597" lon="18.9753909"/><trkpt lat="69.7054085" lon="18.9752843"/><trkpt lat="69.7053273" lon="18.9751951"/><trkpt lat="69.7052806" lon="18.975105"/><trkpt lat="69.7052635" lon="18.9749577"/><trkpt lat="69.7051404" lon="18.9746685"/><trkpt lat="69.7048049" lon="18.9740646"/><trkpt lat="69.7047232" lon="18.9739463"/><trkpt lat="69.7041566" lon="18.9733762"/><trkpt lat="69.703806" lon="18.9730752"/><trkpt lat="69.7037587" lon="18.9730238"/><trkpt lat="69.7036016" lon="18.9728538"/><trkpt lat="69.7032857" lon="18.9724594"/><trkpt lat="69.7031788" lon="18.9723527"/><trkpt lat="69.7029814" lon="18.9721749"/><trkpt lat="69.7028844" lon="18.9720876"/><trkpt lat="69.7024237" lon="18.9717155"/><trkpt lat="69.702385" lon="18.971663"/><trkpt lat="69.702356" lon="18.971525"/><trkpt lat="69.702326" lon="18.9714557"/><trkpt lat="69.7023208" lon="18.9714436"/><trkpt lat="69.7022277" lon="18.9713519"/><trkpt lat="69.7018893" lon="18.971097"/><trkpt lat="69.7016009" lon="18.9709461"/><trkpt lat="69.7013618" lon="18.9707253"/><trkpt lat="69.7012628" lon="18.9707093"/><trkpt lat="69.7011689" lon="18.9708201"/><trkpt lat="69.7009729" lon="18.9711365"/><trkpt lat="69.7009082" lon="18.97118"/><trkpt lat="69.7007322" lon="18.9712262"/><trkpt lat="69.700587" lon="18.9712028"/><trkpt lat="69.7005477" lon="18.9711282"/><trkpt lat="69.700126" lon="18.9710075"/><trkpt lat="69.7" lon="18.9709259"/><trkpt lat="69.6998554" lon="18.9708323"/><trkpt lat="69.699734" lon="18.9706804"/><trkpt lat="69.6996325" lon="18.9705535"/><trkpt lat="69.6993306" lon="18.9700006"/><trkpt lat="69.6991572" lon="18.9696261"/><trkpt lat="69.6991394" lon="18.9694996"/><trkpt lat="69.6991325" lon="18.9693671"/><trkpt lat="69.6990064" lon="18.9690899"/><trkpt lat="69.6989538" lon="18.969115"/><trkpt lat="69.6988951" lon="18.9691777"/><trkpt lat="69.6988424" lon="18.9692776"/><trkpt lat="69.698835" lon="18.9693171"/><trkpt lat="69.698849" lon="18.9693885"/><trkpt lat="69.6988433" lon="18.9694278"/><trkpt lat="69.6987866" lon="18.9694234"/><trkpt lat="69.6987245" lon="18.9693763"/><trkpt lat="69.6985365" lon="18.9691209"/><trkpt lat="69.6984785" lon="18.9689988"/><trkpt lat="69.6984594" lon="18.9689587"/><trkpt lat="69.6983735" lon="18.9686596"/><trkpt lat="69.6980105" lon="18.9677753"/><trkpt lat="69.6979571" lon="18.9676026"/><trkpt lat="69.6978806" lon="18.966994"/><trkpt lat="69.6978778" lon="18.9669404"/><trkpt lat="69.6978727" lon="18.9668446"/><trkpt lat="69.6978684" lon="18.9667643"/><trkpt lat="69.6978708" lon="18.9665901"/><trkpt lat="69.6979031" lon="18.9662808"/><trkpt lat="69.6979527" lon="18.9660489"/><trkpt lat="69.6981037" lon="18.9658252"/><trkpt lat="69.6981249" lon="18.9658134"/><trkpt lat="69.6981436" lon="18.9658322"/><trkpt lat="69.698212" lon="18.9655588"/><trkpt lat="69.6982779" lon="18.9652217"/><trkpt lat="69.6983512" lon="18.9650538"/><trkpt lat="69.6984146" lon="18.9649317"/><trkpt lat="69.6984005" lon="18.964799"/><trkpt lat="69.6983666" lon="18.9647667"/><trkpt lat="69.6982675" lon="18.9644384"/><trkpt lat="69.6982521" lon="18.9640073"/><trkpt lat="69.6981593" lon="18.9631613"/><trkpt lat="69.6980885" lon="18.9628094"/><trkpt lat="69.6979818" lon="18.9625105"/><trkpt lat="69.6979829" lon="18.962119"/><trkpt lat="69.6980057" lon="18.961506"/><trkpt lat="69.698027" lon="18.9612378"/><trkpt lat="69.6980756" lon="18.9609654"/><trkpt lat="69.6982102" lon="18.9596399"/><trkpt lat="69.6983032" lon="18.9591013"/><trkpt lat="69.6983438" lon="18.958927"/><trkpt lat="69.6984176" lon="18.9587549"/><trkpt lat="69.6984558" lon="18.9586659"/><trkpt lat="69.6985376" lon="18.958534"/><trkpt lat="69.6985888" lon="18.9585591"/><trkpt lat="69.6986937" lon="18.9587098"/><trkpt lat="69.6988197" lon="18.9587601"/><trkpt lat="69.6988878" lon="18.9586312"/><trkpt lat="69.6989106" lon="18.9584953"/><trkpt lat="69.698883" lon="18.9582161"/><trkpt lat="69.6988551" lon="18.9581023"/><trkpt lat="69.6985604" lon="18.9574762"/><trkpt lat="69.6984084" lon="18.9572646"/><trkpt lat="69.6983691" lon="18.9570443"/><trkpt lat="69.6983996" lon="18.956795"/><trkpt lat="69.6984198" lon="18.9566784"/><trkpt lat="69.6984458" lon="18.9566059"/><trkpt lat="69.6985067" lon="18.9567335"/><trkpt lat="69.6986389" lon="18.9568842"/><trkpt lat="69.6987273" lon="18.9569514"/><trkpt lat="69.6987568" lon="18.9568529"/><trkpt lat="69.6987782" lon="18.9566608"/><trkpt lat="69.6987848" lon="18.9565288"/><trkpt lat="69.6987539" lon="18.956465"/><trkpt lat="69.6987089" lon="18.9563092"/><trkpt lat="69.6987143" lon="18.9562101"/><trkpt lat="69.6987382" lon="18.9561444"/><trkpt lat="69.6988604" lon="18.956153"/><trkpt lat="69.6989064" lon="18.956226"/><trkpt lat="69.6989745" lon="18.9564617"/><trkpt lat="69.6991009" lon="18.9568988"/><trkpt lat="69.6991406" lon="18.957153"/><trkpt lat="69.6991532" lon="18.9573567"/><trkpt lat="69.6991426" lon="18.9575415"/><trkpt lat="69.6991563" lon="18.957578"/><trkpt lat="69.6992115" lon="18.9577249"/><trkpt lat="69.6992208" lon="18.9577256"/><trkpt lat="69.6993629" lon="18.9574598"/><trkpt lat="69.6994099" lon="18.9572013"/><trkpt lat="69.6994114" lon="18.9571561"/><trkpt lat="69.6994084" lon="18.9569759"/><trkpt lat="69.6993659" lon="18.956465"/><trkpt lat="69.6992809" lon="18.9560931"/><trkpt lat="69.6992397" lon="18.9559892"/><trkpt lat="69.6991685" lon="18.9558809"/><trkpt lat="69.699112" lon="18.9556411"/><trkpt lat="69.6990063" lon="18.954706"/><trkpt lat="69.6989826" lon="18.9540491"/><trkpt lat="69.6989442" lon="18.9534833"/><trkpt lat="69.6989057" lon="18.9532777"/><trkpt lat="69.6988106" lon="18.9519426"/><trkpt lat="69.6987704" lon="18.9515845"/><trkpt lat="69.6987774" lon="18.9508565"/><trkpt lat="69.6987712" lon="18.9503617"/><trkpt lat="69.6987569" lon="18.9499999"/><trkpt lat="69.698743" lon="18.9496483"/><trkpt lat="69.6987073" lon="18.9494308"/><trkpt lat="69.6986973" lon="18.9493974"/><trkpt lat="69.6986651" lon="18.9493567"/><trkpt lat="69.6986471" lon="18.9492804"/><trkpt lat="69.6984631" lon="18.9480081"/><trkpt lat="69.6984358" lon="18.9476253"/><trkpt lat="69.6984188" lon="18.9474873"/><trkpt lat="69.6983178" lon="18.947076"/><trkpt lat="69.6982373" lon="18.946437"/><trkpt lat="69.6981751" lon="18.9456439"/><trkpt lat="69.698129" lon="18.9448126"/><trkpt lat="69.6980523" lon="18.9438079"/><trkpt lat="69.69801" lon="18.9432544"/><trkpt lat="69.6979364" lon="18.9423803"/><trkpt lat="69.6978476" lon="18.9415972"/><trkpt lat="69.6978284" lon="18.941159"/><trkpt lat="69.6977569" lon="18.9409299"/><trkpt lat="69.6977079" lon="18.9407731"/><trkpt lat="69.697682" lon="18.940722"/><trkpt lat="69.6976495" lon="18.9406158"/><trkpt lat="69.6975838" lon="18.9403286"/><trkpt lat="69.6975042" lon="18.9396717"/><trkpt lat="69.6974854" lon="18.9392941"/><trkpt lat="69.6974835" lon="18.9391212"/><trkpt lat="69.6974691" lon="18.9389589"/><trkpt lat="69.6974322" lon="18.9387836"/><trkpt lat="69.6973884" lon="18.9386878"/><trkpt lat="69.6972823" lon="18.9382971"/><trkpt lat="69.6972679" lon="18.9382152"/><trkpt lat="69.6972413" lon="18.9379273"/><trkpt lat="69.697239" lon="18.9376976"/><trkpt lat="69.6972468" lon="18.9375537"/><trkpt lat="69.6972757" lon="18.937022"/><trkpt lat="69.697345" lon="18.9364756"/><trkpt lat="69.6973951" lon="18.9359871"/><trkpt lat="69.6974296" lon="18.9355217"/><trkpt lat="69.697412" lon="18.9345046"/><trkpt lat="69.6973803" lon="18.93418"/><trkpt lat="69.6973724" lon="18.933784"/><trkpt lat="69.6973657" lon="18.9335603"/><trkpt lat="69.697368" lon="18.9332609"/><trkpt lat="69.6973944" lon="18.9326868"/><trkpt lat="69.6973949" lon="18.9324804"/><trkpt lat="69.6973765" lon="18.9322576"/><trkpt lat="69.6973281" lon="18.9319861"/><trkpt lat="69.6972659" lon="18.9317042"/><trkpt lat="69.6972096" lon="18.9315302"/><trkpt lat="69.6968219" lon="18.9306131"/><trkpt lat="69.6966772" lon="18.9303998"/><trkpt lat="69.6964959" lon="18.9300937"/><trkpt lat="69.6964437" lon="18.9298474"/><trkpt lat="69.6964441" lon="18.9297222"/><trkpt lat="69.6964609" lon="18.9297277"/><trkpt lat="69.6965039" lon="18.9298132"/><trkpt lat="69.696555" lon="18.9298315"/><trkpt lat="69.696908" lon="18.9298466"/><trkpt lat="69.6969446" lon="18.9297745"/><trkpt lat="69.6969558" lon="18.9296648"/><trkpt lat="69.6971305" lon="18.9293834"/><trkpt lat="69.6972446" lon="18.9292742"/><trkpt lat="69.6972805" lon="18.9292206"/><trkpt lat="69.6972934" lon="18.929091"/><trkpt lat="69.6972799" lon="18.9289837"/><trkpt lat="69.6972623" lon="18.9289567"/><trkpt lat="69.6971595" lon="18.9289686"/><trkpt lat="69.6968985" lon="18.9292801"/><trkpt lat="69.6967202" lon="18.9294056"/><trkpt lat="69.6965114" lon="18.9294789"/><trkpt lat="69.6963667" lon="18.9294704"/><trkpt lat="69.6963338" lon="18.9294358"/><trkpt lat="69.6962931" lon="18.929198"/><trkpt lat="69.696292" lon="18.9291179"/><trkpt lat="69.6963296" lon="18.9290978"/><trkpt lat="69.6965587" lon="18.9289501"/><trkpt lat="69.6967193" lon="18.9287599"/><trkpt lat="69.696794" lon="18.9287565"/><trkpt lat="69.6968272" lon="18.9287901"/><trkpt lat="69.6968804" lon="18.9287286"/><trkpt lat="69.6969073" lon="18.9285579"/><trkpt lat="69.6969853" lon="18.9275301"/><trkpt lat="69.6969902" lon="18.9273633"/><trkpt lat="69.6969813" lon="18.9272813"/><trkpt lat="69.6969647" lon="18.9272305"/><trkpt lat="69.6969342" lon="18.9272123"/><trkpt lat="69.6969039" lon="18.9272304"/><trkpt lat="69.6968798" lon="18.9273201"/><trkpt lat="69.6968514" lon="18.9275283"/><trkpt lat="69.6968392" lon="18.9276406"/><trkpt lat="69.696818" lon="18.9277076"/><trkpt lat="69.6967469" lon="18.9276646"/><trkpt lat="69.6965928" lon="18.9276438"/><trkpt lat="69.6965316" lon="18.9275968"/><trkpt lat="69.6964955" lon="18.9275458"/><trkpt lat="69.6964433" lon="18.9274068"/><trkpt lat="69.696378" lon="18.9271443"/><trkpt lat="69.6961864" lon="18.9264936"/><trkpt lat="69.6957383" lon="18.9251544"/><trkpt lat="69.6956999" lon="18.9250909"/><trkpt lat="69.695536" lon="18.924946"/><trkpt lat="69.6945016" lon="18.9242391"/><trkpt lat="69.6940214" lon="18.9239334"/><trkpt lat="69.6933859" lon="18.9234228"/><trkpt lat="69.6927233" lon="18.9230443"/><trkpt lat="69.6927232" lon="18.9230443"/><trkpt lat="69.692206" lon="18.9226415"/><trkpt lat="69.6919865" lon="18.9224418"/><trkpt lat="69.6919744" lon="18.922408"/><trkpt lat="69.691956" lon="18.9222525"/><trkpt lat="69.6919559" lon="18.9219923"/><trkpt lat="69.6920886" lon="18.9208794"/><trkpt lat="69.6920939" lon="18.9204459"/><trkpt lat="69.6920825" lon="18.9203251"/><trkpt lat="69.6920462" lon="18.9201989"/><trkpt lat="69.6920269" lon="18.9201601"/><trkpt lat="69.6918451" lon="18.9199998"/><trkpt lat="69.6917616" lon="18.9199427"/><trkpt lat="69.6916029" lon="18.9198947"/><trkpt lat="69.6905414" lon="18.9196388"/><trkpt lat="69.6892945" lon="18.9194558"/><trkpt lat="69.6887048" lon="18.9194039"/><trkpt lat="69.6885333" lon="18.9193447"/><trkpt lat="69.6884022" lon="18.9192318"/><trkpt lat="69.688363" lon="18.9191798"/><trkpt lat="69.6883074" lon="18.9190053"/><trkpt lat="69.6883038" lon="18.9188467"/><trkpt lat="69.6883246" lon="18.918669"/><trkpt lat="69.6884296" lon="18.9180277"/><trkpt lat="69.6884577" lon="18.9178752"/><trkpt lat="69.6884858" lon="18.9174547"/><trkpt lat="69.6885039" lon="18.9170741"/><trkpt lat="69.688529" lon="18.9170408"/><trkpt lat="69.6886184" lon="18.9172661"/><trkpt lat="69.6886966" lon="18.9174163"/><trkpt lat="69.6887711" lon="18.9174592"/><trkpt lat="69.6888772" lon="18.9174485"/><trkpt lat="69.6889536" lon="18.9173895"/><trkpt lat="69.6890206" lon="18.9174002"/><trkpt lat="69.6890523" lon="18.9173466"/><trkpt lat="69.6890802" lon="18.9172554"/><trkpt lat="69.6891752" lon="18.9171052"/><trkpt lat="69.6893577" lon="18.9168531"/><trkpt lat="69.6895345" lon="18.916676"/><trkpt lat="69.6896556" lon="18.9165902"/><trkpt lat="69.6896649" lon="18.9165366"/><trkpt lat="69.6896798" lon="18.9162576"/><trkpt lat="69.6896723" lon="18.9158928"/><trkpt lat="69.6896165" lon="18.9150935"/><trkpt lat="69.6895718" lon="18.9144552"/><trkpt lat="69.6895478" lon="18.9142352"/><trkpt lat="69.6896284" lon="18.9138456"/><trkpt lat="69.6896457" lon="18.9135933"/><trkpt lat="69.6897159" lon="18.9130615"/><trkpt lat="69.6898092" lon="18.9128949"/><trkpt lat="69.6898296" lon="18.9128105"/><trkpt lat="69.6898241" lon="18.9127178"/><trkpt lat="69.6898025" lon="18.9126624"/><trkpt lat="69.689764" lon="18.9126423"/><trkpt lat="69.689576" lon="18.9128104"/><trkpt lat="69.6894897" lon="18.9128468"/><trkpt lat="69.6894294" lon="18.9127607"/><trkpt lat="69.6893795" lon="18.9125757"/><trkpt lat="69.689367" lon="18.912479"/><trkpt lat="69.6893402" lon="18.9122723"/><trkpt lat="69.6893327" lon="18.9120765"/><trkpt lat="69.6892496" lon="18.9120621"/><trkpt lat="69.6892214" lon="18.9119793"/><trkpt lat="69.6892204" lon="18.9118609"/><trkpt lat="69.689306" lon="18.9117132"/><trkpt lat="69.6895518" lon="18.911545"/><trkpt lat="69.6895136" lon="18.910914"/><trkpt lat="69.6894909" lon="18.9105407"/><trkpt lat="69.6894965" lon="18.9104846"/><trkpt lat="69.6895184" lon="18.9103485"/><trkpt lat="69.6895531" lon="18.9102147"/><trkpt lat="69.6895443" lon="18.9096062"/><trkpt lat="69.6894513" lon="18.9091959"/><trkpt lat="69.6894379" lon="18.9090362"/><trkpt lat="69.6894353" lon="18.9088481"/><trkpt lat="69.6893605" lon="18.9087257"/><trkpt lat="69.6893054" lon="18.9085518"/><trkpt lat="69.6892762" lon="18.9083759"/><trkpt lat="69.689254" lon="18.9080977"/><trkpt lat="69.6892557" lon="18.907789"/><trkpt lat="69.6892708" lon="18.9075604"/><trkpt lat="69.6892392" lon="18.9071662"/><trkpt lat="69.6891667" lon="18.9070253"/><trkpt lat="69.6890286" lon="18.9067565"/><trkpt lat="69.6889891" lon="18.9067316"/><trkpt lat="69.6889271" lon="18.9068728"/><trkpt lat="69.6889323" lon="18.9069702"/><trkpt lat="69.6889228" lon="18.9071083"/><trkpt lat="69.6888944" lon="18.9072277"/><trkpt lat="69.6887643" lon="18.9074437"/><trkpt lat="69.6885712" lon="18.9077122"/><trkpt lat="69.6884853" lon="18.9077972"/><trkpt lat="69.6883355" lon="18.9078203"/><trkpt lat="69.6882348" lon="18.9077689"/><trkpt lat="69.6881045" lon="18.9076384"/><trkpt lat="69.6878884" lon="18.9074221"/><trkpt lat="69.6875751" lon="18.9072433"/><trkpt lat="69.6875151" lon="18.9071356"/><trkpt lat="69.6874936" lon="18.9070781"/><trkpt lat="69.6874807" lon="18.9070098"/><trkpt lat="69.6872195" lon="18.9067069"/><trkpt lat="69.6871576" lon="18.9067048"/><trkpt lat="69.686997" lon="18.9066496"/><trkpt lat="69.6867653" lon="18.9064903"/><trkpt lat="69.6863232" lon="18.9059062"/><trkpt lat="69.6862014" lon="18.9056671"/><trkpt lat="69.6859446" lon="18.9049762"/><trkpt lat="69.6858884" lon="18.9047944"/><trkpt lat="69.6858362" lon="18.9044903"/><trkpt lat="69.6858304" lon="18.904292"/><trkpt lat="69.6858482" lon="18.9040297"/><trkpt lat="69.6859145" lon="18.903486"/><trkpt lat="69.6859527" lon="18.9029703"/><trkpt lat="69.6859537" lon="18.9026062"/><trkpt lat="69.6859482" lon="18.9025175"/><trkpt lat="69.6859147" lon="18.9022835"/><trkpt lat="69.6858909" lon="18.9021685"/><trkpt lat="69.6857835" lon="18.9018191"/><trkpt lat="69.6857346" lon="18.9017527"/><trkpt lat="69.6855348" lon="18.9015535"/><trkpt lat="69.6853368" lon="18.9014134"/><trkpt lat="69.6849944" lon="18.901171"/><trkpt lat="69.6847954" lon="18.901117"/><trkpt lat="69.6847509" lon="18.9011414"/><trkpt lat="69.6846692" lon="18.9011444"/><trkpt lat="69.6846337" lon="18.9011355"/><trkpt lat="69.6844351" lon="18.9010856"/><trkpt lat="69.6844175" lon="18.9009539"/><trkpt lat="69.6843557" lon="18.9008789"/><trkpt lat="69.6838159" lon="18.9007025"/><trkpt lat="69.683498" lon="18.9006215"/><trkpt lat="69.6828828" lon="18.9004018"/><trkpt lat="69.6826274" lon="18.9003727"/><trkpt lat="69.6825471" lon="18.9004543"/><trkpt lat="69.6825373" lon="18.9006621"/><trkpt lat="69.6825483" lon="18.9007311"/><trkpt lat="69.6825722" lon="18.900803"/><trkpt lat="69.682594" lon="18.9009851"/><trkpt lat="69.682579" lon="18.9011059"/><trkpt lat="69.6825215" lon="18.9012869"/><trkpt lat="69.6824554" lon="18.9014402"/><trkpt lat="69.6823274" lon="18.9015487"/><trkpt lat="69.6820464" lon="18.9014518"/><trkpt lat="69.6816523" lon="18.901159"/><trkpt lat="69.6807382" lon="18.900601"/><trkpt lat="69.6806823" lon="18.9004664"/><trkpt lat="69.6806575" lon="18.8999999"/><trkpt lat="69.6806546" lon="18.8999459"/><trkpt lat="69.6806115" lon="18.8997609"/><trkpt lat="69.6804424" lon="18.8993053"/><trkpt lat="69.6803807" lon="18.8991389"/><trkpt lat="69.6803268" lon="18.8990218"/><trkpt lat="69.6802604" lon="18.8988774"/><trkpt lat="69.6800699" lon="18.8987651"/><trkpt lat="69.6799287" lon="18.8986479"/><trkpt lat="69.6798831" lon="18.8985899"/><trkpt lat="69.6797584" lon="18.8983956"/><trkpt lat="69.6797184" lon="18.8983112"/><trkpt lat="69.6796426" lon="18.898091"/><trkpt lat="69.6796014" lon="18.8978438"/><trkpt lat="69.6795558" lon="18.8972575"/><trkpt lat="69.6795258" lon="18.8970046"/><trkpt lat="69.6793415" lon="18.8959544"/><trkpt lat="69.679301" lon="18.8955164"/><trkpt lat="69.6792889" lon="18.8952834"/><trkpt lat="69.6793012" lon="18.8951781"/><trkpt lat="69.6792965" lon="18.8950977"/><trkpt lat="69.6792844" lon="18.8949528"/><trkpt lat="69.6792369" lon="18.8946444"/><trkpt lat="69.6791642" lon="18.8943145"/><trkpt lat="69.6791242" lon="18.8941428"/><trkpt lat="69.6790133" lon="18.8938478"/><trkpt lat="69.6789472" lon="18.8937432"/><trkpt lat="69.678855" lon="18.8936707"/><trkpt lat="69.6788131" lon="18.8936385"/><trkpt lat="69.6787281" lon="18.8935199"/><trkpt lat="69.6786113" lon="18.8933464"/><trkpt lat="69.678393" lon="18.893137"/><trkpt lat="69.6782942" lon="18.8930726"/><trkpt lat="69.6781042" lon="18.893019"/><trkpt lat="69.6780129" lon="18.8931048"/><trkpt lat="69.6779328" lon="18.8932711"/><trkpt lat="69.67789" lon="18.8932872"/><trkpt lat="69.6778136" lon="18.8933355"/><trkpt lat="69.6777689" lon="18.8933623"/><trkpt lat="69.6777633" lon="18.8935822"/><trkpt lat="69.6778024" lon="18.8936949"/><trkpt lat="69.6778713" lon="18.8937753"/><trkpt lat="69.6778173" lon="18.894183"/><trkpt lat="69.6777502" lon="18.8941777"/><trkpt lat="69.6777931" lon="18.8944513"/><trkpt lat="69.6778266" lon="18.8946122"/><trkpt lat="69.6778601" lon="18.8948375"/><trkpt lat="69.6779309" lon="18.895036"/><trkpt lat="69.6780427" lon="18.8951218"/><trkpt lat="69.6781891" lon="18.8950402"/><trkpt lat="69.6783334" lon="18.894808"/><trkpt lat="69.6783781" lon="18.894918"/><trkpt lat="69.6784116" lon="18.8950896"/><trkpt lat="69.6784507" lon="18.8952988"/><trkpt lat="69.6784656" lon="18.8955134"/><trkpt lat="69.6784954" lon="18.896125"/><trkpt lat="69.6785085" lon="18.8966346"/><trkpt lat="69.6784861" lon="18.897745"/><trkpt lat="69.6784489" lon="18.8985389"/><trkpt lat="69.6783613" lon="18.8996816"/><trkpt lat="69.6783073" lon="18.900041"/><trkpt lat="69.6782514" lon="18.9004379"/><trkpt lat="69.6781005" lon="18.9013982"/><trkpt lat="69.6780688" lon="18.9016396"/><trkpt lat="69.6780539" lon="18.9017576"/><trkpt lat="69.6779529" lon="18.9018836"/><trkpt lat="69.6779091" lon="18.9019122"/><trkpt lat="69.67771" lon="18.9021542"/><trkpt lat="69.6771417" lon="18.9028932"/><trkpt lat="69.6767504" lon="18.9034593"/><trkpt lat="69.6764872" lon="18.9036059"/><trkpt lat="69.6764069" lon="18.9035976"/><trkpt lat="69.6763622" lon="18.9034742"/><trkpt lat="69.6763193" lon="18.903206"/><trkpt lat="69.6761498" lon="18.9027071"/><trkpt lat="69.6760958" lon="18.9026213"/><trkpt lat="69.6760548" lon="18.9025998"/><trkpt lat="69.6760101" lon="18.9026374"/><trkpt lat="69.6759914" lon="18.9026856"/><trkpt lat="69.6759802" lon="18.9028734"/><trkpt lat="69.6758629" lon="18.9035386"/><trkpt lat="69.6758219" lon="18.9037639"/><trkpt lat="69.6758591" lon="18.9038712"/><trkpt lat="69.6758681" lon="18.9040674"/><trkpt lat="69.6758942" lon="18.90419"/><trkpt lat="69.6759734" lon="18.9043201"/><trkpt lat="69.6759784" lon="18.9044934"/><trkpt lat="69.6759393" lon="18.9047402"/><trkpt lat="69.6758684" lon="18.9049351"/><trkpt lat="69.6753755" lon="18.9057915"/><trkpt lat="69.675235" lon="18.9059532"/><trkpt lat="69.6748321" lon="18.9062795"/><trkpt lat="69.6744792" lon="18.9064551"/><trkpt lat="69.6742132" lon="18.9064989"/><trkpt lat="69.6738128" lon="18.9064572"/><trkpt lat="69.6736066" lon="18.9064892"/><trkpt lat="69.6734573" lon="18.9065369"/><trkpt lat="69.673238" lon="18.9066963"/><trkpt lat="69.67309" lon="18.9068478"/><trkpt lat="69.6728583" lon="18.9071871"/><trkpt lat="69.6728243" lon="18.9072043"/><trkpt lat="69.6728103" lon="18.9071891"/><trkpt lat="69.6728024" lon="18.9071489"/><trkpt lat="69.6727964" lon="18.9070279"/><trkpt lat="69.6728668" lon="18.906561"/><trkpt lat="69.6728725" lon="18.9064809"/><trkpt lat="69.6728503" lon="18.9058564"/><trkpt lat="69.6725852" lon="18.9055378"/><trkpt lat="69.6725507" lon="18.905502"/><trkpt lat="69.6725202" lon="18.9055109"/><trkpt lat="69.6724872" lon="18.9055562"/><trkpt lat="69.6723926" lon="18.9057809"/><trkpt lat="69.6723507" lon="18.9059476"/><trkpt lat="69.6723456" lon="18.9060337"/><trkpt lat="69.6723242" lon="18.906166"/><trkpt lat="69.6720873" lon="18.9071391"/><trkpt lat="69.6718707" lon="18.9078017"/><trkpt lat="69.6718464" lon="18.9078693"/><trkpt lat="69.6717551" lon="18.9080458"/><trkpt lat="69.6716934" lon="18.9080099"/><trkpt lat="69.6716599" lon="18.9080394"/><trkpt lat="69.671639" lon="18.9081099"/><trkpt lat="69.6716294" lon="18.9082025"/><trkpt lat="69.6716319" lon="18.9084463"/><trkpt lat="69.6716556" lon="18.9085447"/><trkpt lat="69.6716561" lon="18.9086519"/><trkpt lat="69.6716436" lon="18.9087445"/><trkpt lat="69.671569" lon="18.9089292"/><trkpt lat="69.6715107" lon="18.9089551"/><trkpt lat="69.671368" lon="18.9088265"/><trkpt lat="69.671294" lon="18.9087599"/><trkpt lat="69.67042" lon="18.9082048"/><trkpt lat="69.6703556" lon="18.9082146"/><trkpt lat="69.6703359" lon="18.9083484"/><trkpt lat="69.6703022" lon="18.908758"/><trkpt lat="69.6702544" lon="18.9092771"/><trkpt lat="69.6702254" lon="18.9095071"/><trkpt lat="69.6699608" lon="18.9098807"/><trkpt lat="69.6689987" lon="18.9091685"/><trkpt lat="69.6690109" lon="18.9088618"/><trkpt lat="69.6689883" lon="18.9087732"/><trkpt lat="69.6689164" lon="18.9087567"/><trkpt lat="69.6688871" lon="18.9090282"/><trkpt lat="69.6688567" lon="18.9091046"/><trkpt lat="69.6676845" lon="18.9082824"/><trkpt lat="69.6677052" lon="18.9079257"/><trkpt lat="69.6676727" lon="18.9077931"/><trkpt lat="69.6676077" lon="18.907788"/><trkpt lat="69.667572" lon="18.9079785"/><trkpt lat="69.6675445" lon="18.9082052"/><trkpt lat="69.6670647" lon="18.9079228"/><trkpt lat="69.6670254" lon="18.9079834"/><trkpt lat="69.6670089" lon="18.9081644"/><trkpt lat="69.6670494" lon="18.9083024"/><trkpt lat="69.6675274" lon="18.9085688"/><trkpt lat="69.6674906" lon="18.9090878"/><trkpt lat="69.6675677" lon="18.9091456"/><trkpt lat="69.667642" lon="18.9086407"/><trkpt lat="69.6681422" lon="18.9089915"/><trkpt lat="69.6688101" lon="18.9094142"/><trkpt lat="69.6688418" lon="18.909458"/><trkpt lat="69.6688128" lon="18.9098698"/><trkpt lat="69.668835" lon="18.9099786"/><trkpt lat="69.6688929" lon="18.9099922"/><trkpt lat="69.6689555" lon="18.9095506"/><trkpt lat="69.6694201" lon="18.9098584"/><trkpt lat="69.6697546" lon="18.9100795"/><trkpt lat="69.6699523" lon="18.9102144"/><trkpt lat="69.6700972" lon="18.9102606"/><trkpt lat="69.6700828" lon="18.9105439"/><trkpt lat="69.6701315" lon="18.9108237"/><trkpt lat="69.6701202" lon="18.9109637"/><trkpt lat="69.670015" lon="18.9122035"/><trkpt lat="69.6702636" lon="18.9123936"/><trkpt lat="69.6703461" lon="18.9126934"/><trkpt lat="69.6706023" lon="18.9128435"/><trkpt lat="69.670659" lon="18.9126876"/><trkpt lat="69.6710241" lon="18.9129583"/><trkpt lat="69.6712218" lon="18.9130906"/><trkpt lat="69.6712617" lon="18.9132537"/><trkpt lat="69.6712525" lon="18.9133227"/><trkpt lat="69.6712228" lon="18.9135428"/><trkpt lat="69.6711426" lon="18.9135544"/><trkpt lat="69.6709842" lon="18.9136316"/><trkpt lat="69.6707643" lon="18.9138006"/><trkpt lat="69.6706435" lon="18.9139455"/><trkpt lat="69.670443" lon="18.9144789"/><trkpt lat="69.6703833" lon="18.9147056"/><trkpt lat="69.6703689" lon="18.9147603"/><trkpt lat="69.6703254" lon="18.9149476"/><trkpt lat="69.6702863" lon="18.9151682"/><trkpt lat="69.6702696" lon="18.9152587"/><trkpt lat="69.670226" lon="18.9153655"/><trkpt lat="69.6701865" lon="18.9154441"/><trkpt lat="69.6701448" lon="18.9154973"/><trkpt lat="69.6699806" lon="18.9151658"/><trkpt lat="69.6699586" lon="18.9150863"/><trkpt lat="69.669961" lon="18.9150661"/><trkpt lat="69.6699775" lon="18.9150552"/><trkpt lat="69.6700599" lon="18.915104"/><trkpt lat="69.6701044" lon="18.9150825"/><trkpt lat="69.6701814" lon="18.9149817"/><trkpt lat="69.6702562" lon="18.9147517"/><trkpt lat="69.6702992" lon="18.9141506"/><trkpt lat="69.6702901" lon="18.9139275"/><trkpt lat="69.6702569" lon="18.9138426"/><trkpt lat="69.6702242" lon="18.9136947"/><trkpt lat="69.6702129" lon="18.9135301"/><trkpt lat="69.6701248" lon="18.9128703"/><trkpt lat="69.6700597" lon="18.9127286"/><trkpt lat="69.6699983" lon="18.9126454"/><trkpt lat="69.6699706" lon="18.9126352"/><trkpt lat="69.6698937" lon="18.9126685"/><trkpt lat="69.6698837" lon="18.9126385"/><trkpt lat="69.669839" lon="18.912603"/><trkpt lat="69.6698396" lon="18.9124097"/><trkpt lat="69.6698474" lon="18.9122455"/><trkpt lat="69.6698536" lon="18.9120666"/><trkpt lat="69.6698618" lon="18.9117952"/><trkpt lat="69.6698718" lon="18.9114679"/><trkpt lat="69.669878" lon="18.9111405"/><trkpt lat="69.6698412" lon="18.9109503"/><trkpt lat="69.6697211" lon="18.9108375"/><trkpt lat="69.6694642" lon="18.9106922"/><trkpt lat="69.6693712" lon="18.9106686"/><trkpt lat="69.6692609" lon="18.9106754"/><trkpt lat="69.6690116" lon="18.9107462"/><trkpt lat="69.6688901" lon="18.9108321"/><trkpt lat="69.6688394" lon="18.9109108"/><trkpt lat="69.6686109" lon="18.9118806"/><trkpt lat="69.6685815" lon="18.9119747"/><trkpt lat="69.6685623" lon="18.9119897"/><trkpt lat="69.6681105" lon="18.9117537"/><trkpt lat="69.6679939" lon="18.9116449"/><trkpt lat="69.6678019" lon="18.9113682"/><trkpt lat="69.6677518" lon="18.9112048"/><trkpt lat="69.6676951" lon="18.9108954"/><trkpt lat="69.6676935" lon="18.9107753"/><trkpt lat="69.6677177" lon="18.9107499"/><trkpt lat="69.6677469" lon="18.9106493"/><trkpt lat="69.6678037" lon="18.9105539"/><trkpt lat="69.6678264" lon="18.9104971"/><trkpt lat="69.6678333" lon="18.9104673"/><trkpt lat="69.667835" lon="18.9104251"/><trkpt lat="69.6678317" lon="18.910393"/><trkpt lat="69.6677963" lon="18.9104141"/><trkpt lat="69.6677629" lon="18.9104143"/><trkpt lat="69.6677393" lon="18.9103941"/><trkpt lat="69.6676989" lon="18.910285"/><trkpt lat="69.6676326" lon="18.9099739"/><trkpt lat="69.6675424" lon="18.9097686"/><trkpt lat="69.667376" lon="18.9093986"/><trkpt lat="69.6672353" lon="18.9093496"/><trkpt lat="69.6669404" lon="18.9092361"/><trkpt lat="69.6668797" lon="18.9093649"/><trkpt lat="69.6668427" lon="18.909572"/><trkpt lat="69.666826" lon="18.9097903"/><trkpt lat="69.6668375" lon="18.9100874"/><trkpt lat="69.6668285" lon="18.9101725"/><trkpt lat="69.6667124" lon="18.9103211"/><trkpt lat="69.6665753" lon="18.9103894"/><trkpt lat="69.6665039" lon="18.9103932"/><trkpt lat="69.6663733" lon="18.9103604"/><trkpt lat="69.6661448" lon="18.9102023"/><trkpt lat="69.6659607" lon="18.9100361"/><trkpt lat="69.6658856" lon="18.9099231"/><trkpt lat="69.6657885" lon="18.9096283"/><trkpt lat="69.6657494" lon="18.9095537"/><trkpt lat="69.6654896" lon="18.9092663"/><trkpt lat="69.6654625" lon="18.9091534"/><trkpt lat="69.665452" lon="18.9090633"/><trkpt lat="69.6654515" lon="18.9088037"/><trkpt lat="69.665483" lon="18.9082799"/><trkpt lat="69.6655021" lon="18.9081107"/><trkpt lat="69.6655367" lon="18.9079313"/><trkpt lat="69.665534" lon="18.9078825"/><trkpt lat="69.6654714" lon="18.9078136"/><trkpt lat="69.6651335" lon="18.907818"/><trkpt lat="69.6651046" lon="18.9079073"/><trkpt lat="69.6650197" lon="18.9080515"/><trkpt lat="69.6649592" lon="18.9081052"/><trkpt lat="69.6648929" lon="18.9081638"/><trkpt lat="69.6648607" lon="18.9082211"/><trkpt lat="69.6647956" lon="18.908276"/><trkpt lat="69.6646988" lon="18.9083241"/><trkpt lat="69.664626" lon="18.9083282"/><trkpt lat="69.6643846" lon="18.9082148"/><trkpt lat="69.6642291" lon="18.9081025"/><trkpt lat="69.6640557" lon="18.9080212"/><trkpt lat="69.6639743" lon="18.9080119"/><trkpt lat="69.6637816" lon="18.9080601"/><trkpt lat="69.6637087" lon="18.908034"/><trkpt lat="69.6635686" lon="18.9079547"/><trkpt lat="69.6633467" lon="18.907762"/><trkpt lat="69.6632316" lon="18.9075853"/><trkpt lat="69.6629156" lon="18.9071854"/><trkpt lat="69.6625452" lon="18.9070591"/><trkpt lat="69.662188" lon="18.9070974"/><trkpt lat="69.6619251" lon="18.9070459"/><trkpt lat="69.6617859" lon="18.9069459"/><trkpt lat="69.661672" lon="18.9069317"/><trkpt lat="69.6613591" lon="18.9068924"/><trkpt lat="69.6609815" lon="18.9070827"/><trkpt lat="69.6607718" lon="18.9072308"/><trkpt lat="69.660673" lon="18.9073275"/><trkpt lat="69.6605809" lon="18.9073762"/><trkpt lat="69.6605524" lon="18.9073355"/><trkpt lat="69.6604404" lon="18.9070443"/><trkpt lat="69.6602344" lon="18.9067055"/><trkpt lat="69.6601184" lon="18.9065455"/><trkpt lat="69.6600212" lon="18.9065023"/><trkpt lat="69.6599577" lon="18.9065314"/><trkpt lat="69.6598956" lon="18.9066013"/><trkpt lat="69.6597612" lon="18.9069118"/><trkpt lat="69.6596552" lon="18.9071193"/><trkpt lat="69.6595901" lon="18.9072124"/><trkpt lat="69.6595143" lon="18.9072718"/><trkpt lat="69.6594677" lon="18.9072931"/><trkpt lat="69.6587417" lon="18.9072067"/><trkpt lat="69.6587091" lon="18.9072028"/><trkpt lat="69.6586361" lon="18.9071638"/><trkpt lat="69.6584756" lon="18.9070777"/><trkpt lat="69.6584114" lon="18.907006"/><trkpt lat="69.6583257" lon="18.9068681"/><trkpt lat="69.6582596" lon="18.9067278"/><trkpt lat="69.6581956" lon="18.9065227"/><trkpt lat="69.6581481" lon="18.9063456"/><trkpt lat="69.658142" lon="18.9062907"/><trkpt lat="69.6581472" lon="18.9062318"/><trkpt lat="69.6582001" lon="18.905941"/><trkpt lat="69.6581856" lon="18.9058063"/><trkpt lat="69.6583201" lon="18.9052346"/><trkpt lat="69.6583844" lon="18.9049439"/><trkpt lat="69.6584998" lon="18.9042758"/><trkpt lat="69.658553" lon="18.9040247"/><trkpt lat="69.6585946" lon="18.9040816"/><trkpt lat="69.6586258" lon="18.9037882"/><trkpt lat="69.6586083" lon="18.9037735"/><trkpt lat="69.6586413" lon="18.9036751"/><trkpt lat="69.6586533" lon="18.903599"/><trkpt lat="69.6586411" lon="18.9035267"/><trkpt lat="69.658612" lon="18.9035131"/><trkpt lat="69.6585543" lon="18.9035932"/><trkpt lat="69.6584796" lon="18.9038688"/><trkpt lat="69.6583069" lon="18.9048143"/><trkpt lat="69.6582108" lon="18.9052272"/><trkpt lat="69.6581629" lon="18.9052144"/><trkpt lat="69.6579696" lon="18.9057111"/><trkpt lat="69.6579712" lon="18.9059554"/><trkpt lat="69.6578776" lon="18.9061003"/><trkpt lat="69.6577432" lon="18.9062352"/><trkpt lat="69.6575847" lon="18.9062989"/><trkpt lat="69.6573969" lon="18.9063054"/><trkpt lat="69.6572927" lon="18.9062333"/><trkpt lat="69.657126" lon="18.906056"/><trkpt lat="69.6570309" lon="18.9059233"/><trkpt lat="69.6569945" lon="18.9058394"/><trkpt lat="69.6568512" lon="18.9052399"/><trkpt lat="69.6567314" lon="18.9051148"/><trkpt lat="69.6566124" lon="18.9050333"/><trkpt lat="69.6565" lon="18.9048695"/><trkpt lat="69.6563798" lon="18.9046943"/><trkpt lat="69.6561675" lon="18.9044836"/><trkpt lat="69.6559251" lon="18.90417"/><trkpt lat="69.6557751" lon="18.9038465"/><trkpt lat="69.6557421" lon="18.9037126"/><trkpt lat="69.6557148" lon="18.903492"/><trkpt lat="69.655569" lon="18.9032264"/><trkpt lat="69.654864" lon="18.9032842"/><trkpt lat="69.65419" lon="18.9030986"/><trkpt lat="69.6539941" lon="18.902987"/><trkpt lat="69.6537655" lon="18.9028998"/><trkpt lat="69.6533271" lon="18.9028726"/><trkpt lat="69.6525509" lon="18.9027415"/><trkpt lat="69.6524606" lon="18.9027113"/><trkpt lat="69.652273" lon="18.9026053"/><trkpt lat="69.6521877" lon="18.9025294"/><trkpt lat="69.6521546" lon="18.9024467"/><trkpt lat="69.6521296" lon="18.9022715"/><trkpt lat="69.6521101" lon="18.9021969"/><trkpt lat="69.6519966" lon="18.902047"/><trkpt lat="69.6519339" lon="18.9019978"/><trkpt lat="69.6518751" lon="18.9020308"/><trkpt lat="69.6517402" lon="18.9020107"/><trkpt lat="69.651604" lon="18.9019309"/><trkpt lat="69.6515079" lon="18.9018366"/><trkpt lat="69.6514238" lon="18.9017339"/><trkpt lat="69.6513203" lon="18.9015608"/><trkpt lat="69.6511688" lon="18.9012314"/><trkpt lat="69.6510058" lon="18.9008156"/><trkpt lat="69.6509004" lon="18.9005069"/><trkpt lat="69.6507392" lon="18.9002393"/><trkpt lat="69.6506972" lon="18.9001993"/><trkpt lat="69.6506502" lon="18.9002498"/><trkpt lat="69.6506027" lon="18.9002501"/><trkpt lat="69.6504964" lon="18.9001493"/><trkpt lat="69.650394" lon="18.9000001"/><trkpt lat="69.6503878" lon="18.899991"/><trkpt lat="69.6502285" lon="18.8995722"/><trkpt lat="69.650093" lon="18.8993746"/><trkpt lat="69.650045" lon="18.8993958"/><trkpt lat="69.65" lon="18.8993604"/><trkpt lat="69.6499237" lon="18.8993002"/><trkpt lat="69.649563" lon="18.8988251"/><trkpt lat="69.6495467" lon="18.8987573"/><trkpt lat="69.6495773" lon="18.8984468"/><trkpt lat="69.649566" lon="18.8981698"/><trkpt lat="69.6494629" lon="18.8974215"/><trkpt lat="69.6493071" lon="18.8970437"/><trkpt lat="69.6492174" lon="18.8970006"/><trkpt lat="69.6489461" lon="18.8969374"/><trkpt lat="69.6487052" lon="18.8970429"/><trkpt lat="69.6485106" lon="18.8972057"/><trkpt lat="69.6483972" lon="18.8973374"/><trkpt lat="69.6483095" lon="18.897535"/><trkpt lat="69.6482703" lon="18.8975627"/><trkpt lat="69.6482388" lon="18.89756"/><trkpt lat="69.6481898" lon="18.8975365"/><trkpt lat="69.6480256" lon="18.8973913"/><trkpt lat="69.647754" lon="18.8971218"/><trkpt lat="69.6477318" lon="18.8970811"/><trkpt lat="69.6477061" lon="18.8969569"/><trkpt lat="69.6476277" lon="18.8967936"/><trkpt lat="69.6475955" lon="18.8967528"/><trkpt lat="69.6475612" lon="18.8967414"/><trkpt lat="69.6474711" lon="18.8968358"/><trkpt lat="69.6473272" lon="18.8969039"/><trkpt lat="69.6472452" lon="18.8968819"/><trkpt lat="69.6470525" lon="18.8968305"/><trkpt lat="69.6470374" lon="18.8967947"/><trkpt lat="69.6470303" lon="18.8967898"/><trkpt lat="69.6469177" lon="18.8967126"/><trkpt lat="69.6463922" lon="18.8967068"/><trkpt lat="69.646347" lon="18.8966825"/><trkpt lat="69.6463192" lon="18.8966436"/><trkpt lat="69.6462819" lon="18.8964997"/><trkpt lat="69.6462581" lon="18.896446"/><trkpt lat="69.6461688" lon="18.8963295"/><trkpt lat="69.6460395" lon="18.8962294"/><trkpt lat="69.6458429" lon="18.8966519"/><trkpt lat="69.6457812" lon="18.8967562"/><trkpt lat="69.645471" lon="18.8971659"/><trkpt lat="69.6452627" lon="18.8973184"/><trkpt lat="69.645131" lon="18.8973489"/><trkpt lat="69.6449024" lon="18.8972709"/><trkpt lat="69.6445" lon="18.897277"/><trkpt lat="69.6443789" lon="18.8973753"/><trkpt lat="69.6442701" lon="18.8975401"/><trkpt lat="69.6440801" lon="18.8976658"/><trkpt lat="69.644" lon="18.8977055"/><trkpt lat="69.6438718" lon="18.8976784"/><trkpt lat="69.6438172" lon="18.8977114"/><trkpt lat="69.6437737" lon="18.8978588"/><trkpt lat="69.6436544" lon="18.8984196"/><trkpt lat="69.6435396" lon="18.8987799"/><trkpt lat="69.6432987" lon="18.899493"/><trkpt lat="69.6432027" lon="18.8997298"/><trkpt lat="69.643107" lon="18.8999212"/><trkpt lat="69.6430748" lon="18.8999553"/><trkpt lat="69.6429769" lon="18.9"/><trkpt lat="69.642632" lon="18.9001576"/><trkpt lat="69.6425172" lon="18.9001752"/><trkpt lat="69.6424716" lon="18.9001619"/><trkpt lat="69.6423535" lon="18.9000494"/><trkpt lat="69.6422585" lon="18.9000346"/><trkpt lat="69.6420901" lon="18.9001595"/><trkpt lat="69.6419592" lon="18.9002245"/><trkpt lat="69.6418867" lon="18.900239"/><trkpt lat="69.6415371" lon="18.9000616"/><trkpt lat="69.6414821" lon="18.8999999"/><trkpt lat="69.6414182" lon="18.8999283"/><trkpt lat="69.6414005" lon="18.8999018"/><trkpt lat="69.6414201" lon="18.8996085"/><trkpt lat="69.641414" lon="18.899549"/><trkpt lat="69.6413469" lon="18.8994516"/><trkpt lat="69.6411839" lon="18.8993298"/><trkpt lat="69.6410032" lon="18.8987781"/><trkpt lat="69.6409786" lon="18.8985826"/><trkpt lat="69.6409609" lon="18.8985559"/><trkpt lat="69.6409523" lon="18.8985778"/><trkpt lat="69.6409473" lon="18.8986403"/><trkpt lat="69.6409406" lon="18.8988569"/><trkpt lat="69.6409416" lon="18.8992629"/><trkpt lat="69.640936" lon="18.8993524"/><trkpt lat="69.6409243" lon="18.8993797"/><trkpt lat="69.6408513" lon="18.899406"/><trkpt lat="69.6407898" lon="18.8993999"/><trkpt lat="69.6407424" lon="18.8993675"/><trkpt lat="69.6407377" lon="18.8993251"/><trkpt lat="69.6407416" lon="18.8990613"/><trkpt lat="69.6407307" lon="18.8990062"/><trkpt lat="69.6405003" lon="18.8987957"/><trkpt lat="69.6404728" lon="18.8988113"/><trkpt lat="69.6404657" lon="18.8988675"/><trkpt lat="69.6404768" lon="18.8992589"/><trkpt lat="69.6404665" lon="18.8992923"/><trkpt lat="69.6404342" lon="18.8993305"/><trkpt lat="69.6401451" lon="18.8994049"/><trkpt lat="69.6401148" lon="18.8991037"/><trkpt lat="69.6401035" lon="18.8990428"/><trkpt lat="69.6400664" lon="18.8989637"/><trkpt lat="69.6400539" lon="18.8989635"/><trkpt lat="69.6400334" lon="18.8990209"/><trkpt lat="69.6399974" lon="18.8992661"/><trkpt lat="69.6399581" lon="18.899666"/><trkpt lat="69.639839" lon="18.8999999"/><trkpt lat="69.6397177" lon="18.9003401"/><trkpt lat="69.6394887" lon="18.9008891"/><trkpt lat="69.6390688" lon="18.9012454"/><trkpt lat="69.6390325" lon="18.9012395"/><trkpt lat="69.6388603" lon="18.9009984"/><trkpt lat="69.63884" lon="18.9009836"/><trkpt lat="69.638799" lon="18.900998"/><trkpt lat="69.6387601" lon="18.901068"/><trkpt lat="69.6386238" lon="18.9014805"/><trkpt lat="69.6385274" lon="18.9017118"/><trkpt lat="69.6384522" lon="18.9018522"/><trkpt lat="69.6383815" lon="18.9019166"/><trkpt lat="69.638373" lon="18.9019244"/><trkpt lat="69.6381746" lon="18.9019323"/><trkpt lat="69.6378561" lon="18.9017781"/><trkpt lat="69.6377099" lon="18.9016852"/><trkpt lat="69.6373932" lon="18.9018384"/><trkpt lat="69.6373013" lon="18.9018718"/><trkpt lat="69.6369075" lon="18.9020154"/><trkpt lat="69.6368255" lon="18.9020736"/><trkpt lat="69.636748" lon="18.9021974"/><trkpt lat="69.6366744" lon="18.9024903"/><trkpt lat="69.63653" lon="18.9031577"/><trkpt lat="69.636509" lon="18.9032278"/><trkpt lat="69.6365052" lon="18.9032403"/><trkpt lat="69.6364796" lon="18.9033047"/><trkpt lat="69.6363127" lon="18.9036006"/><trkpt lat="69.6362391" lon="18.9036751"/><trkpt lat="69.6360552" lon="18.9037115"/><trkpt lat="69.6358754" lon="18.9036864"/><trkpt lat="69.6355892" lon="18.9033403"/><trkpt lat="69.6352656" lon="18.9030286"/><trkpt lat="69.6351574" lon="18.9030002"/><trkpt lat="69.6347641" lon="18.9028109"/><trkpt lat="69.6346865" lon="18.9027559"/><trkpt lat="69.6346158" lon="18.9026423"/><trkpt lat="69.6345021" lon="18.9025407"/><trkpt lat="69.6344279" lon="18.9025908"/><trkpt lat="69.6343812" lon="18.9026578"/><trkpt lat="69.6343837" lon="18.902708"/><trkpt lat="69.6344378" lon="18.9028132"/><trkpt lat="69.6344406" lon="18.9028733"/><trkpt lat="69.6344185" lon="18.9029636"/><trkpt lat="69.6343548" lon="18.903103"/><trkpt lat="69.6343212" lon="18.9030518"/><trkpt lat="69.6342713" lon="18.9029177"/><trkpt lat="69.6342157" lon="18.9027902"/><trkpt lat="69.6341658" lon="18.902687"/><trkpt lat="69.6341331" lon="18.9026347"/><trkpt lat="69.6340888" lon="18.9025824"/><trkpt lat="69.6340687" lon="18.9025971"/><trkpt lat="69.6340533" lon="18.9025696"/><trkpt lat="69.6340386" lon="18.9026224"/><trkpt lat="69.6340528" lon="18.902683"/><trkpt lat="69.6340455" lon="18.9027484"/><trkpt lat="69.6340478" lon="18.9027936"/><trkpt lat="69.6341424" lon="18.9030021"/><trkpt lat="69.6342311" lon="18.9032114"/><trkpt lat="69.6342731" lon="18.9033428"/><trkpt lat="69.634273" lon="18.9033998"/><trkpt lat="69.6342238" lon="18.9036962"/><trkpt lat="69.6341944" lon="18.9038053"/><trkpt lat="69.6341643" lon="18.9038449"/><trkpt lat="69.6341004" lon="18.9038336"/><trkpt lat="69.6340164" lon="18.9038819"/><trkpt lat="69.6339828" lon="18.9038497"/><trkpt lat="69.6339707" lon="18.9039248"/><trkpt lat="69.6339345" lon="18.9039168"/><trkpt lat="69.633936" lon="18.904007"/><trkpt lat="69.6338196" lon="18.9044976"/><trkpt lat="69.6337161" lon="18.9048079"/><trkpt lat="69.6336389" lon="18.9049531"/><trkpt lat="69.6335539" lon="18.9049571"/><trkpt lat="69.6335382" lon="18.9049419"/><trkpt lat="69.6335366" lon="18.9048797"/><trkpt lat="69.6335191" lon="18.904821"/><trkpt lat="69.6333755" lon="18.9045963"/><trkpt lat="69.6333451" lon="18.9046046"/><trkpt lat="69.6333166" lon="18.9046126"/><trkpt lat="69.6331161" lon="18.9049136"/><trkpt lat="69.6327664" lon="18.9052102"/><trkpt lat="69.632622" lon="18.9051364"/><trkpt lat="69.6325646" lon="18.9050581"/><trkpt lat="69.6323937" lon="18.9049508"/><trkpt lat="69.6322557" lon="18.9048886"/><trkpt lat="69.6322432" lon="18.9048987"/><trkpt lat="69.6321158" lon="18.9051724"/><trkpt lat="69.6320794" lon="18.9052905"/><trkpt lat="69.6320529" lon="18.9054747"/><trkpt lat="69.6320706" lon="18.9055349"/><trkpt lat="69.6321798" lon="18.90562"/><trkpt lat="69.6321921" lon="18.9056688"/><trkpt lat="69.632202" lon="18.9057061"/><trkpt lat="69.6322079" lon="18.9058209"/><trkpt lat="69.6322019" lon="18.9059413"/><trkpt lat="69.6321841" lon="18.9060406"/><trkpt lat="69.6321551" lon="18.9061346"/><trkpt lat="69.6321094" lon="18.9063074"/><trkpt lat="69.6320479" lon="18.9065134"/><trkpt lat="69.6319849" lon="18.9066591"/><trkpt lat="69.6319225" lon="18.9067335"/><trkpt lat="69.6318533" lon="18.9068058"/><trkpt lat="69.6318206" lon="18.9068247"/><trkpt lat="69.6317779" lon="18.9068052"/><trkpt lat="69.6317347" lon="18.9068031"/><trkpt lat="69.6316877" lon="18.906838"/><trkpt lat="69.6316283" lon="18.9064972"/><trkpt lat="69.6316155" lon="18.9063928"/><trkpt lat="69.6315979" lon="18.9062883"/><trkpt lat="69.6315913" lon="18.9061443"/><trkpt lat="69.6315917" lon="18.9060466"/><trkpt lat="69.6315812" lon="18.9059745"/><trkpt lat="69.6315675" lon="18.9059196"/><trkpt lat="69.631555" lon="18.9059009"/><trkpt lat="69.6315439" lon="18.9059192"/><trkpt lat="69.6315301" lon="18.9059457"/><trkpt lat="69.6315177" lon="18.9060194"/><trkpt lat="69.6315123" lon="18.9060743"/><trkpt lat="69.6315118" lon="18.9062316"/><trkpt lat="69.6315164" lon="18.906336"/><trkpt lat="69.631549" lon="18.9065822"/><trkpt lat="69.631591" lon="18.9068517"/><trkpt lat="69.631603" lon="18.9069409"/><trkpt lat="69.6315902" lon="18.9070266"/><trkpt lat="69.6315886" lon="18.9070711"/><trkpt lat="69.6315705" lon="18.9071775"/><trkpt lat="69.631552" lon="18.907299"/><trkpt lat="69.6315403" lon="18.9073403"/><trkpt lat="69.6315467" lon="18.9074206"/><trkpt lat="69.6315607" lon="18.9074748"/><trkpt lat="69.6315913" lon="18.9075969"/><trkpt lat="69.6315947" lon="18.907642"/><trkpt lat="69.6316147" lon="18.907706"/><trkpt lat="69.6316225" lon="18.9077473"/><trkpt lat="69.631617" lon="18.9077798"/><trkpt lat="69.6316192" lon="18.9078547"/><trkpt lat="69.6316" lon="18.9079285"/><trkpt lat="69.6315766" lon="18.9078818"/><trkpt lat="69.6315535" lon="18.907846"/><trkpt lat="69.6315369" lon="18.9078308"/><trkpt lat="69.6315259" lon="18.9078178"/><trkpt lat="69.6315051" lon="18.9078208"/><trkpt lat="69.6314863" lon="18.9078189"/><trkpt lat="69.6314748" lon="18.9078422"/><trkpt lat="69.6314634" lon="18.9078878"/><trkpt lat="69.6314806" lon="18.9079459"/><trkpt lat="69.6314783" lon="18.9080088"/><trkpt lat="69.6314938" lon="18.9080696"/><trkpt lat="69.6315218" lon="18.9080859"/><trkpt lat="69.631535" lon="18.9081271"/><trkpt lat="69.6315497" lon="18.9081469"/><trkpt lat="69.6315441" lon="18.908177"/><trkpt lat="69.631515" lon="18.9081759"/><trkpt lat="69.6315093" lon="18.9082031"/><trkpt lat="69.6315116" lon="18.9082758"/><trkpt lat="69.6315233" lon="18.9083138"/><trkpt lat="69.6315416" lon="18.9083181"/><trkpt lat="69.6315514" lon="18.90833"/><trkpt lat="69.631546" lon="18.9084314"/><trkpt lat="69.6315257" lon="18.9085873"/><trkpt lat="69.6314529" lon="18.908953"/><trkpt lat="69.6313788" lon="18.9092233"/><trkpt lat="69.631301" lon="18.9094599"/><trkpt lat="69.6312942" lon="18.9094741"/><trkpt lat="69.6310446" lon="18.9099917"/><trkpt lat="69.6307635" lon="18.910275"/><trkpt lat="69.6307009" lon="18.9102955"/><trkpt lat="69.6306451" lon="18.9102651"/><trkpt lat="69.6305085" lon="18.9101072"/><trkpt lat="69.6304488" lon="18.9099448"/><trkpt lat="69.6303649" lon="18.9097166"/><trkpt lat="69.6303263" lon="18.9095543"/><trkpt lat="69.6303346" lon="18.9094292"/><trkpt lat="69.6303063" lon="18.9093567"/><trkpt lat="69.6300499" lon="18.909235"/><trkpt lat="69.6300213" lon="18.909271"/><trkpt lat="69.6300009" lon="18.9093467"/><trkpt lat="69.6299955" lon="18.909415"/><trkpt lat="69.6300111" lon="18.9096779"/><trkpt lat="69.6300333" lon="18.9097536"/><trkpt lat="69.6300521" lon="18.9097844"/><trkpt lat="69.6301241" lon="18.9098655"/><trkpt lat="69.6301375" lon="18.9098726"/><trkpt lat="69.6301594" lon="18.9098377"/><trkpt lat="69.6301844" lon="18.9098768"/><trkpt lat="69.6301986" lon="18.9101448"/><trkpt lat="69.630191" lon="18.9103304"/><trkpt lat="69.6301765" lon="18.910428"/><trkpt lat="69.6299402" lon="18.9111721"/><trkpt lat="69.6298229" lon="18.9113627"/><trkpt lat="69.6297644" lon="18.9114358"/><trkpt lat="69.6297374" lon="18.9114494"/><trkpt lat="69.6295371" lon="18.9114288"/><trkpt lat="69.6293831" lon="18.9114128"/><trkpt lat="69.6291137" lon="18.9113279"/><trkpt lat="69.62905" lon="18.9112383"/><trkpt lat="69.6290298" lon="18.9112099"/><trkpt lat="69.628901" lon="18.9108778"/><trkpt lat="69.6287211" lon="18.9110476"/><trkpt lat="69.6286127" lon="18.9112512"/><trkpt lat="69.6283418" lon="18.9113899"/><trkpt lat="69.6283241" lon="18.9113704"/><trkpt lat="69.6282843" lon="18.9112527"/><trkpt lat="69.6282327" lon="18.9112231"/><trkpt lat="69.6281009" lon="18.911222"/><trkpt lat="69.6280296" lon="18.9112765"/><trkpt lat="69.6280091" lon="18.9113114"/><trkpt lat="69.6279634" lon="18.9115477"/><trkpt lat="69.627941" lon="18.9117107"/><trkpt lat="69.627913" lon="18.9118238"/><trkpt lat="69.6278812" lon="18.9118995"/><trkpt lat="69.627781" lon="18.9120177"/><trkpt lat="69.6276775" lon="18.9120603"/><trkpt lat="69.6275998" lon="18.9122035"/><trkpt lat="69.6274604" lon="18.9126469"/><trkpt lat="69.6274242" lon="18.9128426"/><trkpt lat="69.6273597" lon="18.9131025"/><trkpt lat="69.627165" lon="18.9137162"/><trkpt lat="69.6271054" lon="18.9137076"/><trkpt lat="69.6269122" lon="18.9134879"/><trkpt lat="69.6268628" lon="18.9134729"/><trkpt lat="69.6268485" lon="18.913504"/><trkpt lat="69.6268438" lon="18.9135991"/><trkpt lat="69.6268575" lon="18.9136769"/><trkpt lat="69.6269194" lon="18.9137378"/><trkpt lat="69.6269757" lon="18.9138856"/><trkpt lat="69.6269864" lon="18.9144329"/><trkpt lat="69.6269525" lon="18.9144473"/><trkpt lat="69.6269194" lon="18.9144303"/><trkpt lat="69.6269135" lon="18.9143968"/><trkpt lat="69.6269355" lon="18.9143583"/><trkpt lat="69.6269061" lon="18.9142946"/><trkpt lat="69.6268989" lon="18.9143134"/><trkpt lat="69.6268818" lon="18.9145467"/><trkpt lat="69.626887" lon="18.9146935"/><trkpt lat="69.6269246" lon="18.9149253"/><trkpt lat="69.6270075" lon="18.9148319"/><trkpt lat="69.6270472" lon="18.9150311"/><trkpt lat="69.6270525" lon="18.9153124"/><trkpt lat="69.6271026" lon="18.915334"/><trkpt lat="69.6272584" lon="18.9154656"/><trkpt lat="69.6272932" lon="18.9155524"/><trkpt lat="69.6274278" lon="18.9169786"/><trkpt lat="69.6274284" lon="18.9170563"/><trkpt lat="69.627413" lon="18.9172649"/><trkpt lat="69.6274528" lon="18.9176557"/><trkpt lat="69.6274698" lon="18.9177604"/><trkpt lat="69.6278148" lon="18.9183755"/><trkpt lat="69.6281195" lon="18.918656"/><trkpt lat="69.6283285" lon="18.9190382"/><trkpt lat="69.6285405" lon="18.9197351"/><trkpt lat="69.6286407" lon="18.9200321"/><trkpt lat="69.6288209" lon="18.920056"/><trkpt lat="69.6288658" lon="18.9200922"/><trkpt lat="69.6288979" lon="18.9201365"/><trkpt lat="69.6290197" lon="18.9204021"/><trkpt lat="69.6290559" lon="18.9205375"/><trkpt lat="69.6290655" lon="18.9205735"/><trkpt lat="69.6290672" lon="18.9206236"/><trkpt lat="69.6289223" lon="18.9225257"/><trkpt lat="69.6289922" lon="18.9232423"/><trkpt lat="69.6291025" lon="18.9233674"/><trkpt lat="69.6291341" lon="18.923308"/><trkpt lat="69.6291948" lon="18.9232751"/><trkpt lat="69.6292525" lon="18.9232736"/><trkpt lat="69.6293217" lon="18.9233209"/><trkpt lat="69.6293599" lon="18.9233561"/><trkpt lat="69.6293902" lon="18.923407"/><trkpt lat="69.6294439" lon="18.9234379"/><trkpt lat="69.629527" lon="18.9235103"/><trkpt lat="69.6295723" lon="18.923568"/><trkpt lat="69.6297753" lon="18.9237329"/><trkpt lat="69.6299051" lon="18.923859"/><trkpt lat="69.6300232" lon="18.9239609"/><trkpt lat="69.6301143" lon="18.924091"/><trkpt lat="69.6301894" lon="18.9242077"/><trkpt lat="69.630224" lon="18.9242372"/><trkpt lat="69.6302487" lon="18.9242365"/><trkpt lat="69.6302555" lon="18.9242325"/><trkpt lat="69.6302954" lon="18.9242399"/><trkpt lat="69.6303257" lon="18.9242814"/><trkpt lat="69.630348" lon="18.9243683"/><trkpt lat="69.6303592" lon="18.9244331"/><trkpt lat="69.6303593" lon="18.9244759"/><trkpt lat="69.630343" lon="18.9245658"/><trkpt lat="69.6303224" lon="18.9246192"/><trkpt lat="69.6303092" lon="18.924741"/><trkpt lat="69.6303213" lon="18.9249274"/><trkpt lat="69.6303516" lon="18.9250967"/><trkpt lat="69.6304283" lon="18.9254144"/><trkpt lat="69.6307021" lon="18.9261022"/><trkpt lat="69.6307056" lon="18.9261377"/><trkpt lat="69.6307332" lon="18.9262139"/><trkpt lat="69.6307884" lon="18.92631"/><trkpt lat="69.6308391" lon="18.9263501"/><trkpt lat="69.6309272" lon="18.9264196"/><trkpt lat="69.630986" lon="18.9264823"/><trkpt lat="69.6310805" lon="18.926564"/><trkpt lat="69.6311256" lon="18.9266555"/><trkpt lat="69.6311664" lon="18.9267008"/><trkpt lat="69.6312022" lon="18.9267454"/><trkpt lat="69.6312078" lon="18.9267807"/><trkpt lat="69.6312066" lon="18.9268658"/><trkpt lat="69.6312318" lon="18.9269105"/><trkpt lat="69.6312392" lon="18.9269354"/><trkpt lat="69.6312279" lon="18.9269985"/><trkpt lat="69.6310604" lon="18.927855"/><trkpt lat="69.6310265" lon="18.9280834"/><trkpt lat="69.6310416" lon="18.9282223"/><trkpt lat="69.6311022" lon="18.9284382"/><trkpt lat="69.6311552" lon="18.9285998"/><trkpt lat="69.6312709" lon="18.9288011"/><trkpt lat="69.6313559" lon="18.928915"/><trkpt lat="69.631566" lon="18.9291939"/><trkpt lat="69.6318439" lon="18.9295499"/><trkpt lat="69.6319444" lon="18.929665"/><trkpt lat="69.6319646" lon="18.9296848"/><trkpt lat="69.6319859" lon="18.9296988"/><trkpt lat="69.6320045" lon="18.9296901"/><trkpt lat="69.6320127" lon="18.9296593"/><trkpt lat="69.6320145" lon="18.9296256"/><trkpt lat="69.6320094" lon="18.9295848"/><trkpt lat="69.6319969" lon="18.9295442"/><trkpt lat="69.6319788" lon="18.9295178"/><trkpt lat="69.6319653" lon="18.9294883"/><trkpt lat="69.6318882" lon="18.9293473"/><trkpt lat="69.6315856" lon="18.9289445"/><trkpt lat="69.6313065" lon="18.9285698"/><trkpt lat="69.6312444" lon="18.928459"/><trkpt lat="69.6312002" lon="18.9283623"/><trkpt lat="69.6311664" lon="18.9282578"/><trkpt lat="69.6311435" lon="18.9281653"/><trkpt lat="69.6311332" lon="18.9281042"/><trkpt lat="69.6311347" lon="18.9280365"/><trkpt lat="69.6311955" lon="18.927709"/><trkpt lat="69.6313374" lon="18.9270204"/><trkpt lat="69.6313475" lon="18.9269643"/><trkpt lat="69.6313709" lon="18.9269771"/><trkpt lat="69.6313978" lon="18.9270138"/><trkpt lat="69.6314908" lon="18.9271259"/><trkpt lat="69.631595" lon="18.9272172"/><trkpt lat="69.6318474" lon="18.9275197"/><trkpt lat="69.6321325" lon="18.9281132"/><trkpt lat="69.6322708" lon="18.9283839"/><trkpt lat="69.6323511" lon="18.9285327"/><trkpt lat="69.6323852" lon="18.9285448"/><trkpt lat="69.6324017" lon="18.9285031"/><trkpt lat="69.6324447" lon="18.9283463"/><trkpt lat="69.6325645" lon="18.9285531"/><trkpt lat="69.6325695" lon="18.9285865"/><trkpt lat="69.632488" lon="18.9290014"/><trkpt lat="69.6324871" lon="18.9290631"/><trkpt lat="69.6325075" lon="18.9291228"/><trkpt lat="69.6326078" lon="18.9292886"/><trkpt lat="69.6326599" lon="18.9295678"/><trkpt lat="69.6326799" lon="18.9296259"/><trkpt lat="69.6329642" lon="18.930147"/><trkpt lat="69.6329787" lon="18.930143"/><trkpt lat="69.6329922" lon="18.9301147"/><trkpt lat="69.6330083" lon="18.9301166"/><trkpt lat="69.6330181" lon="18.9301448"/><trkpt lat="69.633033" lon="18.9301474"/><trkpt lat="69.6330512" lon="18.9300925"/><trkpt lat="69.6330956" lon="18.9300469"/><trkpt lat="69.6331628" lon="18.9299785"/><trkpt lat="69.6331712" lon="18.9299516"/><trkpt lat="69.633187" lon="18.9299597"/><trkpt lat="69.6332029" lon="18.9299315"/><trkpt lat="69.6332207" lon="18.929953"/><trkpt lat="69.6332291" lon="18.9299074"/><trkpt lat="69.6332375" lon="18.9298859"/><trkpt lat="69.6332872" lon="18.9298242"/><trkpt lat="69.6333513" lon="18.9298075"/><trkpt lat="69.6333719" lon="18.9297827"/><trkpt lat="69.6334097" lon="18.929788"/><trkpt lat="69.6334237" lon="18.9297545"/><trkpt lat="69.6334597" lon="18.9297625"/><trkpt lat="69.6335264" lon="18.9297277"/><trkpt lat="69.6335763" lon="18.9297437"/><trkpt lat="69.6336454" lon="18.9298028"/><trkpt lat="69.6337159" lon="18.9298323"/><trkpt lat="69.6337359" lon="18.9297719"/><trkpt lat="69.6337476" lon="18.9297853"/><trkpt lat="69.6337738" lon="18.9298296"/><trkpt lat="69.6337854" lon="18.9298966"/><trkpt lat="69.6337849" lon="18.929965"/><trkpt lat="69.6337896" lon="18.9300696"/><trkpt lat="69.6337887" lon="18.9301019"/><trkpt lat="69.6337985" lon="18.9301742"/><trkpt lat="69.6337933" lon="18.9302534"/><trkpt lat="69.6337733" lon="18.9304974"/><trkpt lat="69.6337416" lon="18.9308797"/><trkpt lat="69.6337285" lon="18.930869"/><trkpt lat="69.6336986" lon="18.931105"/><trkpt lat="69.6337098" lon="18.9311277"/><trkpt lat="69.633687" lon="18.9311948"/><trkpt lat="69.6336711" lon="18.9313665"/><trkpt lat="69.6336584" lon="18.9315046"/><trkpt lat="69.6336594" lon="18.9316615"/><trkpt lat="69.6336738" lon="18.9318117"/><trkpt lat="69.6336977" lon="18.9319445"/><trkpt lat="69.6337228" lon="18.9320679"/><trkpt lat="69.6337616" lon="18.932206"/><trkpt lat="69.6338099" lon="18.9323449"/><trkpt lat="69.6338622" lon="18.932493"/><trkpt lat="69.6339058" lon="18.932605"/><trkpt lat="69.6339492" lon="18.9327197"/><trkpt lat="69.6339705" lon="18.9327771"/><trkpt lat="69.6340916" lon="18.9330711"/><trkpt lat="69.6343277" lon="18.9337418"/><trkpt lat="69.6343753" lon="18.9339028"/><trkpt lat="69.6344804" lon="18.9342712"/><trkpt lat="69.6345581" lon="18.9344468"/><trkpt lat="69.6346681" lon="18.9346279"/><trkpt lat="69.6346511" lon="18.9347993"/><trkpt lat="69.6357098" lon="18.9356952"/><trkpt lat="69.6357159" lon="18.9356124"/><trkpt lat="69.6358158" lon="18.9356882"/><trkpt lat="69.6358108" lon="18.9357856"/><trkpt lat="69.6360739" lon="18.9359992"/><trkpt lat="69.6360825" lon="18.9358175"/><trkpt lat="69.6360849" lon="18.9357598"/><trkpt lat="69.6361343" lon="18.9356281"/><trkpt lat="69.6361691" lon="18.9356524"/><trkpt lat="69.6362206" lon="18.935697"/><trkpt lat="69.6362975" lon="18.9357925"/><trkpt lat="69.6362428" lon="18.9362167"/><trkpt lat="69.636319" lon="18.9363"/><trkpt lat="69.6366639" lon="18.9366767"/><trkpt lat="69.6366747" lon="18.9365894"/><trkpt lat="69.6367349" lon="18.9366712"/><trkpt lat="69.6367671" lon="18.9367738"/><trkpt lat="69.6367811" lon="18.9368355"/><trkpt lat="69.6368119" lon="18.9369214"/><trkpt lat="69.6369958" lon="18.9371279"/><trkpt lat="69.6371606" lon="18.9372955"/><trkpt lat="69.6372742" lon="18.937407"/><trkpt lat="69.637527" lon="18.9376394"/><trkpt lat="69.637626" lon="18.9377474"/><trkpt lat="69.6377007" lon="18.9378345"/><trkpt lat="69.6377204" lon="18.9378506"/><trkpt lat="69.6377439" lon="18.9378841"/><trkpt lat="69.637734" lon="18.937977"/><trkpt lat="69.6377203" lon="18.938047"/><trkpt lat="69.6376954" lon="18.9381943"/><trkpt lat="69.6376195" lon="18.9387615"/><trkpt lat="69.6375975" lon="18.9389317"/><trkpt lat="69.6375875" lon="18.9390141"/><trkpt lat="69.6375851" lon="18.9391353"/><trkpt lat="69.6375526" lon="18.9393896"/><trkpt lat="69.6374967" lon="18.9396385"/><trkpt lat="69.6374695" lon="18.9397948"/><trkpt lat="69.637422" lon="18.9400994"/><trkpt lat="69.637404" lon="18.9402526"/><trkpt lat="69.6374216" lon="18.940324"/><trkpt lat="69.6374547" lon="18.9403974"/><trkpt lat="69.637668" lon="18.9405906"/><trkpt lat="69.6378449" lon="18.9407776"/><trkpt lat="69.638033" lon="18.9409829"/><trkpt lat="69.6380571" lon="18.941011"/><trkpt lat="69.6380798" lon="18.9410446"/><trkpt lat="69.6380997" lon="18.940983"/><trkpt lat="69.6381447" lon="18.9408056"/><trkpt lat="69.6382307" lon="18.9403509"/><trkpt lat="69.6383544" lon="18.9397682"/><trkpt lat="69.6384017" lon="18.939626"/><trkpt lat="69.6384719" lon="18.9396743"/><trkpt lat="69.6385808" lon="18.939809"/><trkpt lat="69.6386028" lon="18.9398274"/><trkpt lat="69.6386201" lon="18.9398055"/><trkpt lat="69.638648" lon="18.9396351"/><trkpt lat="69.6386675" lon="18.9396032"/><trkpt lat="69.6387029" lon="18.9396616"/><trkpt lat="69.6387837" lon="18.9397855"/><trkpt lat="69.6388359" lon="18.9398595"/><trkpt lat="69.6388636" lon="18.9398655"/><trkpt lat="69.6388693" lon="18.9398512"/><trkpt lat="69.6388788" lon="18.9398411"/><trkpt lat="69.6389073" lon="18.939639"/><trkpt lat="69.6389012" lon="18.939611"/><trkpt lat="69.6388315" lon="18.9395652"/><trkpt lat="69.6387837" lon="18.9394939"/><trkpt lat="69.6387339" lon="18.9394022"/><trkpt lat="69.6387098" lon="18.9393356"/><trkpt lat="69.6386968" lon="18.9392726"/><trkpt lat="69.6386875" lon="18.9391782"/><trkpt lat="69.6387097" lon="18.9391"/><trkpt lat="69.63873" lon="18.9390171"/><trkpt lat="69.6387419" lon="18.9389409"/><trkpt lat="69.6387595" lon="18.9388732"/><trkpt lat="69.6387648" lon="18.9387779"/><trkpt lat="69.6387706" lon="18.9387297"/><trkpt lat="69.6387928" lon="18.9385952"/><trkpt lat="69.6388129" lon="18.9385243"/><trkpt lat="69.638859" lon="18.9383938"/><trkpt lat="69.6388742" lon="18.9382975"/><trkpt lat="69.6388769" lon="18.938246"/><trkpt lat="69.6388862" lon="18.9381345"/><trkpt lat="69.6389157" lon="18.9380049"/><trkpt lat="69.6389392" lon="18.9378467"/><trkpt lat="69.6389578" lon="18.9377018"/><trkpt lat="69.6389669" lon="18.9376822"/><trkpt lat="69.63899" lon="18.9376789"/><trkpt lat="69.6390079" lon="18.9376112"/><trkpt lat="69.6390122" lon="18.9375807"/><trkpt lat="69.6390161" lon="18.9375655"/><trkpt lat="69.6390286" lon="18.9375365"/><trkpt lat="69.6390629" lon="18.9375416"/><trkpt lat="69.6390722" lon="18.9375645"/><trkpt lat="69.6390915" lon="18.9375931"/><trkpt lat="69.6391697" lon="18.9377018"/><trkpt lat="69.6392211" lon="18.937761"/><trkpt lat="69.6392425" lon="18.937809"/><trkpt lat="69.6392447" lon="18.9378338"/><trkpt lat="69.6392334" lon="18.9379124"/><trkpt lat="69.639239" lon="18.937921"/><trkpt lat="69.6392684" lon="18.9379591"/><trkpt lat="69.6392758" lon="18.9379877"/><trkpt lat="69.6392774" lon="18.9380222"/><trkpt lat="69.6392749" lon="18.938144"/><trkpt lat="69.6392656" lon="18.9382927"/><trkpt lat="69.639245" lon="18.9384262"/><trkpt lat="69.6392318" lon="18.9384546"/><trkpt lat="69.6391939" lon="18.9385406"/><trkpt lat="69.6391913" lon="18.9386054"/><trkpt lat="69.6392079" lon="18.9387179"/><trkpt lat="69.639178" lon="18.9388189"/><trkpt lat="69.6391641" lon="18.9389371"/><trkpt lat="69.6391392" lon="18.9390896"/><trkpt lat="69.6391051" lon="18.9393203"/><trkpt lat="69.6390812" lon="18.9395071"/><trkpt lat="69.6390681" lon="18.9395686"/><trkpt lat="69.6390573" lon="18.9396195"/><trkpt lat="69.6390341" lon="18.939671"/><trkpt lat="69.6390083" lon="18.9396957"/><trkpt lat="69.6389539" lon="18.9396484"/><trkpt lat="69.6389257" lon="18.939665"/><trkpt lat="69.6389035" lon="18.9398638"/><trkpt lat="69.6389047" lon="18.9399265"/><trkpt lat="69.6389222" lon="18.939977"/><trkpt lat="69.6389581" lon="18.9401015"/><trkpt lat="69.6389509" lon="18.9402619"/><trkpt lat="69.6389143" lon="18.9404809"/><trkpt lat="69.6388774" lon="18.9406758"/><trkpt lat="69.6387958" lon="18.9410062"/><trkpt lat="69.638653" lon="18.9414716"/><trkpt lat="69.6385797" lon="18.9416578"/><trkpt lat="69.6385055" lon="18.9419049"/><trkpt lat="69.6384776" lon="18.9420971"/><trkpt lat="69.6384781" lon="18.942228"/><trkpt lat="69.6385105" lon="18.9424065"/><trkpt lat="69.6385702" lon="18.9425686"/><trkpt lat="69.6386449" lon="18.9427337"/><trkpt lat="69.6386613" lon="18.9427564"/><trkpt lat="69.6386961" lon="18.9427621"/><trkpt lat="69.6387367" lon="18.942876"/><trkpt lat="69.6387952" lon="18.9430315"/><trkpt lat="69.6388171" lon="18.9430537"/><trkpt lat="69.6388341" lon="18.9430717"/><trkpt lat="69.6388591" lon="18.9430401"/><trkpt lat="69.6388988" lon="18.9429295"/><trkpt lat="69.6389944" lon="18.9426546"/><trkpt lat="69.6390093" lon="18.9426291"/><trkpt lat="69.6390197" lon="18.9426037"/><trkpt lat="69.6390307" lon="18.9425755"/><trkpt lat="69.6390447" lon="18.9425842"/><trkpt lat="69.6390619" lon="18.9425954"/><trkpt lat="69.6390847" lon="18.9426457"/><trkpt lat="69.6390995" lon="18.9426471"/><trkpt lat="69.6391225" lon="18.9425838"/><trkpt lat="69.6391958" lon="18.9423731"/><trkpt lat="69.6392082" lon="18.9423107"/><trkpt lat="69.6392302" lon="18.9422588"/><trkpt lat="69.6392509" lon="18.9422546"/><trkpt lat="69.6392596" lon="18.9422724"/><trkpt lat="69.6394119" lon="18.9425378"/><trkpt lat="69.6395602" lon="18.9428043"/><trkpt lat="69.6396509" lon="18.9429686"/><trkpt lat="69.6396715" lon="18.9430223"/><trkpt lat="69.6396748" lon="18.9431024"/><trkpt lat="69.6396808" lon="18.9432359"/><trkpt lat="69.639686" lon="18.9435919"/><trkpt lat="69.6396933" lon="18.9437312"/><trkpt lat="69.6397099" lon="18.943844"/><trkpt lat="69.639762" lon="18.9440243"/><trkpt lat="69.6398133" lon="18.9441464"/><trkpt lat="69.6398846" lon="18.9442825"/><trkpt lat="69.6399272" lon="18.9443346"/><trkpt lat="69.6399485" lon="18.9443466"/><trkpt lat="69.639959" lon="18.944346"/><trkpt lat="69.6399727" lon="18.9443248"/><trkpt lat="69.6399906" lon="18.9442736"/><trkpt lat="69.6401113" lon="18.9437118"/><trkpt lat="69.6401762" lon="18.9435602"/><trkpt lat="69.640279" lon="18.9430717"/><trkpt lat="69.6404075" lon="18.942434"/><trkpt lat="69.6404171" lon="18.9424192"/><trkpt lat="69.6404294" lon="18.9424232"/><trkpt lat="69.6405291" lon="18.9426472"/><trkpt lat="69.6405449" lon="18.9427022"/><trkpt lat="69.640318" lon="18.9436236"/><trkpt lat="69.6403261" lon="18.9436414"/><trkpt lat="69.6402749" lon="18.9438472"/><trkpt lat="69.64038" lon="18.9440635"/><trkpt lat="69.6403722" lon="18.9440951"/><trkpt lat="69.6403945" lon="18.9441411"/><trkpt lat="69.6403848" lon="18.9441801"/><trkpt lat="69.640495" lon="18.9444067"/><trkpt lat="69.6405569" lon="18.9441543"/><trkpt lat="69.6408003" lon="18.9432017"/><trkpt lat="69.6408123" lon="18.9432299"/><trkpt lat="69.6408197" lon="18.9432809"/><trkpt lat="69.6408225" lon="18.94336"/><trkpt lat="69.6408151" lon="18.9434364"/><trkpt lat="69.6407689" lon="18.9437529"/><trkpt lat="69.6407558" lon="18.9438415"/><trkpt lat="69.6407535" lon="18.9438844"/><trkpt lat="69.6407581" lon="18.943938"/><trkpt lat="69.6407686" lon="18.9440086"/><trkpt lat="69.6407973" lon="18.9441016"/><trkpt lat="69.6408482" lon="18.9441915"/><trkpt lat="69.6409088" lon="18.9442572"/><trkpt lat="69.6409476" lon="18.9442762"/><trkpt lat="69.6409947" lon="18.94428"/><trkpt lat="69.6410094" lon="18.9442689"/><trkpt lat="69.6410325" lon="18.9442349"/><trkpt lat="69.6410582" lon="18.944158"/><trkpt lat="69.6411345" lon="18.9439429"/><trkpt lat="69.6411477" lon="18.9438933"/><trkpt lat="69.6411739" lon="18.9438473"/><trkpt lat="69.6412094" lon="18.9438222"/><trkpt lat="69.6412654" lon="18.9438095"/><trkpt lat="69.6412969" lon="18.9438357"/><trkpt lat="69.6413211" lon="18.9438917"/><trkpt lat="69.6413513" lon="18.943986"/><trkpt lat="69.6420769" lon="18.9458278"/><trkpt lat="69.6421489" lon="18.9464248"/><trkpt lat="69.6421589" lon="18.9470233"/><trkpt lat="69.6421377" lon="18.9471829"/><trkpt lat="69.6421843" lon="18.9474419"/><trkpt lat="69.6422157" lon="18.9474212"/><trkpt lat="69.6422442" lon="18.9474455"/><trkpt lat="69.6422825" lon="18.9475723"/><trkpt lat="69.6423331" lon="18.9478609"/><trkpt lat="69.6423423" lon="18.9479942"/><trkpt lat="69.6423435" lon="18.9481708"/><trkpt lat="69.6423513" lon="18.9484599"/><trkpt lat="69.6423519" lon="18.9489638"/><trkpt lat="69.6423573" lon="18.9494434"/><trkpt lat="69.6423592" lon="18.9495819"/><trkpt lat="69.6423586" lon="18.9497654"/><trkpt lat="69.6423562" lon="18.9499999"/><trkpt lat="69.6423567" lon="18.950387"/><trkpt lat="69.6423699" lon="18.9512805"/><trkpt lat="69.6423622" lon="18.9519885"/><trkpt lat="69.6423393" lon="18.9523586"/><trkpt lat="69.6423465" lon="18.9524266"/><trkpt lat="69.6423652" lon="18.9524889"/><trkpt lat="69.6424718" lon="18.9526984"/><trkpt lat="69.6425426" lon="18.9529104"/><trkpt lat="69.6426465" lon="18.9533096"/><trkpt lat="69.6427094" lon="18.9535624"/><trkpt lat="69.6427596" lon="18.9537363"/><trkpt lat="69.6427793" lon="18.9537623"/><trkpt lat="69.6428062" lon="18.9537576"/><trkpt lat="69.6428187" lon="18.9537381"/><trkpt lat="69.6428305" lon="18.9537069"/><trkpt lat="69.642839" lon="18.9536679"/><trkpt lat="69.6428404" lon="18.9536299"/><trkpt lat="69.6428347" lon="18.9535779"/><trkpt lat="69.6428142" lon="18.9534827"/><trkpt lat="69.642804" lon="18.9534723"/><trkpt lat="69.6427973" lon="18.9534585"/><trkpt lat="69.6427154" lon="18.9531131"/><trkpt lat="69.6425832" lon="18.9525685"/><trkpt lat="69.6425176" lon="18.9523175"/><trkpt lat="69.6424733" lon="18.9521077"/><trkpt lat="69.6424613" lon="18.9499999"/><trkpt lat="69.6424546" lon="18.9492493"/><trkpt lat="69.6424447" lon="18.9489984"/><trkpt lat="69.6424495" lon="18.9484651"/><trkpt lat="69.6424486" lon="18.9477831"/><trkpt lat="69.6424652" lon="18.9477082"/><trkpt lat="69.6425221" lon="18.9476723"/><trkpt lat="69.6428195" lon="18.9477237"/><trkpt lat="69.642892" lon="18.9477896"/><trkpt lat="69.6430379" lon="18.948389"/><trkpt lat="69.6430667" lon="18.9483927"/><trkpt lat="69.6431008" lon="18.9483295"/><trkpt lat="69.6433129" lon="18.9492305"/><trkpt lat="69.6432384" lon="18.949474"/><trkpt lat="69.643242" lon="18.9495058"/><trkpt lat="69.6432527" lon="18.9495132"/><trkpt lat="69.6433242" lon="18.9495186"/><trkpt lat="69.6433779" lon="18.9498098"/><trkpt lat="69.6432875" lon="18.9499582"/><trkpt lat="69.6432895" lon="18.9499714"/><trkpt lat="69.643295" lon="18.9500001"/><trkpt lat="69.6433705" lon="18.9503947"/><trkpt lat="69.6434907" lon="18.9507982"/><trkpt lat="69.6436591" lon="18.9507165"/><trkpt lat="69.6437318" lon="18.9505667"/><trkpt lat="69.6437655" lon="18.9504702"/><trkpt lat="69.6439325" lon="18.9501578"/><trkpt lat="69.64396" lon="18.9501374"/><trkpt lat="69.6439819" lon="18.9501446"/><trkpt lat="69.6439975" lon="18.9501743"/><trkpt lat="69.6440121" lon="18.9502547"/><trkpt lat="69.6441715" lon="18.9511568"/><trkpt lat="69.6442399" lon="18.9515956"/><trkpt lat="69.6442568" lon="18.9517598"/><trkpt lat="69.644274" lon="18.951933"/><trkpt lat="69.6442242" lon="18.9522084"/><trkpt lat="69.6441226" lon="18.9529699"/><trkpt lat="69.644086" lon="18.9531883"/><trkpt lat="69.6440808" lon="18.9532681"/><trkpt lat="69.6440836" lon="18.9533319"/><trkpt lat="69.644119" lon="18.9535214"/><trkpt lat="69.6442627" lon="18.954158"/><trkpt lat="69.6436272" lon="18.9579102"/><trkpt lat="69.6435549" lon="18.9583933"/><trkpt lat="69.6435668" lon="18.9584488"/><trkpt lat="69.6435818" lon="18.958471"/><trkpt lat="69.6436031" lon="18.958479"/><trkpt lat="69.6436426" lon="18.9582234"/><trkpt lat="69.6436952" lon="18.9578889"/><trkpt lat="69.6438854" lon="18.9582021"/><trkpt lat="69.6439183" lon="18.9579926"/><trkpt lat="69.6437194" lon="18.957717"/><trkpt lat="69.644088" lon="18.9555486"/><trkpt lat="69.6440936" lon="18.9555125"/><trkpt lat="69.6440993" lon="18.9554759"/><trkpt lat="69.6443223" lon="18.9541657"/><trkpt lat="69.6444994" lon="18.9543749"/><trkpt lat="69.6445064" lon="18.9543148"/><trkpt lat="69.6447776" lon="18.9521198"/><trkpt lat="69.6453977" lon="18.9533424"/><trkpt lat="69.6460717" lon="18.9547719"/><trkpt lat="69.6465614" lon="18.9561438"/><trkpt lat="69.6465825" lon="18.9561579"/><trkpt lat="69.6468094" lon="18.9556701"/><trkpt lat="69.6468543" lon="18.9558604"/><trkpt lat="69.6469112" lon="18.9557415"/><trkpt lat="69.646919" lon="18.9557745"/><trkpt lat="69.6469382" lon="18.9558493"/><trkpt lat="69.6469475" lon="18.9558862"/><trkpt lat="69.646889" lon="18.9560029"/><trkpt lat="69.6468872" lon="18.9560464"/><trkpt lat="69.6468821" lon="18.9560871"/><trkpt lat="69.6468741" lon="18.9561178"/><trkpt lat="69.6467689" lon="18.9563497"/><trkpt lat="69.6467597" lon="18.9563874"/><trkpt lat="69.6467435" lon="18.9564665"/><trkpt lat="69.646738" lon="18.9565145"/><trkpt lat="69.646737" lon="18.9565676"/><trkpt lat="69.6467443" lon="18.956609"/><trkpt lat="69.6467631" lon="18.9566801"/><trkpt lat="69.6471129" lon="18.9576702"/><trkpt lat="69.6466247" lon="18.9582288"/><trkpt lat="69.6466166" lon="18.958238"/><trkpt lat="69.6463839" lon="18.9585103"/><trkpt lat="69.6459689" lon="18.9585343"/><trkpt lat="69.6459315" lon="18.9586738"/><trkpt lat="69.6459409" lon="18.9588186"/><trkpt lat="69.646544" lon="18.960288"/><trkpt lat="69.6465886" lon="18.9603967"/><trkpt lat="69.6469936" lon="18.9613834"/><trkpt lat="69.6471042" lon="18.961653"/><trkpt lat="69.6472487" lon="18.9620051"/><trkpt lat="69.6480863" lon="18.9625319"/><trkpt lat="69.6490372" lon="18.9631301"/><trkpt lat="69.6498801" lon="18.9636603"/><trkpt lat="69.6499393" lon="18.9635503"/><trkpt lat="69.6499446" lon="18.9633914"/><trkpt lat="69.6499645" lon="18.9627993"/><trkpt lat="69.6499577" lon="18.9627716"/><trkpt lat="69.6496793" lon="18.9616465"/><trkpt lat="69.6496479" lon="18.9615195"/><trkpt lat="69.6500325" lon="18.9607878"/><trkpt lat="69.6500368" lon="18.9607796"/><trkpt lat="69.6502989" lon="18.9602811"/><trkpt lat="69.6503406" lon="18.9602848"/><trkpt lat="69.6503916" lon="18.9602893"/><trkpt lat="69.650961" lon="18.9603475"/><trkpt lat="69.6509747" lon="18.9603478"/><trkpt lat="69.6510817" lon="18.9603503"/><trkpt lat="69.6510948" lon="18.9603318"/><trkpt lat="69.6511318" lon="18.959982"/><trkpt lat="69.6511588" lon="18.9595002"/><trkpt lat="69.6512454" lon="18.9595471"/><trkpt lat="69.6512476" lon="18.9595141"/><trkpt lat="69.6512531" lon="18.9595196"/><trkpt lat="69.6512715" lon="18.9595291"/><trkpt lat="69.6512899" lon="18.9595386"/><trkpt lat="69.6512952" lon="18.9595439"/><trkpt lat="69.6512899" lon="18.9596323"/><trkpt lat="69.6513623" lon="18.9596771"/><trkpt lat="69.6512876" lon="18.960747"/><trkpt lat="69.6515419" lon="18.9611187"/><trkpt lat="69.6517924" lon="18.9615302"/><trkpt lat="69.6517949" lon="18.9615567"/><trkpt lat="69.6518854" lon="18.9625032"/><trkpt lat="69.6518958" lon="18.9626122"/><trkpt lat="69.6519417" lon="18.9630925"/><trkpt lat="69.6520908" lon="18.9631528"/><trkpt lat="69.6520874" lon="18.9632314"/><trkpt lat="69.6520757" lon="18.9632272"/><trkpt lat="69.6520723" lon="18.9633039"/><trkpt lat="69.6520835" lon="18.9633079"/><trkpt lat="69.6520798" lon="18.9633938"/><trkpt lat="69.6519683" lon="18.9633603"/><trkpt lat="69.6520337" lon="18.9640432"/><trkpt lat="69.6520654" lon="18.9640501"/><trkpt lat="69.6520756" lon="18.9636271"/><trkpt lat="69.6521285" lon="18.963508"/><trkpt lat="69.652377" lon="18.9635909"/><trkpt lat="69.6523908" lon="18.9636855"/><trkpt lat="69.6524057" lon="18.963873"/><trkpt lat="69.6524111" lon="18.9641034"/><trkpt lat="69.6524051" lon="18.9642479"/><trkpt lat="69.6523938" lon="18.9642961"/><trkpt lat="69.6520409" lon="18.9641348"/><trkpt lat="69.6521978" lon="18.9657327"/><trkpt lat="69.6522097" lon="18.9658537"/><trkpt lat="69.651871" lon="18.9662342"/><trkpt lat="69.6518554" lon="18.9662517"/><trkpt lat="69.6518679" lon="18.9662807"/><trkpt lat="69.6522178" lon="18.9658991"/><trkpt lat="69.6523303" lon="18.9657725"/><trkpt lat="69.6525059" lon="18.9656584"/><trkpt lat="69.6525457" lon="18.9656087"/><trkpt lat="69.652679" lon="18.9654426"/><trkpt lat="69.6526982" lon="18.9655265"/><trkpt lat="69.6527171" lon="18.9657066"/><trkpt lat="69.6527277" lon="18.9657558"/><trkpt lat="69.6526778" lon="18.9658173"/><trkpt lat="69.6526238" lon="18.965922"/><trkpt lat="69.6526352" lon="18.966008"/><trkpt lat="69.6527081" lon="18.9659409"/><trkpt lat="69.6527797" lon="18.9658573"/><trkpt lat="69.6527999" lon="18.9658573"/><trkpt lat="69.6528215" lon="18.9659856"/><trkpt lat="69.6528299" lon="18.9660927"/><trkpt lat="69.6525051" lon="18.9664517"/><trkpt lat="69.6522745" lon="18.9667065"/><trkpt lat="69.6518116" lon="18.9690375"/><trkpt lat="69.6514802" lon="18.969267"/><trkpt lat="69.651487" lon="18.969349"/><trkpt lat="69.651475" lon="18.969354"/><trkpt lat="69.6514635" lon="18.9693045"/><trkpt lat="69.6514439" lon="18.969321"/><trkpt lat="69.6514512" lon="18.969361"/><trkpt lat="69.6511492" lon="18.9694881"/><trkpt lat="69.6511279" lon="18.9694905"/><trkpt lat="69.6507136" lon="18.9696482"/><trkpt lat="69.6503581" lon="18.9697919"/><trkpt lat="69.6503419" lon="18.9697683"/><trkpt lat="69.6502756" lon="18.9692763"/><trkpt lat="69.6503157" lon="18.9692315"/><trkpt lat="69.6503084" lon="18.969175"/><trkpt lat="69.6502671" lon="18.9692122"/><trkpt lat="69.6501733" lon="18.9685605"/><trkpt lat="69.6502011" lon="18.9684993"/><trkpt lat="69.6501855" lon="18.9684334"/><trkpt lat="69.6501596" lon="18.9684683"/><trkpt lat="69.6500031" lon="18.9672749"/><trkpt lat="69.6500226" lon="18.9672515"/><trkpt lat="69.650003" lon="18.9670913"/><trkpt lat="69.6499773" lon="18.9671166"/><trkpt lat="69.6499951" lon="18.9669992"/><trkpt lat="69.6500159" lon="18.9669814"/><trkpt lat="69.6499874" lon="18.9667805"/><trkpt lat="69.6499678" lon="18.9667995"/><trkpt lat="69.6499432" lon="18.9667736"/><trkpt lat="69.649935" lon="18.9667195"/><trkpt lat="69.6498972" lon="18.9667116"/><trkpt lat="69.6498809" lon="18.9667496"/><trkpt lat="69.6498793" lon="18.9668419"/><trkpt lat="69.6499416" lon="18.9672492"/><trkpt lat="69.6499525" lon="18.9672633"/><trkpt lat="69.6500578" lon="18.9680779"/><trkpt lat="69.6501724" lon="18.9688525"/><trkpt lat="69.6502707" lon="18.9696271"/><trkpt lat="69.6503106" lon="18.9698813"/><trkpt lat="69.650328" lon="18.9699355"/><trkpt lat="69.6503886" lon="18.9699261"/><trkpt lat="69.6505458" lon="18.969846"/><trkpt lat="69.6508667" lon="18.9697212"/><trkpt lat="69.6514766" lon="18.9694834"/><trkpt lat="69.6514909" lon="18.9696335"/><trkpt lat="69.6518604" lon="18.971744"/><trkpt lat="69.6518864" lon="18.9717721"/><trkpt lat="69.6519224" lon="18.9717702"/><trkpt lat="69.6520184" lon="18.9716447"/><trkpt lat="69.6523434" lon="18.971149"/><trkpt lat="69.6525234" lon="18.970854"/><trkpt lat="69.6526381" lon="18.9707065"/><trkpt lat="69.6526269" lon="18.970567"/><trkpt lat="69.652695" lon="18.9704731"/><trkpt lat="69.6530512" lon="18.9692339"/><trkpt lat="69.6531396" lon="18.9689847"/><trkpt lat="69.6532156" lon="18.9691511"/><trkpt lat="69.6532341" lon="18.9690883"/><trkpt lat="69.6532758" lon="18.9691648"/><trkpt lat="69.6533362" lon="18.9692758"/><trkpt lat="69.6538199" lon="18.9671146"/><trkpt lat="69.6537243" lon="18.9669308"/><trkpt lat="69.6538996" lon="18.9662461"/><trkpt lat="69.6539601" lon="18.9662741"/><trkpt lat="69.6540585" lon="18.9663893"/><trkpt lat="69.6544257" lon="18.9669502"/><trkpt lat="69.6544236" lon="18.9669692"/><trkpt lat="69.654225" lon="18.9684825"/><trkpt lat="69.6542233" lon="18.9684956"/><trkpt lat="69.6542111" lon="18.9684804"/><trkpt lat="69.6541722" lon="18.9684324"/><trkpt lat="69.6541679" lon="18.9684744"/><trkpt lat="69.6541148" lon="18.9689886"/><trkpt lat="69.6539965" lon="18.9701345"/><trkpt lat="69.6540151" lon="18.9701351"/><trkpt lat="69.6549641" lon="18.9701636"/><trkpt lat="69.6549632" lon="18.9698671"/><trkpt lat="69.654981" lon="18.9697325"/><trkpt lat="69.6549864" lon="18.9696917"/><trkpt lat="69.6551057" lon="18.9696443"/><trkpt lat="69.655508" lon="18.969513"/><trkpt lat="69.6555643" lon="18.9695269"/><trkpt lat="69.6556006" lon="18.9695768"/><trkpt lat="69.6559526" lon="18.9695109"/><trkpt lat="69.6560014" lon="18.9693896"/><trkpt lat="69.6560264" lon="18.9692895"/><trkpt lat="69.6560473" lon="18.969148"/><trkpt lat="69.656056" lon="18.9690172"/><trkpt lat="69.6560153" lon="18.9678084"/><trkpt lat="69.656202" lon="18.9676089"/><trkpt lat="69.6562724" lon="18.9675128"/><trkpt lat="69.6563027" lon="18.9674136"/><trkpt lat="69.6563112" lon="18.9674767"/><trkpt lat="69.6563812" lon="18.9679982"/><trkpt lat="69.6564059" lon="18.9679744"/><trkpt lat="69.6564637" lon="18.9679191"/><trkpt lat="69.6563634" lon="18.9671661"/><trkpt lat="69.656426" lon="18.967117"/><trkpt lat="69.6563825" lon="18.9666382"/><trkpt lat="69.6563772" lon="18.9664216"/><trkpt lat="69.6563932" lon="18.9663393"/><trkpt lat="69.6564409" lon="18.9661714"/><trkpt lat="69.6565672" lon="18.9659014"/><trkpt lat="69.6566539" lon="18.9660028"/><trkpt lat="69.6569559" lon="18.9663554"/><trkpt lat="69.6570223" lon="18.9664332"/><trkpt lat="69.6569859" lon="18.9668013"/><trkpt lat="69.6569963" lon="18.9668143"/><trkpt lat="69.657213" lon="18.967087"/><trkpt lat="69.6571519" lon="18.9673289"/><trkpt lat="69.6569609" lon="18.9680848"/><trkpt lat="69.6569659" lon="18.9681645"/><trkpt lat="69.6574177" lon="18.9693265"/><trkpt lat="69.6574217" lon="18.9693366"/><trkpt lat="69.657448" lon="18.9692875"/><trkpt lat="69.6576362" lon="18.9689372"/><trkpt lat="69.6576803" lon="18.9691316"/><trkpt lat="69.6576528" lon="18.9691854"/><trkpt lat="69.657487" lon="18.9695094"/><trkpt lat="69.6575067" lon="18.9695601"/><trkpt lat="69.658107" lon="18.971103"/><trkpt lat="69.6581554" lon="18.9712274"/><trkpt lat="69.6581738" lon="18.9712745"/><trkpt lat="69.6580294" lon="18.9716364"/><trkpt lat="69.6577651" lon="18.9722986"/><trkpt lat="69.6577559" lon="18.9724304"/><trkpt lat="69.6577984" lon="18.972546"/><trkpt lat="69.6578402" lon="18.9726595"/><trkpt lat="69.6578975" lon="18.9729819"/><trkpt lat="69.6579786" lon="18.9734376"/><trkpt lat="69.6579519" lon="18.9737136"/><trkpt lat="69.6579627" lon="18.9737959"/><trkpt lat="69.657988" lon="18.9738386"/><trkpt lat="69.6580959" lon="18.9738273"/><trkpt lat="69.6583932" lon="18.9730744"/><trkpt lat="69.6584027" lon="18.9730994"/><trkpt lat="69.6584831" lon="18.97331"/><trkpt lat="69.6586519" lon="18.9728824"/><trkpt lat="69.6585637" lon="18.9725989"/><trkpt lat="69.6587409" lon="18.9721396"/><trkpt lat="69.6587614" lon="18.9722067"/><trkpt lat="69.6588316" lon="18.9724368"/><trkpt lat="69.6588433" lon="18.9724074"/><trkpt lat="69.6590183" lon="18.9719707"/><trkpt lat="69.6589844" lon="18.9718637"/><trkpt lat="69.6589556" lon="18.9717725"/><trkpt lat="69.6589505" lon="18.9717566"/><trkpt lat="69.6590305" lon="18.9715562"/><trkpt lat="69.6591067" lon="18.9713651"/><trkpt lat="69.6591131" lon="18.9713488"/><trkpt lat="69.659142" lon="18.9714361"/><trkpt lat="69.6591828" lon="18.9715599"/><trkpt lat="69.6591919" lon="18.9715366"/><trkpt lat="69.6593339" lon="18.9711711"/><trkpt lat="69.6592661" lon="18.9709622"/><trkpt lat="69.6594427" lon="18.9705172"/><trkpt lat="69.6594585" lon="18.9705731"/><trkpt lat="69.6595123" lon="18.9707626"/><trkpt lat="69.6596933" lon="18.9703371"/><trkpt lat="69.6596998" lon="18.9702603"/><trkpt lat="69.659707" lon="18.9701762"/><trkpt lat="69.6601596" lon="18.9699254"/><trkpt lat="69.660441" lon="18.9697748"/><trkpt lat="69.6605421" lon="18.9699902"/><trkpt lat="69.6606535" lon="18.9700299"/><trkpt lat="69.6609791" lon="18.9699668"/><trkpt lat="69.6611713" lon="18.9699886"/><trkpt lat="69.661491" lon="18.9699885"/><trkpt lat="69.6619157" lon="18.9698515"/><trkpt lat="69.6619376" lon="18.9697662"/><trkpt lat="69.6620479" lon="18.9693369"/><trkpt lat="69.6620557" lon="18.969341"/><trkpt lat="69.6624733" lon="18.9695498"/><trkpt lat="69.6625272" lon="18.9696015"/><trkpt lat="69.6626707" lon="18.9696159"/><trkpt lat="69.6627111" lon="18.9695028"/><trkpt lat="69.6628211" lon="18.9692832"/><trkpt lat="69.6628747" lon="18.9692325"/><trkpt lat="69.6629806" lon="18.9692467"/><trkpt lat="69.6630647" lon="18.969283"/><trkpt lat="69.6634303" lon="18.969539"/><trkpt lat="69.66368" lon="18.9697665"/><trkpt lat="69.6637055" lon="18.9698059"/><trkpt lat="69.6637229" lon="18.9698784"/><trkpt lat="69.6637106" lon="18.9702723"/><trkpt lat="69.6637095" lon="18.9703291"/><trkpt lat="69.6643936" lon="18.9702805"/><trkpt lat="69.6643987" lon="18.9698436"/><trkpt lat="69.6644209" lon="18.9697943"/><trkpt lat="69.6644611" lon="18.9697057"/><trkpt lat="69.6644555" lon="18.9689266"/><trkpt lat="69.6644489" lon="18.9686405"/><trkpt lat="69.6646163" lon="18.9685964"/><trkpt lat="69.6646676" lon="18.969195"/><trkpt lat="69.6646072" lon="18.9700033"/><trkpt lat="69.6644952" lon="18.9716026"/><trkpt lat="69.6649427" lon="18.9719221"/><trkpt lat="69.6659557" lon="18.9727462"/><trkpt lat="69.6659942" lon="18.9726318"/><trkpt lat="69.6661163" lon="18.9709489"/><trkpt lat="69.6661779" lon="18.9709079"/><trkpt lat="69.6663095" lon="18.9709308"/><trkpt lat="69.666363" lon="18.9709643"/><trkpt lat="69.6662654" lon="18.9722477"/><trkpt lat="69.6662516" lon="18.9722646"/><trkpt lat="69.6662299" lon="18.972538"/><trkpt lat="69.6662559" lon="18.9725501"/><trkpt lat="69.6662408" lon="18.9728663"/><trkpt lat="69.6662286" lon="18.9728709"/><trkpt lat="69.666115" lon="18.9742693"/><trkpt lat="69.6661838" lon="18.9745259"/><trkpt lat="69.6661999" lon="18.9747508"/><trkpt lat="69.6661243" lon="18.9749953"/><trkpt lat="69.6662214" lon="18.9752807"/><trkpt lat="69.6664899" lon="18.9753452"/><trkpt lat="69.6665683" lon="18.9753959"/><trkpt lat="69.666659" lon="18.9754549"/><trkpt lat="69.6667685" lon="18.9755664"/><trkpt lat="69.6668531" lon="18.9755722"/><trkpt lat="69.6669455" lon="18.9756091"/><trkpt lat="69.6672404" lon="18.9757979"/><trkpt lat="69.667385" lon="18.9758077"/><trkpt lat="69.6674427" lon="18.9758811"/><trkpt lat="69.6675583" lon="18.9761296"/><trkpt lat="69.6676237" lon="18.9761963"/><trkpt lat="69.6677787" lon="18.9763042"/><trkpt lat="69.6680309" lon="18.9761362"/><trkpt lat="69.6683103" lon="18.9760948"/><trkpt lat="69.6684903" lon="18.9760374"/><trkpt lat="69.66862" lon="18.9758974"/><trkpt lat="69.6687049" lon="18.9759104"/><trkpt lat="69.668749" lon="18.9759621"/><trkpt lat="69.6688058" lon="18.9759634"/><trkpt lat="69.6689577" lon="18.9759392"/><trkpt lat="69.6690101" lon="18.9759072"/><trkpt lat="69.6690757" lon="18.975867"/><trkpt lat="69.6692281" lon="18.9759537"/><trkpt lat="69.6693638" lon="18.9760843"/><trkpt lat="69.6695383" lon="18.9761963"/><trkpt lat="69.6696585" lon="18.9762543"/><trkpt lat="69.6696943" lon="18.9762512"/><trkpt lat="69.6699202" lon="18.9761173"/><trkpt lat="69.669986" lon="18.9760366"/><trkpt lat="69.6700187" lon="18.9758862"/><trkpt lat="69.6700527" lon="18.9755037"/><trkpt lat="69.6701149" lon="18.975335"/><trkpt lat="69.6701956" lon="18.9751817"/><trkpt lat="69.6703957" lon="18.9750163"/><trkpt lat="69.6704591" lon="18.9748954"/><trkpt lat="69.670523" lon="18.9748939"/><trkpt lat="69.6706699" lon="18.9749959"/><trkpt lat="69.6702749" lon="18.9762311"/><trkpt lat="69.6702978" lon="18.9763219"/><trkpt lat="69.6703147" lon="18.9763889"/><trkpt lat="69.6707566" lon="18.9750173"/><trkpt lat="69.671133" lon="18.9752922"/><trkpt lat="69.6710944" lon="18.9758496"/><trkpt lat="69.6710718" lon="18.9758456"/><trkpt lat="69.6708259" lon="18.9758008"/><trkpt lat="69.6708252" lon="18.9758105"/><trkpt lat="69.670817" lon="18.9759361"/><trkpt lat="69.6708166" lon="18.975956"/><trkpt lat="69.6714937" lon="18.9764239"/><trkpt lat="69.6715041" lon="18.9763357"/><trkpt lat="69.6712896" lon="18.9759903"/><trkpt lat="69.6713392" lon="18.975667"/><trkpt lat="69.6713872" lon="18.9757492"/><trkpt lat="69.6716759" lon="18.9759945"/><trkpt lat="69.6720657" lon="18.9764567"/><trkpt lat="69.6721592" lon="18.9764792"/><trkpt lat="69.6722486" lon="18.976369"/><trkpt lat="69.6721885" lon="18.9768017"/><trkpt lat="69.6721968" lon="18.9769041"/><trkpt lat="69.6722598" lon="18.9770812"/><trkpt lat="69.6723108" lon="18.9772065"/><trkpt lat="69.6723201" lon="18.9772752"/><trkpt lat="69.6723229" lon="18.9773181"/><trkpt lat="69.6723336" lon="18.9773436"/><trkpt lat="69.6723693" lon="18.9773154"/><trkpt lat="69.6723984" lon="18.9772846"/><trkpt lat="69.6724198" lon="18.9771773"/><trkpt lat="69.672455" lon="18.9772323"/><trkpt lat="69.672437" lon="18.977353"/><trkpt lat="69.6724398" lon="18.9773718"/><trkpt lat="69.6724436" lon="18.9773966"/><trkpt lat="69.6724415" lon="18.9774227"/><trkpt lat="69.6724317" lon="18.9774884"/><trkpt lat="69.6724261" lon="18.9775082"/><trkpt lat="69.6724193" lon="18.9775179"/><trkpt lat="69.6724163" lon="18.9775233"/><trkpt lat="69.6724147" lon="18.9775367"/><trkpt lat="69.6724148" lon="18.9775484"/><trkpt lat="69.6724154" lon="18.9775726"/><trkpt lat="69.6724143" lon="18.9775917"/><trkpt lat="69.6723783" lon="18.9778733"/><trkpt lat="69.6723839" lon="18.9779203"/><trkpt lat="69.6724026" lon="18.9779672"/><trkpt lat="69.6725694" lon="18.9782529"/><trkpt lat="69.6728573" lon="18.9786569"/><trkpt lat="69.672844" lon="18.9787485"/><trkpt lat="69.6728504" lon="18.9787567"/><trkpt lat="69.6742311" lon="18.9805409"/><trkpt lat="69.6742356" lon="18.9801547"/><trkpt lat="69.6745886" lon="18.9805533"/><trkpt lat="69.6748097" lon="18.9807723"/><trkpt lat="69.6751892" lon="18.9813144"/><trkpt lat="69.6751245" lon="18.9816538"/><trkpt lat="69.6751332" lon="18.9816668"/><trkpt lat="69.6766444" lon="18.9839345"/><trkpt lat="69.6766382" lon="18.9839697"/><trkpt lat="69.6765479" lon="18.9844852"/><trkpt lat="69.6765248" lon="18.9846173"/><trkpt lat="69.6775315" lon="18.9878497"/><trkpt lat="69.6789558" lon="18.9924233"/><trkpt lat="69.6794775" lon="18.994113"/><trkpt lat="69.6792524" lon="18.9946977"/><trkpt lat="69.6792" lon="18.9948528"/><trkpt lat="69.6791828" lon="18.995041"/><trkpt lat="69.6791861" lon="18.9950914"/><trkpt lat="69.6796626" lon="18.9966138"/><trkpt lat="69.6800794" lon="18.9979781"/><trkpt lat="69.680094" lon="18.9979677"/><trkpt lat="69.6801214" lon="18.9979481"/><trkpt lat="69.6802207" lon="18.9978763"/><trkpt lat="69.6801892" lon="18.9977755"/><trkpt lat="69.6801748" lon="18.9977296"/><trkpt lat="69.6802013" lon="18.9976602"/><trkpt lat="69.6802211" lon="18.9976541"/><trkpt lat="69.680293" lon="18.9975001"/><trkpt lat="69.6805278" lon="18.9969085"/><trkpt lat="69.6805518" lon="18.9968909"/><trkpt lat="69.6805851" lon="18.9969272"/><trkpt lat="69.6806197" lon="18.9969802"/><trkpt lat="69.6807942" lon="18.9975568"/><trkpt lat="69.6809461" lon="18.998059"/><trkpt lat="69.6809584" lon="18.9981595"/><trkpt lat="69.6809527" lon="18.9983189"/><trkpt lat="69.6809421" lon="18.9984389"/><trkpt lat="69.6809269" lon="18.9985591"/><trkpt lat="69.6809044" lon="18.9986531"/><trkpt lat="69.6807802" lon="18.9990885"/><trkpt lat="69.680571" lon="18.9997439"/><trkpt lat="69.6805651" lon="18.9998514"/><trkpt lat="69.6806028" lon="18.9999878"/><trkpt lat="69.6806075" lon="19"/><trkpt lat="69.6814031" lon="19.0021109"/></trkseg></trk></gpx>