<?xml version="1.0" encoding="UTF-8"?>
<gpx creator="StravaGPX" version="1.1" xmlns="http://www.topografix.com/GPX/1/1" xmlns:xsi="http://www.w3.org/2001/XMLSchema-instance" xsi:schemaLocation="http://www.topografix.com/GPX/1/1 http://www.topografix.com/GPX/1/1/gpx.xsd http://www.garmin.com/xmlschemas/GpxExtensions/v3 http://www.garmin.com/xmlschemas/GpxExtensionsv3.xsd http://www.garmin.com/xmlschemas/TrackPointExtension/v1 http://www.garmin.com/xmlschemas/TrackPointExtensionv1.xsd" xmlns:gpxtpx="http://www.garmin.com/xmlschemas/TrackPointExtension/v1" xmlns:gpxx="http://www.garmin.com/xmlschemas/GpxExtensions/v3">
 <metadata>
  <time>2025-02-28T14:57:14Z</time>
 </metadata>
 <trk>
  <name>First run of 2025. Mostly bare ground. Some snow/ice at the bottom. Great downhill conditions in Kløftbakken. 🏃👟⛰️</name>
  <type>running</type>
  <trkseg>
   <trkpt lat="69.6497090" lon="19.0166640">
    <ele>13.2</ele>
    <time>2025-02-28T14:57:14Z</time>
    <extensions>
     <gpxtpx:TrackPointExtension>
      <gpxtpx:hr>91</gpxtpx:hr>
     </gpxtpx:TrackPointExtension>
    </extensions>
   </trkpt>
   <trkpt lat="69.6497090" lon="19.0166700">
    <ele>13.3</ele>
    <time>2025-02-28T14:57:15Z</time>
    <extensions>
     <gpxtpx:TrackPointExtension>
      <gpxtpx:hr>91</gpxtpx:hr>
     </gpxtpx:TrackPointExtension>
    </extensions>
   </trkpt>
   <trkpt lat="69.6497090" lon="19.0166750">
    <ele>13.3</ele>
    <time>2025-02-28T14:57:16Z</time>
    <extensions>
     <gpxtpx:TrackPointExtension>
      <gpxtpx:hr>91</gpxtpx:hr>
     </gpxtpx:TrackPointExtension>
    </extensions>
   </trkpt>
   <trkpt lat="69.6497100" lon="19.0166810">
    <ele>13.3</ele>
    <time>2025-02-28T14:57:17Z</time>
    <extensions>
     <gpxtpx:TrackPointExtension>
      <gpxtpx:hr>91</gpxtpx:hr>
     </gpxtpx:TrackPointExtension>
    </extensions>
   </trkpt>
   <trkpt lat="69.6497100" lon="19.0166870">
    <ele>13.4</ele>
    <time>2025-02-28T14:57:18Z</time>
    <extensions>
     <gpxtpx:TrackPointExtension>
      <gpxtpx:hr>91</gpxtpx:hr>
     </gpxtpx:TrackPointExtension>
    </extensions>
   </trkpt>
   <trkpt lat="69.6497100" lon="19.0166920">
    <ele>13.4</ele>
    <time>2025-02-28T14:57:19Z</time>
    <extensions>
     <gpxtpx:TrackPointExtension>
      <gpxtpx:hr>91</gpxtpx:hr>
     </gpxtpx:TrackPointExtension>
    </extensions>
   </trkpt>
   <trkpt lat="69.6497100" lon="19.0166980">
    <ele>13.5</ele>
    <time>2025-02-28T14:57:20Z</time>
    <extensions>
     <gpxtpx:TrackPointExtension>
      <gpxtpx:hr>91</gpxtpx:hr>
     </gpxtpx:TrackPointExtension>
    </extensions>
   </trkpt>
   <trkpt lat="69.6497100" lon="19.0167040">
    <ele>13.5</ele>
    <time>2025-02-28T14:57:21Z</time>
    <extensions>
     <gpxtpx:TrackPointExtension>
      <gpxtpx:hr>91</gpxtpx:hr>
     </gpxtpx:TrackPointExtension>
    </extensions>
   </trkpt>
   <trkpt lat="69.6497110" lon="19.0167100">
    <ele>13.6</ele>
    <time>2025-02-28T14:57:22Z</time>
    <extensions>
     <gpxtpx:TrackPointExtension>
      <gpxtpx:hr>91</gpxtpx:hr>
     </gpxtpx:TrackPointExtension>
    </extensions>
   </trkpt>
   <trkpt lat="69.6497110" lon="19.0167150">
    <ele>13.6</ele>
    <time>2025-02-28T14:57:23Z</time>
    <extensions>
     <gpxtpx:TrackPointExtension>
      <gpxtpx:hr>91</gpxtpx:hr>
     </gpxtpx:TrackPointExtension>
    </extensions>
   </trkpt>
   <trkpt lat="69.6497110" lon="19.0167210">
    <ele>13.6</ele>
    <time>2025-02-28T14:57:24Z</time>
    <extensions>
     <gpxtpx:TrackPointExtension>
      <gpxtpx:hr>91</gpxtpx:hr>
     </gpxtpx:TrackPointExtension>
    </extensions>
   </trkpt>
   <trkpt lat="69.6497110" lon="19.0167210">
    <ele>13.6</ele>
    <time>2025-02-28T14:57:25Z</time>
    <extensions>
     <gpxtpx:TrackPointExtension>
      <gpxtpx:hr>91</gpxtpx:hr>
     </gpxtpx:TrackPointExtension>
    </extensions>
   </trkpt>
   <trkpt lat="69.6497110" lon="19.0167210">
    <ele>13.6</ele>
    <time>2025-02-28T14:57:26Z</time>
    <extensions>
     <gpxtpx:TrackPointExtension>
      <gpxtpx:hr>91</gpxtpx:hr>
     </gpxtpx:TrackPointExtension>
    </extensions>
   </trkpt>
   <trkpt lat="69.6497110" lon="19.0167210">
    <ele>13.6</ele>
    <time>2025-02-28T14:57:29Z</time>
    <extensions>
     <gpxtpx:TrackPointExtension>
      <gpxtpx:hr>91</gpxtpx:hr>
     </gpxtpx:TrackPointExtension>
    </extensions>
   </trkpt>
   <trkpt lat="69.6498090" lon="19.0167630">
    <ele>15.7</ele>
    <time>2025-02-28T14:57:30Z</time>
    <extensions>
     <gpxtpx:TrackPointExtension>
      <gpxtpx:hr>87</gpxtpx:hr>
     </gpxtpx:TrackPointExtension>
    </extensions>
   </trkpt>
   <trkpt lat="69.6498140" lon="19.0167850">
    <ele>15.9</ele>
    <time>2025-02-28T14:57:31Z</time>
    <extensions>
     <gpxtpx:TrackPointExtension>
      <gpxtpx:hr>87</gpxtpx:hr>
     </gpxtpx:TrackPointExtension>
    </extensions>
   </trkpt>
   <trkpt lat="69.6498240" lon="19.0168130">
    <ele>16.1</ele>
    <time>2025-02-28T14:57:32Z</time>
    <extensions>
     <gpxtpx:TrackPointExtension>
      <gpxtpx:hr>87</gpxtpx:hr>
     </gpxtpx:TrackPointExtension>
    </extensions>
   </trkpt>
   <trkpt lat="69.6498330" lon="19.0168280">
    <ele>16.3</ele>
    <time>2025-02-28T14:57:33Z</time>
    <extensions>
     <gpxtpx:TrackPointExtension>
      <gpxtpx:hr>90</gpxtpx:hr>
     </gpxtpx:TrackPointExtension>
    </extensions>
   </trkpt>
   <trkpt lat="69.6498360" lon="19.0168400">
    <ele>16.4</ele>
    <time>2025-02-28T14:57:34Z</time>
    <extensions>
     <gpxtpx:TrackPointExtension>
      <gpxtpx:hr>90</gpxtpx:hr>
     </gpxtpx:TrackPointExtension>
    </extensions>
   </trkpt>
   <trkpt lat="69.6498420" lon="19.0168530">
    <ele>16.5</ele>
    <time>2025-02-28T14:57:35Z</time>
    <extensions>
     <gpxtpx:TrackPointExtension>
      <gpxtpx:hr>90</gpxtpx:hr>
     </gpxtpx:TrackPointExtension>
    </extensions>
   </trkpt>
   <trkpt lat="69.6498490" lon="19.0168650">
    <ele>16.6</ele>
    <time>2025-02-28T14:57:36Z</time>
    <extensions>
     <gpxtpx:TrackPointExtension>
      <gpxtpx:hr>91</gpxtpx:hr>
     </gpxtpx:TrackPointExtension>
    </extensions>
   </trkpt>
   <trkpt lat="69.6498710" lon="19.0169200">
    <ele>17.0</ele>
    <time>2025-02-28T14:57:37Z</time>
    <extensions>
     <gpxtpx:TrackPointExtension>
      <gpxtpx:hr>91</gpxtpx:hr>
     </gpxtpx:TrackPointExtension>
    </extensions>
   </trkpt>
   <trkpt lat="69.6498810" lon="19.0169420">
    <ele>17.2</ele>
    <time>2025-02-28T14:57:38Z</time>
    <extensions>
     <gpxtpx:TrackPointExtension>
      <gpxtpx:hr>91</gpxtpx:hr>
     </gpxtpx:TrackPointExtension>
    </extensions>
   </trkpt>
   <trkpt lat="69.6498910" lon="19.0169640">
    <ele>17.3</ele>
    <time>2025-02-28T14:57:39Z</time>
    <extensions>
     <gpxtpx:TrackPointExtension>
      <gpxtpx:hr>91</gpxtpx:hr>
     </gpxtpx:TrackPointExtension>
    </extensions>
   </trkpt>
   <trkpt lat="69.6499010" lon="19.0169860">
    <ele>17.4</ele>
    <time>2025-02-28T14:57:40Z</time>
    <extensions>
     <gpxtpx:TrackPointExtension>
      <gpxtpx:hr>91</gpxtpx:hr>
     </gpxtpx:TrackPointExtension>
    </extensions>
   </trkpt>
   <trkpt lat="69.6499110" lon="19.0170080">
    <ele>17.6</ele>
    <time>2025-02-28T14:57:41Z</time>
    <extensions>
     <gpxtpx:TrackPointExtension>
      <gpxtpx:hr>91</gpxtpx:hr>
     </gpxtpx:TrackPointExtension>
    </extensions>
   </trkpt>
   <trkpt lat="69.6499310" lon="19.0170440">
    <ele>17.8</ele>
    <time>2025-02-28T14:57:42Z</time>
    <extensions>
     <gpxtpx:TrackPointExtension>
      <gpxtpx:hr>94</gpxtpx:hr>
     </gpxtpx:TrackPointExtension>
    </extensions>
   </trkpt>
   <trkpt lat="69.6499380" lon="19.0170580">
    <ele>17.9</ele>
    <time>2025-02-28T14:57:43Z</time>
    <extensions>
     <gpxtpx:TrackPointExtension>
      <gpxtpx:hr>94</gpxtpx:hr>
     </gpxtpx:TrackPointExtension>
    </extensions>
   </trkpt>
   <trkpt lat="69.6499450" lon="19.0170720">
    <ele>17.9</ele>
    <time>2025-02-28T14:57:44Z</time>
    <extensions>
     <gpxtpx:TrackPointExtension>
      <gpxtpx:hr>94</gpxtpx:hr>
     </gpxtpx:TrackPointExtension>
    </extensions>
   </trkpt>
   <trkpt lat="69.6499520" lon="19.0171050">
    <ele>18.0</ele>
    <time>2025-02-28T14:57:45Z</time>
    <extensions>
     <gpxtpx:TrackPointExtension>
      <gpxtpx:hr>94</gpxtpx:hr>
     </gpxtpx:TrackPointExtension>
    </extensions>
   </trkpt>
   <trkpt lat="69.6499280" lon="19.0171470">
    <ele>18.3</ele>
    <time>2025-02-28T14:57:46Z</time>
    <extensions>
     <gpxtpx:TrackPointExtension>
      <gpxtpx:hr>95</gpxtpx:hr>
     </gpxtpx:TrackPointExtension>
    </extensions>
   </trkpt>
   <trkpt lat="69.6499400" lon="19.0171810">
    <ele>18.4</ele>
    <time>2025-02-28T14:57:47Z</time>
    <extensions>
     <gpxtpx:TrackPointExtension>
      <gpxtpx:hr>95</gpxtpx:hr>
     </gpxtpx:TrackPointExtension>
    </extensions>
   </trkpt>
   <trkpt lat="69.6499520" lon="19.0171900">
    <ele>18.5</ele>
    <time>2025-02-28T14:57:48Z</time>
    <extensions>
     <gpxtpx:TrackPointExtension>
      <gpxtpx:hr>95</gpxtpx:hr>
     </gpxtpx:TrackPointExtension>
    </extensions>
   </trkpt>
   <trkpt lat="69.6499570" lon="19.0172010">
    <ele>18.6</ele>
    <time>2025-02-28T14:57:49Z</time>
    <extensions>
     <gpxtpx:TrackPointExtension>
      <gpxtpx:hr>95</gpxtpx:hr>
     </gpxtpx:TrackPointExtension>
    </extensions>
   </trkpt>
   <trkpt lat="69.6499670" lon="19.0172480">
    <ele>19.0</ele>
    <time>2025-02-28T14:57:50Z</time>
    <extensions>
     <gpxtpx:TrackPointExtension>
      <gpxtpx:hr>95</gpxtpx:hr>
     </gpxtpx:TrackPointExtension>
    </extensions>
   </trkpt>
   <trkpt lat="69.6499760" lon="19.0172740">
    <ele>19.3</ele>
    <time>2025-02-28T14:57:51Z</time>
    <extensions>
     <gpxtpx:TrackPointExtension>
      <gpxtpx:hr>95</gpxtpx:hr>
     </gpxtpx:TrackPointExtension>
    </extensions>
   </trkpt>
   <trkpt lat="69.6499850" lon="19.0173070">
    <ele>19.6</ele>
    <time>2025-02-28T14:57:52Z</time>
    <extensions>
     <gpxtpx:TrackPointExtension>
      <gpxtpx:hr>95</gpxtpx:hr>
     </gpxtpx:TrackPointExtension>
    </extensions>
   </trkpt>
   <trkpt lat="69.6499900" lon="19.0173320">
    <ele>19.8</ele>
    <time>2025-02-28T14:57:53Z</time>
    <extensions>
     <gpxtpx:TrackPointExtension>
      <gpxtpx:hr>95</gpxtpx:hr>
     </gpxtpx:TrackPointExtension>
    </extensions>
   </trkpt>
   <trkpt lat="69.6499980" lon="19.0173560">
    <ele>20.1</ele>
    <time>2025-02-28T14:57:54Z</time>
    <extensions>
     <gpxtpx:TrackPointExtension>
      <gpxtpx:hr>95</gpxtpx:hr>
     </gpxtpx:TrackPointExtension>
    </extensions>
   </trkpt>
   <trkpt lat="69.6500110" lon="19.0173660">
    <ele>20.4</ele>
    <time>2025-02-28T14:57:55Z</time>
    <extensions>
     <gpxtpx:TrackPointExtension>
      <gpxtpx:hr>104</gpxtpx:hr>
     </gpxtpx:TrackPointExtension>
    </extensions>
   </trkpt>
   <trkpt lat="69.6500280" lon="19.0173960">
    <ele>20.8</ele>
    <time>2025-02-28T14:57:56Z</time>
    <extensions>
     <gpxtpx:TrackPointExtension>
      <gpxtpx:hr>104</gpxtpx:hr>
     </gpxtpx:TrackPointExtension>
    </extensions>
   </trkpt>
   <trkpt lat="69.6500410" lon="19.0173950">
    <ele>21.0</ele>
    <time>2025-02-28T14:57:57Z</time>
    <extensions>
     <gpxtpx:TrackPointExtension>
      <gpxtpx:hr>112</gpxtpx:hr>
     </gpxtpx:TrackPointExtension>
    </extensions>
   </trkpt>
   <trkpt lat="69.6500500" lon="19.0174230">
    <ele>21.2</ele>
    <time>2025-02-28T14:57:58Z</time>
    <extensions>
     <gpxtpx:TrackPointExtension>
      <gpxtpx:hr>112</gpxtpx:hr>
     </gpxtpx:TrackPointExtension>
    </extensions>
   </trkpt>
   <trkpt lat="69.6500590" lon="19.0174490">
    <ele>21.5</ele>
    <time>2025-02-28T14:57:59Z</time>
    <extensions>
     <gpxtpx:TrackPointExtension>
      <gpxtpx:hr>112</gpxtpx:hr>
     </gpxtpx:TrackPointExtension>
    </extensions>
   </trkpt>
   <trkpt lat="69.6500610" lon="19.0174520">
    <ele>21.5</ele>
    <time>2025-02-28T14:58:00Z</time>
    <extensions>
     <gpxtpx:TrackPointExtension>
      <gpxtpx:hr>112</gpxtpx:hr>
     </gpxtpx:TrackPointExtension>
    </extensions>
   </trkpt>
   <trkpt lat="69.6500660" lon="19.0174820">
    <ele>21.7</ele>
    <time>2025-02-28T14:58:01Z</time>
    <extensions>
     <gpxtpx:TrackPointExtension>
      <gpxtpx:hr>112</gpxtpx:hr>
     </gpxtpx:TrackPointExtension>
    </extensions>
   </trkpt>
   <trkpt lat="69.6500720" lon="19.0175160">
    <ele>21.9</ele>
    <time>2025-02-28T14:58:02Z</time>
    <extensions>
     <gpxtpx:TrackPointExtension>
      <gpxtpx:hr>112</gpxtpx:hr>
     </gpxtpx:TrackPointExtension>
    </extensions>
   </trkpt>
   <trkpt lat="69.6500840" lon="19.0175500">
    <ele>22.2</ele>
    <time>2025-02-28T14:58:03Z</time>
    <extensions>
     <gpxtpx:TrackPointExtension>
      <gpxtpx:hr>112</gpxtpx:hr>
     </gpxtpx:TrackPointExtension>
    </extensions>
   </trkpt>
   <trkpt lat="69.6500980" lon="19.0175680">
    <ele>22.4</ele>
    <time>2025-02-28T14:58:04Z</time>
    <extensions>
     <gpxtpx:TrackPointExtension>
      <gpxtpx:hr>116</gpxtpx:hr>
     </gpxtpx:TrackPointExtension>
    </extensions>
   </trkpt>
   <trkpt lat="69.6501190" lon="19.0176260">
    <ele>22.7</ele>
    <time>2025-02-28T14:58:05Z</time>
    <extensions>
     <gpxtpx:TrackPointExtension>
      <gpxtpx:hr>116</gpxtpx:hr>
     </gpxtpx:TrackPointExtension>
    </extensions>
   </trkpt>
   <trkpt lat="69.6501230" lon="19.0176390">
    <ele>22.7</ele>
    <time>2025-02-28T14:58:06Z</time>
    <extensions>
     <gpxtpx:TrackPointExtension>
      <gpxtpx:hr>116</gpxtpx:hr>
     </gpxtpx:TrackPointExtension>
    </extensions>
   </trkpt>
   <trkpt lat="69.6501270" lon="19.0176530">
    <ele>22.8</ele>
    <time>2025-02-28T14:58:07Z</time>
    <extensions>
     <gpxtpx:TrackPointExtension>
      <gpxtpx:hr>116</gpxtpx:hr>
     </gpxtpx:TrackPointExtension>
    </extensions>
   </trkpt>
   <trkpt lat="69.6501380" lon="19.0176810">
    <ele>22.9</ele>
    <time>2025-02-28T14:58:08Z</time>
    <extensions>
     <gpxtpx:TrackPointExtension>
      <gpxtpx:hr>116</gpxtpx:hr>
     </gpxtpx:TrackPointExtension>
    </extensions>
   </trkpt>
   <trkpt lat="69.6501520" lon="19.0176940">
    <ele>23.1</ele>
    <time>2025-02-28T14:58:09Z</time>
    <extensions>
     <gpxtpx:TrackPointExtension>
      <gpxtpx:hr>116</gpxtpx:hr>
     </gpxtpx:TrackPointExtension>
    </extensions>
   </trkpt>
   <trkpt lat="69.6501650" lon="19.0177200">
    <ele>23.2</ele>
    <time>2025-02-28T14:58:10Z</time>
    <extensions>
     <gpxtpx:TrackPointExtension>
      <gpxtpx:hr>124</gpxtpx:hr>
     </gpxtpx:TrackPointExtension>
    </extensions>
   </trkpt>
   <trkpt lat="69.6501750" lon="19.0177420">
    <ele>23.3</ele>
    <time>2025-02-28T14:58:11Z</time>
    <extensions>
     <gpxtpx:TrackPointExtension>
      <gpxtpx:hr>124</gpxtpx:hr>
     </gpxtpx:TrackPointExtension>
    </extensions>
   </trkpt>
   <trkpt lat="69.6501750" lon="19.0177490">
    <ele>23.3</ele>
    <time>2025-02-28T14:58:12Z</time>
    <extensions>
     <gpxtpx:TrackPointExtension>
      <gpxtpx:hr>124</gpxtpx:hr>
     </gpxtpx:TrackPointExtension>
    </extensions>
   </trkpt>
   <trkpt lat="69.6501750" lon="19.0177860">
    <ele>23.4</ele>
    <time>2025-02-28T14:58:13Z</time>
    <extensions>
     <gpxtpx:TrackPointExtension>
      <gpxtpx:hr>125</gpxtpx:hr>
     </gpxtpx:TrackPointExtension>
    </extensions>
   </trkpt>
   <trkpt lat="69.6501770" lon="19.0177990">
    <ele>23.4</ele>
    <time>2025-02-28T14:58:14Z</time>
    <extensions>
     <gpxtpx:TrackPointExtension>
      <gpxtpx:hr>125</gpxtpx:hr>
     </gpxtpx:TrackPointExtension>
    </extensions>
   </trkpt>
   <trkpt lat="69.6501820" lon="19.0178280">
    <ele>23.4</ele>
    <time>2025-02-28T14:58:15Z</time>
    <extensions>
     <gpxtpx:TrackPointExtension>
      <gpxtpx:hr>125</gpxtpx:hr>
     </gpxtpx:TrackPointExtension>
    </extensions>
   </trkpt>
   <trkpt lat="69.6501840" lon="19.0178520">
    <ele>23.5</ele>
    <time>2025-02-28T14:58:16Z</time>
    <extensions>
     <gpxtpx:TrackPointExtension>
      <gpxtpx:hr>125</gpxtpx:hr>
     </gpxtpx:TrackPointExtension>
    </extensions>
   </trkpt>
   <trkpt lat="69.6501780" lon="19.0178940">
    <ele>23.5</ele>
    <time>2025-02-28T14:58:17Z</time>
    <extensions>
     <gpxtpx:TrackPointExtension>
      <gpxtpx:hr>125</gpxtpx:hr>
     </gpxtpx:TrackPointExtension>
    </extensions>
   </trkpt>
   <trkpt lat="69.6501800" lon="19.0178590">
    <ele>23.6</ele>
    <time>2025-02-28T14:58:18Z</time>
    <extensions>
     <gpxtpx:TrackPointExtension>
      <gpxtpx:hr>125</gpxtpx:hr>
     </gpxtpx:TrackPointExtension>
    </extensions>
   </trkpt>
   <trkpt lat="69.6501800" lon="19.0178540">
    <ele>23.6</ele>
    <time>2025-02-28T14:58:19Z</time>
    <extensions>
     <gpxtpx:TrackPointExtension>
      <gpxtpx:hr>125</gpxtpx:hr>
     </gpxtpx:TrackPointExtension>
    </extensions>
   </trkpt>
   <trkpt lat="69.6501820" lon="19.0178470">
    <ele>23.7</ele>
    <time>2025-02-28T14:58:20Z</time>
    <extensions>
     <gpxtpx:TrackPointExtension>
      <gpxtpx:hr>125</gpxtpx:hr>
     </gpxtpx:TrackPointExtension>
    </extensions>
   </trkpt>
   <trkpt lat="69.6501740" lon="19.0178590">
    <ele>23.7</ele>
    <time>2025-02-28T14:58:21Z</time>
    <extensions>
     <gpxtpx:TrackPointExtension>
      <gpxtpx:hr>126</gpxtpx:hr>
     </gpxtpx:TrackPointExtension>
    </extensions>
   </trkpt>
   <trkpt lat="69.6501720" lon="19.0178690">
    <ele>23.8</ele>
    <time>2025-02-28T14:58:22Z</time>
    <extensions>
     <gpxtpx:TrackPointExtension>
      <gpxtpx:hr>126</gpxtpx:hr>
     </gpxtpx:TrackPointExtension>
    </extensions>
   </trkpt>
   <trkpt lat="69.6501710" lon="19.0178800">
    <ele>23.8</ele>
    <time>2025-02-28T14:58:23Z</time>
    <extensions>
     <gpxtpx:TrackPointExtension>
      <gpxtpx:hr>126</gpxtpx:hr>
     </gpxtpx:TrackPointExtension>
    </extensions>
   </trkpt>
   <trkpt lat="69.6501700" lon="19.0178910">
    <ele>23.8</ele>
    <time>2025-02-28T14:58:24Z</time>
    <extensions>
     <gpxtpx:TrackPointExtension>
      <gpxtpx:hr>126</gpxtpx:hr>
     </gpxtpx:TrackPointExtension>
    </extensions>
   </trkpt>
   <trkpt lat="69.6501690" lon="19.0179020">
    <ele>23.8</ele>
    <time>2025-02-28T14:58:25Z</time>
    <extensions>
     <gpxtpx:TrackPointExtension>
      <gpxtpx:hr>126</gpxtpx:hr>
     </gpxtpx:TrackPointExtension>
    </extensions>
   </trkpt>
   <trkpt lat="69.6501670" lon="19.0179120">
    <ele>23.9</ele>
    <time>2025-02-28T14:58:26Z</time>
    <extensions>
     <gpxtpx:TrackPointExtension>
      <gpxtpx:hr>125</gpxtpx:hr>
     </gpxtpx:TrackPointExtension>
    </extensions>
   </trkpt>
   <trkpt lat="69.6501660" lon="19.0179230">
    <ele>23.9</ele>
    <time>2025-02-28T14:58:27Z</time>
    <extensions>
     <gpxtpx:TrackPointExtension>
      <gpxtpx:hr>125</gpxtpx:hr>
     </gpxtpx:TrackPointExtension>
    </extensions>
   </trkpt>
   <trkpt lat="69.6501650" lon="19.0179340">
    <ele>24.0</ele>
    <time>2025-02-28T14:58:28Z</time>
    <extensions>
     <gpxtpx:TrackPointExtension>
      <gpxtpx:hr>125</gpxtpx:hr>
     </gpxtpx:TrackPointExtension>
    </extensions>
   </trkpt>
   <trkpt lat="69.6501630" lon="19.0179440">
    <ele>24.0</ele>
    <time>2025-02-28T14:58:29Z</time>
    <extensions>
     <gpxtpx:TrackPointExtension>
      <gpxtpx:hr>125</gpxtpx:hr>
     </gpxtpx:TrackPointExtension>
    </extensions>
   </trkpt>
   <trkpt lat="69.6501620" lon="19.0179550">
    <ele>24.0</ele>
    <time>2025-02-28T14:58:30Z</time>
    <extensions>
     <gpxtpx:TrackPointExtension>
      <gpxtpx:hr>125</gpxtpx:hr>
     </gpxtpx:TrackPointExtension>
    </extensions>
   </trkpt>
   <trkpt lat="69.6501540" lon="19.0180000">
    <ele>24.2</ele>
    <time>2025-02-28T14:58:31Z</time>
    <extensions>
     <gpxtpx:TrackPointExtension>
      <gpxtpx:hr>125</gpxtpx:hr>
     </gpxtpx:TrackPointExtension>
    </extensions>
   </trkpt>
   <trkpt lat="69.6501540" lon="19.0180150">
    <ele>24.3</ele>
    <time>2025-02-28T14:58:32Z</time>
    <extensions>
     <gpxtpx:TrackPointExtension>
      <gpxtpx:hr>125</gpxtpx:hr>
     </gpxtpx:TrackPointExtension>
    </extensions>
   </trkpt>
   <trkpt lat="69.6501540" lon="19.0180610">
    <ele>24.5</ele>
    <time>2025-02-28T14:58:33Z</time>
    <extensions>
     <gpxtpx:TrackPointExtension>
      <gpxtpx:hr>125</gpxtpx:hr>
     </gpxtpx:TrackPointExtension>
    </extensions>
   </trkpt>
   <trkpt lat="69.6501620" lon="19.0180930">
    <ele>24.7</ele>
    <time>2025-02-28T14:58:34Z</time>
    <extensions>
     <gpxtpx:TrackPointExtension>
      <gpxtpx:hr>121</gpxtpx:hr>
     </gpxtpx:TrackPointExtension>
    </extensions>
   </trkpt>
   <trkpt lat="69.6501790" lon="19.0181380">
    <ele>25.1</ele>
    <time>2025-02-28T14:58:35Z</time>
    <extensions>
     <gpxtpx:TrackPointExtension>
      <gpxtpx:hr>121</gpxtpx:hr>
     </gpxtpx:TrackPointExtension>
    </extensions>
   </trkpt>
   <trkpt lat="69.6501820" lon="19.0181650">
    <ele>25.3</ele>
    <time>2025-02-28T14:58:36Z</time>
    <extensions>
     <gpxtpx:TrackPointExtension>
      <gpxtpx:hr>121</gpxtpx:hr>
     </gpxtpx:TrackPointExtension>
    </extensions>
   </trkpt>
   <trkpt lat="69.6501800" lon="19.0181630">
    <ele>25.3</ele>
    <time>2025-02-28T14:58:37Z</time>
    <extensions>
     <gpxtpx:TrackPointExtension>
      <gpxtpx:hr>122</gpxtpx:hr>
     </gpxtpx:TrackPointExtension>
    </extensions>
   </trkpt>
   <trkpt lat="69.6501750" lon="19.0181690">
    <ele>25.4</ele>
    <time>2025-02-28T14:58:38Z</time>
    <extensions>
     <gpxtpx:TrackPointExtension>
      <gpxtpx:hr>122</gpxtpx:hr>
     </gpxtpx:TrackPointExtension>
    </extensions>
   </trkpt>
   <trkpt lat="69.6501730" lon="19.0181960">
    <ele>25.6</ele>
    <time>2025-02-28T14:58:39Z</time>
    <extensions>
     <gpxtpx:TrackPointExtension>
      <gpxtpx:hr>122</gpxtpx:hr>
     </gpxtpx:TrackPointExtension>
    </extensions>
   </trkpt>
   <trkpt lat="69.6501680" lon="19.0182190">
    <ele>25.8</ele>
    <time>2025-02-28T14:58:40Z</time>
    <extensions>
     <gpxtpx:TrackPointExtension>
      <gpxtpx:hr>122</gpxtpx:hr>
     </gpxtpx:TrackPointExtension>
    </extensions>
   </trkpt>
   <trkpt lat="69.6501680" lon="19.0182360">
    <ele>25.9</ele>
    <time>2025-02-28T14:58:41Z</time>
    <extensions>
     <gpxtpx:TrackPointExtension>
      <gpxtpx:hr>122</gpxtpx:hr>
     </gpxtpx:TrackPointExtension>
    </extensions>
   </trkpt>
   <trkpt lat="69.6501590" lon="19.0182610">
    <ele>26.2</ele>
    <time>2025-02-28T14:58:42Z</time>
    <extensions>
     <gpxtpx:TrackPointExtension>
      <gpxtpx:hr>122</gpxtpx:hr>
     </gpxtpx:TrackPointExtension>
    </extensions>
   </trkpt>
   <trkpt lat="69.6501510" lon="19.0182920">
    <ele>26.5</ele>
    <time>2025-02-28T14:58:43Z</time>
    <extensions>
     <gpxtpx:TrackPointExtension>
      <gpxtpx:hr>122</gpxtpx:hr>
     </gpxtpx:TrackPointExtension>
    </extensions>
   </trkpt>
   <trkpt lat="69.6501470" lon="19.0183350">
    <ele>26.8</ele>
    <time>2025-02-28T14:58:44Z</time>
    <extensions>
     <gpxtpx:TrackPointExtension>
      <gpxtpx:hr>122</gpxtpx:hr>
     </gpxtpx:TrackPointExtension>
    </extensions>
   </trkpt>
   <trkpt lat="69.6501450" lon="19.0183790">
    <ele>27.2</ele>
    <time>2025-02-28T14:58:45Z</time>
    <extensions>
     <gpxtpx:TrackPointExtension>
      <gpxtpx:hr>126</gpxtpx:hr>
     </gpxtpx:TrackPointExtension>
    </extensions>
   </trkpt>
   <trkpt lat="69.6501510" lon="19.0184220">
    <ele>27.6</ele>
    <time>2025-02-28T14:58:46Z</time>
    <extensions>
     <gpxtpx:TrackPointExtension>
      <gpxtpx:hr>126</gpxtpx:hr>
     </gpxtpx:TrackPointExtension>
    </extensions>
   </trkpt>
   <trkpt lat="69.6501670" lon="19.0184590">
    <ele>28.1</ele>
    <time>2025-02-28T14:58:47Z</time>
    <extensions>
     <gpxtpx:TrackPointExtension>
      <gpxtpx:hr>126</gpxtpx:hr>
     </gpxtpx:TrackPointExtension>
    </extensions>
   </trkpt>
   <trkpt lat="69.6501810" lon="19.0185010">
    <ele>28.6</ele>
    <time>2025-02-28T14:58:48Z</time>
    <extensions>
     <gpxtpx:TrackPointExtension>
      <gpxtpx:hr>127</gpxtpx:hr>
     </gpxtpx:TrackPointExtension>
    </extensions>
   </trkpt>
   <trkpt lat="69.6501870" lon="19.0185150">
    <ele>28.9</ele>
    <time>2025-02-28T14:58:49Z</time>
    <extensions>
     <gpxtpx:TrackPointExtension>
      <gpxtpx:hr>127</gpxtpx:hr>
     </gpxtpx:TrackPointExtension>
    </extensions>
   </trkpt>
   <trkpt lat="69.6501940" lon="19.0185300">
    <ele>29.1</ele>
    <time>2025-02-28T14:58:50Z</time>
    <extensions>
     <gpxtpx:TrackPointExtension>
      <gpxtpx:hr>127</gpxtpx:hr>
     </gpxtpx:TrackPointExtension>
    </extensions>
   </trkpt>
   <trkpt lat="69.6502020" lon="19.0185620">
    <ele>29.5</ele>
    <time>2025-02-28T14:58:51Z</time>
    <extensions>
     <gpxtpx:TrackPointExtension>
      <gpxtpx:hr>127</gpxtpx:hr>
     </gpxtpx:TrackPointExtension>
    </extensions>
   </trkpt>
   <trkpt lat="69.6502030" lon="19.0185730">
    <ele>29.6</ele>
    <time>2025-02-28T14:58:52Z</time>
    <extensions>
     <gpxtpx:TrackPointExtension>
      <gpxtpx:hr>127</gpxtpx:hr>
     </gpxtpx:TrackPointExtension>
    </extensions>
   </trkpt>
   <trkpt lat="69.6502080" lon="19.0185950">
    <ele>29.9</ele>
    <time>2025-02-28T14:58:53Z</time>
    <extensions>
     <gpxtpx:TrackPointExtension>
      <gpxtpx:hr>129</gpxtpx:hr>
     </gpxtpx:TrackPointExtension>
    </extensions>
   </trkpt>
   <trkpt lat="69.6502140" lon="19.0186130">
    <ele>30.1</ele>
    <time>2025-02-28T14:58:54Z</time>
    <extensions>
     <gpxtpx:TrackPointExtension>
      <gpxtpx:hr>129</gpxtpx:hr>
     </gpxtpx:TrackPointExtension>
    </extensions>
   </trkpt>
   <trkpt lat="69.6502190" lon="19.0186420">
    <ele>30.5</ele>
    <time>2025-02-28T14:58:55Z</time>
    <extensions>
     <gpxtpx:TrackPointExtension>
      <gpxtpx:hr>129</gpxtpx:hr>
     </gpxtpx:TrackPointExtension>
    </extensions>
   </trkpt>
   <trkpt lat="69.6502230" lon="19.0186660">
    <ele>30.8</ele>
    <time>2025-02-28T14:58:56Z</time>
    <extensions>
     <gpxtpx:TrackPointExtension>
      <gpxtpx:hr>129</gpxtpx:hr>
     </gpxtpx:TrackPointExtension>
    </extensions>
   </trkpt>
   <trkpt lat="69.6502270" lon="19.0186940">
    <ele>31.1</ele>
    <time>2025-02-28T14:58:57Z</time>
    <extensions>
     <gpxtpx:TrackPointExtension>
      <gpxtpx:hr>129</gpxtpx:hr>
     </gpxtpx:TrackPointExtension>
    </extensions>
   </trkpt>
   <trkpt lat="69.6502290" lon="19.0187060">
    <ele>31.3</ele>
    <time>2025-02-28T14:58:58Z</time>
    <extensions>
     <gpxtpx:TrackPointExtension>
      <gpxtpx:hr>129</gpxtpx:hr>
     </gpxtpx:TrackPointExtension>
    </extensions>
   </trkpt>
   <trkpt lat="69.6502330" lon="19.0187200">
    <ele>31.5</ele>
    <time>2025-02-28T14:58:59Z</time>
    <extensions>
     <gpxtpx:TrackPointExtension>
      <gpxtpx:hr>130</gpxtpx:hr>
     </gpxtpx:TrackPointExtension>
    </extensions>
   </trkpt>
   <trkpt lat="69.6502340" lon="19.0187440">
    <ele>31.8</ele>
    <time>2025-02-28T14:59:00Z</time>
    <extensions>
     <gpxtpx:TrackPointExtension>
      <gpxtpx:hr>130</gpxtpx:hr>
     </gpxtpx:TrackPointExtension>
    </extensions>
   </trkpt>
   <trkpt lat="69.6502390" lon="19.0187560">
    <ele>32.0</ele>
    <time>2025-02-28T14:59:01Z</time>
    <extensions>
     <gpxtpx:TrackPointExtension>
      <gpxtpx:hr>130</gpxtpx:hr>
     </gpxtpx:TrackPointExtension>
    </extensions>
   </trkpt>
   <trkpt lat="69.6502430" lon="19.0187580">
    <ele>32.1</ele>
    <time>2025-02-28T14:59:02Z</time>
    <extensions>
     <gpxtpx:TrackPointExtension>
      <gpxtpx:hr>130</gpxtpx:hr>
     </gpxtpx:TrackPointExtension>
    </extensions>
   </trkpt>
   <trkpt lat="69.6502510" lon="19.0187830">
    <ele>32.5</ele>
    <time>2025-02-28T14:59:03Z</time>
    <extensions>
     <gpxtpx:TrackPointExtension>
      <gpxtpx:hr>130</gpxtpx:hr>
     </gpxtpx:TrackPointExtension>
    </extensions>
   </trkpt>
   <trkpt lat="69.6502520" lon="19.0187960">
    <ele>32.7</ele>
    <time>2025-02-28T14:59:04Z</time>
    <extensions>
     <gpxtpx:TrackPointExtension>
      <gpxtpx:hr>130</gpxtpx:hr>
     </gpxtpx:TrackPointExtension>
    </extensions>
   </trkpt>
   <trkpt lat="69.6502550" lon="19.0188230">
    <ele>33.0</ele>
    <time>2025-02-28T14:59:05Z</time>
    <extensions>
     <gpxtpx:TrackPointExtension>
      <gpxtpx:hr>130</gpxtpx:hr>
     </gpxtpx:TrackPointExtension>
    </extensions>
   </trkpt>
   <trkpt lat="69.6502510" lon="19.0188410">
    <ele>33.2</ele>
    <time>2025-02-28T14:59:06Z</time>
    <extensions>
     <gpxtpx:TrackPointExtension>
      <gpxtpx:hr>130</gpxtpx:hr>
     </gpxtpx:TrackPointExtension>
    </extensions>
   </trkpt>
   <trkpt lat="69.6502500" lon="19.0188660">
    <ele>33.5</ele>
    <time>2025-02-28T14:59:07Z</time>
    <extensions>
     <gpxtpx:TrackPointExtension>
      <gpxtpx:hr>132</gpxtpx:hr>
     </gpxtpx:TrackPointExtension>
    </extensions>
   </trkpt>
   <trkpt lat="69.6502470" lon="19.0188760">
    <ele>33.7</ele>
    <time>2025-02-28T14:59:08Z</time>
    <extensions>
     <gpxtpx:TrackPointExtension>
      <gpxtpx:hr>132</gpxtpx:hr>
     </gpxtpx:TrackPointExtension>
    </extensions>
   </trkpt>
   <trkpt lat="69.6502480" lon="19.0189040">
    <ele>34.0</ele>
    <time>2025-02-28T14:59:09Z</time>
    <extensions>
     <gpxtpx:TrackPointExtension>
      <gpxtpx:hr>132</gpxtpx:hr>
     </gpxtpx:TrackPointExtension>
    </extensions>
   </trkpt>
   <trkpt lat="69.6502460" lon="19.0189020">
    <ele>34.1</ele>
    <time>2025-02-28T14:59:10Z</time>
    <extensions>
     <gpxtpx:TrackPointExtension>
      <gpxtpx:hr>132</gpxtpx:hr>
     </gpxtpx:TrackPointExtension>
    </extensions>
   </trkpt>
   <trkpt lat="69.6502500" lon="19.0189100">
    <ele>34.3</ele>
    <time>2025-02-28T14:59:11Z</time>
    <extensions>
     <gpxtpx:TrackPointExtension>
      <gpxtpx:hr>132</gpxtpx:hr>
     </gpxtpx:TrackPointExtension>
    </extensions>
   </trkpt>
   <trkpt lat="69.6502500" lon="19.0189410">
    <ele>34.7</ele>
    <time>2025-02-28T14:59:12Z</time>
    <extensions>
     <gpxtpx:TrackPointExtension>
      <gpxtpx:hr>132</gpxtpx:hr>
     </gpxtpx:TrackPointExtension>
    </extensions>
   </trkpt>
   <trkpt lat="69.6502560" lon="19.0189500">
    <ele>34.9</ele>
    <time>2025-02-28T14:59:13Z</time>
    <extensions>
     <gpxtpx:TrackPointExtension>
      <gpxtpx:hr>133</gpxtpx:hr>
     </gpxtpx:TrackPointExtension>
    </extensions>
   </trkpt>
   <trkpt lat="69.6502620" lon="19.0189720">
    <ele>35.2</ele>
    <time>2025-02-28T14:59:14Z</time>
    <extensions>
     <gpxtpx:TrackPointExtension>
      <gpxtpx:hr>133</gpxtpx:hr>
     </gpxtpx:TrackPointExtension>
    </extensions>
   </trkpt>
   <trkpt lat="69.6502680" lon="19.0189870">
    <ele>35.5</ele>
    <time>2025-02-28T14:59:15Z</time>
    <extensions>
     <gpxtpx:TrackPointExtension>
      <gpxtpx:hr>133</gpxtpx:hr>
     </gpxtpx:TrackPointExtension>
    </extensions>
   </trkpt>
   <trkpt lat="69.6502750" lon="19.0190070">
    <ele>35.9</ele>
    <time>2025-02-28T14:59:16Z</time>
    <extensions>
     <gpxtpx:TrackPointExtension>
      <gpxtpx:hr>133</gpxtpx:hr>
     </gpxtpx:TrackPointExtension>
    </extensions>
   </trkpt>
   <trkpt lat="69.6502740" lon="19.0190500">
    <ele>36.4</ele>
    <time>2025-02-28T14:59:17Z</time>
    <extensions>
     <gpxtpx:TrackPointExtension>
      <gpxtpx:hr>133</gpxtpx:hr>
     </gpxtpx:TrackPointExtension>
    </extensions>
   </trkpt>
   <trkpt lat="69.6502780" lon="19.0190480">
    <ele>36.5</ele>
    <time>2025-02-28T14:59:18Z</time>
    <extensions>
     <gpxtpx:TrackPointExtension>
      <gpxtpx:hr>132</gpxtpx:hr>
     </gpxtpx:TrackPointExtension>
    </extensions>
   </trkpt>
   <trkpt lat="69.6502780" lon="19.0190650">
    <ele>36.7</ele>
    <time>2025-02-28T14:59:19Z</time>
    <extensions>
     <gpxtpx:TrackPointExtension>
      <gpxtpx:hr>132</gpxtpx:hr>
     </gpxtpx:TrackPointExtension>
    </extensions>
   </trkpt>
   <trkpt lat="69.6502760" lon="19.0190790">
    <ele>36.9</ele>
    <time>2025-02-28T14:59:20Z</time>
    <extensions>
     <gpxtpx:TrackPointExtension>
      <gpxtpx:hr>132</gpxtpx:hr>
     </gpxtpx:TrackPointExtension>
    </extensions>
   </trkpt>
   <trkpt lat="69.6502770" lon="19.0190980">
    <ele>37.1</ele>
    <time>2025-02-28T14:59:21Z</time>
    <extensions>
     <gpxtpx:TrackPointExtension>
      <gpxtpx:hr>132</gpxtpx:hr>
     </gpxtpx:TrackPointExtension>
    </extensions>
   </trkpt>
   <trkpt lat="69.6502750" lon="19.0191130">
    <ele>37.3</ele>
    <time>2025-02-28T14:59:22Z</time>
    <extensions>
     <gpxtpx:TrackPointExtension>
      <gpxtpx:hr>132</gpxtpx:hr>
     </gpxtpx:TrackPointExtension>
    </extensions>
   </trkpt>
   <trkpt lat="69.6502750" lon="19.0191410">
    <ele>37.6</ele>
    <time>2025-02-28T14:59:23Z</time>
    <extensions>
     <gpxtpx:TrackPointExtension>
      <gpxtpx:hr>132</gpxtpx:hr>
     </gpxtpx:TrackPointExtension>
    </extensions>
   </trkpt>
   <trkpt lat="69.6502690" lon="19.0191590">
    <ele>37.8</ele>
    <time>2025-02-28T14:59:24Z</time>
    <extensions>
     <gpxtpx:TrackPointExtension>
      <gpxtpx:hr>132</gpxtpx:hr>
     </gpxtpx:TrackPointExtension>
    </extensions>
   </trkpt>
   <trkpt lat="69.6502710" lon="19.0191940">
    <ele>38.2</ele>
    <time>2025-02-28T14:59:25Z</time>
    <extensions>
     <gpxtpx:TrackPointExtension>
      <gpxtpx:hr>134</gpxtpx:hr>
     </gpxtpx:TrackPointExtension>
    </extensions>
   </trkpt>
   <trkpt lat="69.6502780" lon="19.0192040">
    <ele>38.5</ele>
    <time>2025-02-28T14:59:26Z</time>
    <extensions>
     <gpxtpx:TrackPointExtension>
      <gpxtpx:hr>134</gpxtpx:hr>
     </gpxtpx:TrackPointExtension>
    </extensions>
   </trkpt>
   <trkpt lat="69.6502790" lon="19.0192250">
    <ele>38.7</ele>
    <time>2025-02-28T14:59:27Z</time>
    <extensions>
     <gpxtpx:TrackPointExtension>
      <gpxtpx:hr>134</gpxtpx:hr>
     </gpxtpx:TrackPointExtension>
    </extensions>
   </trkpt>
   <trkpt lat="69.6502810" lon="19.0192310">
    <ele>38.8</ele>
    <time>2025-02-28T14:59:28Z</time>
    <extensions>
     <gpxtpx:TrackPointExtension>
      <gpxtpx:hr>134</gpxtpx:hr>
     </gpxtpx:TrackPointExtension>
    </extensions>
   </trkpt>
   <trkpt lat="69.6502820" lon="19.0192630">
    <ele>39.2</ele>
    <time>2025-02-28T14:59:29Z</time>
    <extensions>
     <gpxtpx:TrackPointExtension>
      <gpxtpx:hr>134</gpxtpx:hr>
     </gpxtpx:TrackPointExtension>
    </extensions>
   </trkpt>
   <trkpt lat="69.6502750" lon="19.0192700">
    <ele>39.4</ele>
    <time>2025-02-28T14:59:30Z</time>
    <extensions>
     <gpxtpx:TrackPointExtension>
      <gpxtpx:hr>135</gpxtpx:hr>
     </gpxtpx:TrackPointExtension>
    </extensions>
   </trkpt>
   <trkpt lat="69.6502740" lon="19.0193070">
    <ele>39.8</ele>
    <time>2025-02-28T14:59:31Z</time>
    <extensions>
     <gpxtpx:TrackPointExtension>
      <gpxtpx:hr>136</gpxtpx:hr>
     </gpxtpx:TrackPointExtension>
    </extensions>
   </trkpt>
   <trkpt lat="69.6502760" lon="19.0193150">
    <ele>39.9</ele>
    <time>2025-02-28T14:59:32Z</time>
    <extensions>
     <gpxtpx:TrackPointExtension>
      <gpxtpx:hr>136</gpxtpx:hr>
     </gpxtpx:TrackPointExtension>
    </extensions>
   </trkpt>
   <trkpt lat="69.6502700" lon="19.0193320">
    <ele>40.2</ele>
    <time>2025-02-28T14:59:33Z</time>
    <extensions>
     <gpxtpx:TrackPointExtension>
      <gpxtpx:hr>136</gpxtpx:hr>
     </gpxtpx:TrackPointExtension>
    </extensions>
   </trkpt>
   <trkpt lat="69.6502480" lon="19.0193240">
    <ele>40.9</ele>
    <time>2025-02-28T14:59:36Z</time>
    <extensions>
     <gpxtpx:TrackPointExtension>
      <gpxtpx:hr>136</gpxtpx:hr>
     </gpxtpx:TrackPointExtension>
    </extensions>
   </trkpt>
   <trkpt lat="69.6502610" lon="19.0193660">
    <ele>41.5</ele>
    <time>2025-02-28T14:59:37Z</time>
    <extensions>
     <gpxtpx:TrackPointExtension>
      <gpxtpx:hr>136</gpxtpx:hr>
     </gpxtpx:TrackPointExtension>
    </extensions>
   </trkpt>
   <trkpt lat="69.6502600" lon="19.0193900">
    <ele>41.7</ele>
    <time>2025-02-28T14:59:38Z</time>
    <extensions>
     <gpxtpx:TrackPointExtension>
      <gpxtpx:hr>136</gpxtpx:hr>
     </gpxtpx:TrackPointExtension>
    </extensions>
   </trkpt>
   <trkpt lat="69.6502520" lon="19.0194050">
    <ele>42.1</ele>
    <time>2025-02-28T14:59:39Z</time>
    <extensions>
     <gpxtpx:TrackPointExtension>
      <gpxtpx:hr>136</gpxtpx:hr>
     </gpxtpx:TrackPointExtension>
    </extensions>
   </trkpt>
   <trkpt lat="69.6502400" lon="19.0194150">
    <ele>42.5</ele>
    <time>2025-02-28T14:59:40Z</time>
    <extensions>
     <gpxtpx:TrackPointExtension>
      <gpxtpx:hr>139</gpxtpx:hr>
     </gpxtpx:TrackPointExtension>
    </extensions>
   </trkpt>
   <trkpt lat="69.6502420" lon="19.0194590">
    <ele>43.0</ele>
    <time>2025-02-28T14:59:41Z</time>
    <extensions>
     <gpxtpx:TrackPointExtension>
      <gpxtpx:hr>139</gpxtpx:hr>
     </gpxtpx:TrackPointExtension>
    </extensions>
   </trkpt>
   <trkpt lat="69.6502350" lon="19.0194640">
    <ele>43.2</ele>
    <time>2025-02-28T14:59:42Z</time>
    <extensions>
     <gpxtpx:TrackPointExtension>
      <gpxtpx:hr>139</gpxtpx:hr>
     </gpxtpx:TrackPointExtension>
    </extensions>
   </trkpt>
   <trkpt lat="69.6502340" lon="19.0194830">
    <ele>43.4</ele>
    <time>2025-02-28T14:59:43Z</time>
    <extensions>
     <gpxtpx:TrackPointExtension>
      <gpxtpx:hr>139</gpxtpx:hr>
     </gpxtpx:TrackPointExtension>
    </extensions>
   </trkpt>
   <trkpt lat="69.6502270" lon="19.0195340">
    <ele>44.1</ele>
    <time>2025-02-28T14:59:44Z</time>
    <extensions>
     <gpxtpx:TrackPointExtension>
      <gpxtpx:hr>139</gpxtpx:hr>
     </gpxtpx:TrackPointExtension>
    </extensions>
   </trkpt>
   <trkpt lat="69.6502360" lon="19.0195630">
    <ele>44.5</ele>
    <time>2025-02-28T14:59:45Z</time>
    <extensions>
     <gpxtpx:TrackPointExtension>
      <gpxtpx:hr>139</gpxtpx:hr>
     </gpxtpx:TrackPointExtension>
    </extensions>
   </trkpt>
   <trkpt lat="69.6502350" lon="19.0195990">
    <ele>44.9</ele>
    <time>2025-02-28T14:59:46Z</time>
    <extensions>
     <gpxtpx:TrackPointExtension>
      <gpxtpx:hr>139</gpxtpx:hr>
     </gpxtpx:TrackPointExtension>
    </extensions>
   </trkpt>
   <trkpt lat="69.6502380" lon="19.0196220">
    <ele>45.2</ele>
    <time>2025-02-28T14:59:47Z</time>
    <extensions>
     <gpxtpx:TrackPointExtension>
      <gpxtpx:hr>139</gpxtpx:hr>
     </gpxtpx:TrackPointExtension>
    </extensions>
   </trkpt>
   <trkpt lat="69.6502360" lon="19.0196460">
    <ele>45.5</ele>
    <time>2025-02-28T14:59:48Z</time>
    <extensions>
     <gpxtpx:TrackPointExtension>
      <gpxtpx:hr>139</gpxtpx:hr>
     </gpxtpx:TrackPointExtension>
    </extensions>
   </trkpt>
   <trkpt lat="69.6502340" lon="19.0196520">
    <ele>45.6</ele>
    <time>2025-02-28T14:59:49Z</time>
    <extensions>
     <gpxtpx:TrackPointExtension>
      <gpxtpx:hr>141</gpxtpx:hr>
     </gpxtpx:TrackPointExtension>
    </extensions>
   </trkpt>
   <trkpt lat="69.6502320" lon="19.0196510">
    <ele>45.7</ele>
    <time>2025-02-28T14:59:50Z</time>
    <extensions>
     <gpxtpx:TrackPointExtension>
      <gpxtpx:hr>141</gpxtpx:hr>
     </gpxtpx:TrackPointExtension>
    </extensions>
   </trkpt>
   <trkpt lat="69.6502310" lon="19.0196760">
    <ele>46.0</ele>
    <time>2025-02-28T14:59:51Z</time>
    <extensions>
     <gpxtpx:TrackPointExtension>
      <gpxtpx:hr>141</gpxtpx:hr>
     </gpxtpx:TrackPointExtension>
    </extensions>
   </trkpt>
   <trkpt lat="69.6502360" lon="19.0197010">
    <ele>46.3</ele>
    <time>2025-02-28T14:59:52Z</time>
    <extensions>
     <gpxtpx:TrackPointExtension>
      <gpxtpx:hr>141</gpxtpx:hr>
     </gpxtpx:TrackPointExtension>
    </extensions>
   </trkpt>
   <trkpt lat="69.6502320" lon="19.0197180">
    <ele>46.6</ele>
    <time>2025-02-28T14:59:53Z</time>
    <extensions>
     <gpxtpx:TrackPointExtension>
      <gpxtpx:hr>141</gpxtpx:hr>
     </gpxtpx:TrackPointExtension>
    </extensions>
   </trkpt>
   <trkpt lat="69.6502370" lon="19.0197540">
    <ele>47.0</ele>
    <time>2025-02-28T14:59:54Z</time>
    <extensions>
     <gpxtpx:TrackPointExtension>
      <gpxtpx:hr>141</gpxtpx:hr>
     </gpxtpx:TrackPointExtension>
    </extensions>
   </trkpt>
   <trkpt lat="69.6502410" lon="19.0197590">
    <ele>47.2</ele>
    <time>2025-02-28T14:59:55Z</time>
    <extensions>
     <gpxtpx:TrackPointExtension>
      <gpxtpx:hr>142</gpxtpx:hr>
     </gpxtpx:TrackPointExtension>
    </extensions>
   </trkpt>
   <trkpt lat="69.6502490" lon="19.0197910">
    <ele>47.7</ele>
    <time>2025-02-28T14:59:56Z</time>
    <extensions>
     <gpxtpx:TrackPointExtension>
      <gpxtpx:hr>141</gpxtpx:hr>
     </gpxtpx:TrackPointExtension>
    </extensions>
   </trkpt>
   <trkpt lat="69.6502420" lon="19.0197860">
    <ele>47.9</ele>
    <time>2025-02-28T14:59:57Z</time>
    <extensions>
     <gpxtpx:TrackPointExtension>
      <gpxtpx:hr>141</gpxtpx:hr>
     </gpxtpx:TrackPointExtension>
    </extensions>
   </trkpt>
   <trkpt lat="69.6502380" lon="19.0197810">
    <ele>48.1</ele>
    <time>2025-02-28T14:59:59Z</time>
    <extensions>
     <gpxtpx:TrackPointExtension>
      <gpxtpx:hr>141</gpxtpx:hr>
     </gpxtpx:TrackPointExtension>
    </extensions>
   </trkpt>
   <trkpt lat="69.6502350" lon="19.0197890">
    <ele>48.2</ele>
    <time>2025-02-28T15:00:00Z</time>
    <extensions>
     <gpxtpx:TrackPointExtension>
      <gpxtpx:hr>141</gpxtpx:hr>
     </gpxtpx:TrackPointExtension>
    </extensions>
   </trkpt>
   <trkpt lat="69.6502350" lon="19.0198260">
    <ele>48.7</ele>
    <time>2025-02-28T15:00:01Z</time>
    <extensions>
     <gpxtpx:TrackPointExtension>
      <gpxtpx:hr>141</gpxtpx:hr>
     </gpxtpx:TrackPointExtension>
    </extensions>
   </trkpt>
   <trkpt lat="69.6502220" lon="19.0198340">
    <ele>49.2</ele>
    <time>2025-02-28T15:00:02Z</time>
    <extensions>
     <gpxtpx:TrackPointExtension>
      <gpxtpx:hr>142</gpxtpx:hr>
     </gpxtpx:TrackPointExtension>
    </extensions>
   </trkpt>
   <trkpt lat="69.6502110" lon="19.0198310">
    <ele>49.5</ele>
    <time>2025-02-28T15:00:03Z</time>
    <extensions>
     <gpxtpx:TrackPointExtension>
      <gpxtpx:hr>142</gpxtpx:hr>
     </gpxtpx:TrackPointExtension>
    </extensions>
   </trkpt>
   <trkpt lat="69.6502150" lon="19.0198850">
    <ele>50.2</ele>
    <time>2025-02-28T15:00:04Z</time>
    <extensions>
     <gpxtpx:TrackPointExtension>
      <gpxtpx:hr>142</gpxtpx:hr>
     </gpxtpx:TrackPointExtension>
    </extensions>
   </trkpt>
   <trkpt lat="69.6502130" lon="19.0199100">
    <ele>50.6</ele>
    <time>2025-02-28T15:00:05Z</time>
    <extensions>
     <gpxtpx:TrackPointExtension>
      <gpxtpx:hr>142</gpxtpx:hr>
     </gpxtpx:TrackPointExtension>
    </extensions>
   </trkpt>
   <trkpt lat="69.6502130" lon="19.0199310">
    <ele>50.8</ele>
    <time>2025-02-28T15:00:06Z</time>
    <extensions>
     <gpxtpx:TrackPointExtension>
      <gpxtpx:hr>142</gpxtpx:hr>
     </gpxtpx:TrackPointExtension>
    </extensions>
   </trkpt>
   <trkpt lat="69.6502070" lon="19.0199450">
    <ele>51.1</ele>
    <time>2025-02-28T15:00:07Z</time>
    <extensions>
     <gpxtpx:TrackPointExtension>
      <gpxtpx:hr>142</gpxtpx:hr>
     </gpxtpx:TrackPointExtension>
    </extensions>
   </trkpt>
   <trkpt lat="69.6502120" lon="19.0200050">
    <ele>51.9</ele>
    <time>2025-02-28T15:00:08Z</time>
    <extensions>
     <gpxtpx:TrackPointExtension>
      <gpxtpx:hr>142</gpxtpx:hr>
     </gpxtpx:TrackPointExtension>
    </extensions>
   </trkpt>
   <trkpt lat="69.6502100" lon="19.0200160">
    <ele>52.1</ele>
    <time>2025-02-28T15:00:09Z</time>
    <extensions>
     <gpxtpx:TrackPointExtension>
      <gpxtpx:hr>142</gpxtpx:hr>
     </gpxtpx:TrackPointExtension>
    </extensions>
   </trkpt>
   <trkpt lat="69.6502130" lon="19.0200310">
    <ele>52.3</ele>
    <time>2025-02-28T15:00:10Z</time>
    <extensions>
     <gpxtpx:TrackPointExtension>
      <gpxtpx:hr>142</gpxtpx:hr>
     </gpxtpx:TrackPointExtension>
    </extensions>
   </trkpt>
   <trkpt lat="69.6502130" lon="19.0200370">
    <ele>52.4</ele>
    <time>2025-02-28T15:00:11Z</time>
    <extensions>
     <gpxtpx:TrackPointExtension>
      <gpxtpx:hr>142</gpxtpx:hr>
     </gpxtpx:TrackPointExtension>
    </extensions>
   </trkpt>
   <trkpt lat="69.6502160" lon="19.0200590">
    <ele>52.7</ele>
    <time>2025-02-28T15:00:12Z</time>
    <extensions>
     <gpxtpx:TrackPointExtension>
      <gpxtpx:hr>142</gpxtpx:hr>
     </gpxtpx:TrackPointExtension>
    </extensions>
   </trkpt>
   <trkpt lat="69.6502260" lon="19.0200780">
    <ele>53.2</ele>
    <time>2025-02-28T15:00:13Z</time>
    <extensions>
     <gpxtpx:TrackPointExtension>
      <gpxtpx:hr>142</gpxtpx:hr>
     </gpxtpx:TrackPointExtension>
    </extensions>
   </trkpt>
   <trkpt lat="69.6502300" lon="19.0201000">
    <ele>53.6</ele>
    <time>2025-02-28T15:00:14Z</time>
    <extensions>
     <gpxtpx:TrackPointExtension>
      <gpxtpx:hr>142</gpxtpx:hr>
     </gpxtpx:TrackPointExtension>
    </extensions>
   </trkpt>
   <trkpt lat="69.6502340" lon="19.0200940">
    <ele>53.7</ele>
    <time>2025-02-28T15:00:15Z</time>
    <extensions>
     <gpxtpx:TrackPointExtension>
      <gpxtpx:hr>142</gpxtpx:hr>
     </gpxtpx:TrackPointExtension>
    </extensions>
   </trkpt>
   <trkpt lat="69.6502400" lon="19.0201210">
    <ele>54.2</ele>
    <time>2025-02-28T15:00:16Z</time>
    <extensions>
     <gpxtpx:TrackPointExtension>
      <gpxtpx:hr>143</gpxtpx:hr>
     </gpxtpx:TrackPointExtension>
    </extensions>
   </trkpt>
   <trkpt lat="69.6502450" lon="19.0201550">
    <ele>54.7</ele>
    <time>2025-02-28T15:00:17Z</time>
    <extensions>
     <gpxtpx:TrackPointExtension>
      <gpxtpx:hr>143</gpxtpx:hr>
     </gpxtpx:TrackPointExtension>
    </extensions>
   </trkpt>
   <trkpt lat="69.6502360" lon="19.0201550">
    <ele>55.0</ele>
    <time>2025-02-28T15:00:18Z</time>
    <extensions>
     <gpxtpx:TrackPointExtension>
      <gpxtpx:hr>143</gpxtpx:hr>
     </gpxtpx:TrackPointExtension>
    </extensions>
   </trkpt>
   <trkpt lat="69.6502320" lon="19.0201550">
    <ele>55.2</ele>
    <time>2025-02-28T15:00:19Z</time>
    <extensions>
     <gpxtpx:TrackPointExtension>
      <gpxtpx:hr>143</gpxtpx:hr>
     </gpxtpx:TrackPointExtension>
    </extensions>
   </trkpt>
   <trkpt lat="69.6502320" lon="19.0201550">
    <ele>55.2</ele>
    <time>2025-02-28T15:00:21Z</time>
    <extensions>
     <gpxtpx:TrackPointExtension>
      <gpxtpx:hr>143</gpxtpx:hr>
     </gpxtpx:TrackPointExtension>
    </extensions>
   </trkpt>
   <trkpt lat="69.6502230" lon="19.0201620">
    <ele>55.6</ele>
    <time>2025-02-28T15:00:23Z</time>
    <extensions>
     <gpxtpx:TrackPointExtension>
      <gpxtpx:hr>143</gpxtpx:hr>
     </gpxtpx:TrackPointExtension>
    </extensions>
   </trkpt>
   <trkpt lat="69.6502210" lon="19.0201820">
    <ele>55.9</ele>
    <time>2025-02-28T15:00:24Z</time>
    <extensions>
     <gpxtpx:TrackPointExtension>
      <gpxtpx:hr>143</gpxtpx:hr>
     </gpxtpx:TrackPointExtension>
    </extensions>
   </trkpt>
   <trkpt lat="69.6502170" lon="19.0201920">
    <ele>56.1</ele>
    <time>2025-02-28T15:00:25Z</time>
    <extensions>
     <gpxtpx:TrackPointExtension>
      <gpxtpx:hr>143</gpxtpx:hr>
     </gpxtpx:TrackPointExtension>
    </extensions>
   </trkpt>
   <trkpt lat="69.6502140" lon="19.0202480">
    <ele>56.9</ele>
    <time>2025-02-28T15:00:26Z</time>
    <extensions>
     <gpxtpx:TrackPointExtension>
      <gpxtpx:hr>143</gpxtpx:hr>
     </gpxtpx:TrackPointExtension>
    </extensions>
   </trkpt>
   <trkpt lat="69.6502260" lon="19.0202870">
    <ele>57.7</ele>
    <time>2025-02-28T15:00:27Z</time>
    <extensions>
     <gpxtpx:TrackPointExtension>
      <gpxtpx:hr>144</gpxtpx:hr>
     </gpxtpx:TrackPointExtension>
    </extensions>
   </trkpt>
   <trkpt lat="69.6502280" lon="19.0202960">
    <ele>57.9</ele>
    <time>2025-02-28T15:00:28Z</time>
    <extensions>
     <gpxtpx:TrackPointExtension>
      <gpxtpx:hr>144</gpxtpx:hr>
     </gpxtpx:TrackPointExtension>
    </extensions>
   </trkpt>
   <trkpt lat="69.6502330" lon="19.0203210">
    <ele>58.3</ele>
    <time>2025-02-28T15:00:29Z</time>
    <extensions>
     <gpxtpx:TrackPointExtension>
      <gpxtpx:hr>144</gpxtpx:hr>
     </gpxtpx:TrackPointExtension>
    </extensions>
   </trkpt>
   <trkpt lat="69.6502300" lon="19.0203490">
    <ele>58.7</ele>
    <time>2025-02-28T15:00:30Z</time>
    <extensions>
     <gpxtpx:TrackPointExtension>
      <gpxtpx:hr>144</gpxtpx:hr>
     </gpxtpx:TrackPointExtension>
    </extensions>
   </trkpt>
   <trkpt lat="69.6502320" lon="19.0203700">
    <ele>59.1</ele>
    <time>2025-02-28T15:00:31Z</time>
    <extensions>
     <gpxtpx:TrackPointExtension>
      <gpxtpx:hr>145</gpxtpx:hr>
     </gpxtpx:TrackPointExtension>
    </extensions>
   </trkpt>
   <trkpt lat="69.6502320" lon="19.0203650">
    <ele>59.1</ele>
    <time>2025-02-28T15:00:32Z</time>
    <extensions>
     <gpxtpx:TrackPointExtension>
      <gpxtpx:hr>145</gpxtpx:hr>
     </gpxtpx:TrackPointExtension>
    </extensions>
   </trkpt>
   <trkpt lat="69.6502340" lon="19.0203760">
    <ele>59.3</ele>
    <time>2025-02-28T15:00:33Z</time>
    <extensions>
     <gpxtpx:TrackPointExtension>
      <gpxtpx:hr>145</gpxtpx:hr>
     </gpxtpx:TrackPointExtension>
    </extensions>
   </trkpt>
   <trkpt lat="69.6502340" lon="19.0203760">
    <ele>59.3</ele>
    <time>2025-02-28T15:00:34Z</time>
    <extensions>
     <gpxtpx:TrackPointExtension>
      <gpxtpx:hr>145</gpxtpx:hr>
     </gpxtpx:TrackPointExtension>
    </extensions>
   </trkpt>
   <trkpt lat="69.6502270" lon="19.0204260">
    <ele>60.2</ele>
    <time>2025-02-28T15:00:35Z</time>
    <extensions>
     <gpxtpx:TrackPointExtension>
      <gpxtpx:hr>145</gpxtpx:hr>
     </gpxtpx:TrackPointExtension>
    </extensions>
   </trkpt>
   <trkpt lat="69.6502270" lon="19.0204410">
    <ele>60.4</ele>
    <time>2025-02-28T15:00:36Z</time>
    <extensions>
     <gpxtpx:TrackPointExtension>
      <gpxtpx:hr>145</gpxtpx:hr>
     </gpxtpx:TrackPointExtension>
    </extensions>
   </trkpt>
   <trkpt lat="69.6502310" lon="19.0204300">
    <ele>60.6</ele>
    <time>2025-02-28T15:00:37Z</time>
    <extensions>
     <gpxtpx:TrackPointExtension>
      <gpxtpx:hr>145</gpxtpx:hr>
     </gpxtpx:TrackPointExtension>
    </extensions>
   </trkpt>
   <trkpt lat="69.6502300" lon="19.0204170">
    <ele>60.8</ele>
    <time>2025-02-28T15:00:38Z</time>
    <extensions>
     <gpxtpx:TrackPointExtension>
      <gpxtpx:hr>145</gpxtpx:hr>
     </gpxtpx:TrackPointExtension>
    </extensions>
   </trkpt>
   <trkpt lat="69.6502260" lon="19.0204150">
    <ele>61.0</ele>
    <time>2025-02-28T15:00:39Z</time>
    <extensions>
     <gpxtpx:TrackPointExtension>
      <gpxtpx:hr>145</gpxtpx:hr>
     </gpxtpx:TrackPointExtension>
    </extensions>
   </trkpt>
   <trkpt lat="69.6502320" lon="19.0204400">
    <ele>61.5</ele>
    <time>2025-02-28T15:00:40Z</time>
    <extensions>
     <gpxtpx:TrackPointExtension>
      <gpxtpx:hr>145</gpxtpx:hr>
     </gpxtpx:TrackPointExtension>
    </extensions>
   </trkpt>
   <trkpt lat="69.6502330" lon="19.0204920">
    <ele>62.2</ele>
    <time>2025-02-28T15:00:41Z</time>
    <extensions>
     <gpxtpx:TrackPointExtension>
      <gpxtpx:hr>145</gpxtpx:hr>
     </gpxtpx:TrackPointExtension>
    </extensions>
   </trkpt>
   <trkpt lat="69.6502330" lon="19.0204920">
    <ele>62.2</ele>
    <time>2025-02-28T15:00:42Z</time>
    <extensions>
     <gpxtpx:TrackPointExtension>
      <gpxtpx:hr>145</gpxtpx:hr>
     </gpxtpx:TrackPointExtension>
    </extensions>
   </trkpt>
   <trkpt lat="69.6502330" lon="19.0204920">
    <ele>62.2</ele>
    <time>2025-02-28T15:00:44Z</time>
    <extensions>
     <gpxtpx:TrackPointExtension>
      <gpxtpx:hr>145</gpxtpx:hr>
     </gpxtpx:TrackPointExtension>
    </extensions>
   </trkpt>
   <trkpt lat="69.6502330" lon="19.0205460">
    <ele>63.1</ele>
    <time>2025-02-28T15:00:46Z</time>
    <extensions>
     <gpxtpx:TrackPointExtension>
      <gpxtpx:hr>145</gpxtpx:hr>
     </gpxtpx:TrackPointExtension>
    </extensions>
   </trkpt>
   <trkpt lat="69.6502350" lon="19.0205550">
    <ele>63.2</ele>
    <time>2025-02-28T15:00:47Z</time>
    <extensions>
     <gpxtpx:TrackPointExtension>
      <gpxtpx:hr>145</gpxtpx:hr>
     </gpxtpx:TrackPointExtension>
    </extensions>
   </trkpt>
   <trkpt lat="69.6502340" lon="19.0205790">
    <ele>63.6</ele>
    <time>2025-02-28T15:00:48Z</time>
    <extensions>
     <gpxtpx:TrackPointExtension>
      <gpxtpx:hr>145</gpxtpx:hr>
     </gpxtpx:TrackPointExtension>
    </extensions>
   </trkpt>
   <trkpt lat="69.6502270" lon="19.0206220">
    <ele>64.4</ele>
    <time>2025-02-28T15:00:49Z</time>
    <extensions>
     <gpxtpx:TrackPointExtension>
      <gpxtpx:hr>145</gpxtpx:hr>
     </gpxtpx:TrackPointExtension>
    </extensions>
   </trkpt>
   <trkpt lat="69.6502210" lon="19.0206320">
    <ele>64.7</ele>
    <time>2025-02-28T15:00:50Z</time>
    <extensions>
     <gpxtpx:TrackPointExtension>
      <gpxtpx:hr>147</gpxtpx:hr>
     </gpxtpx:TrackPointExtension>
    </extensions>
   </trkpt>
   <trkpt lat="69.6502190" lon="19.0206390">
    <ele>64.8</ele>
    <time>2025-02-28T15:00:51Z</time>
    <extensions>
     <gpxtpx:TrackPointExtension>
      <gpxtpx:hr>147</gpxtpx:hr>
     </gpxtpx:TrackPointExtension>
    </extensions>
   </trkpt>
   <trkpt lat="69.6502180" lon="19.0206460">
    <ele>64.9</ele>
    <time>2025-02-28T15:00:52Z</time>
    <extensions>
     <gpxtpx:TrackPointExtension>
      <gpxtpx:hr>147</gpxtpx:hr>
     </gpxtpx:TrackPointExtension>
    </extensions>
   </trkpt>
   <trkpt lat="69.6502140" lon="19.0206870">
    <ele>65.6</ele>
    <time>2025-02-28T15:00:53Z</time>
    <extensions>
     <gpxtpx:TrackPointExtension>
      <gpxtpx:hr>147</gpxtpx:hr>
     </gpxtpx:TrackPointExtension>
    </extensions>
   </trkpt>
   <trkpt lat="69.6502160" lon="19.0206950">
    <ele>65.8</ele>
    <time>2025-02-28T15:00:54Z</time>
    <extensions>
     <gpxtpx:TrackPointExtension>
      <gpxtpx:hr>147</gpxtpx:hr>
     </gpxtpx:TrackPointExtension>
    </extensions>
   </trkpt>
   <trkpt lat="69.6502180" lon="19.0206970">
    <ele>65.9</ele>
    <time>2025-02-28T15:00:56Z</time>
    <extensions>
     <gpxtpx:TrackPointExtension>
      <gpxtpx:hr>147</gpxtpx:hr>
     </gpxtpx:TrackPointExtension>
    </extensions>
   </trkpt>
   <trkpt lat="69.6502210" lon="19.0207160">
    <ele>66.2</ele>
    <time>2025-02-28T15:00:57Z</time>
    <extensions>
     <gpxtpx:TrackPointExtension>
      <gpxtpx:hr>146</gpxtpx:hr>
     </gpxtpx:TrackPointExtension>
    </extensions>
   </trkpt>
   <trkpt lat="69.6502200" lon="19.0207580">
    <ele>66.8</ele>
    <time>2025-02-28T15:00:59Z</time>
    <extensions>
     <gpxtpx:TrackPointExtension>
      <gpxtpx:hr>146</gpxtpx:hr>
     </gpxtpx:TrackPointExtension>
    </extensions>
   </trkpt>
   <trkpt lat="69.6502270" lon="19.0207580">
    <ele>67.2</ele>
    <time>2025-02-28T15:01:00Z</time>
    <extensions>
     <gpxtpx:TrackPointExtension>
      <gpxtpx:hr>146</gpxtpx:hr>
     </gpxtpx:TrackPointExtension>
    </extensions>
   </trkpt>
   <trkpt lat="69.6502230" lon="19.0207510">
    <ele>67.4</ele>
    <time>2025-02-28T15:01:01Z</time>
    <extensions>
     <gpxtpx:TrackPointExtension>
      <gpxtpx:hr>146</gpxtpx:hr>
     </gpxtpx:TrackPointExtension>
    </extensions>
   </trkpt>
   <trkpt lat="69.6502190" lon="19.0207560">
    <ele>67.6</ele>
    <time>2025-02-28T15:01:02Z</time>
    <extensions>
     <gpxtpx:TrackPointExtension>
      <gpxtpx:hr>146</gpxtpx:hr>
     </gpxtpx:TrackPointExtension>
    </extensions>
   </trkpt>
   <trkpt lat="69.6502130" lon="19.0207790">
    <ele>68.0</ele>
    <time>2025-02-28T15:01:03Z</time>
    <extensions>
     <gpxtpx:TrackPointExtension>
      <gpxtpx:hr>146</gpxtpx:hr>
     </gpxtpx:TrackPointExtension>
    </extensions>
   </trkpt>
   <trkpt lat="69.6502080" lon="19.0207930">
    <ele>68.3</ele>
    <time>2025-02-28T15:01:04Z</time>
    <extensions>
     <gpxtpx:TrackPointExtension>
      <gpxtpx:hr>146</gpxtpx:hr>
     </gpxtpx:TrackPointExtension>
    </extensions>
   </trkpt>
   <trkpt lat="69.6502030" lon="19.0208100">
    <ele>68.7</ele>
    <time>2025-02-28T15:01:05Z</time>
    <extensions>
     <gpxtpx:TrackPointExtension>
      <gpxtpx:hr>146</gpxtpx:hr>
     </gpxtpx:TrackPointExtension>
    </extensions>
   </trkpt>
   <trkpt lat="69.6502130" lon="19.0208500">
    <ele>69.4</ele>
    <time>2025-02-28T15:01:06Z</time>
    <extensions>
     <gpxtpx:TrackPointExtension>
      <gpxtpx:hr>146</gpxtpx:hr>
     </gpxtpx:TrackPointExtension>
    </extensions>
   </trkpt>
   <trkpt lat="69.6502130" lon="19.0208590">
    <ele>69.6</ele>
    <time>2025-02-28T15:01:07Z</time>
    <extensions>
     <gpxtpx:TrackPointExtension>
      <gpxtpx:hr>146</gpxtpx:hr>
     </gpxtpx:TrackPointExtension>
    </extensions>
   </trkpt>
   <trkpt lat="69.6502110" lon="19.0208850">
    <ele>70.0</ele>
    <time>2025-02-28T15:01:08Z</time>
    <extensions>
     <gpxtpx:TrackPointExtension>
      <gpxtpx:hr>146</gpxtpx:hr>
     </gpxtpx:TrackPointExtension>
    </extensions>
   </trkpt>
   <trkpt lat="69.6502140" lon="19.0209200">
    <ele>70.6</ele>
    <time>2025-02-28T15:01:09Z</time>
    <extensions>
     <gpxtpx:TrackPointExtension>
      <gpxtpx:hr>145</gpxtpx:hr>
     </gpxtpx:TrackPointExtension>
    </extensions>
   </trkpt>
   <trkpt lat="69.6502100" lon="19.0209230">
    <ele>70.8</ele>
    <time>2025-02-28T15:01:10Z</time>
    <extensions>
     <gpxtpx:TrackPointExtension>
      <gpxtpx:hr>145</gpxtpx:hr>
     </gpxtpx:TrackPointExtension>
    </extensions>
   </trkpt>
   <trkpt lat="69.6502070" lon="19.0209330">
    <ele>71.0</ele>
    <time>2025-02-28T15:01:11Z</time>
    <extensions>
     <gpxtpx:TrackPointExtension>
      <gpxtpx:hr>145</gpxtpx:hr>
     </gpxtpx:TrackPointExtension>
    </extensions>
   </trkpt>
   <trkpt lat="69.6502020" lon="19.0209530">
    <ele>71.3</ele>
    <time>2025-02-28T15:01:12Z</time>
    <extensions>
     <gpxtpx:TrackPointExtension>
      <gpxtpx:hr>145</gpxtpx:hr>
     </gpxtpx:TrackPointExtension>
    </extensions>
   </trkpt>
   <trkpt lat="69.6502030" lon="19.0209710">
    <ele>71.6</ele>
    <time>2025-02-28T15:01:13Z</time>
    <extensions>
     <gpxtpx:TrackPointExtension>
      <gpxtpx:hr>146</gpxtpx:hr>
     </gpxtpx:TrackPointExtension>
    </extensions>
   </trkpt>
   <trkpt lat="69.6502050" lon="19.0209980">
    <ele>72.1</ele>
    <time>2025-02-28T15:01:14Z</time>
    <extensions>
     <gpxtpx:TrackPointExtension>
      <gpxtpx:hr>146</gpxtpx:hr>
     </gpxtpx:TrackPointExtension>
    </extensions>
   </trkpt>
   <trkpt lat="69.6502040" lon="19.0209980">
    <ele>72.1</ele>
    <time>2025-02-28T15:01:15Z</time>
    <extensions>
     <gpxtpx:TrackPointExtension>
      <gpxtpx:hr>146</gpxtpx:hr>
     </gpxtpx:TrackPointExtension>
    </extensions>
   </trkpt>
   <trkpt lat="69.6502020" lon="19.0209920">
    <ele>72.2</ele>
    <time>2025-02-28T15:01:16Z</time>
    <extensions>
     <gpxtpx:TrackPointExtension>
      <gpxtpx:hr>146</gpxtpx:hr>
     </gpxtpx:TrackPointExtension>
    </extensions>
   </trkpt>
   <trkpt lat="69.6502050" lon="19.0209880">
    <ele>72.4</ele>
    <time>2025-02-28T15:01:17Z</time>
    <extensions>
     <gpxtpx:TrackPointExtension>
      <gpxtpx:hr>146</gpxtpx:hr>
     </gpxtpx:TrackPointExtension>
    </extensions>
   </trkpt>
   <trkpt lat="69.6502050" lon="19.0209880">
    <ele>72.4</ele>
    <time>2025-02-28T15:01:18Z</time>
    <extensions>
     <gpxtpx:TrackPointExtension>
      <gpxtpx:hr>146</gpxtpx:hr>
     </gpxtpx:TrackPointExtension>
    </extensions>
   </trkpt>
   <trkpt lat="69.6502060" lon="19.0209980">
    <ele>72.5</ele>
    <time>2025-02-28T15:01:19Z</time>
    <extensions>
     <gpxtpx:TrackPointExtension>
      <gpxtpx:hr>146</gpxtpx:hr>
     </gpxtpx:TrackPointExtension>
    </extensions>
   </trkpt>
   <trkpt lat="69.6502000" lon="19.0210100">
    <ele>72.9</ele>
    <time>2025-02-28T15:01:20Z</time>
    <extensions>
     <gpxtpx:TrackPointExtension>
      <gpxtpx:hr>146</gpxtpx:hr>
     </gpxtpx:TrackPointExtension>
    </extensions>
   </trkpt>
   <trkpt lat="69.6502070" lon="19.0210360">
    <ele>73.4</ele>
    <time>2025-02-28T15:01:21Z</time>
    <extensions>
     <gpxtpx:TrackPointExtension>
      <gpxtpx:hr>146</gpxtpx:hr>
     </gpxtpx:TrackPointExtension>
    </extensions>
   </trkpt>
   <trkpt lat="69.6502060" lon="19.0210470">
    <ele>73.6</ele>
    <time>2025-02-28T15:01:22Z</time>
    <extensions>
     <gpxtpx:TrackPointExtension>
      <gpxtpx:hr>146</gpxtpx:hr>
     </gpxtpx:TrackPointExtension>
    </extensions>
   </trkpt>
   <trkpt lat="69.6502060" lon="19.0211120">
    <ele>74.6</ele>
    <time>2025-02-28T15:01:23Z</time>
    <extensions>
     <gpxtpx:TrackPointExtension>
      <gpxtpx:hr>146</gpxtpx:hr>
     </gpxtpx:TrackPointExtension>
    </extensions>
   </trkpt>
   <trkpt lat="69.6502040" lon="19.0211300">
    <ele>74.9</ele>
    <time>2025-02-28T15:01:24Z</time>
    <extensions>
     <gpxtpx:TrackPointExtension>
      <gpxtpx:hr>146</gpxtpx:hr>
     </gpxtpx:TrackPointExtension>
    </extensions>
   </trkpt>
   <trkpt lat="69.6502020" lon="19.0211480">
    <ele>75.2</ele>
    <time>2025-02-28T15:01:25Z</time>
    <extensions>
     <gpxtpx:TrackPointExtension>
      <gpxtpx:hr>147</gpxtpx:hr>
     </gpxtpx:TrackPointExtension>
    </extensions>
   </trkpt>
   <trkpt lat="69.6502060" lon="19.0211620">
    <ele>75.5</ele>
    <time>2025-02-28T15:01:26Z</time>
    <extensions>
     <gpxtpx:TrackPointExtension>
      <gpxtpx:hr>147</gpxtpx:hr>
     </gpxtpx:TrackPointExtension>
    </extensions>
   </trkpt>
   <trkpt lat="69.6502050" lon="19.0211730">
    <ele>75.6</ele>
    <time>2025-02-28T15:01:27Z</time>
    <extensions>
     <gpxtpx:TrackPointExtension>
      <gpxtpx:hr>147</gpxtpx:hr>
     </gpxtpx:TrackPointExtension>
    </extensions>
   </trkpt>
   <trkpt lat="69.6502070" lon="19.0212050">
    <ele>76.1</ele>
    <time>2025-02-28T15:01:28Z</time>
    <extensions>
     <gpxtpx:TrackPointExtension>
      <gpxtpx:hr>147</gpxtpx:hr>
     </gpxtpx:TrackPointExtension>
    </extensions>
   </trkpt>
   <trkpt lat="69.6502080" lon="19.0211850">
    <ele>76.5</ele>
    <time>2025-02-28T15:01:29Z</time>
    <extensions>
     <gpxtpx:TrackPointExtension>
      <gpxtpx:hr>147</gpxtpx:hr>
     </gpxtpx:TrackPointExtension>
    </extensions>
   </trkpt>
   <trkpt lat="69.6502150" lon="19.0212040">
    <ele>76.9</ele>
    <time>2025-02-28T15:01:30Z</time>
    <extensions>
     <gpxtpx:TrackPointExtension>
      <gpxtpx:hr>147</gpxtpx:hr>
     </gpxtpx:TrackPointExtension>
    </extensions>
   </trkpt>
   <trkpt lat="69.6502100" lon="19.0211840">
    <ele>77.3</ele>
    <time>2025-02-28T15:01:31Z</time>
    <extensions>
     <gpxtpx:TrackPointExtension>
      <gpxtpx:hr>147</gpxtpx:hr>
     </gpxtpx:TrackPointExtension>
    </extensions>
   </trkpt>
   <trkpt lat="69.6502060" lon="19.0211760">
    <ele>77.5</ele>
    <time>2025-02-28T15:01:32Z</time>
    <extensions>
     <gpxtpx:TrackPointExtension>
      <gpxtpx:hr>147</gpxtpx:hr>
     </gpxtpx:TrackPointExtension>
    </extensions>
   </trkpt>
   <trkpt lat="69.6502020" lon="19.0211690">
    <ele>77.7</ele>
    <time>2025-02-28T15:01:33Z</time>
    <extensions>
     <gpxtpx:TrackPointExtension>
      <gpxtpx:hr>147</gpxtpx:hr>
     </gpxtpx:TrackPointExtension>
    </extensions>
   </trkpt>
   <trkpt lat="69.6501940" lon="19.0211860">
    <ele>78.2</ele>
    <time>2025-02-28T15:01:35Z</time>
    <extensions>
     <gpxtpx:TrackPointExtension>
      <gpxtpx:hr>148</gpxtpx:hr>
     </gpxtpx:TrackPointExtension>
    </extensions>
   </trkpt>
   <trkpt lat="69.6501870" lon="19.0212030">
    <ele>78.6</ele>
    <time>2025-02-28T15:01:37Z</time>
    <extensions>
     <gpxtpx:TrackPointExtension>
      <gpxtpx:hr>148</gpxtpx:hr>
     </gpxtpx:TrackPointExtension>
    </extensions>
   </trkpt>
   <trkpt lat="69.6501790" lon="19.0212210">
    <ele>79.0</ele>
    <time>2025-02-28T15:01:38Z</time>
    <extensions>
     <gpxtpx:TrackPointExtension>
      <gpxtpx:hr>148</gpxtpx:hr>
     </gpxtpx:TrackPointExtension>
    </extensions>
   </trkpt>
   <trkpt lat="69.6501720" lon="19.0212380">
    <ele>79.4</ele>
    <time>2025-02-28T15:01:39Z</time>
    <extensions>
     <gpxtpx:TrackPointExtension>
      <gpxtpx:hr>149</gpxtpx:hr>
     </gpxtpx:TrackPointExtension>
    </extensions>
   </trkpt>
   <trkpt lat="69.6501640" lon="19.0212550">
    <ele>79.9</ele>
    <time>2025-02-28T15:01:40Z</time>
    <extensions>
     <gpxtpx:TrackPointExtension>
      <gpxtpx:hr>149</gpxtpx:hr>
     </gpxtpx:TrackPointExtension>
    </extensions>
   </trkpt>
   <trkpt lat="69.6501650" lon="19.0212710">
    <ele>80.1</ele>
    <time>2025-02-28T15:01:41Z</time>
    <extensions>
     <gpxtpx:TrackPointExtension>
      <gpxtpx:hr>149</gpxtpx:hr>
     </gpxtpx:TrackPointExtension>
    </extensions>
   </trkpt>
   <trkpt lat="69.6501610" lon="19.0212950">
    <ele>80.6</ele>
    <time>2025-02-28T15:01:42Z</time>
    <extensions>
     <gpxtpx:TrackPointExtension>
      <gpxtpx:hr>149</gpxtpx:hr>
     </gpxtpx:TrackPointExtension>
    </extensions>
   </trkpt>
   <trkpt lat="69.6501610" lon="19.0212950">
    <ele>80.6</ele>
    <time>2025-02-28T15:01:43Z</time>
    <extensions>
     <gpxtpx:TrackPointExtension>
      <gpxtpx:hr>149</gpxtpx:hr>
     </gpxtpx:TrackPointExtension>
    </extensions>
   </trkpt>
   <trkpt lat="69.6501620" lon="19.0213310">
    <ele>81.1</ele>
    <time>2025-02-28T15:01:44Z</time>
    <extensions>
     <gpxtpx:TrackPointExtension>
      <gpxtpx:hr>149</gpxtpx:hr>
     </gpxtpx:TrackPointExtension>
    </extensions>
   </trkpt>
   <trkpt lat="69.6501610" lon="19.0213770">
    <ele>81.8</ele>
    <time>2025-02-28T15:01:45Z</time>
    <extensions>
     <gpxtpx:TrackPointExtension>
      <gpxtpx:hr>150</gpxtpx:hr>
     </gpxtpx:TrackPointExtension>
    </extensions>
   </trkpt>
   <trkpt lat="69.6501690" lon="19.0213580">
    <ele>82.3</ele>
    <time>2025-02-28T15:01:46Z</time>
    <extensions>
     <gpxtpx:TrackPointExtension>
      <gpxtpx:hr>150</gpxtpx:hr>
     </gpxtpx:TrackPointExtension>
    </extensions>
   </trkpt>
   <trkpt lat="69.6501740" lon="19.0213910">
    <ele>82.8</ele>
    <time>2025-02-28T15:01:47Z</time>
    <extensions>
     <gpxtpx:TrackPointExtension>
      <gpxtpx:hr>150</gpxtpx:hr>
     </gpxtpx:TrackPointExtension>
    </extensions>
   </trkpt>
   <trkpt lat="69.6501770" lon="19.0214130">
    <ele>83.2</ele>
    <time>2025-02-28T15:01:48Z</time>
    <extensions>
     <gpxtpx:TrackPointExtension>
      <gpxtpx:hr>150</gpxtpx:hr>
     </gpxtpx:TrackPointExtension>
    </extensions>
   </trkpt>
   <trkpt lat="69.6501750" lon="19.0214360">
    <ele>83.5</ele>
    <time>2025-02-28T15:01:49Z</time>
    <extensions>
     <gpxtpx:TrackPointExtension>
      <gpxtpx:hr>150</gpxtpx:hr>
     </gpxtpx:TrackPointExtension>
    </extensions>
   </trkpt>
   <trkpt lat="69.6501740" lon="19.0214650">
    <ele>83.9</ele>
    <time>2025-02-28T15:01:50Z</time>
    <extensions>
     <gpxtpx:TrackPointExtension>
      <gpxtpx:hr>150</gpxtpx:hr>
     </gpxtpx:TrackPointExtension>
    </extensions>
   </trkpt>
   <trkpt lat="69.6501730" lon="19.0214850">
    <ele>84.2</ele>
    <time>2025-02-28T15:01:51Z</time>
    <extensions>
     <gpxtpx:TrackPointExtension>
      <gpxtpx:hr>150</gpxtpx:hr>
     </gpxtpx:TrackPointExtension>
    </extensions>
   </trkpt>
   <trkpt lat="69.6501720" lon="19.0215050">
    <ele>84.5</ele>
    <time>2025-02-28T15:01:52Z</time>
    <extensions>
     <gpxtpx:TrackPointExtension>
      <gpxtpx:hr>150</gpxtpx:hr>
     </gpxtpx:TrackPointExtension>
    </extensions>
   </trkpt>
   <trkpt lat="69.6501710" lon="19.0215240">
    <ele>84.8</ele>
    <time>2025-02-28T15:01:53Z</time>
    <extensions>
     <gpxtpx:TrackPointExtension>
      <gpxtpx:hr>150</gpxtpx:hr>
     </gpxtpx:TrackPointExtension>
    </extensions>
   </trkpt>
   <trkpt lat="69.6501700" lon="19.0215430">
    <ele>85.1</ele>
    <time>2025-02-28T15:01:54Z</time>
    <extensions>
     <gpxtpx:TrackPointExtension>
      <gpxtpx:hr>150</gpxtpx:hr>
     </gpxtpx:TrackPointExtension>
    </extensions>
   </trkpt>
   <trkpt lat="69.6501690" lon="19.0215630">
    <ele>85.4</ele>
    <time>2025-02-28T15:01:55Z</time>
    <extensions>
     <gpxtpx:TrackPointExtension>
      <gpxtpx:hr>150</gpxtpx:hr>
     </gpxtpx:TrackPointExtension>
    </extensions>
   </trkpt>
   <trkpt lat="69.6501680" lon="19.0215820">
    <ele>85.7</ele>
    <time>2025-02-28T15:01:56Z</time>
    <extensions>
     <gpxtpx:TrackPointExtension>
      <gpxtpx:hr>150</gpxtpx:hr>
     </gpxtpx:TrackPointExtension>
    </extensions>
   </trkpt>
   <trkpt lat="69.6501670" lon="19.0216020">
    <ele>86.0</ele>
    <time>2025-02-28T15:01:57Z</time>
    <extensions>
     <gpxtpx:TrackPointExtension>
      <gpxtpx:hr>150</gpxtpx:hr>
     </gpxtpx:TrackPointExtension>
    </extensions>
   </trkpt>
   <trkpt lat="69.6501660" lon="19.0216210">
    <ele>86.3</ele>
    <time>2025-02-28T15:01:58Z</time>
    <extensions>
     <gpxtpx:TrackPointExtension>
      <gpxtpx:hr>150</gpxtpx:hr>
     </gpxtpx:TrackPointExtension>
    </extensions>
   </trkpt>
   <trkpt lat="69.6501650" lon="19.0216400">
    <ele>86.5</ele>
    <time>2025-02-28T15:01:59Z</time>
    <extensions>
     <gpxtpx:TrackPointExtension>
      <gpxtpx:hr>150</gpxtpx:hr>
     </gpxtpx:TrackPointExtension>
    </extensions>
   </trkpt>
   <trkpt lat="69.6501640" lon="19.0216600">
    <ele>86.8</ele>
    <time>2025-02-28T15:02:00Z</time>
    <extensions>
     <gpxtpx:TrackPointExtension>
      <gpxtpx:hr>150</gpxtpx:hr>
     </gpxtpx:TrackPointExtension>
    </extensions>
   </trkpt>
   <trkpt lat="69.6501630" lon="19.0216790">
    <ele>87.1</ele>
    <time>2025-02-28T15:02:01Z</time>
    <extensions>
     <gpxtpx:TrackPointExtension>
      <gpxtpx:hr>150</gpxtpx:hr>
     </gpxtpx:TrackPointExtension>
    </extensions>
   </trkpt>
   <trkpt lat="69.6501630" lon="19.0216770">
    <ele>87.2</ele>
    <time>2025-02-28T15:02:02Z</time>
    <extensions>
     <gpxtpx:TrackPointExtension>
      <gpxtpx:hr>151</gpxtpx:hr>
     </gpxtpx:TrackPointExtension>
    </extensions>
   </trkpt>
   <trkpt lat="69.6501550" lon="19.0216850">
    <ele>87.5</ele>
    <time>2025-02-28T15:02:03Z</time>
    <extensions>
     <gpxtpx:TrackPointExtension>
      <gpxtpx:hr>151</gpxtpx:hr>
     </gpxtpx:TrackPointExtension>
    </extensions>
   </trkpt>
   <trkpt lat="69.6501570" lon="19.0216900">
    <ele>87.6</ele>
    <time>2025-02-28T15:02:05Z</time>
    <extensions>
     <gpxtpx:TrackPointExtension>
      <gpxtpx:hr>151</gpxtpx:hr>
     </gpxtpx:TrackPointExtension>
    </extensions>
   </trkpt>
   <trkpt lat="69.6501490" lon="19.0216850">
    <ele>88.0</ele>
    <time>2025-02-28T15:02:06Z</time>
    <extensions>
     <gpxtpx:TrackPointExtension>
      <gpxtpx:hr>151</gpxtpx:hr>
     </gpxtpx:TrackPointExtension>
    </extensions>
   </trkpt>
   <trkpt lat="69.6501450" lon="19.0216770">
    <ele>88.2</ele>
    <time>2025-02-28T15:02:07Z</time>
    <extensions>
     <gpxtpx:TrackPointExtension>
      <gpxtpx:hr>151</gpxtpx:hr>
     </gpxtpx:TrackPointExtension>
    </extensions>
   </trkpt>
   <trkpt lat="69.6501350" lon="19.0216830">
    <ele>88.6</ele>
    <time>2025-02-28T15:02:08Z</time>
    <extensions>
     <gpxtpx:TrackPointExtension>
      <gpxtpx:hr>152</gpxtpx:hr>
     </gpxtpx:TrackPointExtension>
    </extensions>
   </trkpt>
   <trkpt lat="69.6501300" lon="19.0216790">
    <ele>88.8</ele>
    <time>2025-02-28T15:02:09Z</time>
    <extensions>
     <gpxtpx:TrackPointExtension>
      <gpxtpx:hr>152</gpxtpx:hr>
     </gpxtpx:TrackPointExtension>
    </extensions>
   </trkpt>
   <trkpt lat="69.6501300" lon="19.0216900">
    <ele>89.0</ele>
    <time>2025-02-28T15:02:10Z</time>
    <extensions>
     <gpxtpx:TrackPointExtension>
      <gpxtpx:hr>152</gpxtpx:hr>
     </gpxtpx:TrackPointExtension>
    </extensions>
   </trkpt>
   <trkpt lat="69.6501270" lon="19.0216860">
    <ele>89.1</ele>
    <time>2025-02-28T15:02:11Z</time>
    <extensions>
     <gpxtpx:TrackPointExtension>
      <gpxtpx:hr>152</gpxtpx:hr>
     </gpxtpx:TrackPointExtension>
    </extensions>
   </trkpt>
   <trkpt lat="69.6501360" lon="19.0217280">
    <ele>89.9</ele>
    <time>2025-02-28T15:02:12Z</time>
    <extensions>
     <gpxtpx:TrackPointExtension>
      <gpxtpx:hr>152</gpxtpx:hr>
     </gpxtpx:TrackPointExtension>
    </extensions>
   </trkpt>
   <trkpt lat="69.6501400" lon="19.0217650">
    <ele>90.4</ele>
    <time>2025-02-28T15:02:13Z</time>
    <extensions>
     <gpxtpx:TrackPointExtension>
      <gpxtpx:hr>152</gpxtpx:hr>
     </gpxtpx:TrackPointExtension>
    </extensions>
   </trkpt>
   <trkpt lat="69.6501430" lon="19.0217950">
    <ele>90.9</ele>
    <time>2025-02-28T15:02:14Z</time>
    <extensions>
     <gpxtpx:TrackPointExtension>
      <gpxtpx:hr>152</gpxtpx:hr>
     </gpxtpx:TrackPointExtension>
    </extensions>
   </trkpt>
   <trkpt lat="69.6501490" lon="19.0218180">
    <ele>91.3</ele>
    <time>2025-02-28T15:02:15Z</time>
    <extensions>
     <gpxtpx:TrackPointExtension>
      <gpxtpx:hr>152</gpxtpx:hr>
     </gpxtpx:TrackPointExtension>
    </extensions>
   </trkpt>
   <trkpt lat="69.6501620" lon="19.0218670">
    <ele>92.2</ele>
    <time>2025-02-28T15:02:16Z</time>
    <extensions>
     <gpxtpx:TrackPointExtension>
      <gpxtpx:hr>152</gpxtpx:hr>
     </gpxtpx:TrackPointExtension>
    </extensions>
   </trkpt>
   <trkpt lat="69.6501740" lon="19.0218940">
    <ele>92.9</ele>
    <time>2025-02-28T15:02:17Z</time>
    <extensions>
     <gpxtpx:TrackPointExtension>
      <gpxtpx:hr>152</gpxtpx:hr>
     </gpxtpx:TrackPointExtension>
    </extensions>
   </trkpt>
   <trkpt lat="69.6501780" lon="19.0219070">
    <ele>93.1</ele>
    <time>2025-02-28T15:02:18Z</time>
    <extensions>
     <gpxtpx:TrackPointExtension>
      <gpxtpx:hr>152</gpxtpx:hr>
     </gpxtpx:TrackPointExtension>
    </extensions>
   </trkpt>
   <trkpt lat="69.6501780" lon="19.0219310">
    <ele>93.5</ele>
    <time>2025-02-28T15:02:19Z</time>
    <extensions>
     <gpxtpx:TrackPointExtension>
      <gpxtpx:hr>152</gpxtpx:hr>
     </gpxtpx:TrackPointExtension>
    </extensions>
   </trkpt>
   <trkpt lat="69.6501780" lon="19.0219450">
    <ele>93.7</ele>
    <time>2025-02-28T15:02:20Z</time>
    <extensions>
     <gpxtpx:TrackPointExtension>
      <gpxtpx:hr>152</gpxtpx:hr>
     </gpxtpx:TrackPointExtension>
    </extensions>
   </trkpt>
   <trkpt lat="69.6501790" lon="19.0219590">
    <ele>93.9</ele>
    <time>2025-02-28T15:02:21Z</time>
    <extensions>
     <gpxtpx:TrackPointExtension>
      <gpxtpx:hr>152</gpxtpx:hr>
     </gpxtpx:TrackPointExtension>
    </extensions>
   </trkpt>
   <trkpt lat="69.6501880" lon="19.0219740">
    <ele>94.3</ele>
    <time>2025-02-28T15:02:22Z</time>
    <extensions>
     <gpxtpx:TrackPointExtension>
      <gpxtpx:hr>152</gpxtpx:hr>
     </gpxtpx:TrackPointExtension>
    </extensions>
   </trkpt>
   <trkpt lat="69.6501960" lon="19.0219970">
    <ele>94.8</ele>
    <time>2025-02-28T15:02:23Z</time>
    <extensions>
     <gpxtpx:TrackPointExtension>
      <gpxtpx:hr>152</gpxtpx:hr>
     </gpxtpx:TrackPointExtension>
    </extensions>
   </trkpt>
   <trkpt lat="69.6501990" lon="19.0219810">
    <ele>95.1</ele>
    <time>2025-02-28T15:02:24Z</time>
    <extensions>
     <gpxtpx:TrackPointExtension>
      <gpxtpx:hr>152</gpxtpx:hr>
     </gpxtpx:TrackPointExtension>
    </extensions>
   </trkpt>
   <trkpt lat="69.6502060" lon="19.0220040">
    <ele>95.5</ele>
    <time>2025-02-28T15:02:25Z</time>
    <extensions>
     <gpxtpx:TrackPointExtension>
      <gpxtpx:hr>152</gpxtpx:hr>
     </gpxtpx:TrackPointExtension>
    </extensions>
   </trkpt>
   <trkpt lat="69.6502120" lon="19.0220120">
    <ele>95.8</ele>
    <time>2025-02-28T15:02:26Z</time>
    <extensions>
     <gpxtpx:TrackPointExtension>
      <gpxtpx:hr>152</gpxtpx:hr>
     </gpxtpx:TrackPointExtension>
    </extensions>
   </trkpt>
   <trkpt lat="69.6502130" lon="19.0220160">
    <ele>95.9</ele>
    <time>2025-02-28T15:02:27Z</time>
    <extensions>
     <gpxtpx:TrackPointExtension>
      <gpxtpx:hr>152</gpxtpx:hr>
     </gpxtpx:TrackPointExtension>
    </extensions>
   </trkpt>
   <trkpt lat="69.6502120" lon="19.0220220">
    <ele>96.0</ele>
    <time>2025-02-28T15:02:28Z</time>
    <extensions>
     <gpxtpx:TrackPointExtension>
      <gpxtpx:hr>152</gpxtpx:hr>
     </gpxtpx:TrackPointExtension>
    </extensions>
   </trkpt>
   <trkpt lat="69.6502080" lon="19.0220300">
    <ele>96.2</ele>
    <time>2025-02-28T15:02:29Z</time>
    <extensions>
     <gpxtpx:TrackPointExtension>
      <gpxtpx:hr>152</gpxtpx:hr>
     </gpxtpx:TrackPointExtension>
    </extensions>
   </trkpt>
   <trkpt lat="69.6502140" lon="19.0220390">
    <ele>96.5</ele>
    <time>2025-02-28T15:02:30Z</time>
    <extensions>
     <gpxtpx:TrackPointExtension>
      <gpxtpx:hr>154</gpxtpx:hr>
     </gpxtpx:TrackPointExtension>
    </extensions>
   </trkpt>
   <trkpt lat="69.6502130" lon="19.0220510">
    <ele>96.7</ele>
    <time>2025-02-28T15:02:31Z</time>
    <extensions>
     <gpxtpx:TrackPointExtension>
      <gpxtpx:hr>154</gpxtpx:hr>
     </gpxtpx:TrackPointExtension>
    </extensions>
   </trkpt>
   <trkpt lat="69.6502110" lon="19.0220630">
    <ele>96.9</ele>
    <time>2025-02-28T15:02:32Z</time>
    <extensions>
     <gpxtpx:TrackPointExtension>
      <gpxtpx:hr>154</gpxtpx:hr>
     </gpxtpx:TrackPointExtension>
    </extensions>
   </trkpt>
   <trkpt lat="69.6502100" lon="19.0220740">
    <ele>97.0</ele>
    <time>2025-02-28T15:02:33Z</time>
    <extensions>
     <gpxtpx:TrackPointExtension>
      <gpxtpx:hr>154</gpxtpx:hr>
     </gpxtpx:TrackPointExtension>
    </extensions>
   </trkpt>
   <trkpt lat="69.6502080" lon="19.0220860">
    <ele>97.2</ele>
    <time>2025-02-28T15:02:34Z</time>
    <extensions>
     <gpxtpx:TrackPointExtension>
      <gpxtpx:hr>154</gpxtpx:hr>
     </gpxtpx:TrackPointExtension>
    </extensions>
   </trkpt>
   <trkpt lat="69.6502070" lon="19.0220980">
    <ele>97.4</ele>
    <time>2025-02-28T15:02:35Z</time>
    <extensions>
     <gpxtpx:TrackPointExtension>
      <gpxtpx:hr>153</gpxtpx:hr>
     </gpxtpx:TrackPointExtension>
    </extensions>
   </trkpt>
   <trkpt lat="69.6502050" lon="19.0221100">
    <ele>97.6</ele>
    <time>2025-02-28T15:02:36Z</time>
    <extensions>
     <gpxtpx:TrackPointExtension>
      <gpxtpx:hr>153</gpxtpx:hr>
     </gpxtpx:TrackPointExtension>
    </extensions>
   </trkpt>
   <trkpt lat="69.6502030" lon="19.0221220">
    <ele>97.8</ele>
    <time>2025-02-28T15:02:37Z</time>
    <extensions>
     <gpxtpx:TrackPointExtension>
      <gpxtpx:hr>153</gpxtpx:hr>
     </gpxtpx:TrackPointExtension>
    </extensions>
   </trkpt>
   <trkpt lat="69.6502020" lon="19.0221340">
    <ele>98.0</ele>
    <time>2025-02-28T15:02:38Z</time>
    <extensions>
     <gpxtpx:TrackPointExtension>
      <gpxtpx:hr>153</gpxtpx:hr>
     </gpxtpx:TrackPointExtension>
    </extensions>
   </trkpt>
   <trkpt lat="69.6502000" lon="19.0221450">
    <ele>98.2</ele>
    <time>2025-02-28T15:02:39Z</time>
    <extensions>
     <gpxtpx:TrackPointExtension>
      <gpxtpx:hr>153</gpxtpx:hr>
     </gpxtpx:TrackPointExtension>
    </extensions>
   </trkpt>
   <trkpt lat="69.6501990" lon="19.0221570">
    <ele>98.4</ele>
    <time>2025-02-28T15:02:40Z</time>
    <extensions>
     <gpxtpx:TrackPointExtension>
      <gpxtpx:hr>153</gpxtpx:hr>
     </gpxtpx:TrackPointExtension>
    </extensions>
   </trkpt>
   <trkpt lat="69.6501970" lon="19.0221690">
    <ele>98.5</ele>
    <time>2025-02-28T15:02:41Z</time>
    <extensions>
     <gpxtpx:TrackPointExtension>
      <gpxtpx:hr>153</gpxtpx:hr>
     </gpxtpx:TrackPointExtension>
    </extensions>
   </trkpt>
   <trkpt lat="69.6502030" lon="19.0222030">
    <ele>99.1</ele>
    <time>2025-02-28T15:02:42Z</time>
    <extensions>
     <gpxtpx:TrackPointExtension>
      <gpxtpx:hr>154</gpxtpx:hr>
     </gpxtpx:TrackPointExtension>
    </extensions>
   </trkpt>
   <trkpt lat="69.6502020" lon="19.0222120">
    <ele>99.3</ele>
    <time>2025-02-28T15:02:43Z</time>
    <extensions>
     <gpxtpx:TrackPointExtension>
      <gpxtpx:hr>154</gpxtpx:hr>
     </gpxtpx:TrackPointExtension>
    </extensions>
   </trkpt>
   <trkpt lat="69.6502020" lon="19.0222220">
    <ele>99.4</ele>
    <time>2025-02-28T15:02:44Z</time>
    <extensions>
     <gpxtpx:TrackPointExtension>
      <gpxtpx:hr>154</gpxtpx:hr>
     </gpxtpx:TrackPointExtension>
    </extensions>
   </trkpt>
   <trkpt lat="69.6502120" lon="19.0222580">
    <ele>100.1</ele>
    <time>2025-02-28T15:02:46Z</time>
    <extensions>
     <gpxtpx:TrackPointExtension>
      <gpxtpx:hr>154</gpxtpx:hr>
     </gpxtpx:TrackPointExtension>
    </extensions>
   </trkpt>
   <trkpt lat="69.6502100" lon="19.0223060">
    <ele>100.8</ele>
    <time>2025-02-28T15:02:49Z</time>
    <extensions>
     <gpxtpx:TrackPointExtension>
      <gpxtpx:hr>154</gpxtpx:hr>
     </gpxtpx:TrackPointExtension>
    </extensions>
   </trkpt>
   <trkpt lat="69.6502110" lon="19.0223160">
    <ele>100.9</ele>
    <time>2025-02-28T15:02:50Z</time>
    <extensions>
     <gpxtpx:TrackPointExtension>
      <gpxtpx:hr>154</gpxtpx:hr>
     </gpxtpx:TrackPointExtension>
    </extensions>
   </trkpt>
   <trkpt lat="69.6502120" lon="19.0223420">
    <ele>101.3</ele>
    <time>2025-02-28T15:02:51Z</time>
    <extensions>
     <gpxtpx:TrackPointExtension>
      <gpxtpx:hr>154</gpxtpx:hr>
     </gpxtpx:TrackPointExtension>
    </extensions>
   </trkpt>
   <trkpt lat="69.6502160" lon="19.0223620">
    <ele>101.7</ele>
    <time>2025-02-28T15:02:52Z</time>
    <extensions>
     <gpxtpx:TrackPointExtension>
      <gpxtpx:hr>154</gpxtpx:hr>
     </gpxtpx:TrackPointExtension>
    </extensions>
   </trkpt>
   <trkpt lat="69.6502170" lon="19.0223960">
    <ele>102.2</ele>
    <time>2025-02-28T15:02:53Z</time>
    <extensions>
     <gpxtpx:TrackPointExtension>
      <gpxtpx:hr>154</gpxtpx:hr>
     </gpxtpx:TrackPointExtension>
    </extensions>
   </trkpt>
   <trkpt lat="69.6502190" lon="19.0224270">
    <ele>102.6</ele>
    <time>2025-02-28T15:02:54Z</time>
    <extensions>
     <gpxtpx:TrackPointExtension>
      <gpxtpx:hr>154</gpxtpx:hr>
     </gpxtpx:TrackPointExtension>
    </extensions>
   </trkpt>
   <trkpt lat="69.6502240" lon="19.0224370">
    <ele>102.9</ele>
    <time>2025-02-28T15:02:55Z</time>
    <extensions>
     <gpxtpx:TrackPointExtension>
      <gpxtpx:hr>153</gpxtpx:hr>
     </gpxtpx:TrackPointExtension>
    </extensions>
   </trkpt>
   <trkpt lat="69.6502260" lon="19.0224460">
    <ele>103.1</ele>
    <time>2025-02-28T15:02:56Z</time>
    <extensions>
     <gpxtpx:TrackPointExtension>
      <gpxtpx:hr>154</gpxtpx:hr>
     </gpxtpx:TrackPointExtension>
    </extensions>
   </trkpt>
   <trkpt lat="69.6502270" lon="19.0224550">
    <ele>103.2</ele>
    <time>2025-02-28T15:02:57Z</time>
    <extensions>
     <gpxtpx:TrackPointExtension>
      <gpxtpx:hr>154</gpxtpx:hr>
     </gpxtpx:TrackPointExtension>
    </extensions>
   </trkpt>
   <trkpt lat="69.6502280" lon="19.0224640">
    <ele>103.4</ele>
    <time>2025-02-28T15:02:58Z</time>
    <extensions>
     <gpxtpx:TrackPointExtension>
      <gpxtpx:hr>154</gpxtpx:hr>
     </gpxtpx:TrackPointExtension>
    </extensions>
   </trkpt>
   <trkpt lat="69.6502300" lon="19.0224730">
    <ele>103.5</ele>
    <time>2025-02-28T15:02:59Z</time>
    <extensions>
     <gpxtpx:TrackPointExtension>
      <gpxtpx:hr>154</gpxtpx:hr>
     </gpxtpx:TrackPointExtension>
    </extensions>
   </trkpt>
   <trkpt lat="69.6502310" lon="19.0224820">
    <ele>103.7</ele>
    <time>2025-02-28T15:03:00Z</time>
    <extensions>
     <gpxtpx:TrackPointExtension>
      <gpxtpx:hr>154</gpxtpx:hr>
     </gpxtpx:TrackPointExtension>
    </extensions>
   </trkpt>
   <trkpt lat="69.6502320" lon="19.0224900">
    <ele>103.8</ele>
    <time>2025-02-28T15:03:01Z</time>
    <extensions>
     <gpxtpx:TrackPointExtension>
      <gpxtpx:hr>154</gpxtpx:hr>
     </gpxtpx:TrackPointExtension>
    </extensions>
   </trkpt>
   <trkpt lat="69.6502330" lon="19.0224990">
    <ele>103.9</ele>
    <time>2025-02-28T15:03:02Z</time>
    <extensions>
     <gpxtpx:TrackPointExtension>
      <gpxtpx:hr>154</gpxtpx:hr>
     </gpxtpx:TrackPointExtension>
    </extensions>
   </trkpt>
   <trkpt lat="69.6502350" lon="19.0225080">
    <ele>104.1</ele>
    <time>2025-02-28T15:03:03Z</time>
    <extensions>
     <gpxtpx:TrackPointExtension>
      <gpxtpx:hr>154</gpxtpx:hr>
     </gpxtpx:TrackPointExtension>
    </extensions>
   </trkpt>
   <trkpt lat="69.6502360" lon="19.0225170">
    <ele>104.2</ele>
    <time>2025-02-28T15:03:04Z</time>
    <extensions>
     <gpxtpx:TrackPointExtension>
      <gpxtpx:hr>154</gpxtpx:hr>
     </gpxtpx:TrackPointExtension>
    </extensions>
   </trkpt>
   <trkpt lat="69.6502370" lon="19.0225260">
    <ele>104.4</ele>
    <time>2025-02-28T15:03:05Z</time>
    <extensions>
     <gpxtpx:TrackPointExtension>
      <gpxtpx:hr>154</gpxtpx:hr>
     </gpxtpx:TrackPointExtension>
    </extensions>
   </trkpt>
   <trkpt lat="69.6502390" lon="19.0225350">
    <ele>104.5</ele>
    <time>2025-02-28T15:03:06Z</time>
    <extensions>
     <gpxtpx:TrackPointExtension>
      <gpxtpx:hr>154</gpxtpx:hr>
     </gpxtpx:TrackPointExtension>
    </extensions>
   </trkpt>
   <trkpt lat="69.6502400" lon="19.0225440">
    <ele>104.7</ele>
    <time>2025-02-28T15:03:07Z</time>
    <extensions>
     <gpxtpx:TrackPointExtension>
      <gpxtpx:hr>154</gpxtpx:hr>
     </gpxtpx:TrackPointExtension>
    </extensions>
   </trkpt>
   <trkpt lat="69.6502390" lon="19.0225510">
    <ele>104.8</ele>
    <time>2025-02-28T15:03:08Z</time>
    <extensions>
     <gpxtpx:TrackPointExtension>
      <gpxtpx:hr>154</gpxtpx:hr>
     </gpxtpx:TrackPointExtension>
    </extensions>
   </trkpt>
   <trkpt lat="69.6502410" lon="19.0225560">
    <ele>104.9</ele>
    <time>2025-02-28T15:03:09Z</time>
    <extensions>
     <gpxtpx:TrackPointExtension>
      <gpxtpx:hr>154</gpxtpx:hr>
     </gpxtpx:TrackPointExtension>
    </extensions>
   </trkpt>
   <trkpt lat="69.6502440" lon="19.0226100">
    <ele>105.8</ele>
    <time>2025-02-28T15:03:10Z</time>
    <extensions>
     <gpxtpx:TrackPointExtension>
      <gpxtpx:hr>154</gpxtpx:hr>
     </gpxtpx:TrackPointExtension>
    </extensions>
   </trkpt>
   <trkpt lat="69.6502510" lon="19.0226280">
    <ele>106.2</ele>
    <time>2025-02-28T15:03:11Z</time>
    <extensions>
     <gpxtpx:TrackPointExtension>
      <gpxtpx:hr>154</gpxtpx:hr>
     </gpxtpx:TrackPointExtension>
    </extensions>
   </trkpt>
   <trkpt lat="69.6502580" lon="19.0226470">
    <ele>106.6</ele>
    <time>2025-02-28T15:03:12Z</time>
    <extensions>
     <gpxtpx:TrackPointExtension>
      <gpxtpx:hr>153</gpxtpx:hr>
     </gpxtpx:TrackPointExtension>
    </extensions>
   </trkpt>
   <trkpt lat="69.6502760" lon="19.0226620">
    <ele>107.4</ele>
    <time>2025-02-28T15:03:13Z</time>
    <extensions>
     <gpxtpx:TrackPointExtension>
      <gpxtpx:hr>153</gpxtpx:hr>
     </gpxtpx:TrackPointExtension>
    </extensions>
   </trkpt>
   <trkpt lat="69.6502790" lon="19.0226630">
    <ele>107.5</ele>
    <time>2025-02-28T15:03:14Z</time>
    <extensions>
     <gpxtpx:TrackPointExtension>
      <gpxtpx:hr>153</gpxtpx:hr>
     </gpxtpx:TrackPointExtension>
    </extensions>
   </trkpt>
   <trkpt lat="69.6502890" lon="19.0226790">
    <ele>108.0</ele>
    <time>2025-02-28T15:03:15Z</time>
    <extensions>
     <gpxtpx:TrackPointExtension>
      <gpxtpx:hr>153</gpxtpx:hr>
     </gpxtpx:TrackPointExtension>
    </extensions>
   </trkpt>
   <trkpt lat="69.6502970" lon="19.0226620">
    <ele>108.5</ele>
    <time>2025-02-28T15:03:16Z</time>
    <extensions>
     <gpxtpx:TrackPointExtension>
      <gpxtpx:hr>153</gpxtpx:hr>
     </gpxtpx:TrackPointExtension>
    </extensions>
   </trkpt>
   <trkpt lat="69.6503120" lon="19.0226480">
    <ele>109.2</ele>
    <time>2025-02-28T15:03:17Z</time>
    <extensions>
     <gpxtpx:TrackPointExtension>
      <gpxtpx:hr>153</gpxtpx:hr>
     </gpxtpx:TrackPointExtension>
    </extensions>
   </trkpt>
   <trkpt lat="69.6503190" lon="19.0226510">
    <ele>109.5</ele>
    <time>2025-02-28T15:03:18Z</time>
    <extensions>
     <gpxtpx:TrackPointExtension>
      <gpxtpx:hr>153</gpxtpx:hr>
     </gpxtpx:TrackPointExtension>
    </extensions>
   </trkpt>
   <trkpt lat="69.6503110" lon="19.0226520">
    <ele>109.8</ele>
    <time>2025-02-28T15:03:19Z</time>
    <extensions>
     <gpxtpx:TrackPointExtension>
      <gpxtpx:hr>153</gpxtpx:hr>
     </gpxtpx:TrackPointExtension>
    </extensions>
   </trkpt>
   <trkpt lat="69.6503110" lon="19.0226520">
    <ele>109.8</ele>
    <time>2025-02-28T15:03:20Z</time>
    <extensions>
     <gpxtpx:TrackPointExtension>
      <gpxtpx:hr>153</gpxtpx:hr>
     </gpxtpx:TrackPointExtension>
    </extensions>
   </trkpt>
   <trkpt lat="69.6503110" lon="19.0226520">
    <ele>109.8</ele>
    <time>2025-02-28T15:03:22Z</time>
    <extensions>
     <gpxtpx:TrackPointExtension>
      <gpxtpx:hr>153</gpxtpx:hr>
     </gpxtpx:TrackPointExtension>
    </extensions>
   </trkpt>
   <trkpt lat="69.6503110" lon="19.0226520">
    <ele>109.8</ele>
    <time>2025-02-28T15:03:24Z</time>
    <extensions>
     <gpxtpx:TrackPointExtension>
      <gpxtpx:hr>153</gpxtpx:hr>
     </gpxtpx:TrackPointExtension>
    </extensions>
   </trkpt>
   <trkpt lat="69.6503300" lon="19.0226720">
    <ele>110.7</ele>
    <time>2025-02-28T15:03:25Z</time>
    <extensions>
     <gpxtpx:TrackPointExtension>
      <gpxtpx:hr>153</gpxtpx:hr>
     </gpxtpx:TrackPointExtension>
    </extensions>
   </trkpt>
   <trkpt lat="69.6503370" lon="19.0227020">
    <ele>111.3</ele>
    <time>2025-02-28T15:03:26Z</time>
    <extensions>
     <gpxtpx:TrackPointExtension>
      <gpxtpx:hr>153</gpxtpx:hr>
     </gpxtpx:TrackPointExtension>
    </extensions>
   </trkpt>
   <trkpt lat="69.6503450" lon="19.0227370">
    <ele>111.9</ele>
    <time>2025-02-28T15:03:27Z</time>
    <extensions>
     <gpxtpx:TrackPointExtension>
      <gpxtpx:hr>153</gpxtpx:hr>
     </gpxtpx:TrackPointExtension>
    </extensions>
   </trkpt>
   <trkpt lat="69.6503320" lon="19.0227450">
    <ele>112.5</ele>
    <time>2025-02-28T15:03:28Z</time>
    <extensions>
     <gpxtpx:TrackPointExtension>
      <gpxtpx:hr>153</gpxtpx:hr>
     </gpxtpx:TrackPointExtension>
    </extensions>
   </trkpt>
   <trkpt lat="69.6503260" lon="19.0227700">
    <ele>112.9</ele>
    <time>2025-02-28T15:03:29Z</time>
    <extensions>
     <gpxtpx:TrackPointExtension>
      <gpxtpx:hr>153</gpxtpx:hr>
     </gpxtpx:TrackPointExtension>
    </extensions>
   </trkpt>
   <trkpt lat="69.6503420" lon="19.0227950">
    <ele>113.7</ele>
    <time>2025-02-28T15:03:30Z</time>
    <extensions>
     <gpxtpx:TrackPointExtension>
      <gpxtpx:hr>154</gpxtpx:hr>
     </gpxtpx:TrackPointExtension>
    </extensions>
   </trkpt>
   <trkpt lat="69.6503560" lon="19.0227800">
    <ele>114.4</ele>
    <time>2025-02-28T15:03:31Z</time>
    <extensions>
     <gpxtpx:TrackPointExtension>
      <gpxtpx:hr>154</gpxtpx:hr>
     </gpxtpx:TrackPointExtension>
    </extensions>
   </trkpt>
   <trkpt lat="69.6503560" lon="19.0227910">
    <ele>114.5</ele>
    <time>2025-02-28T15:03:32Z</time>
    <extensions>
     <gpxtpx:TrackPointExtension>
      <gpxtpx:hr>154</gpxtpx:hr>
     </gpxtpx:TrackPointExtension>
    </extensions>
   </trkpt>
   <trkpt lat="69.6503660" lon="19.0228030">
    <ele>115.0</ele>
    <time>2025-02-28T15:03:33Z</time>
    <extensions>
     <gpxtpx:TrackPointExtension>
      <gpxtpx:hr>154</gpxtpx:hr>
     </gpxtpx:TrackPointExtension>
    </extensions>
   </trkpt>
   <trkpt lat="69.6503740" lon="19.0228140">
    <ele>115.4</ele>
    <time>2025-02-28T15:03:34Z</time>
    <extensions>
     <gpxtpx:TrackPointExtension>
      <gpxtpx:hr>154</gpxtpx:hr>
     </gpxtpx:TrackPointExtension>
    </extensions>
   </trkpt>
   <trkpt lat="69.6503780" lon="19.0228310">
    <ele>115.7</ele>
    <time>2025-02-28T15:03:35Z</time>
    <extensions>
     <gpxtpx:TrackPointExtension>
      <gpxtpx:hr>154</gpxtpx:hr>
     </gpxtpx:TrackPointExtension>
    </extensions>
   </trkpt>
   <trkpt lat="69.6503780" lon="19.0228310">
    <ele>115.7</ele>
    <time>2025-02-28T15:03:37Z</time>
    <extensions>
     <gpxtpx:TrackPointExtension>
      <gpxtpx:hr>154</gpxtpx:hr>
     </gpxtpx:TrackPointExtension>
    </extensions>
   </trkpt>
   <trkpt lat="69.6503780" lon="19.0228310">
    <ele>115.7</ele>
    <time>2025-02-28T15:03:40Z</time>
    <extensions>
     <gpxtpx:TrackPointExtension>
      <gpxtpx:hr>154</gpxtpx:hr>
     </gpxtpx:TrackPointExtension>
    </extensions>
   </trkpt>
   <trkpt lat="69.6503710" lon="19.0228680">
    <ele>116.4</ele>
    <time>2025-02-28T15:03:42Z</time>
    <extensions>
     <gpxtpx:TrackPointExtension>
      <gpxtpx:hr>154</gpxtpx:hr>
     </gpxtpx:TrackPointExtension>
    </extensions>
   </trkpt>
   <trkpt lat="69.6503700" lon="19.0228770">
    <ele>116.5</ele>
    <time>2025-02-28T15:03:43Z</time>
    <extensions>
     <gpxtpx:TrackPointExtension>
      <gpxtpx:hr>154</gpxtpx:hr>
     </gpxtpx:TrackPointExtension>
    </extensions>
   </trkpt>
   <trkpt lat="69.6503760" lon="19.0228750">
    <ele>116.8</ele>
    <time>2025-02-28T15:03:44Z</time>
    <extensions>
     <gpxtpx:TrackPointExtension>
      <gpxtpx:hr>154</gpxtpx:hr>
     </gpxtpx:TrackPointExtension>
    </extensions>
   </trkpt>
   <trkpt lat="69.6503730" lon="19.0228930">
    <ele>117.1</ele>
    <time>2025-02-28T15:03:45Z</time>
    <extensions>
     <gpxtpx:TrackPointExtension>
      <gpxtpx:hr>154</gpxtpx:hr>
     </gpxtpx:TrackPointExtension>
    </extensions>
   </trkpt>
   <trkpt lat="69.6503790" lon="19.0229210">
    <ele>117.7</ele>
    <time>2025-02-28T15:03:46Z</time>
    <extensions>
     <gpxtpx:TrackPointExtension>
      <gpxtpx:hr>154</gpxtpx:hr>
     </gpxtpx:TrackPointExtension>
    </extensions>
   </trkpt>
   <trkpt lat="69.6503800" lon="19.0229250">
    <ele>117.7</ele>
    <time>2025-02-28T15:03:47Z</time>
    <extensions>
     <gpxtpx:TrackPointExtension>
      <gpxtpx:hr>155</gpxtpx:hr>
     </gpxtpx:TrackPointExtension>
    </extensions>
   </trkpt>
   <trkpt lat="69.6503810" lon="19.0229310">
    <ele>117.8</ele>
    <time>2025-02-28T15:03:48Z</time>
    <extensions>
     <gpxtpx:TrackPointExtension>
      <gpxtpx:hr>155</gpxtpx:hr>
     </gpxtpx:TrackPointExtension>
    </extensions>
   </trkpt>
   <trkpt lat="69.6503810" lon="19.0229310">
    <ele>117.8</ele>
    <time>2025-02-28T15:03:50Z</time>
    <extensions>
     <gpxtpx:TrackPointExtension>
      <gpxtpx:hr>155</gpxtpx:hr>
     </gpxtpx:TrackPointExtension>
    </extensions>
   </trkpt>
   <trkpt lat="69.6503850" lon="19.0229960">
    <ele>118.9</ele>
    <time>2025-02-28T15:03:52Z</time>
    <extensions>
     <gpxtpx:TrackPointExtension>
      <gpxtpx:hr>155</gpxtpx:hr>
     </gpxtpx:TrackPointExtension>
    </extensions>
   </trkpt>
   <trkpt lat="69.6503850" lon="19.0229960">
    <ele>118.9</ele>
    <time>2025-02-28T15:03:55Z</time>
    <extensions>
     <gpxtpx:TrackPointExtension>
      <gpxtpx:hr>156</gpxtpx:hr>
     </gpxtpx:TrackPointExtension>
    </extensions>
   </trkpt>
   <trkpt lat="69.6503880" lon="19.0230400">
    <ele>119.7</ele>
    <time>2025-02-28T15:03:56Z</time>
    <extensions>
     <gpxtpx:TrackPointExtension>
      <gpxtpx:hr>156</gpxtpx:hr>
     </gpxtpx:TrackPointExtension>
    </extensions>
   </trkpt>
   <trkpt lat="69.6503870" lon="19.0230510">
    <ele>119.8</ele>
    <time>2025-02-28T15:03:57Z</time>
    <extensions>
     <gpxtpx:TrackPointExtension>
      <gpxtpx:hr>156</gpxtpx:hr>
     </gpxtpx:TrackPointExtension>
    </extensions>
   </trkpt>
   <trkpt lat="69.6503860" lon="19.0230650">
    <ele>120.1</ele>
    <time>2025-02-28T15:03:58Z</time>
    <extensions>
     <gpxtpx:TrackPointExtension>
      <gpxtpx:hr>156</gpxtpx:hr>
     </gpxtpx:TrackPointExtension>
    </extensions>
   </trkpt>
   <trkpt lat="69.6503870" lon="19.0230720">
    <ele>120.2</ele>
    <time>2025-02-28T15:03:59Z</time>
    <extensions>
     <gpxtpx:TrackPointExtension>
      <gpxtpx:hr>156</gpxtpx:hr>
     </gpxtpx:TrackPointExtension>
    </extensions>
   </trkpt>
   <trkpt lat="69.6503890" lon="19.0230800">
    <ele>120.4</ele>
    <time>2025-02-28T15:04:00Z</time>
    <extensions>
     <gpxtpx:TrackPointExtension>
      <gpxtpx:hr>156</gpxtpx:hr>
     </gpxtpx:TrackPointExtension>
    </extensions>
   </trkpt>
   <trkpt lat="69.6503870" lon="19.0230880">
    <ele>120.5</ele>
    <time>2025-02-28T15:04:01Z</time>
    <extensions>
     <gpxtpx:TrackPointExtension>
      <gpxtpx:hr>156</gpxtpx:hr>
     </gpxtpx:TrackPointExtension>
    </extensions>
   </trkpt>
   <trkpt lat="69.6503920" lon="19.0231090">
    <ele>121.0</ele>
    <time>2025-02-28T15:04:02Z</time>
    <extensions>
     <gpxtpx:TrackPointExtension>
      <gpxtpx:hr>156</gpxtpx:hr>
     </gpxtpx:TrackPointExtension>
    </extensions>
   </trkpt>
   <trkpt lat="69.6503910" lon="19.0231350">
    <ele>121.4</ele>
    <time>2025-02-28T15:04:03Z</time>
    <extensions>
     <gpxtpx:TrackPointExtension>
      <gpxtpx:hr>156</gpxtpx:hr>
     </gpxtpx:TrackPointExtension>
    </extensions>
   </trkpt>
   <trkpt lat="69.6503930" lon="19.0231730">
    <ele>122.1</ele>
    <time>2025-02-28T15:04:04Z</time>
    <extensions>
     <gpxtpx:TrackPointExtension>
      <gpxtpx:hr>156</gpxtpx:hr>
     </gpxtpx:TrackPointExtension>
    </extensions>
   </trkpt>
   <trkpt lat="69.6503930" lon="19.0231890">
    <ele>122.3</ele>
    <time>2025-02-28T15:04:05Z</time>
    <extensions>
     <gpxtpx:TrackPointExtension>
      <gpxtpx:hr>156</gpxtpx:hr>
     </gpxtpx:TrackPointExtension>
    </extensions>
   </trkpt>
   <trkpt lat="69.6503950" lon="19.0232210">
    <ele>122.9</ele>
    <time>2025-02-28T15:04:06Z</time>
    <extensions>
     <gpxtpx:TrackPointExtension>
      <gpxtpx:hr>156</gpxtpx:hr>
     </gpxtpx:TrackPointExtension>
    </extensions>
   </trkpt>
   <trkpt lat="69.6503960" lon="19.0232110">
    <ele>123.0</ele>
    <time>2025-02-28T15:04:07Z</time>
    <extensions>
     <gpxtpx:TrackPointExtension>
      <gpxtpx:hr>156</gpxtpx:hr>
     </gpxtpx:TrackPointExtension>
    </extensions>
   </trkpt>
   <trkpt lat="69.6504050" lon="19.0232370">
    <ele>123.7</ele>
    <time>2025-02-28T15:04:08Z</time>
    <extensions>
     <gpxtpx:TrackPointExtension>
      <gpxtpx:hr>156</gpxtpx:hr>
     </gpxtpx:TrackPointExtension>
    </extensions>
   </trkpt>
   <trkpt lat="69.6504050" lon="19.0232370">
    <ele>123.7</ele>
    <time>2025-02-28T15:04:09Z</time>
    <extensions>
     <gpxtpx:TrackPointExtension>
      <gpxtpx:hr>158</gpxtpx:hr>
     </gpxtpx:TrackPointExtension>
    </extensions>
   </trkpt>
   <trkpt lat="69.6504110" lon="19.0232390">
    <ele>123.9</ele>
    <time>2025-02-28T15:04:10Z</time>
    <extensions>
     <gpxtpx:TrackPointExtension>
      <gpxtpx:hr>158</gpxtpx:hr>
     </gpxtpx:TrackPointExtension>
    </extensions>
   </trkpt>
   <trkpt lat="69.6504170" lon="19.0232520">
    <ele>124.3</ele>
    <time>2025-02-28T15:04:11Z</time>
    <extensions>
     <gpxtpx:TrackPointExtension>
      <gpxtpx:hr>158</gpxtpx:hr>
     </gpxtpx:TrackPointExtension>
    </extensions>
   </trkpt>
   <trkpt lat="69.6504210" lon="19.0232620">
    <ele>124.6</ele>
    <time>2025-02-28T15:04:12Z</time>
    <extensions>
     <gpxtpx:TrackPointExtension>
      <gpxtpx:hr>158</gpxtpx:hr>
     </gpxtpx:TrackPointExtension>
    </extensions>
   </trkpt>
   <trkpt lat="69.6504170" lon="19.0232650">
    <ele>124.8</ele>
    <time>2025-02-28T15:04:13Z</time>
    <extensions>
     <gpxtpx:TrackPointExtension>
      <gpxtpx:hr>158</gpxtpx:hr>
     </gpxtpx:TrackPointExtension>
    </extensions>
   </trkpt>
   <trkpt lat="69.6504240" lon="19.0232970">
    <ele>125.4</ele>
    <time>2025-02-28T15:04:14Z</time>
    <extensions>
     <gpxtpx:TrackPointExtension>
      <gpxtpx:hr>158</gpxtpx:hr>
     </gpxtpx:TrackPointExtension>
    </extensions>
   </trkpt>
   <trkpt lat="69.6504210" lon="19.0232990">
    <ele>125.6</ele>
    <time>2025-02-28T15:04:15Z</time>
    <extensions>
     <gpxtpx:TrackPointExtension>
      <gpxtpx:hr>158</gpxtpx:hr>
     </gpxtpx:TrackPointExtension>
    </extensions>
   </trkpt>
   <trkpt lat="69.6504280" lon="19.0233060">
    <ele>126.0</ele>
    <time>2025-02-28T15:04:16Z</time>
    <extensions>
     <gpxtpx:TrackPointExtension>
      <gpxtpx:hr>158</gpxtpx:hr>
     </gpxtpx:TrackPointExtension>
    </extensions>
   </trkpt>
   <trkpt lat="69.6504360" lon="19.0233140">
    <ele>126.4</ele>
    <time>2025-02-28T15:04:17Z</time>
    <extensions>
     <gpxtpx:TrackPointExtension>
      <gpxtpx:hr>158</gpxtpx:hr>
     </gpxtpx:TrackPointExtension>
    </extensions>
   </trkpt>
   <trkpt lat="69.6504420" lon="19.0233140">
    <ele>126.7</ele>
    <time>2025-02-28T15:04:18Z</time>
    <extensions>
     <gpxtpx:TrackPointExtension>
      <gpxtpx:hr>158</gpxtpx:hr>
     </gpxtpx:TrackPointExtension>
    </extensions>
   </trkpt>
   <trkpt lat="69.6504470" lon="19.0233120">
    <ele>127.0</ele>
    <time>2025-02-28T15:04:19Z</time>
    <extensions>
     <gpxtpx:TrackPointExtension>
      <gpxtpx:hr>158</gpxtpx:hr>
     </gpxtpx:TrackPointExtension>
    </extensions>
   </trkpt>
   <trkpt lat="69.6504490" lon="19.0233220">
    <ele>127.2</ele>
    <time>2025-02-28T15:04:20Z</time>
    <extensions>
     <gpxtpx:TrackPointExtension>
      <gpxtpx:hr>155</gpxtpx:hr>
     </gpxtpx:TrackPointExtension>
    </extensions>
   </trkpt>
   <trkpt lat="69.6504520" lon="19.0233230">
    <ele>127.3</ele>
    <time>2025-02-28T15:04:21Z</time>
    <extensions>
     <gpxtpx:TrackPointExtension>
      <gpxtpx:hr>155</gpxtpx:hr>
     </gpxtpx:TrackPointExtension>
    </extensions>
   </trkpt>
   <trkpt lat="69.6504610" lon="19.0233240">
    <ele>127.8</ele>
    <time>2025-02-28T15:04:22Z</time>
    <extensions>
     <gpxtpx:TrackPointExtension>
      <gpxtpx:hr>155</gpxtpx:hr>
     </gpxtpx:TrackPointExtension>
    </extensions>
   </trkpt>
   <trkpt lat="69.6504650" lon="19.0232810">
    <ele>128.5</ele>
    <time>2025-02-28T15:04:23Z</time>
    <extensions>
     <gpxtpx:TrackPointExtension>
      <gpxtpx:hr>155</gpxtpx:hr>
     </gpxtpx:TrackPointExtension>
    </extensions>
   </trkpt>
   <trkpt lat="69.6504710" lon="19.0232860">
    <ele>128.9</ele>
    <time>2025-02-28T15:04:24Z</time>
    <extensions>
     <gpxtpx:TrackPointExtension>
      <gpxtpx:hr>155</gpxtpx:hr>
     </gpxtpx:TrackPointExtension>
    </extensions>
   </trkpt>
   <trkpt lat="69.6504740" lon="19.0232890">
    <ele>129.0</ele>
    <time>2025-02-28T15:04:25Z</time>
    <extensions>
     <gpxtpx:TrackPointExtension>
      <gpxtpx:hr>155</gpxtpx:hr>
     </gpxtpx:TrackPointExtension>
    </extensions>
   </trkpt>
   <trkpt lat="69.6504700" lon="19.0233070">
    <ele>129.4</ele>
    <time>2025-02-28T15:04:26Z</time>
    <extensions>
     <gpxtpx:TrackPointExtension>
      <gpxtpx:hr>155</gpxtpx:hr>
     </gpxtpx:TrackPointExtension>
    </extensions>
   </trkpt>
   <trkpt lat="69.6504790" lon="19.0232950">
    <ele>129.9</ele>
    <time>2025-02-28T15:04:27Z</time>
    <extensions>
     <gpxtpx:TrackPointExtension>
      <gpxtpx:hr>155</gpxtpx:hr>
     </gpxtpx:TrackPointExtension>
    </extensions>
   </trkpt>
   <trkpt lat="69.6504870" lon="19.0232850">
    <ele>130.3</ele>
    <time>2025-02-28T15:04:28Z</time>
    <extensions>
     <gpxtpx:TrackPointExtension>
      <gpxtpx:hr>155</gpxtpx:hr>
     </gpxtpx:TrackPointExtension>
    </extensions>
   </trkpt>
   <trkpt lat="69.6504700" lon="19.0232760">
    <ele>131.2</ele>
    <time>2025-02-28T15:04:29Z</time>
    <extensions>
     <gpxtpx:TrackPointExtension>
      <gpxtpx:hr>155</gpxtpx:hr>
     </gpxtpx:TrackPointExtension>
    </extensions>
   </trkpt>
   <trkpt lat="69.6504670" lon="19.0233060">
    <ele>131.8</ele>
    <time>2025-02-28T15:04:30Z</time>
    <extensions>
     <gpxtpx:TrackPointExtension>
      <gpxtpx:hr>155</gpxtpx:hr>
     </gpxtpx:TrackPointExtension>
    </extensions>
   </trkpt>
   <trkpt lat="69.6504670" lon="19.0233130">
    <ele>131.9</ele>
    <time>2025-02-28T15:04:31Z</time>
    <extensions>
     <gpxtpx:TrackPointExtension>
      <gpxtpx:hr>155</gpxtpx:hr>
     </gpxtpx:TrackPointExtension>
    </extensions>
   </trkpt>
   <trkpt lat="69.6504720" lon="19.0233130">
    <ele>132.1</ele>
    <time>2025-02-28T15:04:32Z</time>
    <extensions>
     <gpxtpx:TrackPointExtension>
      <gpxtpx:hr>155</gpxtpx:hr>
     </gpxtpx:TrackPointExtension>
    </extensions>
   </trkpt>
   <trkpt lat="69.6504720" lon="19.0233460">
    <ele>132.7</ele>
    <time>2025-02-28T15:04:33Z</time>
    <extensions>
     <gpxtpx:TrackPointExtension>
      <gpxtpx:hr>155</gpxtpx:hr>
     </gpxtpx:TrackPointExtension>
    </extensions>
   </trkpt>
   <trkpt lat="69.6504640" lon="19.0233510">
    <ele>133.1</ele>
    <time>2025-02-28T15:04:34Z</time>
    <extensions>
     <gpxtpx:TrackPointExtension>
      <gpxtpx:hr>155</gpxtpx:hr>
     </gpxtpx:TrackPointExtension>
    </extensions>
   </trkpt>
   <trkpt lat="69.6504640" lon="19.0233510">
    <ele>133.1</ele>
    <time>2025-02-28T15:04:36Z</time>
    <extensions>
     <gpxtpx:TrackPointExtension>
      <gpxtpx:hr>155</gpxtpx:hr>
     </gpxtpx:TrackPointExtension>
    </extensions>
   </trkpt>
   <trkpt lat="69.6504640" lon="19.0233510">
    <ele>133.1</ele>
    <time>2025-02-28T15:04:38Z</time>
    <extensions>
     <gpxtpx:TrackPointExtension>
      <gpxtpx:hr>155</gpxtpx:hr>
     </gpxtpx:TrackPointExtension>
    </extensions>
   </trkpt>
   <trkpt lat="69.6505030" lon="19.0233650">
    <ele>135.1</ele>
    <time>2025-02-28T15:04:39Z</time>
    <extensions>
     <gpxtpx:TrackPointExtension>
      <gpxtpx:hr>155</gpxtpx:hr>
     </gpxtpx:TrackPointExtension>
    </extensions>
   </trkpt>
   <trkpt lat="69.6505100" lon="19.0233700">
    <ele>135.5</ele>
    <time>2025-02-28T15:04:40Z</time>
    <extensions>
     <gpxtpx:TrackPointExtension>
      <gpxtpx:hr>156</gpxtpx:hr>
     </gpxtpx:TrackPointExtension>
    </extensions>
   </trkpt>
   <trkpt lat="69.6505230" lon="19.0233740">
    <ele>136.1</ele>
    <time>2025-02-28T15:04:41Z</time>
    <extensions>
     <gpxtpx:TrackPointExtension>
      <gpxtpx:hr>156</gpxtpx:hr>
     </gpxtpx:TrackPointExtension>
    </extensions>
   </trkpt>
   <trkpt lat="69.6505190" lon="19.0233850">
    <ele>136.4</ele>
    <time>2025-02-28T15:04:42Z</time>
    <extensions>
     <gpxtpx:TrackPointExtension>
      <gpxtpx:hr>156</gpxtpx:hr>
     </gpxtpx:TrackPointExtension>
    </extensions>
   </trkpt>
   <trkpt lat="69.6505210" lon="19.0233890">
    <ele>136.5</ele>
    <time>2025-02-28T15:04:43Z</time>
    <extensions>
     <gpxtpx:TrackPointExtension>
      <gpxtpx:hr>156</gpxtpx:hr>
     </gpxtpx:TrackPointExtension>
    </extensions>
   </trkpt>
   <trkpt lat="69.6505210" lon="19.0233890">
    <ele>136.5</ele>
    <time>2025-02-28T15:04:45Z</time>
    <extensions>
     <gpxtpx:TrackPointExtension>
      <gpxtpx:hr>156</gpxtpx:hr>
     </gpxtpx:TrackPointExtension>
    </extensions>
   </trkpt>
   <trkpt lat="69.6505210" lon="19.0233890">
    <ele>136.5</ele>
    <time>2025-02-28T15:04:46Z</time>
    <extensions>
     <gpxtpx:TrackPointExtension>
      <gpxtpx:hr>156</gpxtpx:hr>
     </gpxtpx:TrackPointExtension>
    </extensions>
   </trkpt>
   <trkpt lat="69.6505210" lon="19.0233890">
    <ele>136.5</ele>
    <time>2025-02-28T15:04:48Z</time>
    <extensions>
     <gpxtpx:TrackPointExtension>
      <gpxtpx:hr>156</gpxtpx:hr>
     </gpxtpx:TrackPointExtension>
    </extensions>
   </trkpt>
   <trkpt lat="69.6505220" lon="19.0234380">
    <ele>137.4</ele>
    <time>2025-02-28T15:04:50Z</time>
    <extensions>
     <gpxtpx:TrackPointExtension>
      <gpxtpx:hr>156</gpxtpx:hr>
     </gpxtpx:TrackPointExtension>
    </extensions>
   </trkpt>
   <trkpt lat="69.6505230" lon="19.0234270">
    <ele>137.6</ele>
    <time>2025-02-28T15:04:51Z</time>
    <extensions>
     <gpxtpx:TrackPointExtension>
      <gpxtpx:hr>156</gpxtpx:hr>
     </gpxtpx:TrackPointExtension>
    </extensions>
   </trkpt>
   <trkpt lat="69.6505250" lon="19.0234200">
    <ele>137.8</ele>
    <time>2025-02-28T15:04:52Z</time>
    <extensions>
     <gpxtpx:TrackPointExtension>
      <gpxtpx:hr>156</gpxtpx:hr>
     </gpxtpx:TrackPointExtension>
    </extensions>
   </trkpt>
   <trkpt lat="69.6505180" lon="19.0234440">
    <ele>138.3</ele>
    <time>2025-02-28T15:04:53Z</time>
    <extensions>
     <gpxtpx:TrackPointExtension>
      <gpxtpx:hr>156</gpxtpx:hr>
     </gpxtpx:TrackPointExtension>
    </extensions>
   </trkpt>
   <trkpt lat="69.6505210" lon="19.0234590">
    <ele>138.6</ele>
    <time>2025-02-28T15:04:54Z</time>
    <extensions>
     <gpxtpx:TrackPointExtension>
      <gpxtpx:hr>156</gpxtpx:hr>
     </gpxtpx:TrackPointExtension>
    </extensions>
   </trkpt>
   <trkpt lat="69.6505230" lon="19.0234670">
    <ele>138.8</ele>
    <time>2025-02-28T15:04:55Z</time>
    <extensions>
     <gpxtpx:TrackPointExtension>
      <gpxtpx:hr>158</gpxtpx:hr>
     </gpxtpx:TrackPointExtension>
    </extensions>
   </trkpt>
   <trkpt lat="69.6505320" lon="19.0234990">
    <ele>139.5</ele>
    <time>2025-02-28T15:04:56Z</time>
    <extensions>
     <gpxtpx:TrackPointExtension>
      <gpxtpx:hr>158</gpxtpx:hr>
     </gpxtpx:TrackPointExtension>
    </extensions>
   </trkpt>
   <trkpt lat="69.6505350" lon="19.0234990">
    <ele>139.7</ele>
    <time>2025-02-28T15:04:57Z</time>
    <extensions>
     <gpxtpx:TrackPointExtension>
      <gpxtpx:hr>157</gpxtpx:hr>
     </gpxtpx:TrackPointExtension>
    </extensions>
   </trkpt>
   <trkpt lat="69.6505380" lon="19.0235100">
    <ele>139.9</ele>
    <time>2025-02-28T15:04:58Z</time>
    <extensions>
     <gpxtpx:TrackPointExtension>
      <gpxtpx:hr>157</gpxtpx:hr>
     </gpxtpx:TrackPointExtension>
    </extensions>
   </trkpt>
   <trkpt lat="69.6505400" lon="19.0235440">
    <ele>140.5</ele>
    <time>2025-02-28T15:04:59Z</time>
    <extensions>
     <gpxtpx:TrackPointExtension>
      <gpxtpx:hr>157</gpxtpx:hr>
     </gpxtpx:TrackPointExtension>
    </extensions>
   </trkpt>
   <trkpt lat="69.6505390" lon="19.0235390">
    <ele>140.6</ele>
    <time>2025-02-28T15:05:00Z</time>
    <extensions>
     <gpxtpx:TrackPointExtension>
      <gpxtpx:hr>157</gpxtpx:hr>
     </gpxtpx:TrackPointExtension>
    </extensions>
   </trkpt>
   <trkpt lat="69.6505400" lon="19.0235590">
    <ele>141.0</ele>
    <time>2025-02-28T15:05:01Z</time>
    <extensions>
     <gpxtpx:TrackPointExtension>
      <gpxtpx:hr>157</gpxtpx:hr>
     </gpxtpx:TrackPointExtension>
    </extensions>
   </trkpt>
   <trkpt lat="69.6505400" lon="19.0235540">
    <ele>141.0</ele>
    <time>2025-02-28T15:05:02Z</time>
    <extensions>
     <gpxtpx:TrackPointExtension>
      <gpxtpx:hr>158</gpxtpx:hr>
     </gpxtpx:TrackPointExtension>
    </extensions>
   </trkpt>
   <trkpt lat="69.6505470" lon="19.0235570">
    <ele>141.4</ele>
    <time>2025-02-28T15:05:03Z</time>
    <extensions>
     <gpxtpx:TrackPointExtension>
      <gpxtpx:hr>158</gpxtpx:hr>
     </gpxtpx:TrackPointExtension>
    </extensions>
   </trkpt>
   <trkpt lat="69.6505540" lon="19.0235890">
    <ele>142.1</ele>
    <time>2025-02-28T15:05:05Z</time>
    <extensions>
     <gpxtpx:TrackPointExtension>
      <gpxtpx:hr>158</gpxtpx:hr>
     </gpxtpx:TrackPointExtension>
    </extensions>
   </trkpt>
   <trkpt lat="69.6505560" lon="19.0236110">
    <ele>142.5</ele>
    <time>2025-02-28T15:05:06Z</time>
    <extensions>
     <gpxtpx:TrackPointExtension>
      <gpxtpx:hr>158</gpxtpx:hr>
     </gpxtpx:TrackPointExtension>
    </extensions>
   </trkpt>
   <trkpt lat="69.6505600" lon="19.0236240">
    <ele>142.8</ele>
    <time>2025-02-28T15:05:07Z</time>
    <extensions>
     <gpxtpx:TrackPointExtension>
      <gpxtpx:hr>158</gpxtpx:hr>
     </gpxtpx:TrackPointExtension>
    </extensions>
   </trkpt>
   <trkpt lat="69.6505660" lon="19.0236280">
    <ele>143.1</ele>
    <time>2025-02-28T15:05:08Z</time>
    <extensions>
     <gpxtpx:TrackPointExtension>
      <gpxtpx:hr>158</gpxtpx:hr>
     </gpxtpx:TrackPointExtension>
    </extensions>
   </trkpt>
   <trkpt lat="69.6505660" lon="19.0236280">
    <ele>143.1</ele>
    <time>2025-02-28T15:05:09Z</time>
    <extensions>
     <gpxtpx:TrackPointExtension>
      <gpxtpx:hr>153</gpxtpx:hr>
     </gpxtpx:TrackPointExtension>
    </extensions>
   </trkpt>
   <trkpt lat="69.6505750" lon="19.0236690">
    <ele>143.9</ele>
    <time>2025-02-28T15:05:11Z</time>
    <extensions>
     <gpxtpx:TrackPointExtension>
      <gpxtpx:hr>153</gpxtpx:hr>
     </gpxtpx:TrackPointExtension>
    </extensions>
   </trkpt>
   <trkpt lat="69.6505800" lon="19.0236720">
    <ele>144.2</ele>
    <time>2025-02-28T15:05:12Z</time>
    <extensions>
     <gpxtpx:TrackPointExtension>
      <gpxtpx:hr>153</gpxtpx:hr>
     </gpxtpx:TrackPointExtension>
    </extensions>
   </trkpt>
   <trkpt lat="69.6505880" lon="19.0236410">
    <ele>144.9</ele>
    <time>2025-02-28T15:05:13Z</time>
    <extensions>
     <gpxtpx:TrackPointExtension>
      <gpxtpx:hr>153</gpxtpx:hr>
     </gpxtpx:TrackPointExtension>
    </extensions>
   </trkpt>
   <trkpt lat="69.6505980" lon="19.0236530">
    <ele>145.4</ele>
    <time>2025-02-28T15:05:14Z</time>
    <extensions>
     <gpxtpx:TrackPointExtension>
      <gpxtpx:hr>153</gpxtpx:hr>
     </gpxtpx:TrackPointExtension>
    </extensions>
   </trkpt>
   <trkpt lat="69.6505980" lon="19.0236530">
    <ele>145.4</ele>
    <time>2025-02-28T15:05:16Z</time>
    <extensions>
     <gpxtpx:TrackPointExtension>
      <gpxtpx:hr>153</gpxtpx:hr>
     </gpxtpx:TrackPointExtension>
    </extensions>
   </trkpt>
   <trkpt lat="69.6505960" lon="19.0236380">
    <ele>145.7</ele>
    <time>2025-02-28T15:05:17Z</time>
    <extensions>
     <gpxtpx:TrackPointExtension>
      <gpxtpx:hr>153</gpxtpx:hr>
     </gpxtpx:TrackPointExtension>
    </extensions>
   </trkpt>
   <trkpt lat="69.6506000" lon="19.0236330">
    <ele>145.9</ele>
    <time>2025-02-28T15:05:18Z</time>
    <extensions>
     <gpxtpx:TrackPointExtension>
      <gpxtpx:hr>153</gpxtpx:hr>
     </gpxtpx:TrackPointExtension>
    </extensions>
   </trkpt>
   <trkpt lat="69.6506120" lon="19.0236550">
    <ele>146.6</ele>
    <time>2025-02-28T15:05:19Z</time>
    <extensions>
     <gpxtpx:TrackPointExtension>
      <gpxtpx:hr>153</gpxtpx:hr>
     </gpxtpx:TrackPointExtension>
    </extensions>
   </trkpt>
   <trkpt lat="69.6506200" lon="19.0236720">
    <ele>147.1</ele>
    <time>2025-02-28T15:05:20Z</time>
    <extensions>
     <gpxtpx:TrackPointExtension>
      <gpxtpx:hr>154</gpxtpx:hr>
     </gpxtpx:TrackPointExtension>
    </extensions>
   </trkpt>
   <trkpt lat="69.6506230" lon="19.0236710">
    <ele>147.3</ele>
    <time>2025-02-28T15:05:21Z</time>
    <extensions>
     <gpxtpx:TrackPointExtension>
      <gpxtpx:hr>154</gpxtpx:hr>
     </gpxtpx:TrackPointExtension>
    </extensions>
   </trkpt>
   <trkpt lat="69.6506270" lon="19.0236700">
    <ele>147.5</ele>
    <time>2025-02-28T15:05:22Z</time>
    <extensions>
     <gpxtpx:TrackPointExtension>
      <gpxtpx:hr>154</gpxtpx:hr>
     </gpxtpx:TrackPointExtension>
    </extensions>
   </trkpt>
   <trkpt lat="69.6506310" lon="19.0236690">
    <ele>147.7</ele>
    <time>2025-02-28T15:05:23Z</time>
    <extensions>
     <gpxtpx:TrackPointExtension>
      <gpxtpx:hr>154</gpxtpx:hr>
     </gpxtpx:TrackPointExtension>
    </extensions>
   </trkpt>
   <trkpt lat="69.6506350" lon="19.0236680">
    <ele>147.9</ele>
    <time>2025-02-28T15:05:24Z</time>
    <extensions>
     <gpxtpx:TrackPointExtension>
      <gpxtpx:hr>154</gpxtpx:hr>
     </gpxtpx:TrackPointExtension>
    </extensions>
   </trkpt>
   <trkpt lat="69.6506380" lon="19.0236670">
    <ele>148.0</ele>
    <time>2025-02-28T15:05:25Z</time>
    <extensions>
     <gpxtpx:TrackPointExtension>
      <gpxtpx:hr>169</gpxtpx:hr>
     </gpxtpx:TrackPointExtension>
    </extensions>
   </trkpt>
   <trkpt lat="69.6506420" lon="19.0236660">
    <ele>148.3</ele>
    <time>2025-02-28T15:05:26Z</time>
    <extensions>
     <gpxtpx:TrackPointExtension>
      <gpxtpx:hr>169</gpxtpx:hr>
     </gpxtpx:TrackPointExtension>
    </extensions>
   </trkpt>
   <trkpt lat="69.6506490" lon="19.0236940">
    <ele>148.9</ele>
    <time>2025-02-28T15:05:27Z</time>
    <extensions>
     <gpxtpx:TrackPointExtension>
      <gpxtpx:hr>169</gpxtpx:hr>
     </gpxtpx:TrackPointExtension>
    </extensions>
   </trkpt>
   <trkpt lat="69.6506460" lon="19.0237010">
    <ele>149.0</ele>
    <time>2025-02-28T15:05:28Z</time>
    <extensions>
     <gpxtpx:TrackPointExtension>
      <gpxtpx:hr>171</gpxtpx:hr>
     </gpxtpx:TrackPointExtension>
    </extensions>
   </trkpt>
   <trkpt lat="69.6506460" lon="19.0237010">
    <ele>149.0</ele>
    <time>2025-02-28T15:05:29Z</time>
    <extensions>
     <gpxtpx:TrackPointExtension>
      <gpxtpx:hr>171</gpxtpx:hr>
     </gpxtpx:TrackPointExtension>
    </extensions>
   </trkpt>
   <trkpt lat="69.6506410" lon="19.0237170">
    <ele>149.4</ele>
    <time>2025-02-28T15:05:30Z</time>
    <extensions>
     <gpxtpx:TrackPointExtension>
      <gpxtpx:hr>171</gpxtpx:hr>
     </gpxtpx:TrackPointExtension>
    </extensions>
   </trkpt>
   <trkpt lat="69.6506390" lon="19.0237230">
    <ele>149.6</ele>
    <time>2025-02-28T15:05:31Z</time>
    <extensions>
     <gpxtpx:TrackPointExtension>
      <gpxtpx:hr>171</gpxtpx:hr>
     </gpxtpx:TrackPointExtension>
    </extensions>
   </trkpt>
   <trkpt lat="69.6506420" lon="19.0237220">
    <ele>149.7</ele>
    <time>2025-02-28T15:05:32Z</time>
    <extensions>
     <gpxtpx:TrackPointExtension>
      <gpxtpx:hr>171</gpxtpx:hr>
     </gpxtpx:TrackPointExtension>
    </extensions>
   </trkpt>
   <trkpt lat="69.6506360" lon="19.0237270">
    <ele>150.0</ele>
    <time>2025-02-28T15:05:33Z</time>
    <extensions>
     <gpxtpx:TrackPointExtension>
      <gpxtpx:hr>167</gpxtpx:hr>
     </gpxtpx:TrackPointExtension>
    </extensions>
   </trkpt>
   <trkpt lat="69.6506350" lon="19.0237390">
    <ele>150.2</ele>
    <time>2025-02-28T15:05:34Z</time>
    <extensions>
     <gpxtpx:TrackPointExtension>
      <gpxtpx:hr>167</gpxtpx:hr>
     </gpxtpx:TrackPointExtension>
    </extensions>
   </trkpt>
   <trkpt lat="69.6506340" lon="19.0237540">
    <ele>150.5</ele>
    <time>2025-02-28T15:05:35Z</time>
    <extensions>
     <gpxtpx:TrackPointExtension>
      <gpxtpx:hr>167</gpxtpx:hr>
     </gpxtpx:TrackPointExtension>
    </extensions>
   </trkpt>
   <trkpt lat="69.6506310" lon="19.0237690">
    <ele>150.8</ele>
    <time>2025-02-28T15:05:36Z</time>
    <extensions>
     <gpxtpx:TrackPointExtension>
      <gpxtpx:hr>167</gpxtpx:hr>
     </gpxtpx:TrackPointExtension>
    </extensions>
   </trkpt>
   <trkpt lat="69.6506350" lon="19.0238130">
    <ele>151.6</ele>
    <time>2025-02-28T15:05:37Z</time>
    <extensions>
     <gpxtpx:TrackPointExtension>
      <gpxtpx:hr>167</gpxtpx:hr>
     </gpxtpx:TrackPointExtension>
    </extensions>
   </trkpt>
   <trkpt lat="69.6506430" lon="19.0237980">
    <ele>152.0</ele>
    <time>2025-02-28T15:05:38Z</time>
    <extensions>
     <gpxtpx:TrackPointExtension>
      <gpxtpx:hr>167</gpxtpx:hr>
     </gpxtpx:TrackPointExtension>
    </extensions>
   </trkpt>
   <trkpt lat="69.6506430" lon="19.0238080">
    <ele>152.2</ele>
    <time>2025-02-28T15:05:39Z</time>
    <extensions>
     <gpxtpx:TrackPointExtension>
      <gpxtpx:hr>167</gpxtpx:hr>
     </gpxtpx:TrackPointExtension>
    </extensions>
   </trkpt>
   <trkpt lat="69.6506500" lon="19.0238310">
    <ele>152.7</ele>
    <time>2025-02-28T15:05:40Z</time>
    <extensions>
     <gpxtpx:TrackPointExtension>
      <gpxtpx:hr>175</gpxtpx:hr>
     </gpxtpx:TrackPointExtension>
    </extensions>
   </trkpt>
   <trkpt lat="69.6506570" lon="19.0238440">
    <ele>153.2</ele>
    <time>2025-02-28T15:05:41Z</time>
    <extensions>
     <gpxtpx:TrackPointExtension>
      <gpxtpx:hr>175</gpxtpx:hr>
     </gpxtpx:TrackPointExtension>
    </extensions>
   </trkpt>
   <trkpt lat="69.6506640" lon="19.0238560">
    <ele>153.6</ele>
    <time>2025-02-28T15:05:42Z</time>
    <extensions>
     <gpxtpx:TrackPointExtension>
      <gpxtpx:hr>175</gpxtpx:hr>
     </gpxtpx:TrackPointExtension>
    </extensions>
   </trkpt>
   <trkpt lat="69.6506730" lon="19.0238690">
    <ele>154.1</ele>
    <time>2025-02-28T15:05:43Z</time>
    <extensions>
     <gpxtpx:TrackPointExtension>
      <gpxtpx:hr>175</gpxtpx:hr>
     </gpxtpx:TrackPointExtension>
    </extensions>
   </trkpt>
   <trkpt lat="69.6506730" lon="19.0238690">
    <ele>154.1</ele>
    <time>2025-02-28T15:05:44Z</time>
    <extensions>
     <gpxtpx:TrackPointExtension>
      <gpxtpx:hr>175</gpxtpx:hr>
     </gpxtpx:TrackPointExtension>
    </extensions>
   </trkpt>
   <trkpt lat="69.6506820" lon="19.0238790">
    <ele>154.5</ele>
    <time>2025-02-28T15:05:45Z</time>
    <extensions>
     <gpxtpx:TrackPointExtension>
      <gpxtpx:hr>175</gpxtpx:hr>
     </gpxtpx:TrackPointExtension>
    </extensions>
   </trkpt>
   <trkpt lat="69.6506890" lon="19.0238760">
    <ele>154.9</ele>
    <time>2025-02-28T15:05:46Z</time>
    <extensions>
     <gpxtpx:TrackPointExtension>
      <gpxtpx:hr>175</gpxtpx:hr>
     </gpxtpx:TrackPointExtension>
    </extensions>
   </trkpt>
   <trkpt lat="69.6506890" lon="19.0238760">
    <ele>154.9</ele>
    <time>2025-02-28T15:05:47Z</time>
    <extensions>
     <gpxtpx:TrackPointExtension>
      <gpxtpx:hr>175</gpxtpx:hr>
     </gpxtpx:TrackPointExtension>
    </extensions>
   </trkpt>
   <trkpt lat="69.6507010" lon="19.0238640">
    <ele>155.5</ele>
    <time>2025-02-28T15:05:48Z</time>
    <extensions>
     <gpxtpx:TrackPointExtension>
      <gpxtpx:hr>175</gpxtpx:hr>
     </gpxtpx:TrackPointExtension>
    </extensions>
   </trkpt>
   <trkpt lat="69.6507180" lon="19.0238440">
    <ele>156.4</ele>
    <time>2025-02-28T15:05:49Z</time>
    <extensions>
     <gpxtpx:TrackPointExtension>
      <gpxtpx:hr>175</gpxtpx:hr>
     </gpxtpx:TrackPointExtension>
    </extensions>
   </trkpt>
   <trkpt lat="69.6507120" lon="19.0238660">
    <ele>156.9</ele>
    <time>2025-02-28T15:05:50Z</time>
    <extensions>
     <gpxtpx:TrackPointExtension>
      <gpxtpx:hr>175</gpxtpx:hr>
     </gpxtpx:TrackPointExtension>
    </extensions>
   </trkpt>
   <trkpt lat="69.6507120" lon="19.0238610">
    <ele>157.0</ele>
    <time>2025-02-28T15:05:51Z</time>
    <extensions>
     <gpxtpx:TrackPointExtension>
      <gpxtpx:hr>177</gpxtpx:hr>
     </gpxtpx:TrackPointExtension>
    </extensions>
   </trkpt>
   <trkpt lat="69.6507110" lon="19.0238670">
    <ele>157.1</ele>
    <time>2025-02-28T15:05:52Z</time>
    <extensions>
     <gpxtpx:TrackPointExtension>
      <gpxtpx:hr>177</gpxtpx:hr>
     </gpxtpx:TrackPointExtension>
    </extensions>
   </trkpt>
   <trkpt lat="69.6507200" lon="19.0238970">
    <ele>157.8</ele>
    <time>2025-02-28T15:05:53Z</time>
    <extensions>
     <gpxtpx:TrackPointExtension>
      <gpxtpx:hr>177</gpxtpx:hr>
     </gpxtpx:TrackPointExtension>
    </extensions>
   </trkpt>
   <trkpt lat="69.6507010" lon="19.0238980">
    <ele>158.7</ele>
    <time>2025-02-28T15:05:54Z</time>
    <extensions>
     <gpxtpx:TrackPointExtension>
      <gpxtpx:hr>177</gpxtpx:hr>
     </gpxtpx:TrackPointExtension>
    </extensions>
   </trkpt>
   <trkpt lat="69.6507100" lon="19.0239150">
    <ele>159.2</ele>
    <time>2025-02-28T15:05:55Z</time>
    <extensions>
     <gpxtpx:TrackPointExtension>
      <gpxtpx:hr>177</gpxtpx:hr>
     </gpxtpx:TrackPointExtension>
    </extensions>
   </trkpt>
   <trkpt lat="69.6507090" lon="19.0239140">
    <ele>159.3</ele>
    <time>2025-02-28T15:05:56Z</time>
    <extensions>
     <gpxtpx:TrackPointExtension>
      <gpxtpx:hr>177</gpxtpx:hr>
     </gpxtpx:TrackPointExtension>
    </extensions>
   </trkpt>
   <trkpt lat="69.6507060" lon="19.0239250">
    <ele>159.5</ele>
    <time>2025-02-28T15:05:57Z</time>
    <extensions>
     <gpxtpx:TrackPointExtension>
      <gpxtpx:hr>177</gpxtpx:hr>
     </gpxtpx:TrackPointExtension>
    </extensions>
   </trkpt>
   <trkpt lat="69.6507090" lon="19.0239320">
    <ele>159.7</ele>
    <time>2025-02-28T15:05:58Z</time>
    <extensions>
     <gpxtpx:TrackPointExtension>
      <gpxtpx:hr>177</gpxtpx:hr>
     </gpxtpx:TrackPointExtension>
    </extensions>
   </trkpt>
   <trkpt lat="69.6507130" lon="19.0239400">
    <ele>159.9</ele>
    <time>2025-02-28T15:05:59Z</time>
    <extensions>
     <gpxtpx:TrackPointExtension>
      <gpxtpx:hr>176</gpxtpx:hr>
     </gpxtpx:TrackPointExtension>
    </extensions>
   </trkpt>
   <trkpt lat="69.6507120" lon="19.0239400">
    <ele>160.0</ele>
    <time>2025-02-28T15:06:00Z</time>
    <extensions>
     <gpxtpx:TrackPointExtension>
      <gpxtpx:hr>176</gpxtpx:hr>
     </gpxtpx:TrackPointExtension>
    </extensions>
   </trkpt>
   <trkpt lat="69.6507090" lon="19.0239480">
    <ele>160.2</ele>
    <time>2025-02-28T15:06:01Z</time>
    <extensions>
     <gpxtpx:TrackPointExtension>
      <gpxtpx:hr>174</gpxtpx:hr>
     </gpxtpx:TrackPointExtension>
    </extensions>
   </trkpt>
   <trkpt lat="69.6507090" lon="19.0239560">
    <ele>160.3</ele>
    <time>2025-02-28T15:06:02Z</time>
    <extensions>
     <gpxtpx:TrackPointExtension>
      <gpxtpx:hr>174</gpxtpx:hr>
     </gpxtpx:TrackPointExtension>
    </extensions>
   </trkpt>
   <trkpt lat="69.6507220" lon="19.0239740">
    <ele>161.0</ele>
    <time>2025-02-28T15:06:03Z</time>
    <extensions>
     <gpxtpx:TrackPointExtension>
      <gpxtpx:hr>174</gpxtpx:hr>
     </gpxtpx:TrackPointExtension>
    </extensions>
   </trkpt>
   <trkpt lat="69.6507260" lon="19.0239830">
    <ele>161.2</ele>
    <time>2025-02-28T15:06:04Z</time>
    <extensions>
     <gpxtpx:TrackPointExtension>
      <gpxtpx:hr>174</gpxtpx:hr>
     </gpxtpx:TrackPointExtension>
    </extensions>
   </trkpt>
   <trkpt lat="69.6507400" lon="19.0239980">
    <ele>162.0</ele>
    <time>2025-02-28T15:06:05Z</time>
    <extensions>
     <gpxtpx:TrackPointExtension>
      <gpxtpx:hr>174</gpxtpx:hr>
     </gpxtpx:TrackPointExtension>
    </extensions>
   </trkpt>
   <trkpt lat="69.6507440" lon="19.0240040">
    <ele>162.2</ele>
    <time>2025-02-28T15:06:06Z</time>
    <extensions>
     <gpxtpx:TrackPointExtension>
      <gpxtpx:hr>174</gpxtpx:hr>
     </gpxtpx:TrackPointExtension>
    </extensions>
   </trkpt>
   <trkpt lat="69.6507490" lon="19.0240110">
    <ele>162.4</ele>
    <time>2025-02-28T15:06:07Z</time>
    <extensions>
     <gpxtpx:TrackPointExtension>
      <gpxtpx:hr>171</gpxtpx:hr>
     </gpxtpx:TrackPointExtension>
    </extensions>
   </trkpt>
   <trkpt lat="69.6507560" lon="19.0240300">
    <ele>162.9</ele>
    <time>2025-02-28T15:06:09Z</time>
    <extensions>
     <gpxtpx:TrackPointExtension>
      <gpxtpx:hr>171</gpxtpx:hr>
     </gpxtpx:TrackPointExtension>
    </extensions>
   </trkpt>
   <trkpt lat="69.6507560" lon="19.0240300">
    <ele>162.9</ele>
    <time>2025-02-28T15:06:10Z</time>
    <extensions>
     <gpxtpx:TrackPointExtension>
      <gpxtpx:hr>171</gpxtpx:hr>
     </gpxtpx:TrackPointExtension>
    </extensions>
   </trkpt>
   <trkpt lat="69.6507610" lon="19.0240390">
    <ele>163.2</ele>
    <time>2025-02-28T15:06:11Z</time>
    <extensions>
     <gpxtpx:TrackPointExtension>
      <gpxtpx:hr>171</gpxtpx:hr>
     </gpxtpx:TrackPointExtension>
    </extensions>
   </trkpt>
   <trkpt lat="69.6507730" lon="19.0240550">
    <ele>163.8</ele>
    <time>2025-02-28T15:06:12Z</time>
    <extensions>
     <gpxtpx:TrackPointExtension>
      <gpxtpx:hr>171</gpxtpx:hr>
     </gpxtpx:TrackPointExtension>
    </extensions>
   </trkpt>
   <trkpt lat="69.6507720" lon="19.0240640">
    <ele>164.0</ele>
    <time>2025-02-28T15:06:13Z</time>
    <extensions>
     <gpxtpx:TrackPointExtension>
      <gpxtpx:hr>171</gpxtpx:hr>
     </gpxtpx:TrackPointExtension>
    </extensions>
   </trkpt>
   <trkpt lat="69.6507860" lon="19.0240550">
    <ele>164.6</ele>
    <time>2025-02-28T15:06:15Z</time>
    <extensions>
     <gpxtpx:TrackPointExtension>
      <gpxtpx:hr>177</gpxtpx:hr>
     </gpxtpx:TrackPointExtension>
    </extensions>
   </trkpt>
   <trkpt lat="69.6507940" lon="19.0240600">
    <ele>165.0</ele>
    <time>2025-02-28T15:06:16Z</time>
    <extensions>
     <gpxtpx:TrackPointExtension>
      <gpxtpx:hr>177</gpxtpx:hr>
     </gpxtpx:TrackPointExtension>
    </extensions>
   </trkpt>
   <trkpt lat="69.6507980" lon="19.0240510">
    <ele>165.3</ele>
    <time>2025-02-28T15:06:17Z</time>
    <extensions>
     <gpxtpx:TrackPointExtension>
      <gpxtpx:hr>177</gpxtpx:hr>
     </gpxtpx:TrackPointExtension>
    </extensions>
   </trkpt>
   <trkpt lat="69.6508100" lon="19.0240600">
    <ele>165.8</ele>
    <time>2025-02-28T15:06:18Z</time>
    <extensions>
     <gpxtpx:TrackPointExtension>
      <gpxtpx:hr>177</gpxtpx:hr>
     </gpxtpx:TrackPointExtension>
    </extensions>
   </trkpt>
   <trkpt lat="69.6508140" lon="19.0240690">
    <ele>166.1</ele>
    <time>2025-02-28T15:06:19Z</time>
    <extensions>
     <gpxtpx:TrackPointExtension>
      <gpxtpx:hr>177</gpxtpx:hr>
     </gpxtpx:TrackPointExtension>
    </extensions>
   </trkpt>
   <trkpt lat="69.6508240" lon="19.0240700">
    <ele>166.5</ele>
    <time>2025-02-28T15:06:20Z</time>
    <extensions>
     <gpxtpx:TrackPointExtension>
      <gpxtpx:hr>175</gpxtpx:hr>
     </gpxtpx:TrackPointExtension>
    </extensions>
   </trkpt>
   <trkpt lat="69.6508300" lon="19.0240660">
    <ele>166.8</ele>
    <time>2025-02-28T15:06:21Z</time>
    <extensions>
     <gpxtpx:TrackPointExtension>
      <gpxtpx:hr>174</gpxtpx:hr>
     </gpxtpx:TrackPointExtension>
    </extensions>
   </trkpt>
   <trkpt lat="69.6508300" lon="19.0240720">
    <ele>166.9</ele>
    <time>2025-02-28T15:06:22Z</time>
    <extensions>
     <gpxtpx:TrackPointExtension>
      <gpxtpx:hr>174</gpxtpx:hr>
     </gpxtpx:TrackPointExtension>
    </extensions>
   </trkpt>
   <trkpt lat="69.6508380" lon="19.0240730">
    <ele>167.3</ele>
    <time>2025-02-28T15:06:23Z</time>
    <extensions>
     <gpxtpx:TrackPointExtension>
      <gpxtpx:hr>174</gpxtpx:hr>
     </gpxtpx:TrackPointExtension>
    </extensions>
   </trkpt>
   <trkpt lat="69.6508380" lon="19.0240990">
    <ele>167.7</ele>
    <time>2025-02-28T15:06:25Z</time>
    <extensions>
     <gpxtpx:TrackPointExtension>
      <gpxtpx:hr>174</gpxtpx:hr>
     </gpxtpx:TrackPointExtension>
    </extensions>
   </trkpt>
   <trkpt lat="69.6508380" lon="19.0240990">
    <ele>167.7</ele>
    <time>2025-02-28T15:06:27Z</time>
    <extensions>
     <gpxtpx:TrackPointExtension>
      <gpxtpx:hr>174</gpxtpx:hr>
     </gpxtpx:TrackPointExtension>
    </extensions>
   </trkpt>
   <trkpt lat="69.6508390" lon="19.0241030">
    <ele>167.8</ele>
    <time>2025-02-28T15:06:29Z</time>
    <extensions>
     <gpxtpx:TrackPointExtension>
      <gpxtpx:hr>174</gpxtpx:hr>
     </gpxtpx:TrackPointExtension>
    </extensions>
   </trkpt>
   <trkpt lat="69.6508390" lon="19.0241190">
    <ele>168.1</ele>
    <time>2025-02-28T15:06:30Z</time>
    <extensions>
     <gpxtpx:TrackPointExtension>
      <gpxtpx:hr>173</gpxtpx:hr>
     </gpxtpx:TrackPointExtension>
    </extensions>
   </trkpt>
   <trkpt lat="69.6508380" lon="19.0241220">
    <ele>168.1</ele>
    <time>2025-02-28T15:06:31Z</time>
    <extensions>
     <gpxtpx:TrackPointExtension>
      <gpxtpx:hr>173</gpxtpx:hr>
     </gpxtpx:TrackPointExtension>
    </extensions>
   </trkpt>
   <trkpt lat="69.6508380" lon="19.0241220">
    <ele>168.1</ele>
    <time>2025-02-28T15:06:32Z</time>
    <extensions>
     <gpxtpx:TrackPointExtension>
      <gpxtpx:hr>173</gpxtpx:hr>
     </gpxtpx:TrackPointExtension>
    </extensions>
   </trkpt>
   <trkpt lat="69.6508380" lon="19.0241220">
    <ele>168.1</ele>
    <time>2025-02-28T15:06:35Z</time>
    <extensions>
     <gpxtpx:TrackPointExtension>
      <gpxtpx:hr>175</gpxtpx:hr>
     </gpxtpx:TrackPointExtension>
    </extensions>
   </trkpt>
   <trkpt lat="69.6508750" lon="19.0241220">
    <ele>169.8</ele>
    <time>2025-02-28T15:06:37Z</time>
    <extensions>
     <gpxtpx:TrackPointExtension>
      <gpxtpx:hr>175</gpxtpx:hr>
     </gpxtpx:TrackPointExtension>
    </extensions>
   </trkpt>
   <trkpt lat="69.6508800" lon="19.0241310">
    <ele>170.1</ele>
    <time>2025-02-28T15:06:38Z</time>
    <extensions>
     <gpxtpx:TrackPointExtension>
      <gpxtpx:hr>175</gpxtpx:hr>
     </gpxtpx:TrackPointExtension>
    </extensions>
   </trkpt>
   <trkpt lat="69.6508790" lon="19.0241530">
    <ele>170.5</ele>
    <time>2025-02-28T15:06:39Z</time>
    <extensions>
     <gpxtpx:TrackPointExtension>
      <gpxtpx:hr>175</gpxtpx:hr>
     </gpxtpx:TrackPointExtension>
    </extensions>
   </trkpt>
   <trkpt lat="69.6508810" lon="19.0241400">
    <ele>170.7</ele>
    <time>2025-02-28T15:06:40Z</time>
    <extensions>
     <gpxtpx:TrackPointExtension>
      <gpxtpx:hr>175</gpxtpx:hr>
     </gpxtpx:TrackPointExtension>
    </extensions>
   </trkpt>
   <trkpt lat="69.6508760" lon="19.0241340">
    <ele>171.0</ele>
    <time>2025-02-28T15:06:41Z</time>
    <extensions>
     <gpxtpx:TrackPointExtension>
      <gpxtpx:hr>175</gpxtpx:hr>
     </gpxtpx:TrackPointExtension>
    </extensions>
   </trkpt>
   <trkpt lat="69.6508700" lon="19.0241300">
    <ele>171.2</ele>
    <time>2025-02-28T15:06:42Z</time>
    <extensions>
     <gpxtpx:TrackPointExtension>
      <gpxtpx:hr>175</gpxtpx:hr>
     </gpxtpx:TrackPointExtension>
    </extensions>
   </trkpt>
   <trkpt lat="69.6508710" lon="19.0241310">
    <ele>171.3</ele>
    <time>2025-02-28T15:06:43Z</time>
    <extensions>
     <gpxtpx:TrackPointExtension>
      <gpxtpx:hr>175</gpxtpx:hr>
     </gpxtpx:TrackPointExtension>
    </extensions>
   </trkpt>
   <trkpt lat="69.6508740" lon="19.0241380">
    <ele>171.5</ele>
    <time>2025-02-28T15:06:44Z</time>
    <extensions>
     <gpxtpx:TrackPointExtension>
      <gpxtpx:hr>175</gpxtpx:hr>
     </gpxtpx:TrackPointExtension>
    </extensions>
   </trkpt>
   <trkpt lat="69.6508670" lon="19.0241330">
    <ele>171.8</ele>
    <time>2025-02-28T15:06:45Z</time>
    <extensions>
     <gpxtpx:TrackPointExtension>
      <gpxtpx:hr>175</gpxtpx:hr>
     </gpxtpx:TrackPointExtension>
    </extensions>
   </trkpt>
   <trkpt lat="69.6508660" lon="19.0241430">
    <ele>172.0</ele>
    <time>2025-02-28T15:06:46Z</time>
    <extensions>
     <gpxtpx:TrackPointExtension>
      <gpxtpx:hr>176</gpxtpx:hr>
     </gpxtpx:TrackPointExtension>
    </extensions>
   </trkpt>
   <trkpt lat="69.6508580" lon="19.0241550">
    <ele>172.4</ele>
    <time>2025-02-28T15:06:47Z</time>
    <extensions>
     <gpxtpx:TrackPointExtension>
      <gpxtpx:hr>176</gpxtpx:hr>
     </gpxtpx:TrackPointExtension>
    </extensions>
   </trkpt>
   <trkpt lat="69.6508580" lon="19.0241550">
    <ele>172.4</ele>
    <time>2025-02-28T15:06:48Z</time>
    <extensions>
     <gpxtpx:TrackPointExtension>
      <gpxtpx:hr>176</gpxtpx:hr>
     </gpxtpx:TrackPointExtension>
    </extensions>
   </trkpt>
   <trkpt lat="69.6508400" lon="19.0241600">
    <ele>173.2</ele>
    <time>2025-02-28T15:06:50Z</time>
    <extensions>
     <gpxtpx:TrackPointExtension>
      <gpxtpx:hr>176</gpxtpx:hr>
     </gpxtpx:TrackPointExtension>
    </extensions>
   </trkpt>
   <trkpt lat="69.6508340" lon="19.0241690">
    <ele>173.5</ele>
    <time>2025-02-28T15:06:51Z</time>
    <extensions>
     <gpxtpx:TrackPointExtension>
      <gpxtpx:hr>176</gpxtpx:hr>
     </gpxtpx:TrackPointExtension>
    </extensions>
   </trkpt>
   <trkpt lat="69.6508340" lon="19.0241820">
    <ele>173.8</ele>
    <time>2025-02-28T15:06:52Z</time>
    <extensions>
     <gpxtpx:TrackPointExtension>
      <gpxtpx:hr>176</gpxtpx:hr>
     </gpxtpx:TrackPointExtension>
    </extensions>
   </trkpt>
   <trkpt lat="69.6508270" lon="19.0242080">
    <ele>174.3</ele>
    <time>2025-02-28T15:06:53Z</time>
    <extensions>
     <gpxtpx:TrackPointExtension>
      <gpxtpx:hr>176</gpxtpx:hr>
     </gpxtpx:TrackPointExtension>
    </extensions>
   </trkpt>
   <trkpt lat="69.6508320" lon="19.0242340">
    <ele>174.8</ele>
    <time>2025-02-28T15:06:54Z</time>
    <extensions>
     <gpxtpx:TrackPointExtension>
      <gpxtpx:hr>176</gpxtpx:hr>
     </gpxtpx:TrackPointExtension>
    </extensions>
   </trkpt>
   <trkpt lat="69.6508340" lon="19.0242700">
    <ele>175.4</ele>
    <time>2025-02-28T15:06:55Z</time>
    <extensions>
     <gpxtpx:TrackPointExtension>
      <gpxtpx:hr>175</gpxtpx:hr>
     </gpxtpx:TrackPointExtension>
    </extensions>
   </trkpt>
   <trkpt lat="69.6508370" lon="19.0242890">
    <ele>175.7</ele>
    <time>2025-02-28T15:06:56Z</time>
    <extensions>
     <gpxtpx:TrackPointExtension>
      <gpxtpx:hr>175</gpxtpx:hr>
     </gpxtpx:TrackPointExtension>
    </extensions>
   </trkpt>
   <trkpt lat="69.6508470" lon="19.0242850">
    <ele>176.2</ele>
    <time>2025-02-28T15:06:57Z</time>
    <extensions>
     <gpxtpx:TrackPointExtension>
      <gpxtpx:hr>175</gpxtpx:hr>
     </gpxtpx:TrackPointExtension>
    </extensions>
   </trkpt>
   <trkpt lat="69.6508540" lon="19.0243110">
    <ele>176.8</ele>
    <time>2025-02-28T15:06:58Z</time>
    <extensions>
     <gpxtpx:TrackPointExtension>
      <gpxtpx:hr>175</gpxtpx:hr>
     </gpxtpx:TrackPointExtension>
    </extensions>
   </trkpt>
   <trkpt lat="69.6508580" lon="19.0243310">
    <ele>177.2</ele>
    <time>2025-02-28T15:06:59Z</time>
    <extensions>
     <gpxtpx:TrackPointExtension>
      <gpxtpx:hr>175</gpxtpx:hr>
     </gpxtpx:TrackPointExtension>
    </extensions>
   </trkpt>
   <trkpt lat="69.6508620" lon="19.0243440">
    <ele>177.5</ele>
    <time>2025-02-28T15:07:00Z</time>
    <extensions>
     <gpxtpx:TrackPointExtension>
      <gpxtpx:hr>175</gpxtpx:hr>
     </gpxtpx:TrackPointExtension>
    </extensions>
   </trkpt>
   <trkpt lat="69.6508610" lon="19.0243520">
    <ele>177.6</ele>
    <time>2025-02-28T15:07:01Z</time>
    <extensions>
     <gpxtpx:TrackPointExtension>
      <gpxtpx:hr>175</gpxtpx:hr>
     </gpxtpx:TrackPointExtension>
    </extensions>
   </trkpt>
   <trkpt lat="69.6508710" lon="19.0243650">
    <ele>178.2</ele>
    <time>2025-02-28T15:07:02Z</time>
    <extensions>
     <gpxtpx:TrackPointExtension>
      <gpxtpx:hr>175</gpxtpx:hr>
     </gpxtpx:TrackPointExtension>
    </extensions>
   </trkpt>
   <trkpt lat="69.6508780" lon="19.0243620">
    <ele>178.6</ele>
    <time>2025-02-28T15:07:03Z</time>
    <extensions>
     <gpxtpx:TrackPointExtension>
      <gpxtpx:hr>175</gpxtpx:hr>
     </gpxtpx:TrackPointExtension>
    </extensions>
   </trkpt>
   <trkpt lat="69.6508860" lon="19.0243720">
    <ele>179.0</ele>
    <time>2025-02-28T15:07:04Z</time>
    <extensions>
     <gpxtpx:TrackPointExtension>
      <gpxtpx:hr>175</gpxtpx:hr>
     </gpxtpx:TrackPointExtension>
    </extensions>
   </trkpt>
   <trkpt lat="69.6508990" lon="19.0243800">
    <ele>179.7</ele>
    <time>2025-02-28T15:07:05Z</time>
    <extensions>
     <gpxtpx:TrackPointExtension>
      <gpxtpx:hr>175</gpxtpx:hr>
     </gpxtpx:TrackPointExtension>
    </extensions>
   </trkpt>
   <trkpt lat="69.6508990" lon="19.0243810">
    <ele>179.7</ele>
    <time>2025-02-28T15:07:06Z</time>
    <extensions>
     <gpxtpx:TrackPointExtension>
      <gpxtpx:hr>174</gpxtpx:hr>
     </gpxtpx:TrackPointExtension>
    </extensions>
   </trkpt>
   <trkpt lat="69.6508990" lon="19.0243810">
    <ele>179.7</ele>
    <time>2025-02-28T15:07:08Z</time>
    <extensions>
     <gpxtpx:TrackPointExtension>
      <gpxtpx:hr>174</gpxtpx:hr>
     </gpxtpx:TrackPointExtension>
    </extensions>
   </trkpt>
   <trkpt lat="69.6508990" lon="19.0243810">
    <ele>179.7</ele>
    <time>2025-02-28T15:07:11Z</time>
    <extensions>
     <gpxtpx:TrackPointExtension>
      <gpxtpx:hr>174</gpxtpx:hr>
     </gpxtpx:TrackPointExtension>
    </extensions>
   </trkpt>
   <trkpt lat="69.6508990" lon="19.0243810">
    <ele>179.7</ele>
    <time>2025-02-28T15:07:13Z</time>
    <extensions>
     <gpxtpx:TrackPointExtension>
      <gpxtpx:hr>174</gpxtpx:hr>
     </gpxtpx:TrackPointExtension>
    </extensions>
   </trkpt>
   <trkpt lat="69.6509400" lon="19.0244250">
    <ele>182.1</ele>
    <time>2025-02-28T15:07:15Z</time>
    <extensions>
     <gpxtpx:TrackPointExtension>
      <gpxtpx:hr>177</gpxtpx:hr>
     </gpxtpx:TrackPointExtension>
    </extensions>
   </trkpt>
   <trkpt lat="69.6509390" lon="19.0244160">
    <ele>182.2</ele>
    <time>2025-02-28T15:07:16Z</time>
    <extensions>
     <gpxtpx:TrackPointExtension>
      <gpxtpx:hr>177</gpxtpx:hr>
     </gpxtpx:TrackPointExtension>
    </extensions>
   </trkpt>
   <trkpt lat="69.6509390" lon="19.0244160">
    <ele>182.2</ele>
    <time>2025-02-28T15:07:18Z</time>
    <extensions>
     <gpxtpx:TrackPointExtension>
      <gpxtpx:hr>177</gpxtpx:hr>
     </gpxtpx:TrackPointExtension>
    </extensions>
   </trkpt>
   <trkpt lat="69.6509560" lon="19.0244170">
    <ele>183.1</ele>
    <time>2025-02-28T15:07:20Z</time>
    <extensions>
     <gpxtpx:TrackPointExtension>
      <gpxtpx:hr>177</gpxtpx:hr>
     </gpxtpx:TrackPointExtension>
    </extensions>
   </trkpt>
   <trkpt lat="69.6509560" lon="19.0244170">
    <ele>183.1</ele>
    <time>2025-02-28T15:07:21Z</time>
    <extensions>
     <gpxtpx:TrackPointExtension>
      <gpxtpx:hr>176</gpxtpx:hr>
     </gpxtpx:TrackPointExtension>
    </extensions>
   </trkpt>
   <trkpt lat="69.6509560" lon="19.0244170">
    <ele>183.1</ele>
    <time>2025-02-28T15:07:23Z</time>
    <extensions>
     <gpxtpx:TrackPointExtension>
      <gpxtpx:hr>176</gpxtpx:hr>
     </gpxtpx:TrackPointExtension>
    </extensions>
   </trkpt>
   <trkpt lat="69.6509840" lon="19.0244760">
    <ele>185.0</ele>
    <time>2025-02-28T15:07:24Z</time>
    <extensions>
     <gpxtpx:TrackPointExtension>
      <gpxtpx:hr>176</gpxtpx:hr>
     </gpxtpx:TrackPointExtension>
    </extensions>
   </trkpt>
   <trkpt lat="69.6510060" lon="19.0244780">
    <ele>186.1</ele>
    <time>2025-02-28T15:07:25Z</time>
    <extensions>
     <gpxtpx:TrackPointExtension>
      <gpxtpx:hr>176</gpxtpx:hr>
     </gpxtpx:TrackPointExtension>
    </extensions>
   </trkpt>
   <trkpt lat="69.6509990" lon="19.0244890">
    <ele>186.5</ele>
    <time>2025-02-28T15:07:26Z</time>
    <extensions>
     <gpxtpx:TrackPointExtension>
      <gpxtpx:hr>176</gpxtpx:hr>
     </gpxtpx:TrackPointExtension>
    </extensions>
   </trkpt>
   <trkpt lat="69.6509970" lon="19.0244880">
    <ele>186.6</ele>
    <time>2025-02-28T15:07:27Z</time>
    <extensions>
     <gpxtpx:TrackPointExtension>
      <gpxtpx:hr>176</gpxtpx:hr>
     </gpxtpx:TrackPointExtension>
    </extensions>
   </trkpt>
   <trkpt lat="69.6509920" lon="19.0244850">
    <ele>186.9</ele>
    <time>2025-02-28T15:07:28Z</time>
    <extensions>
     <gpxtpx:TrackPointExtension>
      <gpxtpx:hr>176</gpxtpx:hr>
     </gpxtpx:TrackPointExtension>
    </extensions>
   </trkpt>
   <trkpt lat="69.6509880" lon="19.0244860">
    <ele>187.1</ele>
    <time>2025-02-28T15:07:29Z</time>
    <extensions>
     <gpxtpx:TrackPointExtension>
      <gpxtpx:hr>176</gpxtpx:hr>
     </gpxtpx:TrackPointExtension>
    </extensions>
   </trkpt>
   <trkpt lat="69.6509860" lon="19.0244960">
    <ele>187.3</ele>
    <time>2025-02-28T15:07:30Z</time>
    <extensions>
     <gpxtpx:TrackPointExtension>
      <gpxtpx:hr>177</gpxtpx:hr>
     </gpxtpx:TrackPointExtension>
    </extensions>
   </trkpt>
   <trkpt lat="69.6509850" lon="19.0245200">
    <ele>187.8</ele>
    <time>2025-02-28T15:07:31Z</time>
    <extensions>
     <gpxtpx:TrackPointExtension>
      <gpxtpx:hr>177</gpxtpx:hr>
     </gpxtpx:TrackPointExtension>
    </extensions>
   </trkpt>
   <trkpt lat="69.6509830" lon="19.0245220">
    <ele>187.9</ele>
    <time>2025-02-28T15:07:32Z</time>
    <extensions>
     <gpxtpx:TrackPointExtension>
      <gpxtpx:hr>176</gpxtpx:hr>
     </gpxtpx:TrackPointExtension>
    </extensions>
   </trkpt>
   <trkpt lat="69.6509890" lon="19.0245400">
    <ele>188.3</ele>
    <time>2025-02-28T15:07:33Z</time>
    <extensions>
     <gpxtpx:TrackPointExtension>
      <gpxtpx:hr>176</gpxtpx:hr>
     </gpxtpx:TrackPointExtension>
    </extensions>
   </trkpt>
   <trkpt lat="69.6509980" lon="19.0245540">
    <ele>188.9</ele>
    <time>2025-02-28T15:07:34Z</time>
    <extensions>
     <gpxtpx:TrackPointExtension>
      <gpxtpx:hr>176</gpxtpx:hr>
     </gpxtpx:TrackPointExtension>
    </extensions>
   </trkpt>
   <trkpt lat="69.6509990" lon="19.0245540">
    <ele>188.9</ele>
    <time>2025-02-28T15:07:35Z</time>
    <extensions>
     <gpxtpx:TrackPointExtension>
      <gpxtpx:hr>176</gpxtpx:hr>
     </gpxtpx:TrackPointExtension>
    </extensions>
   </trkpt>
   <trkpt lat="69.6510000" lon="19.0245610">
    <ele>189.1</ele>
    <time>2025-02-28T15:07:36Z</time>
    <extensions>
     <gpxtpx:TrackPointExtension>
      <gpxtpx:hr>176</gpxtpx:hr>
     </gpxtpx:TrackPointExtension>
    </extensions>
   </trkpt>
   <trkpt lat="69.6510050" lon="19.0245720">
    <ele>189.4</ele>
    <time>2025-02-28T15:07:37Z</time>
    <extensions>
     <gpxtpx:TrackPointExtension>
      <gpxtpx:hr>176</gpxtpx:hr>
     </gpxtpx:TrackPointExtension>
    </extensions>
   </trkpt>
   <trkpt lat="69.6510170" lon="19.0245710">
    <ele>190.0</ele>
    <time>2025-02-28T15:07:38Z</time>
    <extensions>
     <gpxtpx:TrackPointExtension>
      <gpxtpx:hr>176</gpxtpx:hr>
     </gpxtpx:TrackPointExtension>
    </extensions>
   </trkpt>
   <trkpt lat="69.6509980" lon="19.0245760">
    <ele>191.1</ele>
    <time>2025-02-28T15:07:39Z</time>
    <extensions>
     <gpxtpx:TrackPointExtension>
      <gpxtpx:hr>176</gpxtpx:hr>
     </gpxtpx:TrackPointExtension>
    </extensions>
   </trkpt>
   <trkpt lat="69.6509970" lon="19.0245800">
    <ele>191.1</ele>
    <time>2025-02-28T15:07:40Z</time>
    <extensions>
     <gpxtpx:TrackPointExtension>
      <gpxtpx:hr>170</gpxtpx:hr>
     </gpxtpx:TrackPointExtension>
    </extensions>
   </trkpt>
   <trkpt lat="69.6509930" lon="19.0245830">
    <ele>191.4</ele>
    <time>2025-02-28T15:07:41Z</time>
    <extensions>
     <gpxtpx:TrackPointExtension>
      <gpxtpx:hr>170</gpxtpx:hr>
     </gpxtpx:TrackPointExtension>
    </extensions>
   </trkpt>
   <trkpt lat="69.6509900" lon="19.0245930">
    <ele>191.6</ele>
    <time>2025-02-28T15:07:42Z</time>
    <extensions>
     <gpxtpx:TrackPointExtension>
      <gpxtpx:hr>170</gpxtpx:hr>
     </gpxtpx:TrackPointExtension>
    </extensions>
   </trkpt>
   <trkpt lat="69.6509840" lon="19.0245830">
    <ele>192.0</ele>
    <time>2025-02-28T15:07:43Z</time>
    <extensions>
     <gpxtpx:TrackPointExtension>
      <gpxtpx:hr>169</gpxtpx:hr>
     </gpxtpx:TrackPointExtension>
    </extensions>
   </trkpt>
   <trkpt lat="69.6509780" lon="19.0245890">
    <ele>192.4</ele>
    <time>2025-02-28T15:07:44Z</time>
    <extensions>
     <gpxtpx:TrackPointExtension>
      <gpxtpx:hr>169</gpxtpx:hr>
     </gpxtpx:TrackPointExtension>
    </extensions>
   </trkpt>
   <trkpt lat="69.6509810" lon="19.0246000">
    <ele>192.6</ele>
    <time>2025-02-28T15:07:45Z</time>
    <extensions>
     <gpxtpx:TrackPointExtension>
      <gpxtpx:hr>169</gpxtpx:hr>
     </gpxtpx:TrackPointExtension>
    </extensions>
   </trkpt>
   <trkpt lat="69.6509800" lon="19.0246290">
    <ele>193.2</ele>
    <time>2025-02-28T15:07:46Z</time>
    <extensions>
     <gpxtpx:TrackPointExtension>
      <gpxtpx:hr>169</gpxtpx:hr>
     </gpxtpx:TrackPointExtension>
    </extensions>
   </trkpt>
   <trkpt lat="69.6509810" lon="19.0246450">
    <ele>193.5</ele>
    <time>2025-02-28T15:07:47Z</time>
    <extensions>
     <gpxtpx:TrackPointExtension>
      <gpxtpx:hr>169</gpxtpx:hr>
     </gpxtpx:TrackPointExtension>
    </extensions>
   </trkpt>
   <trkpt lat="69.6509860" lon="19.0246530">
    <ele>193.8</ele>
    <time>2025-02-28T15:07:48Z</time>
    <extensions>
     <gpxtpx:TrackPointExtension>
      <gpxtpx:hr>169</gpxtpx:hr>
     </gpxtpx:TrackPointExtension>
    </extensions>
   </trkpt>
   <trkpt lat="69.6509940" lon="19.0246570">
    <ele>194.3</ele>
    <time>2025-02-28T15:07:49Z</time>
    <extensions>
     <gpxtpx:TrackPointExtension>
      <gpxtpx:hr>169</gpxtpx:hr>
     </gpxtpx:TrackPointExtension>
    </extensions>
   </trkpt>
   <trkpt lat="69.6510020" lon="19.0246780">
    <ele>194.9</ele>
    <time>2025-02-28T15:07:50Z</time>
    <extensions>
     <gpxtpx:TrackPointExtension>
      <gpxtpx:hr>157</gpxtpx:hr>
     </gpxtpx:TrackPointExtension>
    </extensions>
   </trkpt>
   <trkpt lat="69.6510090" lon="19.0246910">
    <ele>195.3</ele>
    <time>2025-02-28T15:07:51Z</time>
    <extensions>
     <gpxtpx:TrackPointExtension>
      <gpxtpx:hr>156</gpxtpx:hr>
     </gpxtpx:TrackPointExtension>
    </extensions>
   </trkpt>
   <trkpt lat="69.6510180" lon="19.0246810">
    <ele>195.9</ele>
    <time>2025-02-28T15:07:52Z</time>
    <extensions>
     <gpxtpx:TrackPointExtension>
      <gpxtpx:hr>156</gpxtpx:hr>
     </gpxtpx:TrackPointExtension>
    </extensions>
   </trkpt>
   <trkpt lat="69.6510120" lon="19.0246840">
    <ele>196.2</ele>
    <time>2025-02-28T15:07:53Z</time>
    <extensions>
     <gpxtpx:TrackPointExtension>
      <gpxtpx:hr>156</gpxtpx:hr>
     </gpxtpx:TrackPointExtension>
    </extensions>
   </trkpt>
   <trkpt lat="69.6510040" lon="19.0246830">
    <ele>196.6</ele>
    <time>2025-02-28T15:07:54Z</time>
    <extensions>
     <gpxtpx:TrackPointExtension>
      <gpxtpx:hr>156</gpxtpx:hr>
     </gpxtpx:TrackPointExtension>
    </extensions>
   </trkpt>
   <trkpt lat="69.6510040" lon="19.0246890">
    <ele>196.7</ele>
    <time>2025-02-28T15:07:55Z</time>
    <extensions>
     <gpxtpx:TrackPointExtension>
      <gpxtpx:hr>156</gpxtpx:hr>
     </gpxtpx:TrackPointExtension>
    </extensions>
   </trkpt>
   <trkpt lat="69.6509950" lon="19.0247120">
    <ele>197.4</ele>
    <time>2025-02-28T15:07:56Z</time>
    <extensions>
     <gpxtpx:TrackPointExtension>
      <gpxtpx:hr>156</gpxtpx:hr>
     </gpxtpx:TrackPointExtension>
    </extensions>
   </trkpt>
   <trkpt lat="69.6510180" lon="19.0247550">
    <ele>198.9</ele>
    <time>2025-02-28T15:07:57Z</time>
    <extensions>
     <gpxtpx:TrackPointExtension>
      <gpxtpx:hr>156</gpxtpx:hr>
     </gpxtpx:TrackPointExtension>
    </extensions>
   </trkpt>
   <trkpt lat="69.6510200" lon="19.0247550">
    <ele>199.0</ele>
    <time>2025-02-28T15:07:58Z</time>
    <extensions>
     <gpxtpx:TrackPointExtension>
      <gpxtpx:hr>156</gpxtpx:hr>
     </gpxtpx:TrackPointExtension>
    </extensions>
   </trkpt>
   <trkpt lat="69.6510240" lon="19.0247590">
    <ele>199.3</ele>
    <time>2025-02-28T15:07:59Z</time>
    <extensions>
     <gpxtpx:TrackPointExtension>
      <gpxtpx:hr>173</gpxtpx:hr>
     </gpxtpx:TrackPointExtension>
    </extensions>
   </trkpt>
   <trkpt lat="69.6510230" lon="19.0247670">
    <ele>199.4</ele>
    <time>2025-02-28T15:08:00Z</time>
    <extensions>
     <gpxtpx:TrackPointExtension>
      <gpxtpx:hr>173</gpxtpx:hr>
     </gpxtpx:TrackPointExtension>
    </extensions>
   </trkpt>
   <trkpt lat="69.6510380" lon="19.0247700">
    <ele>200.3</ele>
    <time>2025-02-28T15:08:01Z</time>
    <extensions>
     <gpxtpx:TrackPointExtension>
      <gpxtpx:hr>173</gpxtpx:hr>
     </gpxtpx:TrackPointExtension>
    </extensions>
   </trkpt>
   <trkpt lat="69.6510480" lon="19.0247870">
    <ele>200.9</ele>
    <time>2025-02-28T15:08:02Z</time>
    <extensions>
     <gpxtpx:TrackPointExtension>
      <gpxtpx:hr>173</gpxtpx:hr>
     </gpxtpx:TrackPointExtension>
    </extensions>
   </trkpt>
   <trkpt lat="69.6510480" lon="19.0247870">
    <ele>200.9</ele>
    <time>2025-02-28T15:08:04Z</time>
    <extensions>
     <gpxtpx:TrackPointExtension>
      <gpxtpx:hr>173</gpxtpx:hr>
     </gpxtpx:TrackPointExtension>
    </extensions>
   </trkpt>
   <trkpt lat="69.6510480" lon="19.0247870">
    <ele>200.9</ele>
    <time>2025-02-28T15:08:06Z</time>
    <extensions>
     <gpxtpx:TrackPointExtension>
      <gpxtpx:hr>173</gpxtpx:hr>
     </gpxtpx:TrackPointExtension>
    </extensions>
   </trkpt>
   <trkpt lat="69.6510400" lon="19.0247950">
    <ele>201.4</ele>
    <time>2025-02-28T15:08:07Z</time>
    <extensions>
     <gpxtpx:TrackPointExtension>
      <gpxtpx:hr>173</gpxtpx:hr>
     </gpxtpx:TrackPointExtension>
    </extensions>
   </trkpt>
   <trkpt lat="69.6510380" lon="19.0248020">
    <ele>201.5</ele>
    <time>2025-02-28T15:08:08Z</time>
    <extensions>
     <gpxtpx:TrackPointExtension>
      <gpxtpx:hr>173</gpxtpx:hr>
     </gpxtpx:TrackPointExtension>
    </extensions>
   </trkpt>
   <trkpt lat="69.6510270" lon="19.0247950">
    <ele>202.1</ele>
    <time>2025-02-28T15:08:09Z</time>
    <extensions>
     <gpxtpx:TrackPointExtension>
      <gpxtpx:hr>173</gpxtpx:hr>
     </gpxtpx:TrackPointExtension>
    </extensions>
   </trkpt>
   <trkpt lat="69.6510180" lon="19.0247890">
    <ele>202.6</ele>
    <time>2025-02-28T15:08:10Z</time>
    <extensions>
     <gpxtpx:TrackPointExtension>
      <gpxtpx:hr>172</gpxtpx:hr>
     </gpxtpx:TrackPointExtension>
    </extensions>
   </trkpt>
   <trkpt lat="69.6510170" lon="19.0248020">
    <ele>202.9</ele>
    <time>2025-02-28T15:08:11Z</time>
    <extensions>
     <gpxtpx:TrackPointExtension>
      <gpxtpx:hr>172</gpxtpx:hr>
     </gpxtpx:TrackPointExtension>
    </extensions>
   </trkpt>
   <trkpt lat="69.6510130" lon="19.0247920">
    <ele>203.1</ele>
    <time>2025-02-28T15:08:12Z</time>
    <extensions>
     <gpxtpx:TrackPointExtension>
      <gpxtpx:hr>172</gpxtpx:hr>
     </gpxtpx:TrackPointExtension>
    </extensions>
   </trkpt>
   <trkpt lat="69.6510140" lon="19.0247930">
    <ele>203.2</ele>
    <time>2025-02-28T15:08:13Z</time>
    <extensions>
     <gpxtpx:TrackPointExtension>
      <gpxtpx:hr>174</gpxtpx:hr>
     </gpxtpx:TrackPointExtension>
    </extensions>
   </trkpt>
   <trkpt lat="69.6510020" lon="19.0248000">
    <ele>203.8</ele>
    <time>2025-02-28T15:08:14Z</time>
    <extensions>
     <gpxtpx:TrackPointExtension>
      <gpxtpx:hr>174</gpxtpx:hr>
     </gpxtpx:TrackPointExtension>
    </extensions>
   </trkpt>
   <trkpt lat="69.6510090" lon="19.0248260">
    <ele>204.4</ele>
    <time>2025-02-28T15:08:15Z</time>
    <extensions>
     <gpxtpx:TrackPointExtension>
      <gpxtpx:hr>174</gpxtpx:hr>
     </gpxtpx:TrackPointExtension>
    </extensions>
   </trkpt>
   <trkpt lat="69.6510070" lon="19.0248240">
    <ele>204.6</ele>
    <time>2025-02-28T15:08:16Z</time>
    <extensions>
     <gpxtpx:TrackPointExtension>
      <gpxtpx:hr>174</gpxtpx:hr>
     </gpxtpx:TrackPointExtension>
    </extensions>
   </trkpt>
   <trkpt lat="69.6510070" lon="19.0248420">
    <ele>204.9</ele>
    <time>2025-02-28T15:08:17Z</time>
    <extensions>
     <gpxtpx:TrackPointExtension>
      <gpxtpx:hr>174</gpxtpx:hr>
     </gpxtpx:TrackPointExtension>
    </extensions>
   </trkpt>
   <trkpt lat="69.6510070" lon="19.0248610">
    <ele>205.2</ele>
    <time>2025-02-28T15:08:18Z</time>
    <extensions>
     <gpxtpx:TrackPointExtension>
      <gpxtpx:hr>174</gpxtpx:hr>
     </gpxtpx:TrackPointExtension>
    </extensions>
   </trkpt>
   <trkpt lat="69.6510090" lon="19.0248660">
    <ele>205.3</ele>
    <time>2025-02-28T15:08:19Z</time>
    <extensions>
     <gpxtpx:TrackPointExtension>
      <gpxtpx:hr>174</gpxtpx:hr>
     </gpxtpx:TrackPointExtension>
    </extensions>
   </trkpt>
   <trkpt lat="69.6510130" lon="19.0248920">
    <ele>205.8</ele>
    <time>2025-02-28T15:08:20Z</time>
    <extensions>
     <gpxtpx:TrackPointExtension>
      <gpxtpx:hr>158</gpxtpx:hr>
     </gpxtpx:TrackPointExtension>
    </extensions>
   </trkpt>
   <trkpt lat="69.6510080" lon="19.0249000">
    <ele>206.1</ele>
    <time>2025-02-28T15:08:21Z</time>
    <extensions>
     <gpxtpx:TrackPointExtension>
      <gpxtpx:hr>158</gpxtpx:hr>
     </gpxtpx:TrackPointExtension>
    </extensions>
   </trkpt>
   <trkpt lat="69.6510040" lon="19.0249350">
    <ele>206.8</ele>
    <time>2025-02-28T15:08:22Z</time>
    <extensions>
     <gpxtpx:TrackPointExtension>
      <gpxtpx:hr>158</gpxtpx:hr>
     </gpxtpx:TrackPointExtension>
    </extensions>
   </trkpt>
   <trkpt lat="69.6510060" lon="19.0249490">
    <ele>207.1</ele>
    <time>2025-02-28T15:08:23Z</time>
    <extensions>
     <gpxtpx:TrackPointExtension>
      <gpxtpx:hr>158</gpxtpx:hr>
     </gpxtpx:TrackPointExtension>
    </extensions>
   </trkpt>
   <trkpt lat="69.6510060" lon="19.0249490">
    <ele>207.1</ele>
    <time>2025-02-28T15:08:24Z</time>
    <extensions>
     <gpxtpx:TrackPointExtension>
      <gpxtpx:hr>158</gpxtpx:hr>
     </gpxtpx:TrackPointExtension>
    </extensions>
   </trkpt>
   <trkpt lat="69.6510060" lon="19.0249520">
    <ele>207.1</ele>
    <time>2025-02-28T15:08:25Z</time>
    <extensions>
     <gpxtpx:TrackPointExtension>
      <gpxtpx:hr>157</gpxtpx:hr>
     </gpxtpx:TrackPointExtension>
    </extensions>
   </trkpt>
   <trkpt lat="69.6510020" lon="19.0249610">
    <ele>207.4</ele>
    <time>2025-02-28T15:08:26Z</time>
    <extensions>
     <gpxtpx:TrackPointExtension>
      <gpxtpx:hr>157</gpxtpx:hr>
     </gpxtpx:TrackPointExtension>
    </extensions>
   </trkpt>
   <trkpt lat="69.6510020" lon="19.0249840">
    <ele>207.8</ele>
    <time>2025-02-28T15:08:27Z</time>
    <extensions>
     <gpxtpx:TrackPointExtension>
      <gpxtpx:hr>157</gpxtpx:hr>
     </gpxtpx:TrackPointExtension>
    </extensions>
   </trkpt>
   <trkpt lat="69.6509970" lon="19.0249960">
    <ele>208.1</ele>
    <time>2025-02-28T15:08:28Z</time>
    <extensions>
     <gpxtpx:TrackPointExtension>
      <gpxtpx:hr>157</gpxtpx:hr>
     </gpxtpx:TrackPointExtension>
    </extensions>
   </trkpt>
   <trkpt lat="69.6509990" lon="19.0250110">
    <ele>208.4</ele>
    <time>2025-02-28T15:08:29Z</time>
    <extensions>
     <gpxtpx:TrackPointExtension>
      <gpxtpx:hr>157</gpxtpx:hr>
     </gpxtpx:TrackPointExtension>
    </extensions>
   </trkpt>
   <trkpt lat="69.6510050" lon="19.0250190">
    <ele>208.7</ele>
    <time>2025-02-28T15:08:30Z</time>
    <extensions>
     <gpxtpx:TrackPointExtension>
      <gpxtpx:hr>157</gpxtpx:hr>
     </gpxtpx:TrackPointExtension>
    </extensions>
   </trkpt>
   <trkpt lat="69.6510030" lon="19.0250440">
    <ele>209.2</ele>
    <time>2025-02-28T15:08:31Z</time>
    <extensions>
     <gpxtpx:TrackPointExtension>
      <gpxtpx:hr>157</gpxtpx:hr>
     </gpxtpx:TrackPointExtension>
    </extensions>
   </trkpt>
   <trkpt lat="69.6510010" lon="19.0250710">
    <ele>209.7</ele>
    <time>2025-02-28T15:08:32Z</time>
    <extensions>
     <gpxtpx:TrackPointExtension>
      <gpxtpx:hr>157</gpxtpx:hr>
     </gpxtpx:TrackPointExtension>
    </extensions>
   </trkpt>
   <trkpt lat="69.6509960" lon="19.0250820">
    <ele>210.0</ele>
    <time>2025-02-28T15:08:33Z</time>
    <extensions>
     <gpxtpx:TrackPointExtension>
      <gpxtpx:hr>157</gpxtpx:hr>
     </gpxtpx:TrackPointExtension>
    </extensions>
   </trkpt>
   <trkpt lat="69.6509910" lon="19.0250810">
    <ele>210.2</ele>
    <time>2025-02-28T15:08:34Z</time>
    <extensions>
     <gpxtpx:TrackPointExtension>
      <gpxtpx:hr>157</gpxtpx:hr>
     </gpxtpx:TrackPointExtension>
    </extensions>
   </trkpt>
   <trkpt lat="69.6509940" lon="19.0250860">
    <ele>210.4</ele>
    <time>2025-02-28T15:08:35Z</time>
    <extensions>
     <gpxtpx:TrackPointExtension>
      <gpxtpx:hr>157</gpxtpx:hr>
     </gpxtpx:TrackPointExtension>
    </extensions>
   </trkpt>
   <trkpt lat="69.6509960" lon="19.0251060">
    <ele>210.8</ele>
    <time>2025-02-28T15:08:36Z</time>
    <extensions>
     <gpxtpx:TrackPointExtension>
      <gpxtpx:hr>157</gpxtpx:hr>
     </gpxtpx:TrackPointExtension>
    </extensions>
   </trkpt>
   <trkpt lat="69.6509970" lon="19.0251110">
    <ele>210.9</ele>
    <time>2025-02-28T15:08:37Z</time>
    <extensions>
     <gpxtpx:TrackPointExtension>
      <gpxtpx:hr>157</gpxtpx:hr>
     </gpxtpx:TrackPointExtension>
    </extensions>
   </trkpt>
   <trkpt lat="69.6510010" lon="19.0251160">
    <ele>211.1</ele>
    <time>2025-02-28T15:08:38Z</time>
    <extensions>
     <gpxtpx:TrackPointExtension>
      <gpxtpx:hr>157</gpxtpx:hr>
     </gpxtpx:TrackPointExtension>
    </extensions>
   </trkpt>
   <trkpt lat="69.6509980" lon="19.0251140">
    <ele>211.3</ele>
    <time>2025-02-28T15:08:39Z</time>
    <extensions>
     <gpxtpx:TrackPointExtension>
      <gpxtpx:hr>157</gpxtpx:hr>
     </gpxtpx:TrackPointExtension>
    </extensions>
   </trkpt>
   <trkpt lat="69.6509990" lon="19.0251170">
    <ele>211.3</ele>
    <time>2025-02-28T15:08:40Z</time>
    <extensions>
     <gpxtpx:TrackPointExtension>
      <gpxtpx:hr>157</gpxtpx:hr>
     </gpxtpx:TrackPointExtension>
    </extensions>
   </trkpt>
   <trkpt lat="69.6509990" lon="19.0251170">
    <ele>211.3</ele>
    <time>2025-02-28T15:08:41Z</time>
    <extensions>
     <gpxtpx:TrackPointExtension>
      <gpxtpx:hr>157</gpxtpx:hr>
     </gpxtpx:TrackPointExtension>
    </extensions>
   </trkpt>
   <trkpt lat="69.6509920" lon="19.0251430">
    <ele>211.9</ele>
    <time>2025-02-28T15:08:42Z</time>
    <extensions>
     <gpxtpx:TrackPointExtension>
      <gpxtpx:hr>157</gpxtpx:hr>
     </gpxtpx:TrackPointExtension>
    </extensions>
   </trkpt>
   <trkpt lat="69.6509940" lon="19.0251580">
    <ele>212.2</ele>
    <time>2025-02-28T15:08:43Z</time>
    <extensions>
     <gpxtpx:TrackPointExtension>
      <gpxtpx:hr>157</gpxtpx:hr>
     </gpxtpx:TrackPointExtension>
    </extensions>
   </trkpt>
   <trkpt lat="69.6509950" lon="19.0251700">
    <ele>212.4</ele>
    <time>2025-02-28T15:08:44Z</time>
    <extensions>
     <gpxtpx:TrackPointExtension>
      <gpxtpx:hr>157</gpxtpx:hr>
     </gpxtpx:TrackPointExtension>
    </extensions>
   </trkpt>
   <trkpt lat="69.6509970" lon="19.0251670">
    <ele>212.5</ele>
    <time>2025-02-28T15:08:45Z</time>
    <extensions>
     <gpxtpx:TrackPointExtension>
      <gpxtpx:hr>157</gpxtpx:hr>
     </gpxtpx:TrackPointExtension>
    </extensions>
   </trkpt>
   <trkpt lat="69.6510240" lon="19.0251770">
    <ele>213.9</ele>
    <time>2025-02-28T15:08:47Z</time>
    <extensions>
     <gpxtpx:TrackPointExtension>
      <gpxtpx:hr>157</gpxtpx:hr>
     </gpxtpx:TrackPointExtension>
    </extensions>
   </trkpt>
   <trkpt lat="69.6510320" lon="19.0251920">
    <ele>214.4</ele>
    <time>2025-02-28T15:08:48Z</time>
    <extensions>
     <gpxtpx:TrackPointExtension>
      <gpxtpx:hr>157</gpxtpx:hr>
     </gpxtpx:TrackPointExtension>
    </extensions>
   </trkpt>
   <trkpt lat="69.6510380" lon="19.0252010">
    <ele>214.8</ele>
    <time>2025-02-28T15:08:49Z</time>
    <extensions>
     <gpxtpx:TrackPointExtension>
      <gpxtpx:hr>157</gpxtpx:hr>
     </gpxtpx:TrackPointExtension>
    </extensions>
   </trkpt>
   <trkpt lat="69.6510370" lon="19.0251960">
    <ele>214.9</ele>
    <time>2025-02-28T15:08:50Z</time>
    <extensions>
     <gpxtpx:TrackPointExtension>
      <gpxtpx:hr>170</gpxtpx:hr>
     </gpxtpx:TrackPointExtension>
    </extensions>
   </trkpt>
   <trkpt lat="69.6510330" lon="19.0251910">
    <ele>215.1</ele>
    <time>2025-02-28T15:08:51Z</time>
    <extensions>
     <gpxtpx:TrackPointExtension>
      <gpxtpx:hr>170</gpxtpx:hr>
     </gpxtpx:TrackPointExtension>
    </extensions>
   </trkpt>
   <trkpt lat="69.6510330" lon="19.0251910">
    <ele>215.1</ele>
    <time>2025-02-28T15:08:52Z</time>
    <extensions>
     <gpxtpx:TrackPointExtension>
      <gpxtpx:hr>170</gpxtpx:hr>
     </gpxtpx:TrackPointExtension>
    </extensions>
   </trkpt>
   <trkpt lat="69.6510330" lon="19.0252270">
    <ele>215.7</ele>
    <time>2025-02-28T15:08:53Z</time>
    <extensions>
     <gpxtpx:TrackPointExtension>
      <gpxtpx:hr>170</gpxtpx:hr>
     </gpxtpx:TrackPointExtension>
    </extensions>
   </trkpt>
   <trkpt lat="69.6510300" lon="19.0252400">
    <ele>216.0</ele>
    <time>2025-02-28T15:08:54Z</time>
    <extensions>
     <gpxtpx:TrackPointExtension>
      <gpxtpx:hr>174</gpxtpx:hr>
     </gpxtpx:TrackPointExtension>
    </extensions>
   </trkpt>
   <trkpt lat="69.6510260" lon="19.0252310">
    <ele>216.2</ele>
    <time>2025-02-28T15:08:55Z</time>
    <extensions>
     <gpxtpx:TrackPointExtension>
      <gpxtpx:hr>174</gpxtpx:hr>
     </gpxtpx:TrackPointExtension>
    </extensions>
   </trkpt>
   <trkpt lat="69.6510220" lon="19.0252340">
    <ele>216.5</ele>
    <time>2025-02-28T15:08:56Z</time>
    <extensions>
     <gpxtpx:TrackPointExtension>
      <gpxtpx:hr>174</gpxtpx:hr>
     </gpxtpx:TrackPointExtension>
    </extensions>
   </trkpt>
   <trkpt lat="69.6510140" lon="19.0252430">
    <ele>216.9</ele>
    <time>2025-02-28T15:08:57Z</time>
    <extensions>
     <gpxtpx:TrackPointExtension>
      <gpxtpx:hr>175</gpxtpx:hr>
     </gpxtpx:TrackPointExtension>
    </extensions>
   </trkpt>
   <trkpt lat="69.6510130" lon="19.0252490">
    <ele>217.0</ele>
    <time>2025-02-28T15:08:58Z</time>
    <extensions>
     <gpxtpx:TrackPointExtension>
      <gpxtpx:hr>175</gpxtpx:hr>
     </gpxtpx:TrackPointExtension>
    </extensions>
   </trkpt>
   <trkpt lat="69.6510200" lon="19.0252390">
    <ele>217.4</ele>
    <time>2025-02-28T15:08:59Z</time>
    <extensions>
     <gpxtpx:TrackPointExtension>
      <gpxtpx:hr>175</gpxtpx:hr>
     </gpxtpx:TrackPointExtension>
    </extensions>
   </trkpt>
   <trkpt lat="69.6510290" lon="19.0252650">
    <ele>218.0</ele>
    <time>2025-02-28T15:09:00Z</time>
    <extensions>
     <gpxtpx:TrackPointExtension>
      <gpxtpx:hr>175</gpxtpx:hr>
     </gpxtpx:TrackPointExtension>
    </extensions>
   </trkpt>
   <trkpt lat="69.6510350" lon="19.0252900">
    <ele>218.5</ele>
    <time>2025-02-28T15:09:01Z</time>
    <extensions>
     <gpxtpx:TrackPointExtension>
      <gpxtpx:hr>175</gpxtpx:hr>
     </gpxtpx:TrackPointExtension>
    </extensions>
   </trkpt>
   <trkpt lat="69.6510370" lon="19.0252970">
    <ele>218.7</ele>
    <time>2025-02-28T15:09:02Z</time>
    <extensions>
     <gpxtpx:TrackPointExtension>
      <gpxtpx:hr>175</gpxtpx:hr>
     </gpxtpx:TrackPointExtension>
    </extensions>
   </trkpt>
   <trkpt lat="69.6510350" lon="19.0253070">
    <ele>218.9</ele>
    <time>2025-02-28T15:09:03Z</time>
    <extensions>
     <gpxtpx:TrackPointExtension>
      <gpxtpx:hr>175</gpxtpx:hr>
     </gpxtpx:TrackPointExtension>
    </extensions>
   </trkpt>
   <trkpt lat="69.6510310" lon="19.0253160">
    <ele>219.1</ele>
    <time>2025-02-28T15:09:04Z</time>
    <extensions>
     <gpxtpx:TrackPointExtension>
      <gpxtpx:hr>175</gpxtpx:hr>
     </gpxtpx:TrackPointExtension>
    </extensions>
   </trkpt>
   <trkpt lat="69.6510300" lon="19.0253280">
    <ele>219.4</ele>
    <time>2025-02-28T15:09:05Z</time>
    <extensions>
     <gpxtpx:TrackPointExtension>
      <gpxtpx:hr>159</gpxtpx:hr>
     </gpxtpx:TrackPointExtension>
    </extensions>
   </trkpt>
   <trkpt lat="69.6510330" lon="19.0253560">
    <ele>219.9</ele>
    <time>2025-02-28T15:09:06Z</time>
    <extensions>
     <gpxtpx:TrackPointExtension>
      <gpxtpx:hr>159</gpxtpx:hr>
     </gpxtpx:TrackPointExtension>
    </extensions>
   </trkpt>
   <trkpt lat="69.6510320" lon="19.0253670">
    <ele>220.1</ele>
    <time>2025-02-28T15:09:07Z</time>
    <extensions>
     <gpxtpx:TrackPointExtension>
      <gpxtpx:hr>156</gpxtpx:hr>
     </gpxtpx:TrackPointExtension>
    </extensions>
   </trkpt>
   <trkpt lat="69.6510340" lon="19.0253770">
    <ele>220.3</ele>
    <time>2025-02-28T15:09:08Z</time>
    <extensions>
     <gpxtpx:TrackPointExtension>
      <gpxtpx:hr>156</gpxtpx:hr>
     </gpxtpx:TrackPointExtension>
    </extensions>
   </trkpt>
   <trkpt lat="69.6510350" lon="19.0253940">
    <ele>220.6</ele>
    <time>2025-02-28T15:09:09Z</time>
    <extensions>
     <gpxtpx:TrackPointExtension>
      <gpxtpx:hr>156</gpxtpx:hr>
     </gpxtpx:TrackPointExtension>
    </extensions>
   </trkpt>
   <trkpt lat="69.6510370" lon="19.0254070">
    <ele>220.8</ele>
    <time>2025-02-28T15:09:10Z</time>
    <extensions>
     <gpxtpx:TrackPointExtension>
      <gpxtpx:hr>156</gpxtpx:hr>
     </gpxtpx:TrackPointExtension>
    </extensions>
   </trkpt>
   <trkpt lat="69.6510290" lon="19.0254270">
    <ele>221.3</ele>
    <time>2025-02-28T15:09:11Z</time>
    <extensions>
     <gpxtpx:TrackPointExtension>
      <gpxtpx:hr>156</gpxtpx:hr>
     </gpxtpx:TrackPointExtension>
    </extensions>
   </trkpt>
   <trkpt lat="69.6510310" lon="19.0254630">
    <ele>221.9</ele>
    <time>2025-02-28T15:09:12Z</time>
    <extensions>
     <gpxtpx:TrackPointExtension>
      <gpxtpx:hr>156</gpxtpx:hr>
     </gpxtpx:TrackPointExtension>
    </extensions>
   </trkpt>
   <trkpt lat="69.6510310" lon="19.0254630">
    <ele>221.9</ele>
    <time>2025-02-28T15:09:13Z</time>
    <extensions>
     <gpxtpx:TrackPointExtension>
      <gpxtpx:hr>156</gpxtpx:hr>
     </gpxtpx:TrackPointExtension>
    </extensions>
   </trkpt>
   <trkpt lat="69.6510450" lon="19.0254910">
    <ele>222.8</ele>
    <time>2025-02-28T15:09:14Z</time>
    <extensions>
     <gpxtpx:TrackPointExtension>
      <gpxtpx:hr>156</gpxtpx:hr>
     </gpxtpx:TrackPointExtension>
    </extensions>
   </trkpt>
   <trkpt lat="69.6510540" lon="19.0255080">
    <ele>223.3</ele>
    <time>2025-02-28T15:09:15Z</time>
    <extensions>
     <gpxtpx:TrackPointExtension>
      <gpxtpx:hr>158</gpxtpx:hr>
     </gpxtpx:TrackPointExtension>
    </extensions>
   </trkpt>
   <trkpt lat="69.6510690" lon="19.0255340">
    <ele>224.2</ele>
    <time>2025-02-28T15:09:16Z</time>
    <extensions>
     <gpxtpx:TrackPointExtension>
      <gpxtpx:hr>158</gpxtpx:hr>
     </gpxtpx:TrackPointExtension>
    </extensions>
   </trkpt>
   <trkpt lat="69.6510750" lon="19.0255220">
    <ele>224.6</ele>
    <time>2025-02-28T15:09:17Z</time>
    <extensions>
     <gpxtpx:TrackPointExtension>
      <gpxtpx:hr>158</gpxtpx:hr>
     </gpxtpx:TrackPointExtension>
    </extensions>
   </trkpt>
   <trkpt lat="69.6510650" lon="19.0255360">
    <ele>225.1</ele>
    <time>2025-02-28T15:09:18Z</time>
    <extensions>
     <gpxtpx:TrackPointExtension>
      <gpxtpx:hr>158</gpxtpx:hr>
     </gpxtpx:TrackPointExtension>
    </extensions>
   </trkpt>
   <trkpt lat="69.6510560" lon="19.0255460">
    <ele>225.6</ele>
    <time>2025-02-28T15:09:19Z</time>
    <extensions>
     <gpxtpx:TrackPointExtension>
      <gpxtpx:hr>158</gpxtpx:hr>
     </gpxtpx:TrackPointExtension>
    </extensions>
   </trkpt>
   <trkpt lat="69.6510520" lon="19.0255430">
    <ele>225.8</ele>
    <time>2025-02-28T15:09:20Z</time>
    <extensions>
     <gpxtpx:TrackPointExtension>
      <gpxtpx:hr>157</gpxtpx:hr>
     </gpxtpx:TrackPointExtension>
    </extensions>
   </trkpt>
   <trkpt lat="69.6510520" lon="19.0255430">
    <ele>225.8</ele>
    <time>2025-02-28T15:09:21Z</time>
    <extensions>
     <gpxtpx:TrackPointExtension>
      <gpxtpx:hr>157</gpxtpx:hr>
     </gpxtpx:TrackPointExtension>
    </extensions>
   </trkpt>
   <trkpt lat="69.6510410" lon="19.0255110">
    <ele>226.5</ele>
    <time>2025-02-28T15:09:22Z</time>
    <extensions>
     <gpxtpx:TrackPointExtension>
      <gpxtpx:hr>157</gpxtpx:hr>
     </gpxtpx:TrackPointExtension>
    </extensions>
   </trkpt>
   <trkpt lat="69.6510420" lon="19.0255310">
    <ele>226.9</ele>
    <time>2025-02-28T15:09:23Z</time>
    <extensions>
     <gpxtpx:TrackPointExtension>
      <gpxtpx:hr>157</gpxtpx:hr>
     </gpxtpx:TrackPointExtension>
    </extensions>
   </trkpt>
   <trkpt lat="69.6510380" lon="19.0255390">
    <ele>227.1</ele>
    <time>2025-02-28T15:09:24Z</time>
    <extensions>
     <gpxtpx:TrackPointExtension>
      <gpxtpx:hr>157</gpxtpx:hr>
     </gpxtpx:TrackPointExtension>
    </extensions>
   </trkpt>
   <trkpt lat="69.6510280" lon="19.0255560">
    <ele>227.7</ele>
    <time>2025-02-28T15:09:25Z</time>
    <extensions>
     <gpxtpx:TrackPointExtension>
      <gpxtpx:hr>157</gpxtpx:hr>
     </gpxtpx:TrackPointExtension>
    </extensions>
   </trkpt>
   <trkpt lat="69.6510260" lon="19.0255760">
    <ele>228.0</ele>
    <time>2025-02-28T15:09:26Z</time>
    <extensions>
     <gpxtpx:TrackPointExtension>
      <gpxtpx:hr>157</gpxtpx:hr>
     </gpxtpx:TrackPointExtension>
    </extensions>
   </trkpt>
   <trkpt lat="69.6510310" lon="19.0256050">
    <ele>228.6</ele>
    <time>2025-02-28T15:09:27Z</time>
    <extensions>
     <gpxtpx:TrackPointExtension>
      <gpxtpx:hr>157</gpxtpx:hr>
     </gpxtpx:TrackPointExtension>
    </extensions>
   </trkpt>
   <trkpt lat="69.6510340" lon="19.0256230">
    <ele>228.9</ele>
    <time>2025-02-28T15:09:28Z</time>
    <extensions>
     <gpxtpx:TrackPointExtension>
      <gpxtpx:hr>157</gpxtpx:hr>
     </gpxtpx:TrackPointExtension>
    </extensions>
   </trkpt>
   <trkpt lat="69.6510470" lon="19.0256330">
    <ele>229.5</ele>
    <time>2025-02-28T15:09:29Z</time>
    <extensions>
     <gpxtpx:TrackPointExtension>
      <gpxtpx:hr>157</gpxtpx:hr>
     </gpxtpx:TrackPointExtension>
    </extensions>
   </trkpt>
   <trkpt lat="69.6510600" lon="19.0256550">
    <ele>230.3</ele>
    <time>2025-02-28T15:09:30Z</time>
    <extensions>
     <gpxtpx:TrackPointExtension>
      <gpxtpx:hr>157</gpxtpx:hr>
     </gpxtpx:TrackPointExtension>
    </extensions>
   </trkpt>
   <trkpt lat="69.6510670" lon="19.0256600">
    <ele>230.6</ele>
    <time>2025-02-28T15:09:31Z</time>
    <extensions>
     <gpxtpx:TrackPointExtension>
      <gpxtpx:hr>157</gpxtpx:hr>
     </gpxtpx:TrackPointExtension>
    </extensions>
   </trkpt>
   <trkpt lat="69.6510720" lon="19.0256770">
    <ele>231.0</ele>
    <time>2025-02-28T15:09:32Z</time>
    <extensions>
     <gpxtpx:TrackPointExtension>
      <gpxtpx:hr>157</gpxtpx:hr>
     </gpxtpx:TrackPointExtension>
    </extensions>
   </trkpt>
   <trkpt lat="69.6510780" lon="19.0256820">
    <ele>231.3</ele>
    <time>2025-02-28T15:09:33Z</time>
    <extensions>
     <gpxtpx:TrackPointExtension>
      <gpxtpx:hr>157</gpxtpx:hr>
     </gpxtpx:TrackPointExtension>
    </extensions>
   </trkpt>
   <trkpt lat="69.6510820" lon="19.0256860">
    <ele>231.5</ele>
    <time>2025-02-28T15:09:34Z</time>
    <extensions>
     <gpxtpx:TrackPointExtension>
      <gpxtpx:hr>157</gpxtpx:hr>
     </gpxtpx:TrackPointExtension>
    </extensions>
   </trkpt>
   <trkpt lat="69.6510930" lon="19.0257040">
    <ele>232.1</ele>
    <time>2025-02-28T15:09:35Z</time>
    <extensions>
     <gpxtpx:TrackPointExtension>
      <gpxtpx:hr>157</gpxtpx:hr>
     </gpxtpx:TrackPointExtension>
    </extensions>
   </trkpt>
   <trkpt lat="69.6510960" lon="19.0257190">
    <ele>232.4</ele>
    <time>2025-02-28T15:09:36Z</time>
    <extensions>
     <gpxtpx:TrackPointExtension>
      <gpxtpx:hr>157</gpxtpx:hr>
     </gpxtpx:TrackPointExtension>
    </extensions>
   </trkpt>
   <trkpt lat="69.6510970" lon="19.0257210">
    <ele>232.4</ele>
    <time>2025-02-28T15:09:37Z</time>
    <extensions>
     <gpxtpx:TrackPointExtension>
      <gpxtpx:hr>157</gpxtpx:hr>
     </gpxtpx:TrackPointExtension>
    </extensions>
   </trkpt>
   <trkpt lat="69.6511000" lon="19.0257250">
    <ele>232.6</ele>
    <time>2025-02-28T15:09:38Z</time>
    <extensions>
     <gpxtpx:TrackPointExtension>
      <gpxtpx:hr>157</gpxtpx:hr>
     </gpxtpx:TrackPointExtension>
    </extensions>
   </trkpt>
   <trkpt lat="69.6511020" lon="19.0257250">
    <ele>232.7</ele>
    <time>2025-02-28T15:09:39Z</time>
    <extensions>
     <gpxtpx:TrackPointExtension>
      <gpxtpx:hr>157</gpxtpx:hr>
     </gpxtpx:TrackPointExtension>
    </extensions>
   </trkpt>
   <trkpt lat="69.6511020" lon="19.0257250">
    <ele>232.7</ele>
    <time>2025-02-28T15:09:40Z</time>
    <extensions>
     <gpxtpx:TrackPointExtension>
      <gpxtpx:hr>157</gpxtpx:hr>
     </gpxtpx:TrackPointExtension>
    </extensions>
   </trkpt>
   <trkpt lat="69.6510750" lon="19.0256840">
    <ele>234.2</ele>
    <time>2025-02-28T15:09:41Z</time>
    <extensions>
     <gpxtpx:TrackPointExtension>
      <gpxtpx:hr>157</gpxtpx:hr>
     </gpxtpx:TrackPointExtension>
    </extensions>
   </trkpt>
   <trkpt lat="69.6510720" lon="19.0257010">
    <ele>234.5</ele>
    <time>2025-02-28T15:09:42Z</time>
    <extensions>
     <gpxtpx:TrackPointExtension>
      <gpxtpx:hr>171</gpxtpx:hr>
     </gpxtpx:TrackPointExtension>
    </extensions>
   </trkpt>
   <trkpt lat="69.6510670" lon="19.0257190">
    <ele>234.9</ele>
    <time>2025-02-28T15:09:43Z</time>
    <extensions>
     <gpxtpx:TrackPointExtension>
      <gpxtpx:hr>171</gpxtpx:hr>
     </gpxtpx:TrackPointExtension>
    </extensions>
   </trkpt>
   <trkpt lat="69.6510680" lon="19.0257520">
    <ele>235.4</ele>
    <time>2025-02-28T15:09:44Z</time>
    <extensions>
     <gpxtpx:TrackPointExtension>
      <gpxtpx:hr>171</gpxtpx:hr>
     </gpxtpx:TrackPointExtension>
    </extensions>
   </trkpt>
   <trkpt lat="69.6510760" lon="19.0257870">
    <ele>236.1</ele>
    <time>2025-02-28T15:09:45Z</time>
    <extensions>
     <gpxtpx:TrackPointExtension>
      <gpxtpx:hr>171</gpxtpx:hr>
     </gpxtpx:TrackPointExtension>
    </extensions>
   </trkpt>
   <trkpt lat="69.6510810" lon="19.0258080">
    <ele>236.5</ele>
    <time>2025-02-28T15:09:46Z</time>
    <extensions>
     <gpxtpx:TrackPointExtension>
      <gpxtpx:hr>173</gpxtpx:hr>
     </gpxtpx:TrackPointExtension>
    </extensions>
   </trkpt>
   <trkpt lat="69.6510780" lon="19.0258170">
    <ele>236.8</ele>
    <time>2025-02-28T15:09:47Z</time>
    <extensions>
     <gpxtpx:TrackPointExtension>
      <gpxtpx:hr>173</gpxtpx:hr>
     </gpxtpx:TrackPointExtension>
    </extensions>
   </trkpt>
   <trkpt lat="69.6510770" lon="19.0258180">
    <ele>236.8</ele>
    <time>2025-02-28T15:09:48Z</time>
    <extensions>
     <gpxtpx:TrackPointExtension>
      <gpxtpx:hr>173</gpxtpx:hr>
     </gpxtpx:TrackPointExtension>
    </extensions>
   </trkpt>
   <trkpt lat="69.6510840" lon="19.0258450">
    <ele>237.4</ele>
    <time>2025-02-28T15:09:50Z</time>
    <extensions>
     <gpxtpx:TrackPointExtension>
      <gpxtpx:hr>173</gpxtpx:hr>
     </gpxtpx:TrackPointExtension>
    </extensions>
   </trkpt>
   <trkpt lat="69.6510840" lon="19.0258450">
    <ele>237.4</ele>
    <time>2025-02-28T15:09:51Z</time>
    <extensions>
     <gpxtpx:TrackPointExtension>
      <gpxtpx:hr>173</gpxtpx:hr>
     </gpxtpx:TrackPointExtension>
    </extensions>
   </trkpt>
   <trkpt lat="69.6510840" lon="19.0258450">
    <ele>237.4</ele>
    <time>2025-02-28T15:09:53Z</time>
    <extensions>
     <gpxtpx:TrackPointExtension>
      <gpxtpx:hr>173</gpxtpx:hr>
     </gpxtpx:TrackPointExtension>
    </extensions>
   </trkpt>
   <trkpt lat="69.6511160" lon="19.0258850">
    <ele>239.0</ele>
    <time>2025-02-28T15:09:54Z</time>
    <extensions>
     <gpxtpx:TrackPointExtension>
      <gpxtpx:hr>173</gpxtpx:hr>
     </gpxtpx:TrackPointExtension>
    </extensions>
   </trkpt>
   <trkpt lat="69.6511210" lon="19.0258920">
    <ele>239.3</ele>
    <time>2025-02-28T15:09:55Z</time>
    <extensions>
     <gpxtpx:TrackPointExtension>
      <gpxtpx:hr>173</gpxtpx:hr>
     </gpxtpx:TrackPointExtension>
    </extensions>
   </trkpt>
   <trkpt lat="69.6511260" lon="19.0258980">
    <ele>239.6</ele>
    <time>2025-02-28T15:09:56Z</time>
    <extensions>
     <gpxtpx:TrackPointExtension>
      <gpxtpx:hr>171</gpxtpx:hr>
     </gpxtpx:TrackPointExtension>
    </extensions>
   </trkpt>
   <trkpt lat="69.6511230" lon="19.0259130">
    <ele>239.9</ele>
    <time>2025-02-28T15:09:58Z</time>
    <extensions>
     <gpxtpx:TrackPointExtension>
      <gpxtpx:hr>171</gpxtpx:hr>
     </gpxtpx:TrackPointExtension>
    </extensions>
   </trkpt>
   <trkpt lat="69.6511230" lon="19.0259200">
    <ele>240.0</ele>
    <time>2025-02-28T15:09:59Z</time>
    <extensions>
     <gpxtpx:TrackPointExtension>
      <gpxtpx:hr>171</gpxtpx:hr>
     </gpxtpx:TrackPointExtension>
    </extensions>
   </trkpt>
   <trkpt lat="69.6511280" lon="19.0259460">
    <ele>240.5</ele>
    <time>2025-02-28T15:10:00Z</time>
    <extensions>
     <gpxtpx:TrackPointExtension>
      <gpxtpx:hr>171</gpxtpx:hr>
     </gpxtpx:TrackPointExtension>
    </extensions>
   </trkpt>
   <trkpt lat="69.6511330" lon="19.0259390">
    <ele>240.7</ele>
    <time>2025-02-28T15:10:01Z</time>
    <extensions>
     <gpxtpx:TrackPointExtension>
      <gpxtpx:hr>171</gpxtpx:hr>
     </gpxtpx:TrackPointExtension>
    </extensions>
   </trkpt>
   <trkpt lat="69.6511300" lon="19.0259420">
    <ele>240.9</ele>
    <time>2025-02-28T15:10:02Z</time>
    <extensions>
     <gpxtpx:TrackPointExtension>
      <gpxtpx:hr>171</gpxtpx:hr>
     </gpxtpx:TrackPointExtension>
    </extensions>
   </trkpt>
   <trkpt lat="69.6511360" lon="19.0259410">
    <ele>241.2</ele>
    <time>2025-02-28T15:10:03Z</time>
    <extensions>
     <gpxtpx:TrackPointExtension>
      <gpxtpx:hr>171</gpxtpx:hr>
     </gpxtpx:TrackPointExtension>
    </extensions>
   </trkpt>
   <trkpt lat="69.6511310" lon="19.0259270">
    <ele>241.5</ele>
    <time>2025-02-28T15:10:04Z</time>
    <extensions>
     <gpxtpx:TrackPointExtension>
      <gpxtpx:hr>171</gpxtpx:hr>
     </gpxtpx:TrackPointExtension>
    </extensions>
   </trkpt>
   <trkpt lat="69.6511260" lon="19.0259190">
    <ele>241.8</ele>
    <time>2025-02-28T15:10:05Z</time>
    <extensions>
     <gpxtpx:TrackPointExtension>
      <gpxtpx:hr>175</gpxtpx:hr>
     </gpxtpx:TrackPointExtension>
    </extensions>
   </trkpt>
   <trkpt lat="69.6511270" lon="19.0259300">
    <ele>242.0</ele>
    <time>2025-02-28T15:10:06Z</time>
    <extensions>
     <gpxtpx:TrackPointExtension>
      <gpxtpx:hr>175</gpxtpx:hr>
     </gpxtpx:TrackPointExtension>
    </extensions>
   </trkpt>
   <trkpt lat="69.6511250" lon="19.0259360">
    <ele>242.1</ele>
    <time>2025-02-28T15:10:07Z</time>
    <extensions>
     <gpxtpx:TrackPointExtension>
      <gpxtpx:hr>175</gpxtpx:hr>
     </gpxtpx:TrackPointExtension>
    </extensions>
   </trkpt>
   <trkpt lat="69.6511190" lon="19.0259490">
    <ele>242.5</ele>
    <time>2025-02-28T15:10:08Z</time>
    <extensions>
     <gpxtpx:TrackPointExtension>
      <gpxtpx:hr>175</gpxtpx:hr>
     </gpxtpx:TrackPointExtension>
    </extensions>
   </trkpt>
   <trkpt lat="69.6511220" lon="19.0259810">
    <ele>243.0</ele>
    <time>2025-02-28T15:10:09Z</time>
    <extensions>
     <gpxtpx:TrackPointExtension>
      <gpxtpx:hr>175</gpxtpx:hr>
     </gpxtpx:TrackPointExtension>
    </extensions>
   </trkpt>
   <trkpt lat="69.6511100" lon="19.0259870">
    <ele>243.6</ele>
    <time>2025-02-28T15:10:10Z</time>
    <extensions>
     <gpxtpx:TrackPointExtension>
      <gpxtpx:hr>175</gpxtpx:hr>
     </gpxtpx:TrackPointExtension>
    </extensions>
   </trkpt>
   <trkpt lat="69.6511090" lon="19.0260040">
    <ele>243.9</ele>
    <time>2025-02-28T15:10:11Z</time>
    <extensions>
     <gpxtpx:TrackPointExtension>
      <gpxtpx:hr>175</gpxtpx:hr>
     </gpxtpx:TrackPointExtension>
    </extensions>
   </trkpt>
   <trkpt lat="69.6511260" lon="19.0260090">
    <ele>244.7</ele>
    <time>2025-02-28T15:10:13Z</time>
    <extensions>
     <gpxtpx:TrackPointExtension>
      <gpxtpx:hr>175</gpxtpx:hr>
     </gpxtpx:TrackPointExtension>
    </extensions>
   </trkpt>
   <trkpt lat="69.6511410" lon="19.0260260">
    <ele>245.5</ele>
    <time>2025-02-28T15:10:14Z</time>
    <extensions>
     <gpxtpx:TrackPointExtension>
      <gpxtpx:hr>175</gpxtpx:hr>
     </gpxtpx:TrackPointExtension>
    </extensions>
   </trkpt>
   <trkpt lat="69.6511460" lon="19.0260450">
    <ele>245.9</ele>
    <time>2025-02-28T15:10:15Z</time>
    <extensions>
     <gpxtpx:TrackPointExtension>
      <gpxtpx:hr>158</gpxtpx:hr>
     </gpxtpx:TrackPointExtension>
    </extensions>
   </trkpt>
   <trkpt lat="69.6511540" lon="19.0260490">
    <ele>246.3</ele>
    <time>2025-02-28T15:10:16Z</time>
    <extensions>
     <gpxtpx:TrackPointExtension>
      <gpxtpx:hr>158</gpxtpx:hr>
     </gpxtpx:TrackPointExtension>
    </extensions>
   </trkpt>
   <trkpt lat="69.6511600" lon="19.0260580">
    <ele>246.6</ele>
    <time>2025-02-28T15:10:17Z</time>
    <extensions>
     <gpxtpx:TrackPointExtension>
      <gpxtpx:hr>158</gpxtpx:hr>
     </gpxtpx:TrackPointExtension>
    </extensions>
   </trkpt>
   <trkpt lat="69.6511610" lon="19.0260670">
    <ele>246.8</ele>
    <time>2025-02-28T15:10:18Z</time>
    <extensions>
     <gpxtpx:TrackPointExtension>
      <gpxtpx:hr>158</gpxtpx:hr>
     </gpxtpx:TrackPointExtension>
    </extensions>
   </trkpt>
   <trkpt lat="69.6511670" lon="19.0260690">
    <ele>247.1</ele>
    <time>2025-02-28T15:10:19Z</time>
    <extensions>
     <gpxtpx:TrackPointExtension>
      <gpxtpx:hr>158</gpxtpx:hr>
     </gpxtpx:TrackPointExtension>
    </extensions>
   </trkpt>
   <trkpt lat="69.6511610" lon="19.0260840">
    <ele>247.5</ele>
    <time>2025-02-28T15:10:20Z</time>
    <extensions>
     <gpxtpx:TrackPointExtension>
      <gpxtpx:hr>158</gpxtpx:hr>
     </gpxtpx:TrackPointExtension>
    </extensions>
   </trkpt>
   <trkpt lat="69.6511610" lon="19.0260840">
    <ele>247.5</ele>
    <time>2025-02-28T15:10:21Z</time>
    <extensions>
     <gpxtpx:TrackPointExtension>
      <gpxtpx:hr>158</gpxtpx:hr>
     </gpxtpx:TrackPointExtension>
    </extensions>
   </trkpt>
   <trkpt lat="69.6511500" lon="19.0261100">
    <ele>248.1</ele>
    <time>2025-02-28T15:10:22Z</time>
    <extensions>
     <gpxtpx:TrackPointExtension>
      <gpxtpx:hr>158</gpxtpx:hr>
     </gpxtpx:TrackPointExtension>
    </extensions>
   </trkpt>
   <trkpt lat="69.6511490" lon="19.0261160">
    <ele>248.3</ele>
    <time>2025-02-28T15:10:23Z</time>
    <extensions>
     <gpxtpx:TrackPointExtension>
      <gpxtpx:hr>158</gpxtpx:hr>
     </gpxtpx:TrackPointExtension>
    </extensions>
   </trkpt>
   <trkpt lat="69.6511410" lon="19.0261120">
    <ele>248.6</ele>
    <time>2025-02-28T15:10:24Z</time>
    <extensions>
     <gpxtpx:TrackPointExtension>
      <gpxtpx:hr>158</gpxtpx:hr>
     </gpxtpx:TrackPointExtension>
    </extensions>
   </trkpt>
   <trkpt lat="69.6511340" lon="19.0261140">
    <ele>249.0</ele>
    <time>2025-02-28T15:10:25Z</time>
    <extensions>
     <gpxtpx:TrackPointExtension>
      <gpxtpx:hr>158</gpxtpx:hr>
     </gpxtpx:TrackPointExtension>
    </extensions>
   </trkpt>
   <trkpt lat="69.6511290" lon="19.0261200">
    <ele>249.2</ele>
    <time>2025-02-28T15:10:26Z</time>
    <extensions>
     <gpxtpx:TrackPointExtension>
      <gpxtpx:hr>158</gpxtpx:hr>
     </gpxtpx:TrackPointExtension>
    </extensions>
   </trkpt>
   <trkpt lat="69.6511310" lon="19.0261430">
    <ele>249.6</ele>
    <time>2025-02-28T15:10:27Z</time>
    <extensions>
     <gpxtpx:TrackPointExtension>
      <gpxtpx:hr>158</gpxtpx:hr>
     </gpxtpx:TrackPointExtension>
    </extensions>
   </trkpt>
   <trkpt lat="69.6511460" lon="19.0261610">
    <ele>250.4</ele>
    <time>2025-02-28T15:10:28Z</time>
    <extensions>
     <gpxtpx:TrackPointExtension>
      <gpxtpx:hr>158</gpxtpx:hr>
     </gpxtpx:TrackPointExtension>
    </extensions>
   </trkpt>
   <trkpt lat="69.6511450" lon="19.0261700">
    <ele>250.6</ele>
    <time>2025-02-28T15:10:29Z</time>
    <extensions>
     <gpxtpx:TrackPointExtension>
      <gpxtpx:hr>158</gpxtpx:hr>
     </gpxtpx:TrackPointExtension>
    </extensions>
   </trkpt>
   <trkpt lat="69.6511420" lon="19.0261650">
    <ele>250.7</ele>
    <time>2025-02-28T15:10:30Z</time>
    <extensions>
     <gpxtpx:TrackPointExtension>
      <gpxtpx:hr>156</gpxtpx:hr>
     </gpxtpx:TrackPointExtension>
    </extensions>
   </trkpt>
   <trkpt lat="69.6511340" lon="19.0261700">
    <ele>251.1</ele>
    <time>2025-02-28T15:10:31Z</time>
    <extensions>
     <gpxtpx:TrackPointExtension>
      <gpxtpx:hr>157</gpxtpx:hr>
     </gpxtpx:TrackPointExtension>
    </extensions>
   </trkpt>
   <trkpt lat="69.6511350" lon="19.0261870">
    <ele>251.4</ele>
    <time>2025-02-28T15:10:32Z</time>
    <extensions>
     <gpxtpx:TrackPointExtension>
      <gpxtpx:hr>157</gpxtpx:hr>
     </gpxtpx:TrackPointExtension>
    </extensions>
   </trkpt>
   <trkpt lat="69.6511220" lon="19.0262070">
    <ele>252.1</ele>
    <time>2025-02-28T15:10:33Z</time>
    <extensions>
     <gpxtpx:TrackPointExtension>
      <gpxtpx:hr>157</gpxtpx:hr>
     </gpxtpx:TrackPointExtension>
    </extensions>
   </trkpt>
   <trkpt lat="69.6511270" lon="19.0262290">
    <ele>252.6</ele>
    <time>2025-02-28T15:10:34Z</time>
    <extensions>
     <gpxtpx:TrackPointExtension>
      <gpxtpx:hr>157</gpxtpx:hr>
     </gpxtpx:TrackPointExtension>
    </extensions>
   </trkpt>
   <trkpt lat="69.6511270" lon="19.0262410">
    <ele>252.8</ele>
    <time>2025-02-28T15:10:35Z</time>
    <extensions>
     <gpxtpx:TrackPointExtension>
      <gpxtpx:hr>157</gpxtpx:hr>
     </gpxtpx:TrackPointExtension>
    </extensions>
   </trkpt>
   <trkpt lat="69.6511260" lon="19.0262510">
    <ele>252.9</ele>
    <time>2025-02-28T15:10:36Z</time>
    <extensions>
     <gpxtpx:TrackPointExtension>
      <gpxtpx:hr>157</gpxtpx:hr>
     </gpxtpx:TrackPointExtension>
    </extensions>
   </trkpt>
   <trkpt lat="69.6511270" lon="19.0262690">
    <ele>253.2</ele>
    <time>2025-02-28T15:10:37Z</time>
    <extensions>
     <gpxtpx:TrackPointExtension>
      <gpxtpx:hr>157</gpxtpx:hr>
     </gpxtpx:TrackPointExtension>
    </extensions>
   </trkpt>
   <trkpt lat="69.6511390" lon="19.0262950">
    <ele>253.9</ele>
    <time>2025-02-28T15:10:39Z</time>
    <extensions>
     <gpxtpx:TrackPointExtension>
      <gpxtpx:hr>154</gpxtpx:hr>
     </gpxtpx:TrackPointExtension>
    </extensions>
   </trkpt>
   <trkpt lat="69.6511430" lon="19.0262890">
    <ele>254.1</ele>
    <time>2025-02-28T15:10:40Z</time>
    <extensions>
     <gpxtpx:TrackPointExtension>
      <gpxtpx:hr>154</gpxtpx:hr>
     </gpxtpx:TrackPointExtension>
    </extensions>
   </trkpt>
   <trkpt lat="69.6511480" lon="19.0262960">
    <ele>254.4</ele>
    <time>2025-02-28T15:10:41Z</time>
    <extensions>
     <gpxtpx:TrackPointExtension>
      <gpxtpx:hr>154</gpxtpx:hr>
     </gpxtpx:TrackPointExtension>
    </extensions>
   </trkpt>
   <trkpt lat="69.6511380" lon="19.0263160">
    <ele>255.0</ele>
    <time>2025-02-28T15:10:43Z</time>
    <extensions>
     <gpxtpx:TrackPointExtension>
      <gpxtpx:hr>154</gpxtpx:hr>
     </gpxtpx:TrackPointExtension>
    </extensions>
   </trkpt>
   <trkpt lat="69.6511330" lon="19.0263120">
    <ele>255.2</ele>
    <time>2025-02-28T15:10:44Z</time>
    <extensions>
     <gpxtpx:TrackPointExtension>
      <gpxtpx:hr>154</gpxtpx:hr>
     </gpxtpx:TrackPointExtension>
    </extensions>
   </trkpt>
   <trkpt lat="69.6511230" lon="19.0263080">
    <ele>255.7</ele>
    <time>2025-02-28T15:10:45Z</time>
    <extensions>
     <gpxtpx:TrackPointExtension>
      <gpxtpx:hr>154</gpxtpx:hr>
     </gpxtpx:TrackPointExtension>
    </extensions>
   </trkpt>
   <trkpt lat="69.6511290" lon="19.0263260">
    <ele>256.1</ele>
    <time>2025-02-28T15:10:46Z</time>
    <extensions>
     <gpxtpx:TrackPointExtension>
      <gpxtpx:hr>154</gpxtpx:hr>
     </gpxtpx:TrackPointExtension>
    </extensions>
   </trkpt>
   <trkpt lat="69.6511430" lon="19.0263680">
    <ele>257.1</ele>
    <time>2025-02-28T15:10:48Z</time>
    <extensions>
     <gpxtpx:TrackPointExtension>
      <gpxtpx:hr>154</gpxtpx:hr>
     </gpxtpx:TrackPointExtension>
    </extensions>
   </trkpt>
   <trkpt lat="69.6511430" lon="19.0263680">
    <ele>257.1</ele>
    <time>2025-02-28T15:10:49Z</time>
    <extensions>
     <gpxtpx:TrackPointExtension>
      <gpxtpx:hr>154</gpxtpx:hr>
     </gpxtpx:TrackPointExtension>
    </extensions>
   </trkpt>
   <trkpt lat="69.6511440" lon="19.0263810">
    <ele>257.3</ele>
    <time>2025-02-28T15:10:50Z</time>
    <extensions>
     <gpxtpx:TrackPointExtension>
      <gpxtpx:hr>174</gpxtpx:hr>
     </gpxtpx:TrackPointExtension>
    </extensions>
   </trkpt>
   <trkpt lat="69.6511460" lon="19.0263940">
    <ele>257.5</ele>
    <time>2025-02-28T15:10:51Z</time>
    <extensions>
     <gpxtpx:TrackPointExtension>
      <gpxtpx:hr>175</gpxtpx:hr>
     </gpxtpx:TrackPointExtension>
    </extensions>
   </trkpt>
   <trkpt lat="69.6511470" lon="19.0264070">
    <ele>257.7</ele>
    <time>2025-02-28T15:10:52Z</time>
    <extensions>
     <gpxtpx:TrackPointExtension>
      <gpxtpx:hr>175</gpxtpx:hr>
     </gpxtpx:TrackPointExtension>
    </extensions>
   </trkpt>
   <trkpt lat="69.6511480" lon="19.0264200">
    <ele>257.9</ele>
    <time>2025-02-28T15:10:54Z</time>
    <extensions>
     <gpxtpx:TrackPointExtension>
      <gpxtpx:hr>175</gpxtpx:hr>
     </gpxtpx:TrackPointExtension>
    </extensions>
   </trkpt>
   <trkpt lat="69.6511490" lon="19.0264330">
    <ele>258.1</ele>
    <time>2025-02-28T15:10:55Z</time>
    <extensions>
     <gpxtpx:TrackPointExtension>
      <gpxtpx:hr>175</gpxtpx:hr>
     </gpxtpx:TrackPointExtension>
    </extensions>
   </trkpt>
   <trkpt lat="69.6511510" lon="19.0264470">
    <ele>258.4</ele>
    <time>2025-02-28T15:10:57Z</time>
    <extensions>
     <gpxtpx:TrackPointExtension>
      <gpxtpx:hr>175</gpxtpx:hr>
     </gpxtpx:TrackPointExtension>
    </extensions>
   </trkpt>
   <trkpt lat="69.6511520" lon="19.0264600">
    <ele>258.6</ele>
    <time>2025-02-28T15:10:58Z</time>
    <extensions>
     <gpxtpx:TrackPointExtension>
      <gpxtpx:hr>170</gpxtpx:hr>
     </gpxtpx:TrackPointExtension>
    </extensions>
   </trkpt>
   <trkpt lat="69.6511530" lon="19.0264730">
    <ele>258.8</ele>
    <time>2025-02-28T15:10:59Z</time>
    <extensions>
     <gpxtpx:TrackPointExtension>
      <gpxtpx:hr>170</gpxtpx:hr>
     </gpxtpx:TrackPointExtension>
    </extensions>
   </trkpt>
   <trkpt lat="69.6511540" lon="19.0264860">
    <ele>259.0</ele>
    <time>2025-02-28T15:11:00Z</time>
    <extensions>
     <gpxtpx:TrackPointExtension>
      <gpxtpx:hr>170</gpxtpx:hr>
     </gpxtpx:TrackPointExtension>
    </extensions>
   </trkpt>
   <trkpt lat="69.6511560" lon="19.0264990">
    <ele>259.2</ele>
    <time>2025-02-28T15:11:01Z</time>
    <extensions>
     <gpxtpx:TrackPointExtension>
      <gpxtpx:hr>170</gpxtpx:hr>
     </gpxtpx:TrackPointExtension>
    </extensions>
   </trkpt>
   <trkpt lat="69.6511570" lon="19.0265120">
    <ele>259.5</ele>
    <time>2025-02-28T15:11:02Z</time>
    <extensions>
     <gpxtpx:TrackPointExtension>
      <gpxtpx:hr>170</gpxtpx:hr>
     </gpxtpx:TrackPointExtension>
    </extensions>
   </trkpt>
   <trkpt lat="69.6511570" lon="19.0265120">
    <ele>259.5</ele>
    <time>2025-02-28T15:11:04Z</time>
    <extensions>
     <gpxtpx:TrackPointExtension>
      <gpxtpx:hr>170</gpxtpx:hr>
     </gpxtpx:TrackPointExtension>
    </extensions>
   </trkpt>
   <trkpt lat="69.6511650" lon="19.0265090">
    <ele>259.8</ele>
    <time>2025-02-28T15:11:07Z</time>
    <extensions>
     <gpxtpx:TrackPointExtension>
      <gpxtpx:hr>170</gpxtpx:hr>
     </gpxtpx:TrackPointExtension>
    </extensions>
   </trkpt>
   <trkpt lat="69.6511640" lon="19.0265090">
    <ele>259.9</ele>
    <time>2025-02-28T15:11:08Z</time>
    <extensions>
     <gpxtpx:TrackPointExtension>
      <gpxtpx:hr>170</gpxtpx:hr>
     </gpxtpx:TrackPointExtension>
    </extensions>
   </trkpt>
   <trkpt lat="69.6511640" lon="19.0265090">
    <ele>259.9</ele>
    <time>2025-02-28T15:11:09Z</time>
    <extensions>
     <gpxtpx:TrackPointExtension>
      <gpxtpx:hr>170</gpxtpx:hr>
     </gpxtpx:TrackPointExtension>
    </extensions>
   </trkpt>
   <trkpt lat="69.6511680" lon="19.0265360">
    <ele>260.3</ele>
    <time>2025-02-28T15:11:10Z</time>
    <extensions>
     <gpxtpx:TrackPointExtension>
      <gpxtpx:hr>162</gpxtpx:hr>
     </gpxtpx:TrackPointExtension>
    </extensions>
   </trkpt>
   <trkpt lat="69.6511720" lon="19.0265500">
    <ele>260.6</ele>
    <time>2025-02-28T15:11:11Z</time>
    <extensions>
     <gpxtpx:TrackPointExtension>
      <gpxtpx:hr>162</gpxtpx:hr>
     </gpxtpx:TrackPointExtension>
    </extensions>
   </trkpt>
   <trkpt lat="69.6511860" lon="19.0265750">
    <ele>261.3</ele>
    <time>2025-02-28T15:11:12Z</time>
    <extensions>
     <gpxtpx:TrackPointExtension>
      <gpxtpx:hr>158</gpxtpx:hr>
     </gpxtpx:TrackPointExtension>
    </extensions>
   </trkpt>
   <trkpt lat="69.6511880" lon="19.0265920">
    <ele>261.6</ele>
    <time>2025-02-28T15:11:13Z</time>
    <extensions>
     <gpxtpx:TrackPointExtension>
      <gpxtpx:hr>158</gpxtpx:hr>
     </gpxtpx:TrackPointExtension>
    </extensions>
   </trkpt>
   <trkpt lat="69.6511890" lon="19.0266120">
    <ele>261.9</ele>
    <time>2025-02-28T15:11:14Z</time>
    <extensions>
     <gpxtpx:TrackPointExtension>
      <gpxtpx:hr>158</gpxtpx:hr>
     </gpxtpx:TrackPointExtension>
    </extensions>
   </trkpt>
   <trkpt lat="69.6512080" lon="19.0266410">
    <ele>262.8</ele>
    <time>2025-02-28T15:11:15Z</time>
    <extensions>
     <gpxtpx:TrackPointExtension>
      <gpxtpx:hr>158</gpxtpx:hr>
     </gpxtpx:TrackPointExtension>
    </extensions>
   </trkpt>
   <trkpt lat="69.6512100" lon="19.0266490">
    <ele>263.0</ele>
    <time>2025-02-28T15:11:16Z</time>
    <extensions>
     <gpxtpx:TrackPointExtension>
      <gpxtpx:hr>158</gpxtpx:hr>
     </gpxtpx:TrackPointExtension>
    </extensions>
   </trkpt>
   <trkpt lat="69.6512110" lon="19.0266620">
    <ele>263.2</ele>
    <time>2025-02-28T15:11:17Z</time>
    <extensions>
     <gpxtpx:TrackPointExtension>
      <gpxtpx:hr>158</gpxtpx:hr>
     </gpxtpx:TrackPointExtension>
    </extensions>
   </trkpt>
   <trkpt lat="69.6512100" lon="19.0266680">
    <ele>263.3</ele>
    <time>2025-02-28T15:11:18Z</time>
    <extensions>
     <gpxtpx:TrackPointExtension>
      <gpxtpx:hr>158</gpxtpx:hr>
     </gpxtpx:TrackPointExtension>
    </extensions>
   </trkpt>
   <trkpt lat="69.6512140" lon="19.0266890">
    <ele>263.7</ele>
    <time>2025-02-28T15:11:19Z</time>
    <extensions>
     <gpxtpx:TrackPointExtension>
      <gpxtpx:hr>158</gpxtpx:hr>
     </gpxtpx:TrackPointExtension>
    </extensions>
   </trkpt>
   <trkpt lat="69.6512120" lon="19.0267000">
    <ele>263.9</ele>
    <time>2025-02-28T15:11:20Z</time>
    <extensions>
     <gpxtpx:TrackPointExtension>
      <gpxtpx:hr>156</gpxtpx:hr>
     </gpxtpx:TrackPointExtension>
    </extensions>
   </trkpt>
   <trkpt lat="69.6512140" lon="19.0267110">
    <ele>264.0</ele>
    <time>2025-02-28T15:11:21Z</time>
    <extensions>
     <gpxtpx:TrackPointExtension>
      <gpxtpx:hr>156</gpxtpx:hr>
     </gpxtpx:TrackPointExtension>
    </extensions>
   </trkpt>
   <trkpt lat="69.6512140" lon="19.0267110">
    <ele>264.0</ele>
    <time>2025-02-28T15:11:22Z</time>
    <extensions>
     <gpxtpx:TrackPointExtension>
      <gpxtpx:hr>156</gpxtpx:hr>
     </gpxtpx:TrackPointExtension>
    </extensions>
   </trkpt>
   <trkpt lat="69.6512140" lon="19.0267110">
    <ele>264.0</ele>
    <time>2025-02-28T15:11:25Z</time>
    <extensions>
     <gpxtpx:TrackPointExtension>
      <gpxtpx:hr>156</gpxtpx:hr>
     </gpxtpx:TrackPointExtension>
    </extensions>
   </trkpt>
   <trkpt lat="69.6512140" lon="19.0267110">
    <ele>264.0</ele>
    <time>2025-02-28T15:11:27Z</time>
    <extensions>
     <gpxtpx:TrackPointExtension>
      <gpxtpx:hr>156</gpxtpx:hr>
     </gpxtpx:TrackPointExtension>
    </extensions>
   </trkpt>
   <trkpt lat="69.6511940" lon="19.0267150">
    <ele>264.9</ele>
    <time>2025-02-28T15:11:28Z</time>
    <extensions>
     <gpxtpx:TrackPointExtension>
      <gpxtpx:hr>156</gpxtpx:hr>
     </gpxtpx:TrackPointExtension>
    </extensions>
   </trkpt>
   <trkpt lat="69.6511880" lon="19.0267060">
    <ele>265.2</ele>
    <time>2025-02-28T15:11:29Z</time>
    <extensions>
     <gpxtpx:TrackPointExtension>
      <gpxtpx:hr>156</gpxtpx:hr>
     </gpxtpx:TrackPointExtension>
    </extensions>
   </trkpt>
   <trkpt lat="69.6511880" lon="19.0267060">
    <ele>265.2</ele>
    <time>2025-02-28T15:11:30Z</time>
    <extensions>
     <gpxtpx:TrackPointExtension>
      <gpxtpx:hr>157</gpxtpx:hr>
     </gpxtpx:TrackPointExtension>
    </extensions>
   </trkpt>
   <trkpt lat="69.6511850" lon="19.0267000">
    <ele>265.4</ele>
    <time>2025-02-28T15:11:31Z</time>
    <extensions>
     <gpxtpx:TrackPointExtension>
      <gpxtpx:hr>157</gpxtpx:hr>
     </gpxtpx:TrackPointExtension>
    </extensions>
   </trkpt>
   <trkpt lat="69.6511880" lon="19.0267190">
    <ele>265.7</ele>
    <time>2025-02-28T15:11:32Z</time>
    <extensions>
     <gpxtpx:TrackPointExtension>
      <gpxtpx:hr>157</gpxtpx:hr>
     </gpxtpx:TrackPointExtension>
    </extensions>
   </trkpt>
   <trkpt lat="69.6511910" lon="19.0267380">
    <ele>266.0</ele>
    <time>2025-02-28T15:11:33Z</time>
    <extensions>
     <gpxtpx:TrackPointExtension>
      <gpxtpx:hr>157</gpxtpx:hr>
     </gpxtpx:TrackPointExtension>
    </extensions>
   </trkpt>
   <trkpt lat="69.6511940" lon="19.0267570">
    <ele>266.3</ele>
    <time>2025-02-28T15:11:34Z</time>
    <extensions>
     <gpxtpx:TrackPointExtension>
      <gpxtpx:hr>157</gpxtpx:hr>
     </gpxtpx:TrackPointExtension>
    </extensions>
   </trkpt>
   <trkpt lat="69.6511970" lon="19.0267770">
    <ele>266.6</ele>
    <time>2025-02-28T15:11:35Z</time>
    <extensions>
     <gpxtpx:TrackPointExtension>
      <gpxtpx:hr>156</gpxtpx:hr>
     </gpxtpx:TrackPointExtension>
    </extensions>
   </trkpt>
   <trkpt lat="69.6512000" lon="19.0267960">
    <ele>266.9</ele>
    <time>2025-02-28T15:11:36Z</time>
    <extensions>
     <gpxtpx:TrackPointExtension>
      <gpxtpx:hr>156</gpxtpx:hr>
     </gpxtpx:TrackPointExtension>
    </extensions>
   </trkpt>
   <trkpt lat="69.6512030" lon="19.0268150">
    <ele>267.3</ele>
    <time>2025-02-28T15:11:37Z</time>
    <extensions>
     <gpxtpx:TrackPointExtension>
      <gpxtpx:hr>156</gpxtpx:hr>
     </gpxtpx:TrackPointExtension>
    </extensions>
   </trkpt>
   <trkpt lat="69.6512060" lon="19.0268340">
    <ele>267.6</ele>
    <time>2025-02-28T15:11:38Z</time>
    <extensions>
     <gpxtpx:TrackPointExtension>
      <gpxtpx:hr>156</gpxtpx:hr>
     </gpxtpx:TrackPointExtension>
    </extensions>
   </trkpt>
   <trkpt lat="69.6512090" lon="19.0268530">
    <ele>267.9</ele>
    <time>2025-02-28T15:11:40Z</time>
    <extensions>
     <gpxtpx:TrackPointExtension>
      <gpxtpx:hr>156</gpxtpx:hr>
     </gpxtpx:TrackPointExtension>
    </extensions>
   </trkpt>
   <trkpt lat="69.6512120" lon="19.0268720">
    <ele>268.2</ele>
    <time>2025-02-28T15:11:41Z</time>
    <extensions>
     <gpxtpx:TrackPointExtension>
      <gpxtpx:hr>156</gpxtpx:hr>
     </gpxtpx:TrackPointExtension>
    </extensions>
   </trkpt>
   <trkpt lat="69.6512150" lon="19.0268910">
    <ele>268.5</ele>
    <time>2025-02-28T15:11:42Z</time>
    <extensions>
     <gpxtpx:TrackPointExtension>
      <gpxtpx:hr>156</gpxtpx:hr>
     </gpxtpx:TrackPointExtension>
    </extensions>
   </trkpt>
   <trkpt lat="69.6512180" lon="19.0269100">
    <ele>268.8</ele>
    <time>2025-02-28T15:11:43Z</time>
    <extensions>
     <gpxtpx:TrackPointExtension>
      <gpxtpx:hr>157</gpxtpx:hr>
     </gpxtpx:TrackPointExtension>
    </extensions>
   </trkpt>
   <trkpt lat="69.6512210" lon="19.0269300">
    <ele>269.1</ele>
    <time>2025-02-28T15:11:44Z</time>
    <extensions>
     <gpxtpx:TrackPointExtension>
      <gpxtpx:hr>157</gpxtpx:hr>
     </gpxtpx:TrackPointExtension>
    </extensions>
   </trkpt>
   <trkpt lat="69.6512240" lon="19.0269490">
    <ele>269.4</ele>
    <time>2025-02-28T15:11:45Z</time>
    <extensions>
     <gpxtpx:TrackPointExtension>
      <gpxtpx:hr>157</gpxtpx:hr>
     </gpxtpx:TrackPointExtension>
    </extensions>
   </trkpt>
   <trkpt lat="69.6512270" lon="19.0269680">
    <ele>269.7</ele>
    <time>2025-02-28T15:11:46Z</time>
    <extensions>
     <gpxtpx:TrackPointExtension>
      <gpxtpx:hr>157</gpxtpx:hr>
     </gpxtpx:TrackPointExtension>
    </extensions>
   </trkpt>
   <trkpt lat="69.6512300" lon="19.0269870">
    <ele>270.0</ele>
    <time>2025-02-28T15:11:47Z</time>
    <extensions>
     <gpxtpx:TrackPointExtension>
      <gpxtpx:hr>157</gpxtpx:hr>
     </gpxtpx:TrackPointExtension>
    </extensions>
   </trkpt>
   <trkpt lat="69.6512390" lon="19.0269990">
    <ele>270.5</ele>
    <time>2025-02-28T15:11:48Z</time>
    <extensions>
     <gpxtpx:TrackPointExtension>
      <gpxtpx:hr>157</gpxtpx:hr>
     </gpxtpx:TrackPointExtension>
    </extensions>
   </trkpt>
   <trkpt lat="69.6512420" lon="19.0270170">
    <ele>270.8</ele>
    <time>2025-02-28T15:11:50Z</time>
    <extensions>
     <gpxtpx:TrackPointExtension>
      <gpxtpx:hr>157</gpxtpx:hr>
     </gpxtpx:TrackPointExtension>
    </extensions>
   </trkpt>
   <trkpt lat="69.6512430" lon="19.0270210">
    <ele>270.8</ele>
    <time>2025-02-28T15:11:51Z</time>
    <extensions>
     <gpxtpx:TrackPointExtension>
      <gpxtpx:hr>157</gpxtpx:hr>
     </gpxtpx:TrackPointExtension>
    </extensions>
   </trkpt>
   <trkpt lat="69.6512420" lon="19.0270460">
    <ele>271.2</ele>
    <time>2025-02-28T15:11:52Z</time>
    <extensions>
     <gpxtpx:TrackPointExtension>
      <gpxtpx:hr>157</gpxtpx:hr>
     </gpxtpx:TrackPointExtension>
    </extensions>
   </trkpt>
   <trkpt lat="69.6512470" lon="19.0270640">
    <ele>271.6</ele>
    <time>2025-02-28T15:11:53Z</time>
    <extensions>
     <gpxtpx:TrackPointExtension>
      <gpxtpx:hr>157</gpxtpx:hr>
     </gpxtpx:TrackPointExtension>
    </extensions>
   </trkpt>
   <trkpt lat="69.6512520" lon="19.0270770">
    <ele>271.8</ele>
    <time>2025-02-28T15:11:54Z</time>
    <extensions>
     <gpxtpx:TrackPointExtension>
      <gpxtpx:hr>157</gpxtpx:hr>
     </gpxtpx:TrackPointExtension>
    </extensions>
   </trkpt>
   <trkpt lat="69.6512570" lon="19.0270840">
    <ele>272.1</ele>
    <time>2025-02-28T15:11:55Z</time>
    <extensions>
     <gpxtpx:TrackPointExtension>
      <gpxtpx:hr>157</gpxtpx:hr>
     </gpxtpx:TrackPointExtension>
    </extensions>
   </trkpt>
   <trkpt lat="69.6512630" lon="19.0270980">
    <ele>272.4</ele>
    <time>2025-02-28T15:11:57Z</time>
    <extensions>
     <gpxtpx:TrackPointExtension>
      <gpxtpx:hr>157</gpxtpx:hr>
     </gpxtpx:TrackPointExtension>
    </extensions>
   </trkpt>
   <trkpt lat="69.6512640" lon="19.0270690">
    <ele>272.8</ele>
    <time>2025-02-28T15:11:58Z</time>
    <extensions>
     <gpxtpx:TrackPointExtension>
      <gpxtpx:hr>157</gpxtpx:hr>
     </gpxtpx:TrackPointExtension>
    </extensions>
   </trkpt>
   <trkpt lat="69.6512750" lon="19.0270820">
    <ele>273.3</ele>
    <time>2025-02-28T15:11:59Z</time>
    <extensions>
     <gpxtpx:TrackPointExtension>
      <gpxtpx:hr>157</gpxtpx:hr>
     </gpxtpx:TrackPointExtension>
    </extensions>
   </trkpt>
   <trkpt lat="69.6512740" lon="19.0270850">
    <ele>273.4</ele>
    <time>2025-02-28T15:12:00Z</time>
    <extensions>
     <gpxtpx:TrackPointExtension>
      <gpxtpx:hr>157</gpxtpx:hr>
     </gpxtpx:TrackPointExtension>
    </extensions>
   </trkpt>
   <trkpt lat="69.6512740" lon="19.0270890">
    <ele>273.5</ele>
    <time>2025-02-28T15:12:01Z</time>
    <extensions>
     <gpxtpx:TrackPointExtension>
      <gpxtpx:hr>157</gpxtpx:hr>
     </gpxtpx:TrackPointExtension>
    </extensions>
   </trkpt>
   <trkpt lat="69.6512740" lon="19.0270920">
    <ele>273.5</ele>
    <time>2025-02-28T15:12:02Z</time>
    <extensions>
     <gpxtpx:TrackPointExtension>
      <gpxtpx:hr>157</gpxtpx:hr>
     </gpxtpx:TrackPointExtension>
    </extensions>
   </trkpt>
   <trkpt lat="69.6512740" lon="19.0270960">
    <ele>273.6</ele>
    <time>2025-02-28T15:12:03Z</time>
    <extensions>
     <gpxtpx:TrackPointExtension>
      <gpxtpx:hr>157</gpxtpx:hr>
     </gpxtpx:TrackPointExtension>
    </extensions>
   </trkpt>
   <trkpt lat="69.6512730" lon="19.0271000">
    <ele>273.6</ele>
    <time>2025-02-28T15:12:04Z</time>
    <extensions>
     <gpxtpx:TrackPointExtension>
      <gpxtpx:hr>157</gpxtpx:hr>
     </gpxtpx:TrackPointExtension>
    </extensions>
   </trkpt>
   <trkpt lat="69.6512730" lon="19.0271030">
    <ele>273.7</ele>
    <time>2025-02-28T15:12:05Z</time>
    <extensions>
     <gpxtpx:TrackPointExtension>
      <gpxtpx:hr>156</gpxtpx:hr>
     </gpxtpx:TrackPointExtension>
    </extensions>
   </trkpt>
   <trkpt lat="69.6512730" lon="19.0271070">
    <ele>273.7</ele>
    <time>2025-02-28T15:12:06Z</time>
    <extensions>
     <gpxtpx:TrackPointExtension>
      <gpxtpx:hr>156</gpxtpx:hr>
     </gpxtpx:TrackPointExtension>
    </extensions>
   </trkpt>
   <trkpt lat="69.6512720" lon="19.0271100">
    <ele>273.8</ele>
    <time>2025-02-28T15:12:07Z</time>
    <extensions>
     <gpxtpx:TrackPointExtension>
      <gpxtpx:hr>156</gpxtpx:hr>
     </gpxtpx:TrackPointExtension>
    </extensions>
   </trkpt>
   <trkpt lat="69.6512720" lon="19.0271140">
    <ele>273.9</ele>
    <time>2025-02-28T15:12:08Z</time>
    <extensions>
     <gpxtpx:TrackPointExtension>
      <gpxtpx:hr>156</gpxtpx:hr>
     </gpxtpx:TrackPointExtension>
    </extensions>
   </trkpt>
   <trkpt lat="69.6512720" lon="19.0271170">
    <ele>273.9</ele>
    <time>2025-02-28T15:12:09Z</time>
    <extensions>
     <gpxtpx:TrackPointExtension>
      <gpxtpx:hr>158</gpxtpx:hr>
     </gpxtpx:TrackPointExtension>
    </extensions>
   </trkpt>
   <trkpt lat="69.6512710" lon="19.0271210">
    <ele>274.0</ele>
    <time>2025-02-28T15:12:10Z</time>
    <extensions>
     <gpxtpx:TrackPointExtension>
      <gpxtpx:hr>158</gpxtpx:hr>
     </gpxtpx:TrackPointExtension>
    </extensions>
   </trkpt>
   <trkpt lat="69.6512710" lon="19.0271250">
    <ele>274.0</ele>
    <time>2025-02-28T15:12:11Z</time>
    <extensions>
     <gpxtpx:TrackPointExtension>
      <gpxtpx:hr>158</gpxtpx:hr>
     </gpxtpx:TrackPointExtension>
    </extensions>
   </trkpt>
   <trkpt lat="69.6512710" lon="19.0271280">
    <ele>274.1</ele>
    <time>2025-02-28T15:12:12Z</time>
    <extensions>
     <gpxtpx:TrackPointExtension>
      <gpxtpx:hr>158</gpxtpx:hr>
     </gpxtpx:TrackPointExtension>
    </extensions>
   </trkpt>
   <trkpt lat="69.6512710" lon="19.0271320">
    <ele>274.1</ele>
    <time>2025-02-28T15:12:13Z</time>
    <extensions>
     <gpxtpx:TrackPointExtension>
      <gpxtpx:hr>158</gpxtpx:hr>
     </gpxtpx:TrackPointExtension>
    </extensions>
   </trkpt>
   <trkpt lat="69.6512700" lon="19.0271350">
    <ele>274.2</ele>
    <time>2025-02-28T15:12:14Z</time>
    <extensions>
     <gpxtpx:TrackPointExtension>
      <gpxtpx:hr>158</gpxtpx:hr>
     </gpxtpx:TrackPointExtension>
    </extensions>
   </trkpt>
   <trkpt lat="69.6512700" lon="19.0271390">
    <ele>274.3</ele>
    <time>2025-02-28T15:12:15Z</time>
    <extensions>
     <gpxtpx:TrackPointExtension>
      <gpxtpx:hr>158</gpxtpx:hr>
     </gpxtpx:TrackPointExtension>
    </extensions>
   </trkpt>
   <trkpt lat="69.6512660" lon="19.0271620">
    <ele>274.6</ele>
    <time>2025-02-28T15:12:16Z</time>
    <extensions>
     <gpxtpx:TrackPointExtension>
      <gpxtpx:hr>158</gpxtpx:hr>
     </gpxtpx:TrackPointExtension>
    </extensions>
   </trkpt>
   <trkpt lat="69.6512680" lon="19.0271660">
    <ele>274.7</ele>
    <time>2025-02-28T15:12:17Z</time>
    <extensions>
     <gpxtpx:TrackPointExtension>
      <gpxtpx:hr>158</gpxtpx:hr>
     </gpxtpx:TrackPointExtension>
    </extensions>
   </trkpt>
   <trkpt lat="69.6512690" lon="19.0271710">
    <ele>274.8</ele>
    <time>2025-02-28T15:12:18Z</time>
    <extensions>
     <gpxtpx:TrackPointExtension>
      <gpxtpx:hr>158</gpxtpx:hr>
     </gpxtpx:TrackPointExtension>
    </extensions>
   </trkpt>
   <trkpt lat="69.6512640" lon="19.0271790">
    <ele>275.1</ele>
    <time>2025-02-28T15:12:19Z</time>
    <extensions>
     <gpxtpx:TrackPointExtension>
      <gpxtpx:hr>158</gpxtpx:hr>
     </gpxtpx:TrackPointExtension>
    </extensions>
   </trkpt>
   <trkpt lat="69.6512590" lon="19.0271810">
    <ele>275.3</ele>
    <time>2025-02-28T15:12:20Z</time>
    <extensions>
     <gpxtpx:TrackPointExtension>
      <gpxtpx:hr>158</gpxtpx:hr>
     </gpxtpx:TrackPointExtension>
    </extensions>
   </trkpt>
   <trkpt lat="69.6512570" lon="19.0272010">
    <ele>275.6</ele>
    <time>2025-02-28T15:12:21Z</time>
    <extensions>
     <gpxtpx:TrackPointExtension>
      <gpxtpx:hr>158</gpxtpx:hr>
     </gpxtpx:TrackPointExtension>
    </extensions>
   </trkpt>
   <trkpt lat="69.6512520" lon="19.0272120">
    <ele>275.8</ele>
    <time>2025-02-28T15:12:22Z</time>
    <extensions>
     <gpxtpx:TrackPointExtension>
      <gpxtpx:hr>158</gpxtpx:hr>
     </gpxtpx:TrackPointExtension>
    </extensions>
   </trkpt>
   <trkpt lat="69.6512550" lon="19.0272320">
    <ele>276.2</ele>
    <time>2025-02-28T15:12:23Z</time>
    <extensions>
     <gpxtpx:TrackPointExtension>
      <gpxtpx:hr>158</gpxtpx:hr>
     </gpxtpx:TrackPointExtension>
    </extensions>
   </trkpt>
   <trkpt lat="69.6512510" lon="19.0272500">
    <ele>276.5</ele>
    <time>2025-02-28T15:12:24Z</time>
    <extensions>
     <gpxtpx:TrackPointExtension>
      <gpxtpx:hr>158</gpxtpx:hr>
     </gpxtpx:TrackPointExtension>
    </extensions>
   </trkpt>
   <trkpt lat="69.6512490" lon="19.0272690">
    <ele>276.8</ele>
    <time>2025-02-28T15:12:25Z</time>
    <extensions>
     <gpxtpx:TrackPointExtension>
      <gpxtpx:hr>159</gpxtpx:hr>
     </gpxtpx:TrackPointExtension>
    </extensions>
   </trkpt>
   <trkpt lat="69.6512590" lon="19.0273070">
    <ele>277.4</ele>
    <time>2025-02-28T15:12:26Z</time>
    <extensions>
     <gpxtpx:TrackPointExtension>
      <gpxtpx:hr>159</gpxtpx:hr>
     </gpxtpx:TrackPointExtension>
    </extensions>
   </trkpt>
   <trkpt lat="69.6512540" lon="19.0273230">
    <ele>277.8</ele>
    <time>2025-02-28T15:12:27Z</time>
    <extensions>
     <gpxtpx:TrackPointExtension>
      <gpxtpx:hr>159</gpxtpx:hr>
     </gpxtpx:TrackPointExtension>
    </extensions>
   </trkpt>
   <trkpt lat="69.6512530" lon="19.0273350">
    <ele>277.9</ele>
    <time>2025-02-28T15:12:28Z</time>
    <extensions>
     <gpxtpx:TrackPointExtension>
      <gpxtpx:hr>159</gpxtpx:hr>
     </gpxtpx:TrackPointExtension>
    </extensions>
   </trkpt>
   <trkpt lat="69.6512520" lon="19.0273470">
    <ele>278.1</ele>
    <time>2025-02-28T15:12:31Z</time>
    <extensions>
     <gpxtpx:TrackPointExtension>
      <gpxtpx:hr>159</gpxtpx:hr>
     </gpxtpx:TrackPointExtension>
    </extensions>
   </trkpt>
   <trkpt lat="69.6512510" lon="19.0273590">
    <ele>278.3</ele>
    <time>2025-02-28T15:12:32Z</time>
    <extensions>
     <gpxtpx:TrackPointExtension>
      <gpxtpx:hr>159</gpxtpx:hr>
     </gpxtpx:TrackPointExtension>
    </extensions>
   </trkpt>
   <trkpt lat="69.6512500" lon="19.0273710">
    <ele>278.5</ele>
    <time>2025-02-28T15:12:33Z</time>
    <extensions>
     <gpxtpx:TrackPointExtension>
      <gpxtpx:hr>159</gpxtpx:hr>
     </gpxtpx:TrackPointExtension>
    </extensions>
   </trkpt>
   <trkpt lat="69.6512490" lon="19.0273820">
    <ele>278.6</ele>
    <time>2025-02-28T15:12:34Z</time>
    <extensions>
     <gpxtpx:TrackPointExtension>
      <gpxtpx:hr>159</gpxtpx:hr>
     </gpxtpx:TrackPointExtension>
    </extensions>
   </trkpt>
   <trkpt lat="69.6512480" lon="19.0273940">
    <ele>278.8</ele>
    <time>2025-02-28T15:12:35Z</time>
    <extensions>
     <gpxtpx:TrackPointExtension>
      <gpxtpx:hr>159</gpxtpx:hr>
     </gpxtpx:TrackPointExtension>
    </extensions>
   </trkpt>
   <trkpt lat="69.6512470" lon="19.0274060">
    <ele>279.0</ele>
    <time>2025-02-28T15:12:36Z</time>
    <extensions>
     <gpxtpx:TrackPointExtension>
      <gpxtpx:hr>159</gpxtpx:hr>
     </gpxtpx:TrackPointExtension>
    </extensions>
   </trkpt>
   <trkpt lat="69.6512460" lon="19.0274180">
    <ele>279.2</ele>
    <time>2025-02-28T15:12:37Z</time>
    <extensions>
     <gpxtpx:TrackPointExtension>
      <gpxtpx:hr>159</gpxtpx:hr>
     </gpxtpx:TrackPointExtension>
    </extensions>
   </trkpt>
   <trkpt lat="69.6512450" lon="19.0274300">
    <ele>279.3</ele>
    <time>2025-02-28T15:12:38Z</time>
    <extensions>
     <gpxtpx:TrackPointExtension>
      <gpxtpx:hr>159</gpxtpx:hr>
     </gpxtpx:TrackPointExtension>
    </extensions>
   </trkpt>
   <trkpt lat="69.6512310" lon="19.0274380">
    <ele>279.9</ele>
    <time>2025-02-28T15:12:39Z</time>
    <extensions>
     <gpxtpx:TrackPointExtension>
      <gpxtpx:hr>160</gpxtpx:hr>
     </gpxtpx:TrackPointExtension>
    </extensions>
   </trkpt>
   <trkpt lat="69.6512300" lon="19.0274450">
    <ele>280.0</ele>
    <time>2025-02-28T15:12:40Z</time>
    <extensions>
     <gpxtpx:TrackPointExtension>
      <gpxtpx:hr>160</gpxtpx:hr>
     </gpxtpx:TrackPointExtension>
    </extensions>
   </trkpt>
   <trkpt lat="69.6512300" lon="19.0274530">
    <ele>280.1</ele>
    <time>2025-02-28T15:12:41Z</time>
    <extensions>
     <gpxtpx:TrackPointExtension>
      <gpxtpx:hr>159</gpxtpx:hr>
     </gpxtpx:TrackPointExtension>
    </extensions>
   </trkpt>
   <trkpt lat="69.6512290" lon="19.0274880">
    <ele>280.6</ele>
    <time>2025-02-28T15:12:42Z</time>
    <extensions>
     <gpxtpx:TrackPointExtension>
      <gpxtpx:hr>159</gpxtpx:hr>
     </gpxtpx:TrackPointExtension>
    </extensions>
   </trkpt>
   <trkpt lat="69.6512280" lon="19.0275060">
    <ele>280.9</ele>
    <time>2025-02-28T15:12:43Z</time>
    <extensions>
     <gpxtpx:TrackPointExtension>
      <gpxtpx:hr>159</gpxtpx:hr>
     </gpxtpx:TrackPointExtension>
    </extensions>
   </trkpt>
   <trkpt lat="69.6512230" lon="19.0274760">
    <ele>281.4</ele>
    <time>2025-02-28T15:12:44Z</time>
    <extensions>
     <gpxtpx:TrackPointExtension>
      <gpxtpx:hr>159</gpxtpx:hr>
     </gpxtpx:TrackPointExtension>
    </extensions>
   </trkpt>
   <trkpt lat="69.6512250" lon="19.0275010">
    <ele>281.7</ele>
    <time>2025-02-28T15:12:45Z</time>
    <extensions>
     <gpxtpx:TrackPointExtension>
      <gpxtpx:hr>159</gpxtpx:hr>
     </gpxtpx:TrackPointExtension>
    </extensions>
   </trkpt>
   <trkpt lat="69.6512200" lon="19.0275170">
    <ele>282.0</ele>
    <time>2025-02-28T15:12:46Z</time>
    <extensions>
     <gpxtpx:TrackPointExtension>
      <gpxtpx:hr>159</gpxtpx:hr>
     </gpxtpx:TrackPointExtension>
    </extensions>
   </trkpt>
   <trkpt lat="69.6512180" lon="19.0275150">
    <ele>282.1</ele>
    <time>2025-02-28T15:12:47Z</time>
    <extensions>
     <gpxtpx:TrackPointExtension>
      <gpxtpx:hr>159</gpxtpx:hr>
     </gpxtpx:TrackPointExtension>
    </extensions>
   </trkpt>
   <trkpt lat="69.6512220" lon="19.0275450">
    <ele>282.6</ele>
    <time>2025-02-28T15:12:48Z</time>
    <extensions>
     <gpxtpx:TrackPointExtension>
      <gpxtpx:hr>176</gpxtpx:hr>
     </gpxtpx:TrackPointExtension>
    </extensions>
   </trkpt>
   <trkpt lat="69.6512270" lon="19.0275620">
    <ele>282.9</ele>
    <time>2025-02-28T15:12:49Z</time>
    <extensions>
     <gpxtpx:TrackPointExtension>
      <gpxtpx:hr>176</gpxtpx:hr>
     </gpxtpx:TrackPointExtension>
    </extensions>
   </trkpt>
   <trkpt lat="69.6512250" lon="19.0275750">
    <ele>283.1</ele>
    <time>2025-02-28T15:12:50Z</time>
    <extensions>
     <gpxtpx:TrackPointExtension>
      <gpxtpx:hr>176</gpxtpx:hr>
     </gpxtpx:TrackPointExtension>
    </extensions>
   </trkpt>
   <trkpt lat="69.6512280" lon="19.0275810">
    <ele>283.2</ele>
    <time>2025-02-28T15:12:51Z</time>
    <extensions>
     <gpxtpx:TrackPointExtension>
      <gpxtpx:hr>176</gpxtpx:hr>
     </gpxtpx:TrackPointExtension>
    </extensions>
   </trkpt>
   <trkpt lat="69.6512240" lon="19.0276010">
    <ele>283.5</ele>
    <time>2025-02-28T15:12:52Z</time>
    <extensions>
     <gpxtpx:TrackPointExtension>
      <gpxtpx:hr>176</gpxtpx:hr>
     </gpxtpx:TrackPointExtension>
    </extensions>
   </trkpt>
   <trkpt lat="69.6512240" lon="19.0276010">
    <ele>283.5</ele>
    <time>2025-02-28T15:12:53Z</time>
    <extensions>
     <gpxtpx:TrackPointExtension>
      <gpxtpx:hr>170</gpxtpx:hr>
     </gpxtpx:TrackPointExtension>
    </extensions>
   </trkpt>
   <trkpt lat="69.6512340" lon="19.0276230">
    <ele>284.0</ele>
    <time>2025-02-28T15:12:54Z</time>
    <extensions>
     <gpxtpx:TrackPointExtension>
      <gpxtpx:hr>170</gpxtpx:hr>
     </gpxtpx:TrackPointExtension>
    </extensions>
   </trkpt>
   <trkpt lat="69.6512390" lon="19.0276330">
    <ele>284.3</ele>
    <time>2025-02-28T15:12:55Z</time>
    <extensions>
     <gpxtpx:TrackPointExtension>
      <gpxtpx:hr>170</gpxtpx:hr>
     </gpxtpx:TrackPointExtension>
    </extensions>
   </trkpt>
   <trkpt lat="69.6512430" lon="19.0276410">
    <ele>284.5</ele>
    <time>2025-02-28T15:12:56Z</time>
    <extensions>
     <gpxtpx:TrackPointExtension>
      <gpxtpx:hr>170</gpxtpx:hr>
     </gpxtpx:TrackPointExtension>
    </extensions>
   </trkpt>
   <trkpt lat="69.6512460" lon="19.0276490">
    <ele>284.6</ele>
    <time>2025-02-28T15:12:57Z</time>
    <extensions>
     <gpxtpx:TrackPointExtension>
      <gpxtpx:hr>170</gpxtpx:hr>
     </gpxtpx:TrackPointExtension>
    </extensions>
   </trkpt>
   <trkpt lat="69.6512500" lon="19.0276560">
    <ele>284.8</ele>
    <time>2025-02-28T15:12:58Z</time>
    <extensions>
     <gpxtpx:TrackPointExtension>
      <gpxtpx:hr>170</gpxtpx:hr>
     </gpxtpx:TrackPointExtension>
    </extensions>
   </trkpt>
   <trkpt lat="69.6512530" lon="19.0276640">
    <ele>285.0</ele>
    <time>2025-02-28T15:12:59Z</time>
    <extensions>
     <gpxtpx:TrackPointExtension>
      <gpxtpx:hr>170</gpxtpx:hr>
     </gpxtpx:TrackPointExtension>
    </extensions>
   </trkpt>
   <trkpt lat="69.6512570" lon="19.0276720">
    <ele>285.1</ele>
    <time>2025-02-28T15:13:00Z</time>
    <extensions>
     <gpxtpx:TrackPointExtension>
      <gpxtpx:hr>162</gpxtpx:hr>
     </gpxtpx:TrackPointExtension>
    </extensions>
   </trkpt>
   <trkpt lat="69.6512600" lon="19.0276800">
    <ele>285.3</ele>
    <time>2025-02-28T15:13:01Z</time>
    <extensions>
     <gpxtpx:TrackPointExtension>
      <gpxtpx:hr>162</gpxtpx:hr>
     </gpxtpx:TrackPointExtension>
    </extensions>
   </trkpt>
   <trkpt lat="69.6512600" lon="19.0276800">
    <ele>285.3</ele>
    <time>2025-02-28T15:13:04Z</time>
    <extensions>
     <gpxtpx:TrackPointExtension>
      <gpxtpx:hr>162</gpxtpx:hr>
     </gpxtpx:TrackPointExtension>
    </extensions>
   </trkpt>
   <trkpt lat="69.6512600" lon="19.0276800">
    <ele>285.3</ele>
    <time>2025-02-28T15:13:05Z</time>
    <extensions>
     <gpxtpx:TrackPointExtension>
      <gpxtpx:hr>159</gpxtpx:hr>
     </gpxtpx:TrackPointExtension>
    </extensions>
   </trkpt>
   <trkpt lat="69.6512600" lon="19.0276800">
    <ele>285.3</ele>
    <time>2025-02-28T15:13:06Z</time>
    <extensions>
     <gpxtpx:TrackPointExtension>
      <gpxtpx:hr>159</gpxtpx:hr>
     </gpxtpx:TrackPointExtension>
    </extensions>
   </trkpt>
   <trkpt lat="69.6512480" lon="19.0276870">
    <ele>285.8</ele>
    <time>2025-02-28T15:13:08Z</time>
    <extensions>
     <gpxtpx:TrackPointExtension>
      <gpxtpx:hr>159</gpxtpx:hr>
     </gpxtpx:TrackPointExtension>
    </extensions>
   </trkpt>
   <trkpt lat="69.6512450" lon="19.0276830">
    <ele>285.9</ele>
    <time>2025-02-28T15:13:09Z</time>
    <extensions>
     <gpxtpx:TrackPointExtension>
      <gpxtpx:hr>159</gpxtpx:hr>
     </gpxtpx:TrackPointExtension>
    </extensions>
   </trkpt>
   <trkpt lat="69.6512520" lon="19.0276990">
    <ele>286.2</ele>
    <time>2025-02-28T15:13:10Z</time>
    <extensions>
     <gpxtpx:TrackPointExtension>
      <gpxtpx:hr>159</gpxtpx:hr>
     </gpxtpx:TrackPointExtension>
    </extensions>
   </trkpt>
   <trkpt lat="69.6512540" lon="19.0277110">
    <ele>286.4</ele>
    <time>2025-02-28T15:13:11Z</time>
    <extensions>
     <gpxtpx:TrackPointExtension>
      <gpxtpx:hr>159</gpxtpx:hr>
     </gpxtpx:TrackPointExtension>
    </extensions>
   </trkpt>
   <trkpt lat="69.6512550" lon="19.0277240">
    <ele>286.6</ele>
    <time>2025-02-28T15:13:12Z</time>
    <extensions>
     <gpxtpx:TrackPointExtension>
      <gpxtpx:hr>159</gpxtpx:hr>
     </gpxtpx:TrackPointExtension>
    </extensions>
   </trkpt>
   <trkpt lat="69.6512560" lon="19.0277370">
    <ele>286.8</ele>
    <time>2025-02-28T15:13:13Z</time>
    <extensions>
     <gpxtpx:TrackPointExtension>
      <gpxtpx:hr>161</gpxtpx:hr>
     </gpxtpx:TrackPointExtension>
    </extensions>
   </trkpt>
   <trkpt lat="69.6512570" lon="19.0277500">
    <ele>287.0</ele>
    <time>2025-02-28T15:13:14Z</time>
    <extensions>
     <gpxtpx:TrackPointExtension>
      <gpxtpx:hr>161</gpxtpx:hr>
     </gpxtpx:TrackPointExtension>
    </extensions>
   </trkpt>
   <trkpt lat="69.6512590" lon="19.0277620">
    <ele>287.1</ele>
    <time>2025-02-28T15:13:15Z</time>
    <extensions>
     <gpxtpx:TrackPointExtension>
      <gpxtpx:hr>161</gpxtpx:hr>
     </gpxtpx:TrackPointExtension>
    </extensions>
   </trkpt>
   <trkpt lat="69.6512600" lon="19.0277750">
    <ele>287.3</ele>
    <time>2025-02-28T15:13:16Z</time>
    <extensions>
     <gpxtpx:TrackPointExtension>
      <gpxtpx:hr>161</gpxtpx:hr>
     </gpxtpx:TrackPointExtension>
    </extensions>
   </trkpt>
   <trkpt lat="69.6512650" lon="19.0278080">
    <ele>287.8</ele>
    <time>2025-02-28T15:13:17Z</time>
    <extensions>
     <gpxtpx:TrackPointExtension>
      <gpxtpx:hr>161</gpxtpx:hr>
     </gpxtpx:TrackPointExtension>
    </extensions>
   </trkpt>
   <trkpt lat="69.6512810" lon="19.0278170">
    <ele>288.4</ele>
    <time>2025-02-28T15:13:18Z</time>
    <extensions>
     <gpxtpx:TrackPointExtension>
      <gpxtpx:hr>161</gpxtpx:hr>
     </gpxtpx:TrackPointExtension>
    </extensions>
   </trkpt>
   <trkpt lat="69.6512970" lon="19.0278140">
    <ele>289.1</ele>
    <time>2025-02-28T15:13:19Z</time>
    <extensions>
     <gpxtpx:TrackPointExtension>
      <gpxtpx:hr>161</gpxtpx:hr>
     </gpxtpx:TrackPointExtension>
    </extensions>
   </trkpt>
   <trkpt lat="69.6513050" lon="19.0278260">
    <ele>289.4</ele>
    <time>2025-02-28T15:13:20Z</time>
    <extensions>
     <gpxtpx:TrackPointExtension>
      <gpxtpx:hr>174</gpxtpx:hr>
     </gpxtpx:TrackPointExtension>
    </extensions>
   </trkpt>
   <trkpt lat="69.6513080" lon="19.0278290">
    <ele>289.5</ele>
    <time>2025-02-28T15:13:21Z</time>
    <extensions>
     <gpxtpx:TrackPointExtension>
      <gpxtpx:hr>174</gpxtpx:hr>
     </gpxtpx:TrackPointExtension>
    </extensions>
   </trkpt>
   <trkpt lat="69.6513150" lon="19.0278430">
    <ele>289.9</ele>
    <time>2025-02-28T15:13:22Z</time>
    <extensions>
     <gpxtpx:TrackPointExtension>
      <gpxtpx:hr>174</gpxtpx:hr>
     </gpxtpx:TrackPointExtension>
    </extensions>
   </trkpt>
   <trkpt lat="69.6513210" lon="19.0278490">
    <ele>290.1</ele>
    <time>2025-02-28T15:13:23Z</time>
    <extensions>
     <gpxtpx:TrackPointExtension>
      <gpxtpx:hr>174</gpxtpx:hr>
     </gpxtpx:TrackPointExtension>
    </extensions>
   </trkpt>
   <trkpt lat="69.6513290" lon="19.0278580">
    <ele>290.4</ele>
    <time>2025-02-28T15:13:24Z</time>
    <extensions>
     <gpxtpx:TrackPointExtension>
      <gpxtpx:hr>174</gpxtpx:hr>
     </gpxtpx:TrackPointExtension>
    </extensions>
   </trkpt>
   <trkpt lat="69.6513290" lon="19.0278850">
    <ele>290.8</ele>
    <time>2025-02-28T15:13:25Z</time>
    <extensions>
     <gpxtpx:TrackPointExtension>
      <gpxtpx:hr>175</gpxtpx:hr>
     </gpxtpx:TrackPointExtension>
    </extensions>
   </trkpt>
   <trkpt lat="69.6513320" lon="19.0278940">
    <ele>291.0</ele>
    <time>2025-02-28T15:13:26Z</time>
    <extensions>
     <gpxtpx:TrackPointExtension>
      <gpxtpx:hr>175</gpxtpx:hr>
     </gpxtpx:TrackPointExtension>
    </extensions>
   </trkpt>
   <trkpt lat="69.6513310" lon="19.0279060">
    <ele>291.1</ele>
    <time>2025-02-28T15:13:27Z</time>
    <extensions>
     <gpxtpx:TrackPointExtension>
      <gpxtpx:hr>176</gpxtpx:hr>
     </gpxtpx:TrackPointExtension>
    </extensions>
   </trkpt>
   <trkpt lat="69.6513330" lon="19.0279060">
    <ele>291.2</ele>
    <time>2025-02-28T15:13:28Z</time>
    <extensions>
     <gpxtpx:TrackPointExtension>
      <gpxtpx:hr>176</gpxtpx:hr>
     </gpxtpx:TrackPointExtension>
    </extensions>
   </trkpt>
   <trkpt lat="69.6513410" lon="19.0279170">
    <ele>291.5</ele>
    <time>2025-02-28T15:13:29Z</time>
    <extensions>
     <gpxtpx:TrackPointExtension>
      <gpxtpx:hr>176</gpxtpx:hr>
     </gpxtpx:TrackPointExtension>
    </extensions>
   </trkpt>
   <trkpt lat="69.6513440" lon="19.0279290">
    <ele>291.7</ele>
    <time>2025-02-28T15:13:30Z</time>
    <extensions>
     <gpxtpx:TrackPointExtension>
      <gpxtpx:hr>176</gpxtpx:hr>
     </gpxtpx:TrackPointExtension>
    </extensions>
   </trkpt>
   <trkpt lat="69.6513380" lon="19.0279550">
    <ele>292.1</ele>
    <time>2025-02-28T15:13:31Z</time>
    <extensions>
     <gpxtpx:TrackPointExtension>
      <gpxtpx:hr>176</gpxtpx:hr>
     </gpxtpx:TrackPointExtension>
    </extensions>
   </trkpt>
   <trkpt lat="69.6513390" lon="19.0279740">
    <ele>292.4</ele>
    <time>2025-02-28T15:13:32Z</time>
    <extensions>
     <gpxtpx:TrackPointExtension>
      <gpxtpx:hr>176</gpxtpx:hr>
     </gpxtpx:TrackPointExtension>
    </extensions>
   </trkpt>
   <trkpt lat="69.6513470" lon="19.0279770">
    <ele>292.7</ele>
    <time>2025-02-28T15:13:33Z</time>
    <extensions>
     <gpxtpx:TrackPointExtension>
      <gpxtpx:hr>176</gpxtpx:hr>
     </gpxtpx:TrackPointExtension>
    </extensions>
   </trkpt>
   <trkpt lat="69.6513510" lon="19.0279790">
    <ele>292.8</ele>
    <time>2025-02-28T15:13:34Z</time>
    <extensions>
     <gpxtpx:TrackPointExtension>
      <gpxtpx:hr>176</gpxtpx:hr>
     </gpxtpx:TrackPointExtension>
    </extensions>
   </trkpt>
   <trkpt lat="69.6513590" lon="19.0279690">
    <ele>293.1</ele>
    <time>2025-02-28T15:13:35Z</time>
    <extensions>
     <gpxtpx:TrackPointExtension>
      <gpxtpx:hr>176</gpxtpx:hr>
     </gpxtpx:TrackPointExtension>
    </extensions>
   </trkpt>
   <trkpt lat="69.6513640" lon="19.0279850">
    <ele>293.4</ele>
    <time>2025-02-28T15:13:36Z</time>
    <extensions>
     <gpxtpx:TrackPointExtension>
      <gpxtpx:hr>176</gpxtpx:hr>
     </gpxtpx:TrackPointExtension>
    </extensions>
   </trkpt>
   <trkpt lat="69.6513640" lon="19.0279680">
    <ele>293.6</ele>
    <time>2025-02-28T15:13:37Z</time>
    <extensions>
     <gpxtpx:TrackPointExtension>
      <gpxtpx:hr>176</gpxtpx:hr>
     </gpxtpx:TrackPointExtension>
    </extensions>
   </trkpt>
   <trkpt lat="69.6513720" lon="19.0279750">
    <ele>294.0</ele>
    <time>2025-02-28T15:13:38Z</time>
    <extensions>
     <gpxtpx:TrackPointExtension>
      <gpxtpx:hr>176</gpxtpx:hr>
     </gpxtpx:TrackPointExtension>
    </extensions>
   </trkpt>
   <trkpt lat="69.6513810" lon="19.0279970">
    <ele>294.4</ele>
    <time>2025-02-28T15:13:39Z</time>
    <extensions>
     <gpxtpx:TrackPointExtension>
      <gpxtpx:hr>176</gpxtpx:hr>
     </gpxtpx:TrackPointExtension>
    </extensions>
   </trkpt>
   <trkpt lat="69.6513860" lon="19.0279900">
    <ele>294.6</ele>
    <time>2025-02-28T15:13:40Z</time>
    <extensions>
     <gpxtpx:TrackPointExtension>
      <gpxtpx:hr>178</gpxtpx:hr>
     </gpxtpx:TrackPointExtension>
    </extensions>
   </trkpt>
   <trkpt lat="69.6513860" lon="19.0279900">
    <ele>294.6</ele>
    <time>2025-02-28T15:13:42Z</time>
    <extensions>
     <gpxtpx:TrackPointExtension>
      <gpxtpx:hr>178</gpxtpx:hr>
     </gpxtpx:TrackPointExtension>
    </extensions>
   </trkpt>
   <trkpt lat="69.6513860" lon="19.0280130">
    <ele>294.9</ele>
    <time>2025-02-28T15:13:44Z</time>
    <extensions>
     <gpxtpx:TrackPointExtension>
      <gpxtpx:hr>176</gpxtpx:hr>
     </gpxtpx:TrackPointExtension>
    </extensions>
   </trkpt>
   <trkpt lat="69.6514020" lon="19.0279960">
    <ele>295.5</ele>
    <time>2025-02-28T15:13:45Z</time>
    <extensions>
     <gpxtpx:TrackPointExtension>
      <gpxtpx:hr>176</gpxtpx:hr>
     </gpxtpx:TrackPointExtension>
    </extensions>
   </trkpt>
   <trkpt lat="69.6514020" lon="19.0280120">
    <ele>295.7</ele>
    <time>2025-02-28T15:13:46Z</time>
    <extensions>
     <gpxtpx:TrackPointExtension>
      <gpxtpx:hr>176</gpxtpx:hr>
     </gpxtpx:TrackPointExtension>
    </extensions>
   </trkpt>
   <trkpt lat="69.6513940" lon="19.0279950">
    <ele>296.1</ele>
    <time>2025-02-28T15:13:47Z</time>
    <extensions>
     <gpxtpx:TrackPointExtension>
      <gpxtpx:hr>176</gpxtpx:hr>
     </gpxtpx:TrackPointExtension>
    </extensions>
   </trkpt>
   <trkpt lat="69.6514040" lon="19.0279710">
    <ele>296.6</ele>
    <time>2025-02-28T15:13:48Z</time>
    <extensions>
     <gpxtpx:TrackPointExtension>
      <gpxtpx:hr>176</gpxtpx:hr>
     </gpxtpx:TrackPointExtension>
    </extensions>
   </trkpt>
   <trkpt lat="69.6514130" lon="19.0279760">
    <ele>296.9</ele>
    <time>2025-02-28T15:13:49Z</time>
    <extensions>
     <gpxtpx:TrackPointExtension>
      <gpxtpx:hr>176</gpxtpx:hr>
     </gpxtpx:TrackPointExtension>
    </extensions>
   </trkpt>
   <trkpt lat="69.6514170" lon="19.0279780">
    <ele>297.0</ele>
    <time>2025-02-28T15:13:50Z</time>
    <extensions>
     <gpxtpx:TrackPointExtension>
      <gpxtpx:hr>176</gpxtpx:hr>
     </gpxtpx:TrackPointExtension>
    </extensions>
   </trkpt>
   <trkpt lat="69.6514230" lon="19.0279880">
    <ele>297.3</ele>
    <time>2025-02-28T15:13:51Z</time>
    <extensions>
     <gpxtpx:TrackPointExtension>
      <gpxtpx:hr>176</gpxtpx:hr>
     </gpxtpx:TrackPointExtension>
    </extensions>
   </trkpt>
   <trkpt lat="69.6514280" lon="19.0279830">
    <ele>297.5</ele>
    <time>2025-02-28T15:13:52Z</time>
    <extensions>
     <gpxtpx:TrackPointExtension>
      <gpxtpx:hr>177</gpxtpx:hr>
     </gpxtpx:TrackPointExtension>
    </extensions>
   </trkpt>
   <trkpt lat="69.6514320" lon="19.0279810">
    <ele>297.6</ele>
    <time>2025-02-28T15:13:53Z</time>
    <extensions>
     <gpxtpx:TrackPointExtension>
      <gpxtpx:hr>177</gpxtpx:hr>
     </gpxtpx:TrackPointExtension>
    </extensions>
   </trkpt>
   <trkpt lat="69.6514340" lon="19.0279810">
    <ele>297.7</ele>
    <time>2025-02-28T15:13:54Z</time>
    <extensions>
     <gpxtpx:TrackPointExtension>
      <gpxtpx:hr>177</gpxtpx:hr>
     </gpxtpx:TrackPointExtension>
    </extensions>
   </trkpt>
   <trkpt lat="69.6514350" lon="19.0279820">
    <ele>297.7</ele>
    <time>2025-02-28T15:13:55Z</time>
    <extensions>
     <gpxtpx:TrackPointExtension>
      <gpxtpx:hr>177</gpxtpx:hr>
     </gpxtpx:TrackPointExtension>
    </extensions>
   </trkpt>
   <trkpt lat="69.6514360" lon="19.0279830">
    <ele>297.8</ele>
    <time>2025-02-28T15:13:56Z</time>
    <extensions>
     <gpxtpx:TrackPointExtension>
      <gpxtpx:hr>177</gpxtpx:hr>
     </gpxtpx:TrackPointExtension>
    </extensions>
   </trkpt>
   <trkpt lat="69.6514370" lon="19.0279830">
    <ele>297.8</ele>
    <time>2025-02-28T15:13:57Z</time>
    <extensions>
     <gpxtpx:TrackPointExtension>
      <gpxtpx:hr>177</gpxtpx:hr>
     </gpxtpx:TrackPointExtension>
    </extensions>
   </trkpt>
   <trkpt lat="69.6514390" lon="19.0279840">
    <ele>297.9</ele>
    <time>2025-02-28T15:13:58Z</time>
    <extensions>
     <gpxtpx:TrackPointExtension>
      <gpxtpx:hr>178</gpxtpx:hr>
     </gpxtpx:TrackPointExtension>
    </extensions>
   </trkpt>
   <trkpt lat="69.6514400" lon="19.0279850">
    <ele>297.9</ele>
    <time>2025-02-28T15:13:59Z</time>
    <extensions>
     <gpxtpx:TrackPointExtension>
      <gpxtpx:hr>178</gpxtpx:hr>
     </gpxtpx:TrackPointExtension>
    </extensions>
   </trkpt>
   <trkpt lat="69.6514410" lon="19.0279850">
    <ele>298.0</ele>
    <time>2025-02-28T15:14:00Z</time>
    <extensions>
     <gpxtpx:TrackPointExtension>
      <gpxtpx:hr>178</gpxtpx:hr>
     </gpxtpx:TrackPointExtension>
    </extensions>
   </trkpt>
   <trkpt lat="69.6514420" lon="19.0279860">
    <ele>298.0</ele>
    <time>2025-02-28T15:14:01Z</time>
    <extensions>
     <gpxtpx:TrackPointExtension>
      <gpxtpx:hr>178</gpxtpx:hr>
     </gpxtpx:TrackPointExtension>
    </extensions>
   </trkpt>
   <trkpt lat="69.6514440" lon="19.0279870">
    <ele>298.1</ele>
    <time>2025-02-28T15:14:02Z</time>
    <extensions>
     <gpxtpx:TrackPointExtension>
      <gpxtpx:hr>178</gpxtpx:hr>
     </gpxtpx:TrackPointExtension>
    </extensions>
   </trkpt>
   <trkpt lat="69.6514450" lon="19.0279870">
    <ele>298.1</ele>
    <time>2025-02-28T15:14:03Z</time>
    <extensions>
     <gpxtpx:TrackPointExtension>
      <gpxtpx:hr>178</gpxtpx:hr>
     </gpxtpx:TrackPointExtension>
    </extensions>
   </trkpt>
   <trkpt lat="69.6514460" lon="19.0279880">
    <ele>298.2</ele>
    <time>2025-02-28T15:14:04Z</time>
    <extensions>
     <gpxtpx:TrackPointExtension>
      <gpxtpx:hr>178</gpxtpx:hr>
     </gpxtpx:TrackPointExtension>
    </extensions>
   </trkpt>
   <trkpt lat="69.6514470" lon="19.0279890">
    <ele>298.2</ele>
    <time>2025-02-28T15:14:05Z</time>
    <extensions>
     <gpxtpx:TrackPointExtension>
      <gpxtpx:hr>178</gpxtpx:hr>
     </gpxtpx:TrackPointExtension>
    </extensions>
   </trkpt>
   <trkpt lat="69.6514490" lon="19.0279890">
    <ele>298.3</ele>
    <time>2025-02-28T15:14:06Z</time>
    <extensions>
     <gpxtpx:TrackPointExtension>
      <gpxtpx:hr>173</gpxtpx:hr>
     </gpxtpx:TrackPointExtension>
    </extensions>
   </trkpt>
   <trkpt lat="69.6514500" lon="19.0279900">
    <ele>298.3</ele>
    <time>2025-02-28T15:14:07Z</time>
    <extensions>
     <gpxtpx:TrackPointExtension>
      <gpxtpx:hr>173</gpxtpx:hr>
     </gpxtpx:TrackPointExtension>
    </extensions>
   </trkpt>
   <trkpt lat="69.6514510" lon="19.0279910">
    <ele>298.3</ele>
    <time>2025-02-28T15:14:08Z</time>
    <extensions>
     <gpxtpx:TrackPointExtension>
      <gpxtpx:hr>173</gpxtpx:hr>
     </gpxtpx:TrackPointExtension>
    </extensions>
   </trkpt>
   <trkpt lat="69.6514520" lon="19.0279910">
    <ele>298.4</ele>
    <time>2025-02-28T15:14:09Z</time>
    <extensions>
     <gpxtpx:TrackPointExtension>
      <gpxtpx:hr>173</gpxtpx:hr>
     </gpxtpx:TrackPointExtension>
    </extensions>
   </trkpt>
   <trkpt lat="69.6514540" lon="19.0279920">
    <ele>298.5</ele>
    <time>2025-02-28T15:14:10Z</time>
    <extensions>
     <gpxtpx:TrackPointExtension>
      <gpxtpx:hr>173</gpxtpx:hr>
     </gpxtpx:TrackPointExtension>
    </extensions>
   </trkpt>
   <trkpt lat="69.6514550" lon="19.0279930">
    <ele>298.5</ele>
    <time>2025-02-28T15:14:11Z</time>
    <extensions>
     <gpxtpx:TrackPointExtension>
      <gpxtpx:hr>168</gpxtpx:hr>
     </gpxtpx:TrackPointExtension>
    </extensions>
   </trkpt>
   <trkpt lat="69.6514560" lon="19.0279930">
    <ele>298.5</ele>
    <time>2025-02-28T15:14:12Z</time>
    <extensions>
     <gpxtpx:TrackPointExtension>
      <gpxtpx:hr>168</gpxtpx:hr>
     </gpxtpx:TrackPointExtension>
    </extensions>
   </trkpt>
   <trkpt lat="69.6514580" lon="19.0279940">
    <ele>298.6</ele>
    <time>2025-02-28T15:14:13Z</time>
    <extensions>
     <gpxtpx:TrackPointExtension>
      <gpxtpx:hr>168</gpxtpx:hr>
     </gpxtpx:TrackPointExtension>
    </extensions>
   </trkpt>
   <trkpt lat="69.6514590" lon="19.0279950">
    <ele>298.6</ele>
    <time>2025-02-28T15:14:14Z</time>
    <extensions>
     <gpxtpx:TrackPointExtension>
      <gpxtpx:hr>168</gpxtpx:hr>
     </gpxtpx:TrackPointExtension>
    </extensions>
   </trkpt>
   <trkpt lat="69.6514600" lon="19.0279950">
    <ele>298.7</ele>
    <time>2025-02-28T15:14:15Z</time>
    <extensions>
     <gpxtpx:TrackPointExtension>
      <gpxtpx:hr>168</gpxtpx:hr>
     </gpxtpx:TrackPointExtension>
    </extensions>
   </trkpt>
   <trkpt lat="69.6514610" lon="19.0279960">
    <ele>298.7</ele>
    <time>2025-02-28T15:14:16Z</time>
    <extensions>
     <gpxtpx:TrackPointExtension>
      <gpxtpx:hr>168</gpxtpx:hr>
     </gpxtpx:TrackPointExtension>
    </extensions>
   </trkpt>
   <trkpt lat="69.6514630" lon="19.0279970">
    <ele>298.8</ele>
    <time>2025-02-28T15:14:17Z</time>
    <extensions>
     <gpxtpx:TrackPointExtension>
      <gpxtpx:hr>168</gpxtpx:hr>
     </gpxtpx:TrackPointExtension>
    </extensions>
   </trkpt>
   <trkpt lat="69.6514640" lon="19.0279970">
    <ele>298.8</ele>
    <time>2025-02-28T15:14:18Z</time>
    <extensions>
     <gpxtpx:TrackPointExtension>
      <gpxtpx:hr>168</gpxtpx:hr>
     </gpxtpx:TrackPointExtension>
    </extensions>
   </trkpt>
   <trkpt lat="69.6514650" lon="19.0279980">
    <ele>298.9</ele>
    <time>2025-02-28T15:14:19Z</time>
    <extensions>
     <gpxtpx:TrackPointExtension>
      <gpxtpx:hr>168</gpxtpx:hr>
     </gpxtpx:TrackPointExtension>
    </extensions>
   </trkpt>
   <trkpt lat="69.6514660" lon="19.0279980">
    <ele>298.9</ele>
    <time>2025-02-28T15:14:20Z</time>
    <extensions>
     <gpxtpx:TrackPointExtension>
      <gpxtpx:hr>155</gpxtpx:hr>
     </gpxtpx:TrackPointExtension>
    </extensions>
   </trkpt>
   <trkpt lat="69.6514680" lon="19.0279990">
    <ele>299.0</ele>
    <time>2025-02-28T15:14:21Z</time>
    <extensions>
     <gpxtpx:TrackPointExtension>
      <gpxtpx:hr>155</gpxtpx:hr>
     </gpxtpx:TrackPointExtension>
    </extensions>
   </trkpt>
   <trkpt lat="69.6514690" lon="19.0280000">
    <ele>299.0</ele>
    <time>2025-02-28T15:14:22Z</time>
    <extensions>
     <gpxtpx:TrackPointExtension>
      <gpxtpx:hr>155</gpxtpx:hr>
     </gpxtpx:TrackPointExtension>
    </extensions>
   </trkpt>
   <trkpt lat="69.6514700" lon="19.0280000">
    <ele>299.0</ele>
    <time>2025-02-28T15:14:23Z</time>
    <extensions>
     <gpxtpx:TrackPointExtension>
      <gpxtpx:hr>155</gpxtpx:hr>
     </gpxtpx:TrackPointExtension>
    </extensions>
   </trkpt>
   <trkpt lat="69.6514710" lon="19.0280010">
    <ele>299.1</ele>
    <time>2025-02-28T15:14:24Z</time>
    <extensions>
     <gpxtpx:TrackPointExtension>
      <gpxtpx:hr>155</gpxtpx:hr>
     </gpxtpx:TrackPointExtension>
    </extensions>
   </trkpt>
   <trkpt lat="69.6514730" lon="19.0280020">
    <ele>299.2</ele>
    <time>2025-02-28T15:14:25Z</time>
    <extensions>
     <gpxtpx:TrackPointExtension>
      <gpxtpx:hr>152</gpxtpx:hr>
     </gpxtpx:TrackPointExtension>
    </extensions>
   </trkpt>
   <trkpt lat="69.6514740" lon="19.0280020">
    <ele>299.2</ele>
    <time>2025-02-28T15:14:26Z</time>
    <extensions>
     <gpxtpx:TrackPointExtension>
      <gpxtpx:hr>152</gpxtpx:hr>
     </gpxtpx:TrackPointExtension>
    </extensions>
   </trkpt>
   <trkpt lat="69.6514750" lon="19.0280030">
    <ele>299.2</ele>
    <time>2025-02-28T15:14:27Z</time>
    <extensions>
     <gpxtpx:TrackPointExtension>
      <gpxtpx:hr>152</gpxtpx:hr>
     </gpxtpx:TrackPointExtension>
    </extensions>
   </trkpt>
   <trkpt lat="69.6514770" lon="19.0280040">
    <ele>299.3</ele>
    <time>2025-02-28T15:14:28Z</time>
    <extensions>
     <gpxtpx:TrackPointExtension>
      <gpxtpx:hr>152</gpxtpx:hr>
     </gpxtpx:TrackPointExtension>
    </extensions>
   </trkpt>
   <trkpt lat="69.6514780" lon="19.0280040">
    <ele>299.3</ele>
    <time>2025-02-28T15:14:29Z</time>
    <extensions>
     <gpxtpx:TrackPointExtension>
      <gpxtpx:hr>152</gpxtpx:hr>
     </gpxtpx:TrackPointExtension>
    </extensions>
   </trkpt>
   <trkpt lat="69.6514790" lon="19.0280050">
    <ele>299.4</ele>
    <time>2025-02-28T15:14:30Z</time>
    <extensions>
     <gpxtpx:TrackPointExtension>
      <gpxtpx:hr>150</gpxtpx:hr>
     </gpxtpx:TrackPointExtension>
    </extensions>
   </trkpt>
   <trkpt lat="69.6514800" lon="19.0280060">
    <ele>299.4</ele>
    <time>2025-02-28T15:14:31Z</time>
    <extensions>
     <gpxtpx:TrackPointExtension>
      <gpxtpx:hr>150</gpxtpx:hr>
     </gpxtpx:TrackPointExtension>
    </extensions>
   </trkpt>
   <trkpt lat="69.6514820" lon="19.0280060">
    <ele>299.5</ele>
    <time>2025-02-28T15:14:32Z</time>
    <extensions>
     <gpxtpx:TrackPointExtension>
      <gpxtpx:hr>150</gpxtpx:hr>
     </gpxtpx:TrackPointExtension>
    </extensions>
   </trkpt>
   <trkpt lat="69.6514830" lon="19.0280070">
    <ele>299.5</ele>
    <time>2025-02-28T15:14:33Z</time>
    <extensions>
     <gpxtpx:TrackPointExtension>
      <gpxtpx:hr>150</gpxtpx:hr>
     </gpxtpx:TrackPointExtension>
    </extensions>
   </trkpt>
   <trkpt lat="69.6514840" lon="19.0280080">
    <ele>299.6</ele>
    <time>2025-02-28T15:14:34Z</time>
    <extensions>
     <gpxtpx:TrackPointExtension>
      <gpxtpx:hr>150</gpxtpx:hr>
     </gpxtpx:TrackPointExtension>
    </extensions>
   </trkpt>
   <trkpt lat="69.6514850" lon="19.0280080">
    <ele>299.6</ele>
    <time>2025-02-28T15:14:35Z</time>
    <extensions>
     <gpxtpx:TrackPointExtension>
      <gpxtpx:hr>148</gpxtpx:hr>
     </gpxtpx:TrackPointExtension>
    </extensions>
   </trkpt>
   <trkpt lat="69.6514870" lon="19.0280090">
    <ele>299.7</ele>
    <time>2025-02-28T15:14:36Z</time>
    <extensions>
     <gpxtpx:TrackPointExtension>
      <gpxtpx:hr>148</gpxtpx:hr>
     </gpxtpx:TrackPointExtension>
    </extensions>
   </trkpt>
   <trkpt lat="69.6514880" lon="19.0280100">
    <ele>299.7</ele>
    <time>2025-02-28T15:14:37Z</time>
    <extensions>
     <gpxtpx:TrackPointExtension>
      <gpxtpx:hr>148</gpxtpx:hr>
     </gpxtpx:TrackPointExtension>
    </extensions>
   </trkpt>
   <trkpt lat="69.6514890" lon="19.0280100">
    <ele>299.7</ele>
    <time>2025-02-28T15:14:38Z</time>
    <extensions>
     <gpxtpx:TrackPointExtension>
      <gpxtpx:hr>148</gpxtpx:hr>
     </gpxtpx:TrackPointExtension>
    </extensions>
   </trkpt>
   <trkpt lat="69.6514900" lon="19.0280110">
    <ele>299.8</ele>
    <time>2025-02-28T15:14:39Z</time>
    <extensions>
     <gpxtpx:TrackPointExtension>
      <gpxtpx:hr>148</gpxtpx:hr>
     </gpxtpx:TrackPointExtension>
    </extensions>
   </trkpt>
   <trkpt lat="69.6514920" lon="19.0280120">
    <ele>299.8</ele>
    <time>2025-02-28T15:14:40Z</time>
    <extensions>
     <gpxtpx:TrackPointExtension>
      <gpxtpx:hr>148</gpxtpx:hr>
     </gpxtpx:TrackPointExtension>
    </extensions>
   </trkpt>
   <trkpt lat="69.6514930" lon="19.0280120">
    <ele>299.9</ele>
    <time>2025-02-28T15:14:41Z</time>
    <extensions>
     <gpxtpx:TrackPointExtension>
      <gpxtpx:hr>147</gpxtpx:hr>
     </gpxtpx:TrackPointExtension>
    </extensions>
   </trkpt>
   <trkpt lat="69.6514940" lon="19.0280130">
    <ele>299.9</ele>
    <time>2025-02-28T15:14:42Z</time>
    <extensions>
     <gpxtpx:TrackPointExtension>
      <gpxtpx:hr>147</gpxtpx:hr>
     </gpxtpx:TrackPointExtension>
    </extensions>
   </trkpt>
   <trkpt lat="69.6514950" lon="19.0280140">
    <ele>299.9</ele>
    <time>2025-02-28T15:14:43Z</time>
    <extensions>
     <gpxtpx:TrackPointExtension>
      <gpxtpx:hr>147</gpxtpx:hr>
     </gpxtpx:TrackPointExtension>
    </extensions>
   </trkpt>
   <trkpt lat="69.6514970" lon="19.0280140">
    <ele>300.0</ele>
    <time>2025-02-28T15:14:44Z</time>
    <extensions>
     <gpxtpx:TrackPointExtension>
      <gpxtpx:hr>147</gpxtpx:hr>
     </gpxtpx:TrackPointExtension>
    </extensions>
   </trkpt>
   <trkpt lat="69.6514980" lon="19.0280150">
    <ele>300.0</ele>
    <time>2025-02-28T15:14:45Z</time>
    <extensions>
     <gpxtpx:TrackPointExtension>
      <gpxtpx:hr>147</gpxtpx:hr>
     </gpxtpx:TrackPointExtension>
    </extensions>
   </trkpt>
   <trkpt lat="69.6514990" lon="19.0280350">
    <ele>300.3</ele>
    <time>2025-02-28T15:14:46Z</time>
    <extensions>
     <gpxtpx:TrackPointExtension>
      <gpxtpx:hr>146</gpxtpx:hr>
     </gpxtpx:TrackPointExtension>
    </extensions>
   </trkpt>
   <trkpt lat="69.6515070" lon="19.0280550">
    <ele>300.7</ele>
    <time>2025-02-28T15:14:47Z</time>
    <extensions>
     <gpxtpx:TrackPointExtension>
      <gpxtpx:hr>146</gpxtpx:hr>
     </gpxtpx:TrackPointExtension>
    </extensions>
   </trkpt>
   <trkpt lat="69.6514990" lon="19.0280620">
    <ele>300.9</ele>
    <time>2025-02-28T15:14:48Z</time>
    <extensions>
     <gpxtpx:TrackPointExtension>
      <gpxtpx:hr>146</gpxtpx:hr>
     </gpxtpx:TrackPointExtension>
    </extensions>
   </trkpt>
   <trkpt lat="69.6514990" lon="19.0280740">
    <ele>301.1</ele>
    <time>2025-02-28T15:14:49Z</time>
    <extensions>
     <gpxtpx:TrackPointExtension>
      <gpxtpx:hr>146</gpxtpx:hr>
     </gpxtpx:TrackPointExtension>
    </extensions>
   </trkpt>
   <trkpt lat="69.6514980" lon="19.0280660">
    <ele>301.2</ele>
    <time>2025-02-28T15:14:50Z</time>
    <extensions>
     <gpxtpx:TrackPointExtension>
      <gpxtpx:hr>146</gpxtpx:hr>
     </gpxtpx:TrackPointExtension>
    </extensions>
   </trkpt>
   <trkpt lat="69.6515050" lon="19.0280750">
    <ele>301.4</ele>
    <time>2025-02-28T15:14:51Z</time>
    <extensions>
     <gpxtpx:TrackPointExtension>
      <gpxtpx:hr>146</gpxtpx:hr>
     </gpxtpx:TrackPointExtension>
    </extensions>
   </trkpt>
   <trkpt lat="69.6515060" lon="19.0280720">
    <ele>301.5</ele>
    <time>2025-02-28T15:14:52Z</time>
    <extensions>
     <gpxtpx:TrackPointExtension>
      <gpxtpx:hr>146</gpxtpx:hr>
     </gpxtpx:TrackPointExtension>
    </extensions>
   </trkpt>
   <trkpt lat="69.6515060" lon="19.0280690">
    <ele>301.5</ele>
    <time>2025-02-28T15:14:53Z</time>
    <extensions>
     <gpxtpx:TrackPointExtension>
      <gpxtpx:hr>146</gpxtpx:hr>
     </gpxtpx:TrackPointExtension>
    </extensions>
   </trkpt>
   <trkpt lat="69.6515060" lon="19.0280690">
    <ele>301.5</ele>
    <time>2025-02-28T15:14:54Z</time>
    <extensions>
     <gpxtpx:TrackPointExtension>
      <gpxtpx:hr>146</gpxtpx:hr>
     </gpxtpx:TrackPointExtension>
    </extensions>
   </trkpt>
   <trkpt lat="69.6515060" lon="19.0280690">
    <ele>301.5</ele>
    <time>2025-02-28T15:14:55Z</time>
    <extensions>
     <gpxtpx:TrackPointExtension>
      <gpxtpx:hr>146</gpxtpx:hr>
     </gpxtpx:TrackPointExtension>
    </extensions>
   </trkpt>
   <trkpt lat="69.6515130" lon="19.0280780">
    <ele>301.8</ele>
    <time>2025-02-28T15:14:56Z</time>
    <extensions>
     <gpxtpx:TrackPointExtension>
      <gpxtpx:hr>145</gpxtpx:hr>
     </gpxtpx:TrackPointExtension>
    </extensions>
   </trkpt>
   <trkpt lat="69.6515210" lon="19.0280870">
    <ele>302.1</ele>
    <time>2025-02-28T15:14:57Z</time>
    <extensions>
     <gpxtpx:TrackPointExtension>
      <gpxtpx:hr>145</gpxtpx:hr>
     </gpxtpx:TrackPointExtension>
    </extensions>
   </trkpt>
   <trkpt lat="69.6515280" lon="19.0280970">
    <ele>302.3</ele>
    <time>2025-02-28T15:14:58Z</time>
    <extensions>
     <gpxtpx:TrackPointExtension>
      <gpxtpx:hr>145</gpxtpx:hr>
     </gpxtpx:TrackPointExtension>
    </extensions>
   </trkpt>
   <trkpt lat="69.6515360" lon="19.0281060">
    <ele>302.6</ele>
    <time>2025-02-28T15:14:59Z</time>
    <extensions>
     <gpxtpx:TrackPointExtension>
      <gpxtpx:hr>145</gpxtpx:hr>
     </gpxtpx:TrackPointExtension>
    </extensions>
   </trkpt>
   <trkpt lat="69.6515430" lon="19.0281150">
    <ele>302.9</ele>
    <time>2025-02-28T15:15:00Z</time>
    <extensions>
     <gpxtpx:TrackPointExtension>
      <gpxtpx:hr>145</gpxtpx:hr>
     </gpxtpx:TrackPointExtension>
    </extensions>
   </trkpt>
   <trkpt lat="69.6515510" lon="19.0281240">
    <ele>303.2</ele>
    <time>2025-02-28T15:15:01Z</time>
    <extensions>
     <gpxtpx:TrackPointExtension>
      <gpxtpx:hr>148</gpxtpx:hr>
     </gpxtpx:TrackPointExtension>
    </extensions>
   </trkpt>
   <trkpt lat="69.6515580" lon="19.0281330">
    <ele>303.5</ele>
    <time>2025-02-28T15:15:02Z</time>
    <extensions>
     <gpxtpx:TrackPointExtension>
      <gpxtpx:hr>148</gpxtpx:hr>
     </gpxtpx:TrackPointExtension>
    </extensions>
   </trkpt>
   <trkpt lat="69.6515660" lon="19.0281420">
    <ele>303.8</ele>
    <time>2025-02-28T15:15:03Z</time>
    <extensions>
     <gpxtpx:TrackPointExtension>
      <gpxtpx:hr>148</gpxtpx:hr>
     </gpxtpx:TrackPointExtension>
    </extensions>
   </trkpt>
   <trkpt lat="69.6515730" lon="19.0281520">
    <ele>304.0</ele>
    <time>2025-02-28T15:15:04Z</time>
    <extensions>
     <gpxtpx:TrackPointExtension>
      <gpxtpx:hr>148</gpxtpx:hr>
     </gpxtpx:TrackPointExtension>
    </extensions>
   </trkpt>
   <trkpt lat="69.6515810" lon="19.0281610">
    <ele>304.3</ele>
    <time>2025-02-28T15:15:05Z</time>
    <extensions>
     <gpxtpx:TrackPointExtension>
      <gpxtpx:hr>148</gpxtpx:hr>
     </gpxtpx:TrackPointExtension>
    </extensions>
   </trkpt>
   <trkpt lat="69.6515880" lon="19.0281700">
    <ele>304.6</ele>
    <time>2025-02-28T15:15:06Z</time>
    <extensions>
     <gpxtpx:TrackPointExtension>
      <gpxtpx:hr>148</gpxtpx:hr>
     </gpxtpx:TrackPointExtension>
    </extensions>
   </trkpt>
   <trkpt lat="69.6516000" lon="19.0281700">
    <ele>305.0</ele>
    <time>2025-02-28T15:15:07Z</time>
    <extensions>
     <gpxtpx:TrackPointExtension>
      <gpxtpx:hr>148</gpxtpx:hr>
     </gpxtpx:TrackPointExtension>
    </extensions>
   </trkpt>
   <trkpt lat="69.6516030" lon="19.0281830">
    <ele>305.2</ele>
    <time>2025-02-28T15:15:08Z</time>
    <extensions>
     <gpxtpx:TrackPointExtension>
      <gpxtpx:hr>148</gpxtpx:hr>
     </gpxtpx:TrackPointExtension>
    </extensions>
   </trkpt>
   <trkpt lat="69.6516120" lon="19.0281900">
    <ele>305.5</ele>
    <time>2025-02-28T15:15:09Z</time>
    <extensions>
     <gpxtpx:TrackPointExtension>
      <gpxtpx:hr>148</gpxtpx:hr>
     </gpxtpx:TrackPointExtension>
    </extensions>
   </trkpt>
   <trkpt lat="69.6516110" lon="19.0282100">
    <ele>305.7</ele>
    <time>2025-02-28T15:15:10Z</time>
    <extensions>
     <gpxtpx:TrackPointExtension>
      <gpxtpx:hr>141</gpxtpx:hr>
     </gpxtpx:TrackPointExtension>
    </extensions>
   </trkpt>
   <trkpt lat="69.6516160" lon="19.0282310">
    <ele>306.0</ele>
    <time>2025-02-28T15:15:11Z</time>
    <extensions>
     <gpxtpx:TrackPointExtension>
      <gpxtpx:hr>141</gpxtpx:hr>
     </gpxtpx:TrackPointExtension>
    </extensions>
   </trkpt>
   <trkpt lat="69.6516220" lon="19.0282570">
    <ele>306.4</ele>
    <time>2025-02-28T15:15:12Z</time>
    <extensions>
     <gpxtpx:TrackPointExtension>
      <gpxtpx:hr>141</gpxtpx:hr>
     </gpxtpx:TrackPointExtension>
    </extensions>
   </trkpt>
   <trkpt lat="69.6516270" lon="19.0282650">
    <ele>306.5</ele>
    <time>2025-02-28T15:15:13Z</time>
    <extensions>
     <gpxtpx:TrackPointExtension>
      <gpxtpx:hr>141</gpxtpx:hr>
     </gpxtpx:TrackPointExtension>
    </extensions>
   </trkpt>
   <trkpt lat="69.6516300" lon="19.0282790">
    <ele>306.7</ele>
    <time>2025-02-28T15:15:14Z</time>
    <extensions>
     <gpxtpx:TrackPointExtension>
      <gpxtpx:hr>141</gpxtpx:hr>
     </gpxtpx:TrackPointExtension>
    </extensions>
   </trkpt>
   <trkpt lat="69.6516260" lon="19.0282880">
    <ele>306.9</ele>
    <time>2025-02-28T15:15:15Z</time>
    <extensions>
     <gpxtpx:TrackPointExtension>
      <gpxtpx:hr>141</gpxtpx:hr>
     </gpxtpx:TrackPointExtension>
    </extensions>
   </trkpt>
   <trkpt lat="69.6516210" lon="19.0283130">
    <ele>307.2</ele>
    <time>2025-02-28T15:15:16Z</time>
    <extensions>
     <gpxtpx:TrackPointExtension>
      <gpxtpx:hr>141</gpxtpx:hr>
     </gpxtpx:TrackPointExtension>
    </extensions>
   </trkpt>
   <trkpt lat="69.6516220" lon="19.0283580">
    <ele>307.7</ele>
    <time>2025-02-28T15:15:17Z</time>
    <extensions>
     <gpxtpx:TrackPointExtension>
      <gpxtpx:hr>140</gpxtpx:hr>
     </gpxtpx:TrackPointExtension>
    </extensions>
   </trkpt>
   <trkpt lat="69.6516230" lon="19.0283740">
    <ele>307.9</ele>
    <time>2025-02-28T15:15:18Z</time>
    <extensions>
     <gpxtpx:TrackPointExtension>
      <gpxtpx:hr>140</gpxtpx:hr>
     </gpxtpx:TrackPointExtension>
    </extensions>
   </trkpt>
   <trkpt lat="69.6516200" lon="19.0283920">
    <ele>308.1</ele>
    <time>2025-02-28T15:15:19Z</time>
    <extensions>
     <gpxtpx:TrackPointExtension>
      <gpxtpx:hr>140</gpxtpx:hr>
     </gpxtpx:TrackPointExtension>
    </extensions>
   </trkpt>
   <trkpt lat="69.6516230" lon="19.0284060">
    <ele>308.3</ele>
    <time>2025-02-28T15:15:20Z</time>
    <extensions>
     <gpxtpx:TrackPointExtension>
      <gpxtpx:hr>140</gpxtpx:hr>
     </gpxtpx:TrackPointExtension>
    </extensions>
   </trkpt>
   <trkpt lat="69.6516310" lon="19.0284380">
    <ele>308.8</ele>
    <time>2025-02-28T15:15:21Z</time>
    <extensions>
     <gpxtpx:TrackPointExtension>
      <gpxtpx:hr>140</gpxtpx:hr>
     </gpxtpx:TrackPointExtension>
    </extensions>
   </trkpt>
   <trkpt lat="69.6516320" lon="19.0284610">
    <ele>309.0</ele>
    <time>2025-02-28T15:15:22Z</time>
    <extensions>
     <gpxtpx:TrackPointExtension>
      <gpxtpx:hr>140</gpxtpx:hr>
     </gpxtpx:TrackPointExtension>
    </extensions>
   </trkpt>
   <trkpt lat="69.6516320" lon="19.0284880">
    <ele>309.3</ele>
    <time>2025-02-28T15:15:23Z</time>
    <extensions>
     <gpxtpx:TrackPointExtension>
      <gpxtpx:hr>140</gpxtpx:hr>
     </gpxtpx:TrackPointExtension>
    </extensions>
   </trkpt>
   <trkpt lat="69.6516380" lon="19.0284970">
    <ele>309.6</ele>
    <time>2025-02-28T15:15:24Z</time>
    <extensions>
     <gpxtpx:TrackPointExtension>
      <gpxtpx:hr>140</gpxtpx:hr>
     </gpxtpx:TrackPointExtension>
    </extensions>
   </trkpt>
   <trkpt lat="69.6516380" lon="19.0284970">
    <ele>309.6</ele>
    <time>2025-02-28T15:15:25Z</time>
    <extensions>
     <gpxtpx:TrackPointExtension>
      <gpxtpx:hr>140</gpxtpx:hr>
     </gpxtpx:TrackPointExtension>
    </extensions>
   </trkpt>
   <trkpt lat="69.6516480" lon="19.0285300">
    <ele>310.0</ele>
    <time>2025-02-28T15:15:26Z</time>
    <extensions>
     <gpxtpx:TrackPointExtension>
      <gpxtpx:hr>140</gpxtpx:hr>
     </gpxtpx:TrackPointExtension>
    </extensions>
   </trkpt>
   <trkpt lat="69.6516510" lon="19.0285520">
    <ele>310.3</ele>
    <time>2025-02-28T15:15:27Z</time>
    <extensions>
     <gpxtpx:TrackPointExtension>
      <gpxtpx:hr>140</gpxtpx:hr>
     </gpxtpx:TrackPointExtension>
    </extensions>
   </trkpt>
   <trkpt lat="69.6516530" lon="19.0285680">
    <ele>310.5</ele>
    <time>2025-02-28T15:15:28Z</time>
    <extensions>
     <gpxtpx:TrackPointExtension>
      <gpxtpx:hr>140</gpxtpx:hr>
     </gpxtpx:TrackPointExtension>
    </extensions>
   </trkpt>
   <trkpt lat="69.6516610" lon="19.0286060">
    <ele>310.9</ele>
    <time>2025-02-28T15:15:29Z</time>
    <extensions>
     <gpxtpx:TrackPointExtension>
      <gpxtpx:hr>140</gpxtpx:hr>
     </gpxtpx:TrackPointExtension>
    </extensions>
   </trkpt>
   <trkpt lat="69.6516670" lon="19.0286230">
    <ele>311.2</ele>
    <time>2025-02-28T15:15:30Z</time>
    <extensions>
     <gpxtpx:TrackPointExtension>
      <gpxtpx:hr>140</gpxtpx:hr>
     </gpxtpx:TrackPointExtension>
    </extensions>
   </trkpt>
   <trkpt lat="69.6516710" lon="19.0286230">
    <ele>311.3</ele>
    <time>2025-02-28T15:15:31Z</time>
    <extensions>
     <gpxtpx:TrackPointExtension>
      <gpxtpx:hr>140</gpxtpx:hr>
     </gpxtpx:TrackPointExtension>
    </extensions>
   </trkpt>
   <trkpt lat="69.6516830" lon="19.0286530">
    <ele>311.8</ele>
    <time>2025-02-28T15:15:32Z</time>
    <extensions>
     <gpxtpx:TrackPointExtension>
      <gpxtpx:hr>140</gpxtpx:hr>
     </gpxtpx:TrackPointExtension>
    </extensions>
   </trkpt>
   <trkpt lat="69.6516800" lon="19.0286720">
    <ele>312.0</ele>
    <time>2025-02-28T15:15:33Z</time>
    <extensions>
     <gpxtpx:TrackPointExtension>
      <gpxtpx:hr>142</gpxtpx:hr>
     </gpxtpx:TrackPointExtension>
    </extensions>
   </trkpt>
   <trkpt lat="69.6516820" lon="19.0286790">
    <ele>312.1</ele>
    <time>2025-02-28T15:15:34Z</time>
    <extensions>
     <gpxtpx:TrackPointExtension>
      <gpxtpx:hr>142</gpxtpx:hr>
     </gpxtpx:TrackPointExtension>
    </extensions>
   </trkpt>
   <trkpt lat="69.6516890" lon="19.0286960">
    <ele>312.4</ele>
    <time>2025-02-28T15:15:35Z</time>
    <extensions>
     <gpxtpx:TrackPointExtension>
      <gpxtpx:hr>142</gpxtpx:hr>
     </gpxtpx:TrackPointExtension>
    </extensions>
   </trkpt>
   <trkpt lat="69.6517000" lon="19.0287130">
    <ele>312.8</ele>
    <time>2025-02-28T15:15:36Z</time>
    <extensions>
     <gpxtpx:TrackPointExtension>
      <gpxtpx:hr>142</gpxtpx:hr>
     </gpxtpx:TrackPointExtension>
    </extensions>
   </trkpt>
   <trkpt lat="69.6517020" lon="19.0287180">
    <ele>312.9</ele>
    <time>2025-02-28T15:15:37Z</time>
    <extensions>
     <gpxtpx:TrackPointExtension>
      <gpxtpx:hr>142</gpxtpx:hr>
     </gpxtpx:TrackPointExtension>
    </extensions>
   </trkpt>
   <trkpt lat="69.6516980" lon="19.0287480">
    <ele>313.2</ele>
    <time>2025-02-28T15:15:39Z</time>
    <extensions>
     <gpxtpx:TrackPointExtension>
      <gpxtpx:hr>144</gpxtpx:hr>
     </gpxtpx:TrackPointExtension>
    </extensions>
   </trkpt>
   <trkpt lat="69.6516980" lon="19.0287540">
    <ele>313.3</ele>
    <time>2025-02-28T15:15:40Z</time>
    <extensions>
     <gpxtpx:TrackPointExtension>
      <gpxtpx:hr>144</gpxtpx:hr>
     </gpxtpx:TrackPointExtension>
    </extensions>
   </trkpt>
   <trkpt lat="69.6516980" lon="19.0287540">
    <ele>313.3</ele>
    <time>2025-02-28T15:15:41Z</time>
    <extensions>
     <gpxtpx:TrackPointExtension>
      <gpxtpx:hr>144</gpxtpx:hr>
     </gpxtpx:TrackPointExtension>
    </extensions>
   </trkpt>
   <trkpt lat="69.6517110" lon="19.0287770">
    <ele>313.7</ele>
    <time>2025-02-28T15:15:42Z</time>
    <extensions>
     <gpxtpx:TrackPointExtension>
      <gpxtpx:hr>144</gpxtpx:hr>
     </gpxtpx:TrackPointExtension>
    </extensions>
   </trkpt>
   <trkpt lat="69.6517190" lon="19.0287790">
    <ele>313.9</ele>
    <time>2025-02-28T15:15:43Z</time>
    <extensions>
     <gpxtpx:TrackPointExtension>
      <gpxtpx:hr>144</gpxtpx:hr>
     </gpxtpx:TrackPointExtension>
    </extensions>
   </trkpt>
   <trkpt lat="69.6517310" lon="19.0287990">
    <ele>314.3</ele>
    <time>2025-02-28T15:15:44Z</time>
    <extensions>
     <gpxtpx:TrackPointExtension>
      <gpxtpx:hr>144</gpxtpx:hr>
     </gpxtpx:TrackPointExtension>
    </extensions>
   </trkpt>
   <trkpt lat="69.6517420" lon="19.0288170">
    <ele>314.7</ele>
    <time>2025-02-28T15:15:45Z</time>
    <extensions>
     <gpxtpx:TrackPointExtension>
      <gpxtpx:hr>144</gpxtpx:hr>
     </gpxtpx:TrackPointExtension>
    </extensions>
   </trkpt>
   <trkpt lat="69.6517390" lon="19.0288030">
    <ele>314.9</ele>
    <time>2025-02-28T15:15:46Z</time>
    <extensions>
     <gpxtpx:TrackPointExtension>
      <gpxtpx:hr>144</gpxtpx:hr>
     </gpxtpx:TrackPointExtension>
    </extensions>
   </trkpt>
   <trkpt lat="69.6517260" lon="19.0288080">
    <ele>315.2</ele>
    <time>2025-02-28T15:15:48Z</time>
    <extensions>
     <gpxtpx:TrackPointExtension>
      <gpxtpx:hr>144</gpxtpx:hr>
     </gpxtpx:TrackPointExtension>
    </extensions>
   </trkpt>
   <trkpt lat="69.6517190" lon="19.0288150">
    <ele>315.5</ele>
    <time>2025-02-28T15:15:49Z</time>
    <extensions>
     <gpxtpx:TrackPointExtension>
      <gpxtpx:hr>144</gpxtpx:hr>
     </gpxtpx:TrackPointExtension>
    </extensions>
   </trkpt>
   <trkpt lat="69.6517050" lon="19.0288270">
    <ele>315.9</ele>
    <time>2025-02-28T15:15:50Z</time>
    <extensions>
     <gpxtpx:TrackPointExtension>
      <gpxtpx:hr>144</gpxtpx:hr>
     </gpxtpx:TrackPointExtension>
    </extensions>
   </trkpt>
   <trkpt lat="69.6517060" lon="19.0288320">
    <ele>315.9</ele>
    <time>2025-02-28T15:15:51Z</time>
    <extensions>
     <gpxtpx:TrackPointExtension>
      <gpxtpx:hr>144</gpxtpx:hr>
     </gpxtpx:TrackPointExtension>
    </extensions>
   </trkpt>
   <trkpt lat="69.6517080" lon="19.0288500">
    <ele>316.1</ele>
    <time>2025-02-28T15:15:52Z</time>
    <extensions>
     <gpxtpx:TrackPointExtension>
      <gpxtpx:hr>144</gpxtpx:hr>
     </gpxtpx:TrackPointExtension>
    </extensions>
   </trkpt>
   <trkpt lat="69.6517120" lon="19.0288890">
    <ele>316.5</ele>
    <time>2025-02-28T15:15:53Z</time>
    <extensions>
     <gpxtpx:TrackPointExtension>
      <gpxtpx:hr>147</gpxtpx:hr>
     </gpxtpx:TrackPointExtension>
    </extensions>
   </trkpt>
   <trkpt lat="69.6517190" lon="19.0289260">
    <ele>317.0</ele>
    <time>2025-02-28T15:15:54Z</time>
    <extensions>
     <gpxtpx:TrackPointExtension>
      <gpxtpx:hr>147</gpxtpx:hr>
     </gpxtpx:TrackPointExtension>
    </extensions>
   </trkpt>
   <trkpt lat="69.6517230" lon="19.0289370">
    <ele>317.1</ele>
    <time>2025-02-28T15:15:55Z</time>
    <extensions>
     <gpxtpx:TrackPointExtension>
      <gpxtpx:hr>147</gpxtpx:hr>
     </gpxtpx:TrackPointExtension>
    </extensions>
   </trkpt>
   <trkpt lat="69.6517270" lon="19.0289580">
    <ele>317.3</ele>
    <time>2025-02-28T15:15:56Z</time>
    <extensions>
     <gpxtpx:TrackPointExtension>
      <gpxtpx:hr>147</gpxtpx:hr>
     </gpxtpx:TrackPointExtension>
    </extensions>
   </trkpt>
   <trkpt lat="69.6517380" lon="19.0289800">
    <ele>317.7</ele>
    <time>2025-02-28T15:15:57Z</time>
    <extensions>
     <gpxtpx:TrackPointExtension>
      <gpxtpx:hr>147</gpxtpx:hr>
     </gpxtpx:TrackPointExtension>
    </extensions>
   </trkpt>
   <trkpt lat="69.6517410" lon="19.0289880">
    <ele>317.9</ele>
    <time>2025-02-28T15:15:58Z</time>
    <extensions>
     <gpxtpx:TrackPointExtension>
      <gpxtpx:hr>150</gpxtpx:hr>
     </gpxtpx:TrackPointExtension>
    </extensions>
   </trkpt>
   <trkpt lat="69.6517480" lon="19.0290160">
    <ele>318.2</ele>
    <time>2025-02-28T15:15:59Z</time>
    <extensions>
     <gpxtpx:TrackPointExtension>
      <gpxtpx:hr>150</gpxtpx:hr>
     </gpxtpx:TrackPointExtension>
    </extensions>
   </trkpt>
   <trkpt lat="69.6517510" lon="19.0290400">
    <ele>318.5</ele>
    <time>2025-02-28T15:16:00Z</time>
    <extensions>
     <gpxtpx:TrackPointExtension>
      <gpxtpx:hr>150</gpxtpx:hr>
     </gpxtpx:TrackPointExtension>
    </extensions>
   </trkpt>
   <trkpt lat="69.6517510" lon="19.0290520">
    <ele>318.6</ele>
    <time>2025-02-28T15:16:01Z</time>
    <extensions>
     <gpxtpx:TrackPointExtension>
      <gpxtpx:hr>150</gpxtpx:hr>
     </gpxtpx:TrackPointExtension>
    </extensions>
   </trkpt>
   <trkpt lat="69.6517510" lon="19.0290670">
    <ele>318.7</ele>
    <time>2025-02-28T15:16:02Z</time>
    <extensions>
     <gpxtpx:TrackPointExtension>
      <gpxtpx:hr>150</gpxtpx:hr>
     </gpxtpx:TrackPointExtension>
    </extensions>
   </trkpt>
   <trkpt lat="69.6517520" lon="19.0290940">
    <ele>319.0</ele>
    <time>2025-02-28T15:16:03Z</time>
    <extensions>
     <gpxtpx:TrackPointExtension>
      <gpxtpx:hr>150</gpxtpx:hr>
     </gpxtpx:TrackPointExtension>
    </extensions>
   </trkpt>
   <trkpt lat="69.6517510" lon="19.0291130">
    <ele>319.2</ele>
    <time>2025-02-28T15:16:04Z</time>
    <extensions>
     <gpxtpx:TrackPointExtension>
      <gpxtpx:hr>151</gpxtpx:hr>
     </gpxtpx:TrackPointExtension>
    </extensions>
   </trkpt>
   <trkpt lat="69.6517530" lon="19.0291240">
    <ele>319.3</ele>
    <time>2025-02-28T15:16:05Z</time>
    <extensions>
     <gpxtpx:TrackPointExtension>
      <gpxtpx:hr>151</gpxtpx:hr>
     </gpxtpx:TrackPointExtension>
    </extensions>
   </trkpt>
   <trkpt lat="69.6517510" lon="19.0291330">
    <ele>319.4</ele>
    <time>2025-02-28T15:16:06Z</time>
    <extensions>
     <gpxtpx:TrackPointExtension>
      <gpxtpx:hr>151</gpxtpx:hr>
     </gpxtpx:TrackPointExtension>
    </extensions>
   </trkpt>
   <trkpt lat="69.6517440" lon="19.0291400">
    <ele>319.6</ele>
    <time>2025-02-28T15:16:07Z</time>
    <extensions>
     <gpxtpx:TrackPointExtension>
      <gpxtpx:hr>151</gpxtpx:hr>
     </gpxtpx:TrackPointExtension>
    </extensions>
   </trkpt>
   <trkpt lat="69.6517400" lon="19.0291680">
    <ele>319.9</ele>
    <time>2025-02-28T15:16:08Z</time>
    <extensions>
     <gpxtpx:TrackPointExtension>
      <gpxtpx:hr>151</gpxtpx:hr>
     </gpxtpx:TrackPointExtension>
    </extensions>
   </trkpt>
   <trkpt lat="69.6517420" lon="19.0291830">
    <ele>320.1</ele>
    <time>2025-02-28T15:16:09Z</time>
    <extensions>
     <gpxtpx:TrackPointExtension>
      <gpxtpx:hr>151</gpxtpx:hr>
     </gpxtpx:TrackPointExtension>
    </extensions>
   </trkpt>
   <trkpt lat="69.6517420" lon="19.0292060">
    <ele>320.3</ele>
    <time>2025-02-28T15:16:10Z</time>
    <extensions>
     <gpxtpx:TrackPointExtension>
      <gpxtpx:hr>151</gpxtpx:hr>
     </gpxtpx:TrackPointExtension>
    </extensions>
   </trkpt>
   <trkpt lat="69.6517420" lon="19.0292000">
    <ele>320.4</ele>
    <time>2025-02-28T15:16:11Z</time>
    <extensions>
     <gpxtpx:TrackPointExtension>
      <gpxtpx:hr>151</gpxtpx:hr>
     </gpxtpx:TrackPointExtension>
    </extensions>
   </trkpt>
   <trkpt lat="69.6517400" lon="19.0292170">
    <ele>320.6</ele>
    <time>2025-02-28T15:16:12Z</time>
    <extensions>
     <gpxtpx:TrackPointExtension>
      <gpxtpx:hr>151</gpxtpx:hr>
     </gpxtpx:TrackPointExtension>
    </extensions>
   </trkpt>
   <trkpt lat="69.6517360" lon="19.0292560">
    <ele>321.0</ele>
    <time>2025-02-28T15:16:14Z</time>
    <extensions>
     <gpxtpx:TrackPointExtension>
      <gpxtpx:hr>151</gpxtpx:hr>
     </gpxtpx:TrackPointExtension>
    </extensions>
   </trkpt>
   <trkpt lat="69.6517430" lon="19.0292930">
    <ele>321.4</ele>
    <time>2025-02-28T15:16:15Z</time>
    <extensions>
     <gpxtpx:TrackPointExtension>
      <gpxtpx:hr>151</gpxtpx:hr>
     </gpxtpx:TrackPointExtension>
    </extensions>
   </trkpt>
   <trkpt lat="69.6517500" lon="19.0293120">
    <ele>321.7</ele>
    <time>2025-02-28T15:16:16Z</time>
    <extensions>
     <gpxtpx:TrackPointExtension>
      <gpxtpx:hr>151</gpxtpx:hr>
     </gpxtpx:TrackPointExtension>
    </extensions>
   </trkpt>
   <trkpt lat="69.6517520" lon="19.0293290">
    <ele>321.9</ele>
    <time>2025-02-28T15:16:17Z</time>
    <extensions>
     <gpxtpx:TrackPointExtension>
      <gpxtpx:hr>151</gpxtpx:hr>
     </gpxtpx:TrackPointExtension>
    </extensions>
   </trkpt>
   <trkpt lat="69.6517540" lon="19.0293490">
    <ele>322.1</ele>
    <time>2025-02-28T15:16:18Z</time>
    <extensions>
     <gpxtpx:TrackPointExtension>
      <gpxtpx:hr>150</gpxtpx:hr>
     </gpxtpx:TrackPointExtension>
    </extensions>
   </trkpt>
   <trkpt lat="69.6517610" lon="19.0293660">
    <ele>322.3</ele>
    <time>2025-02-28T15:16:19Z</time>
    <extensions>
     <gpxtpx:TrackPointExtension>
      <gpxtpx:hr>150</gpxtpx:hr>
     </gpxtpx:TrackPointExtension>
    </extensions>
   </trkpt>
   <trkpt lat="69.6517690" lon="19.0293990">
    <ele>322.7</ele>
    <time>2025-02-28T15:16:20Z</time>
    <extensions>
     <gpxtpx:TrackPointExtension>
      <gpxtpx:hr>150</gpxtpx:hr>
     </gpxtpx:TrackPointExtension>
    </extensions>
   </trkpt>
   <trkpt lat="69.6517750" lon="19.0294130">
    <ele>322.9</ele>
    <time>2025-02-28T15:16:21Z</time>
    <extensions>
     <gpxtpx:TrackPointExtension>
      <gpxtpx:hr>150</gpxtpx:hr>
     </gpxtpx:TrackPointExtension>
    </extensions>
   </trkpt>
   <trkpt lat="69.6517750" lon="19.0294320">
    <ele>323.1</ele>
    <time>2025-02-28T15:16:22Z</time>
    <extensions>
     <gpxtpx:TrackPointExtension>
      <gpxtpx:hr>150</gpxtpx:hr>
     </gpxtpx:TrackPointExtension>
    </extensions>
   </trkpt>
   <trkpt lat="69.6517720" lon="19.0294360">
    <ele>323.2</ele>
    <time>2025-02-28T15:16:23Z</time>
    <extensions>
     <gpxtpx:TrackPointExtension>
      <gpxtpx:hr>150</gpxtpx:hr>
     </gpxtpx:TrackPointExtension>
    </extensions>
   </trkpt>
   <trkpt lat="69.6517700" lon="19.0294490">
    <ele>323.4</ele>
    <time>2025-02-28T15:16:24Z</time>
    <extensions>
     <gpxtpx:TrackPointExtension>
      <gpxtpx:hr>150</gpxtpx:hr>
     </gpxtpx:TrackPointExtension>
    </extensions>
   </trkpt>
   <trkpt lat="69.6517640" lon="19.0294740">
    <ele>323.7</ele>
    <time>2025-02-28T15:16:25Z</time>
    <extensions>
     <gpxtpx:TrackPointExtension>
      <gpxtpx:hr>150</gpxtpx:hr>
     </gpxtpx:TrackPointExtension>
    </extensions>
   </trkpt>
   <trkpt lat="69.6517630" lon="19.0295220">
    <ele>324.2</ele>
    <time>2025-02-28T15:16:26Z</time>
    <extensions>
     <gpxtpx:TrackPointExtension>
      <gpxtpx:hr>150</gpxtpx:hr>
     </gpxtpx:TrackPointExtension>
    </extensions>
   </trkpt>
   <trkpt lat="69.6517660" lon="19.0295350">
    <ele>324.3</ele>
    <time>2025-02-28T15:16:27Z</time>
    <extensions>
     <gpxtpx:TrackPointExtension>
      <gpxtpx:hr>150</gpxtpx:hr>
     </gpxtpx:TrackPointExtension>
    </extensions>
   </trkpt>
   <trkpt lat="69.6517640" lon="19.0295400">
    <ele>324.4</ele>
    <time>2025-02-28T15:16:28Z</time>
    <extensions>
     <gpxtpx:TrackPointExtension>
      <gpxtpx:hr>150</gpxtpx:hr>
     </gpxtpx:TrackPointExtension>
    </extensions>
   </trkpt>
   <trkpt lat="69.6517640" lon="19.0295400">
    <ele>324.4</ele>
    <time>2025-02-28T15:16:29Z</time>
    <extensions>
     <gpxtpx:TrackPointExtension>
      <gpxtpx:hr>150</gpxtpx:hr>
     </gpxtpx:TrackPointExtension>
    </extensions>
   </trkpt>
   <trkpt lat="69.6517610" lon="19.0295710">
    <ele>324.7</ele>
    <time>2025-02-28T15:16:30Z</time>
    <extensions>
     <gpxtpx:TrackPointExtension>
      <gpxtpx:hr>150</gpxtpx:hr>
     </gpxtpx:TrackPointExtension>
    </extensions>
   </trkpt>
   <trkpt lat="69.6517620" lon="19.0295940">
    <ele>324.9</ele>
    <time>2025-02-28T15:16:31Z</time>
    <extensions>
     <gpxtpx:TrackPointExtension>
      <gpxtpx:hr>150</gpxtpx:hr>
     </gpxtpx:TrackPointExtension>
    </extensions>
   </trkpt>
   <trkpt lat="69.6517610" lon="19.0296070">
    <ele>325.1</ele>
    <time>2025-02-28T15:16:32Z</time>
    <extensions>
     <gpxtpx:TrackPointExtension>
      <gpxtpx:hr>150</gpxtpx:hr>
     </gpxtpx:TrackPointExtension>
    </extensions>
   </trkpt>
   <trkpt lat="69.6517600" lon="19.0296300">
    <ele>325.3</ele>
    <time>2025-02-28T15:16:33Z</time>
    <extensions>
     <gpxtpx:TrackPointExtension>
      <gpxtpx:hr>150</gpxtpx:hr>
     </gpxtpx:TrackPointExtension>
    </extensions>
   </trkpt>
   <trkpt lat="69.6517640" lon="19.0296570">
    <ele>325.6</ele>
    <time>2025-02-28T15:16:34Z</time>
    <extensions>
     <gpxtpx:TrackPointExtension>
      <gpxtpx:hr>150</gpxtpx:hr>
     </gpxtpx:TrackPointExtension>
    </extensions>
   </trkpt>
   <trkpt lat="69.6517670" lon="19.0296700">
    <ele>325.8</ele>
    <time>2025-02-28T15:16:35Z</time>
    <extensions>
     <gpxtpx:TrackPointExtension>
      <gpxtpx:hr>151</gpxtpx:hr>
     </gpxtpx:TrackPointExtension>
    </extensions>
   </trkpt>
   <trkpt lat="69.6517820" lon="19.0296950">
    <ele>326.3</ele>
    <time>2025-02-28T15:16:36Z</time>
    <extensions>
     <gpxtpx:TrackPointExtension>
      <gpxtpx:hr>151</gpxtpx:hr>
     </gpxtpx:TrackPointExtension>
    </extensions>
   </trkpt>
   <trkpt lat="69.6517910" lon="19.0297130">
    <ele>326.6</ele>
    <time>2025-02-28T15:16:37Z</time>
    <extensions>
     <gpxtpx:TrackPointExtension>
      <gpxtpx:hr>151</gpxtpx:hr>
     </gpxtpx:TrackPointExtension>
    </extensions>
   </trkpt>
   <trkpt lat="69.6517990" lon="19.0297300">
    <ele>326.9</ele>
    <time>2025-02-28T15:16:38Z</time>
    <extensions>
     <gpxtpx:TrackPointExtension>
      <gpxtpx:hr>151</gpxtpx:hr>
     </gpxtpx:TrackPointExtension>
    </extensions>
   </trkpt>
   <trkpt lat="69.6518080" lon="19.0297480">
    <ele>327.2</ele>
    <time>2025-02-28T15:16:39Z</time>
    <extensions>
     <gpxtpx:TrackPointExtension>
      <gpxtpx:hr>151</gpxtpx:hr>
     </gpxtpx:TrackPointExtension>
    </extensions>
   </trkpt>
   <trkpt lat="69.6518160" lon="19.0297650">
    <ele>327.5</ele>
    <time>2025-02-28T15:16:40Z</time>
    <extensions>
     <gpxtpx:TrackPointExtension>
      <gpxtpx:hr>153</gpxtpx:hr>
     </gpxtpx:TrackPointExtension>
    </extensions>
   </trkpt>
   <trkpt lat="69.6518250" lon="19.0297830">
    <ele>327.9</ele>
    <time>2025-02-28T15:16:41Z</time>
    <extensions>
     <gpxtpx:TrackPointExtension>
      <gpxtpx:hr>153</gpxtpx:hr>
     </gpxtpx:TrackPointExtension>
    </extensions>
   </trkpt>
   <trkpt lat="69.6518330" lon="19.0298000">
    <ele>328.2</ele>
    <time>2025-02-28T15:16:42Z</time>
    <extensions>
     <gpxtpx:TrackPointExtension>
      <gpxtpx:hr>153</gpxtpx:hr>
     </gpxtpx:TrackPointExtension>
    </extensions>
   </trkpt>
   <trkpt lat="69.6518330" lon="19.0298100">
    <ele>328.3</ele>
    <time>2025-02-28T15:16:43Z</time>
    <extensions>
     <gpxtpx:TrackPointExtension>
      <gpxtpx:hr>153</gpxtpx:hr>
     </gpxtpx:TrackPointExtension>
    </extensions>
   </trkpt>
   <trkpt lat="69.6518330" lon="19.0298360">
    <ele>328.6</ele>
    <time>2025-02-28T15:16:44Z</time>
    <extensions>
     <gpxtpx:TrackPointExtension>
      <gpxtpx:hr>153</gpxtpx:hr>
     </gpxtpx:TrackPointExtension>
    </extensions>
   </trkpt>
   <trkpt lat="69.6518420" lon="19.0298610">
    <ele>328.9</ele>
    <time>2025-02-28T15:16:45Z</time>
    <extensions>
     <gpxtpx:TrackPointExtension>
      <gpxtpx:hr>153</gpxtpx:hr>
     </gpxtpx:TrackPointExtension>
    </extensions>
   </trkpt>
   <trkpt lat="69.6518440" lon="19.0298710">
    <ele>329.0</ele>
    <time>2025-02-28T15:16:46Z</time>
    <extensions>
     <gpxtpx:TrackPointExtension>
      <gpxtpx:hr>153</gpxtpx:hr>
     </gpxtpx:TrackPointExtension>
    </extensions>
   </trkpt>
   <trkpt lat="69.6518470" lon="19.0298910">
    <ele>329.3</ele>
    <time>2025-02-28T15:16:47Z</time>
    <extensions>
     <gpxtpx:TrackPointExtension>
      <gpxtpx:hr>153</gpxtpx:hr>
     </gpxtpx:TrackPointExtension>
    </extensions>
   </trkpt>
   <trkpt lat="69.6518560" lon="19.0299020">
    <ele>329.6</ele>
    <time>2025-02-28T15:16:48Z</time>
    <extensions>
     <gpxtpx:TrackPointExtension>
      <gpxtpx:hr>153</gpxtpx:hr>
     </gpxtpx:TrackPointExtension>
    </extensions>
   </trkpt>
   <trkpt lat="69.6518680" lon="19.0299050">
    <ele>329.9</ele>
    <time>2025-02-28T15:16:49Z</time>
    <extensions>
     <gpxtpx:TrackPointExtension>
      <gpxtpx:hr>153</gpxtpx:hr>
     </gpxtpx:TrackPointExtension>
    </extensions>
   </trkpt>
   <trkpt lat="69.6518720" lon="19.0299030">
    <ele>330.1</ele>
    <time>2025-02-28T15:16:50Z</time>
    <extensions>
     <gpxtpx:TrackPointExtension>
      <gpxtpx:hr>153</gpxtpx:hr>
     </gpxtpx:TrackPointExtension>
    </extensions>
   </trkpt>
   <trkpt lat="69.6518810" lon="19.0299020">
    <ele>330.3</ele>
    <time>2025-02-28T15:16:51Z</time>
    <extensions>
     <gpxtpx:TrackPointExtension>
      <gpxtpx:hr>153</gpxtpx:hr>
     </gpxtpx:TrackPointExtension>
    </extensions>
   </trkpt>
   <trkpt lat="69.6518890" lon="19.0299050">
    <ele>330.6</ele>
    <time>2025-02-28T15:16:52Z</time>
    <extensions>
     <gpxtpx:TrackPointExtension>
      <gpxtpx:hr>153</gpxtpx:hr>
     </gpxtpx:TrackPointExtension>
    </extensions>
   </trkpt>
   <trkpt lat="69.6518910" lon="19.0299220">
    <ele>330.8</ele>
    <time>2025-02-28T15:16:53Z</time>
    <extensions>
     <gpxtpx:TrackPointExtension>
      <gpxtpx:hr>153</gpxtpx:hr>
     </gpxtpx:TrackPointExtension>
    </extensions>
   </trkpt>
   <trkpt lat="69.6519000" lon="19.0299370">
    <ele>331.1</ele>
    <time>2025-02-28T15:16:54Z</time>
    <extensions>
     <gpxtpx:TrackPointExtension>
      <gpxtpx:hr>153</gpxtpx:hr>
     </gpxtpx:TrackPointExtension>
    </extensions>
   </trkpt>
   <trkpt lat="69.6519070" lon="19.0299470">
    <ele>331.3</ele>
    <time>2025-02-28T15:16:55Z</time>
    <extensions>
     <gpxtpx:TrackPointExtension>
      <gpxtpx:hr>153</gpxtpx:hr>
     </gpxtpx:TrackPointExtension>
    </extensions>
   </trkpt>
   <trkpt lat="69.6519170" lon="19.0299570">
    <ele>331.7</ele>
    <time>2025-02-28T15:16:56Z</time>
    <extensions>
     <gpxtpx:TrackPointExtension>
      <gpxtpx:hr>153</gpxtpx:hr>
     </gpxtpx:TrackPointExtension>
    </extensions>
   </trkpt>
   <trkpt lat="69.6519260" lon="19.0299700">
    <ele>332.0</ele>
    <time>2025-02-28T15:16:57Z</time>
    <extensions>
     <gpxtpx:TrackPointExtension>
      <gpxtpx:hr>153</gpxtpx:hr>
     </gpxtpx:TrackPointExtension>
    </extensions>
   </trkpt>
   <trkpt lat="69.6519330" lon="19.0299730">
    <ele>332.2</ele>
    <time>2025-02-28T15:16:58Z</time>
    <extensions>
     <gpxtpx:TrackPointExtension>
      <gpxtpx:hr>153</gpxtpx:hr>
     </gpxtpx:TrackPointExtension>
    </extensions>
   </trkpt>
   <trkpt lat="69.6519470" lon="19.0299930">
    <ele>332.7</ele>
    <time>2025-02-28T15:16:59Z</time>
    <extensions>
     <gpxtpx:TrackPointExtension>
      <gpxtpx:hr>153</gpxtpx:hr>
     </gpxtpx:TrackPointExtension>
    </extensions>
   </trkpt>
   <trkpt lat="69.6519550" lon="19.0300000">
    <ele>332.9</ele>
    <time>2025-02-28T15:17:00Z</time>
    <extensions>
     <gpxtpx:TrackPointExtension>
      <gpxtpx:hr>153</gpxtpx:hr>
     </gpxtpx:TrackPointExtension>
    </extensions>
   </trkpt>
   <trkpt lat="69.6519590" lon="19.0300030">
    <ele>333.0</ele>
    <time>2025-02-28T15:17:01Z</time>
    <extensions>
     <gpxtpx:TrackPointExtension>
      <gpxtpx:hr>152</gpxtpx:hr>
     </gpxtpx:TrackPointExtension>
    </extensions>
   </trkpt>
   <trkpt lat="69.6519660" lon="19.0300310">
    <ele>333.4</ele>
    <time>2025-02-28T15:17:02Z</time>
    <extensions>
     <gpxtpx:TrackPointExtension>
      <gpxtpx:hr>152</gpxtpx:hr>
     </gpxtpx:TrackPointExtension>
    </extensions>
   </trkpt>
   <trkpt lat="69.6519660" lon="19.0300310">
    <ele>333.4</ele>
    <time>2025-02-28T15:17:03Z</time>
    <extensions>
     <gpxtpx:TrackPointExtension>
      <gpxtpx:hr>152</gpxtpx:hr>
     </gpxtpx:TrackPointExtension>
    </extensions>
   </trkpt>
   <trkpt lat="69.6519720" lon="19.0300350">
    <ele>333.6</ele>
    <time>2025-02-28T15:17:04Z</time>
    <extensions>
     <gpxtpx:TrackPointExtension>
      <gpxtpx:hr>152</gpxtpx:hr>
     </gpxtpx:TrackPointExtension>
    </extensions>
   </trkpt>
   <trkpt lat="69.6519760" lon="19.0300470">
    <ele>333.8</ele>
    <time>2025-02-28T15:17:05Z</time>
    <extensions>
     <gpxtpx:TrackPointExtension>
      <gpxtpx:hr>152</gpxtpx:hr>
     </gpxtpx:TrackPointExtension>
    </extensions>
   </trkpt>
   <trkpt lat="69.6519800" lon="19.0300610">
    <ele>334.0</ele>
    <time>2025-02-28T15:17:06Z</time>
    <extensions>
     <gpxtpx:TrackPointExtension>
      <gpxtpx:hr>151</gpxtpx:hr>
     </gpxtpx:TrackPointExtension>
    </extensions>
   </trkpt>
   <trkpt lat="69.6519840" lon="19.0300850">
    <ele>334.3</ele>
    <time>2025-02-28T15:17:07Z</time>
    <extensions>
     <gpxtpx:TrackPointExtension>
      <gpxtpx:hr>151</gpxtpx:hr>
     </gpxtpx:TrackPointExtension>
    </extensions>
   </trkpt>
   <trkpt lat="69.6519900" lon="19.0301140">
    <ele>334.7</ele>
    <time>2025-02-28T15:17:08Z</time>
    <extensions>
     <gpxtpx:TrackPointExtension>
      <gpxtpx:hr>151</gpxtpx:hr>
     </gpxtpx:TrackPointExtension>
    </extensions>
   </trkpt>
   <trkpt lat="69.6519890" lon="19.0301140">
    <ele>334.7</ele>
    <time>2025-02-28T15:17:09Z</time>
    <extensions>
     <gpxtpx:TrackPointExtension>
      <gpxtpx:hr>151</gpxtpx:hr>
     </gpxtpx:TrackPointExtension>
    </extensions>
   </trkpt>
   <trkpt lat="69.6519920" lon="19.0301340">
    <ele>334.9</ele>
    <time>2025-02-28T15:17:10Z</time>
    <extensions>
     <gpxtpx:TrackPointExtension>
      <gpxtpx:hr>151</gpxtpx:hr>
     </gpxtpx:TrackPointExtension>
    </extensions>
   </trkpt>
   <trkpt lat="69.6520070" lon="19.0302050">
    <ele>335.8</ele>
    <time>2025-02-28T15:17:11Z</time>
    <extensions>
     <gpxtpx:TrackPointExtension>
      <gpxtpx:hr>151</gpxtpx:hr>
     </gpxtpx:TrackPointExtension>
    </extensions>
   </trkpt>
   <trkpt lat="69.6520150" lon="19.0302110">
    <ele>336.1</ele>
    <time>2025-02-28T15:17:12Z</time>
    <extensions>
     <gpxtpx:TrackPointExtension>
      <gpxtpx:hr>151</gpxtpx:hr>
     </gpxtpx:TrackPointExtension>
    </extensions>
   </trkpt>
   <trkpt lat="69.6520240" lon="19.0302180">
    <ele>336.4</ele>
    <time>2025-02-28T15:17:13Z</time>
    <extensions>
     <gpxtpx:TrackPointExtension>
      <gpxtpx:hr>151</gpxtpx:hr>
     </gpxtpx:TrackPointExtension>
    </extensions>
   </trkpt>
   <trkpt lat="69.6520320" lon="19.0302240">
    <ele>336.7</ele>
    <time>2025-02-28T15:17:14Z</time>
    <extensions>
     <gpxtpx:TrackPointExtension>
      <gpxtpx:hr>151</gpxtpx:hr>
     </gpxtpx:TrackPointExtension>
    </extensions>
   </trkpt>
   <trkpt lat="69.6520400" lon="19.0302310">
    <ele>336.9</ele>
    <time>2025-02-28T15:17:15Z</time>
    <extensions>
     <gpxtpx:TrackPointExtension>
      <gpxtpx:hr>151</gpxtpx:hr>
     </gpxtpx:TrackPointExtension>
    </extensions>
   </trkpt>
   <trkpt lat="69.6520520" lon="19.0302330">
    <ele>337.3</ele>
    <time>2025-02-28T15:17:16Z</time>
    <extensions>
     <gpxtpx:TrackPointExtension>
      <gpxtpx:hr>151</gpxtpx:hr>
     </gpxtpx:TrackPointExtension>
    </extensions>
   </trkpt>
   <trkpt lat="69.6520520" lon="19.0302330">
    <ele>337.3</ele>
    <time>2025-02-28T15:17:17Z</time>
    <extensions>
     <gpxtpx:TrackPointExtension>
      <gpxtpx:hr>151</gpxtpx:hr>
     </gpxtpx:TrackPointExtension>
    </extensions>
   </trkpt>
   <trkpt lat="69.6520640" lon="19.0302490">
    <ele>337.7</ele>
    <time>2025-02-28T15:17:18Z</time>
    <extensions>
     <gpxtpx:TrackPointExtension>
      <gpxtpx:hr>152</gpxtpx:hr>
     </gpxtpx:TrackPointExtension>
    </extensions>
   </trkpt>
   <trkpt lat="69.6520730" lon="19.0302600">
    <ele>338.0</ele>
    <time>2025-02-28T15:17:19Z</time>
    <extensions>
     <gpxtpx:TrackPointExtension>
      <gpxtpx:hr>152</gpxtpx:hr>
     </gpxtpx:TrackPointExtension>
    </extensions>
   </trkpt>
   <trkpt lat="69.6520800" lon="19.0302690">
    <ele>338.3</ele>
    <time>2025-02-28T15:17:20Z</time>
    <extensions>
     <gpxtpx:TrackPointExtension>
      <gpxtpx:hr>152</gpxtpx:hr>
     </gpxtpx:TrackPointExtension>
    </extensions>
   </trkpt>
   <trkpt lat="69.6520900" lon="19.0302800">
    <ele>338.6</ele>
    <time>2025-02-28T15:17:21Z</time>
    <extensions>
     <gpxtpx:TrackPointExtension>
      <gpxtpx:hr>152</gpxtpx:hr>
     </gpxtpx:TrackPointExtension>
    </extensions>
   </trkpt>
   <trkpt lat="69.6520970" lon="19.0302870">
    <ele>338.8</ele>
    <time>2025-02-28T15:17:22Z</time>
    <extensions>
     <gpxtpx:TrackPointExtension>
      <gpxtpx:hr>152</gpxtpx:hr>
     </gpxtpx:TrackPointExtension>
    </extensions>
   </trkpt>
   <trkpt lat="69.6521130" lon="19.0302950">
    <ele>339.3</ele>
    <time>2025-02-28T15:17:23Z</time>
    <extensions>
     <gpxtpx:TrackPointExtension>
      <gpxtpx:hr>151</gpxtpx:hr>
     </gpxtpx:TrackPointExtension>
    </extensions>
   </trkpt>
   <trkpt lat="69.6521190" lon="19.0302960">
    <ele>339.5</ele>
    <time>2025-02-28T15:17:24Z</time>
    <extensions>
     <gpxtpx:TrackPointExtension>
      <gpxtpx:hr>151</gpxtpx:hr>
     </gpxtpx:TrackPointExtension>
    </extensions>
   </trkpt>
   <trkpt lat="69.6521260" lon="19.0302970">
    <ele>339.8</ele>
    <time>2025-02-28T15:17:25Z</time>
    <extensions>
     <gpxtpx:TrackPointExtension>
      <gpxtpx:hr>151</gpxtpx:hr>
     </gpxtpx:TrackPointExtension>
    </extensions>
   </trkpt>
   <trkpt lat="69.6521280" lon="19.0303120">
    <ele>339.9</ele>
    <time>2025-02-28T15:17:26Z</time>
    <extensions>
     <gpxtpx:TrackPointExtension>
      <gpxtpx:hr>151</gpxtpx:hr>
     </gpxtpx:TrackPointExtension>
    </extensions>
   </trkpt>
   <trkpt lat="69.6521370" lon="19.0303340">
    <ele>340.3</ele>
    <time>2025-02-28T15:17:27Z</time>
    <extensions>
     <gpxtpx:TrackPointExtension>
      <gpxtpx:hr>151</gpxtpx:hr>
     </gpxtpx:TrackPointExtension>
    </extensions>
   </trkpt>
   <trkpt lat="69.6521410" lon="19.0303440">
    <ele>340.5</ele>
    <time>2025-02-28T15:17:28Z</time>
    <extensions>
     <gpxtpx:TrackPointExtension>
      <gpxtpx:hr>151</gpxtpx:hr>
     </gpxtpx:TrackPointExtension>
    </extensions>
   </trkpt>
   <trkpt lat="69.6521470" lon="19.0303600">
    <ele>340.7</ele>
    <time>2025-02-28T15:17:29Z</time>
    <extensions>
     <gpxtpx:TrackPointExtension>
      <gpxtpx:hr>152</gpxtpx:hr>
     </gpxtpx:TrackPointExtension>
    </extensions>
   </trkpt>
   <trkpt lat="69.6521530" lon="19.0303770">
    <ele>341.0</ele>
    <time>2025-02-28T15:17:30Z</time>
    <extensions>
     <gpxtpx:TrackPointExtension>
      <gpxtpx:hr>152</gpxtpx:hr>
     </gpxtpx:TrackPointExtension>
    </extensions>
   </trkpt>
   <trkpt lat="69.6521550" lon="19.0303710">
    <ele>341.0</ele>
    <time>2025-02-28T15:17:31Z</time>
    <extensions>
     <gpxtpx:TrackPointExtension>
      <gpxtpx:hr>152</gpxtpx:hr>
     </gpxtpx:TrackPointExtension>
    </extensions>
   </trkpt>
   <trkpt lat="69.6521600" lon="19.0303740">
    <ele>341.2</ele>
    <time>2025-02-28T15:17:32Z</time>
    <extensions>
     <gpxtpx:TrackPointExtension>
      <gpxtpx:hr>151</gpxtpx:hr>
     </gpxtpx:TrackPointExtension>
    </extensions>
   </trkpt>
   <trkpt lat="69.6521620" lon="19.0303760">
    <ele>341.3</ele>
    <time>2025-02-28T15:17:33Z</time>
    <extensions>
     <gpxtpx:TrackPointExtension>
      <gpxtpx:hr>151</gpxtpx:hr>
     </gpxtpx:TrackPointExtension>
    </extensions>
   </trkpt>
   <trkpt lat="69.6521700" lon="19.0304020">
    <ele>341.6</ele>
    <time>2025-02-28T15:17:34Z</time>
    <extensions>
     <gpxtpx:TrackPointExtension>
      <gpxtpx:hr>151</gpxtpx:hr>
     </gpxtpx:TrackPointExtension>
    </extensions>
   </trkpt>
   <trkpt lat="69.6521810" lon="19.0304160">
    <ele>342.0</ele>
    <time>2025-02-28T15:17:35Z</time>
    <extensions>
     <gpxtpx:TrackPointExtension>
      <gpxtpx:hr>151</gpxtpx:hr>
     </gpxtpx:TrackPointExtension>
    </extensions>
   </trkpt>
   <trkpt lat="69.6521800" lon="19.0304210">
    <ele>342.0</ele>
    <time>2025-02-28T15:17:36Z</time>
    <extensions>
     <gpxtpx:TrackPointExtension>
      <gpxtpx:hr>151</gpxtpx:hr>
     </gpxtpx:TrackPointExtension>
    </extensions>
   </trkpt>
   <trkpt lat="69.6521880" lon="19.0304320">
    <ele>342.3</ele>
    <time>2025-02-28T15:17:37Z</time>
    <extensions>
     <gpxtpx:TrackPointExtension>
      <gpxtpx:hr>151</gpxtpx:hr>
     </gpxtpx:TrackPointExtension>
    </extensions>
   </trkpt>
   <trkpt lat="69.6521940" lon="19.0304430">
    <ele>342.5</ele>
    <time>2025-02-28T15:17:38Z</time>
    <extensions>
     <gpxtpx:TrackPointExtension>
      <gpxtpx:hr>151</gpxtpx:hr>
     </gpxtpx:TrackPointExtension>
    </extensions>
   </trkpt>
   <trkpt lat="69.6521970" lon="19.0304590">
    <ele>342.7</ele>
    <time>2025-02-28T15:17:39Z</time>
    <extensions>
     <gpxtpx:TrackPointExtension>
      <gpxtpx:hr>151</gpxtpx:hr>
     </gpxtpx:TrackPointExtension>
    </extensions>
   </trkpt>
   <trkpt lat="69.6521960" lon="19.0304620">
    <ele>342.7</ele>
    <time>2025-02-28T15:17:40Z</time>
    <extensions>
     <gpxtpx:TrackPointExtension>
      <gpxtpx:hr>151</gpxtpx:hr>
     </gpxtpx:TrackPointExtension>
    </extensions>
   </trkpt>
   <trkpt lat="69.6522010" lon="19.0304740">
    <ele>342.9</ele>
    <time>2025-02-28T15:17:41Z</time>
    <extensions>
     <gpxtpx:TrackPointExtension>
      <gpxtpx:hr>151</gpxtpx:hr>
     </gpxtpx:TrackPointExtension>
    </extensions>
   </trkpt>
   <trkpt lat="69.6522070" lon="19.0304930">
    <ele>343.1</ele>
    <time>2025-02-28T15:17:42Z</time>
    <extensions>
     <gpxtpx:TrackPointExtension>
      <gpxtpx:hr>151</gpxtpx:hr>
     </gpxtpx:TrackPointExtension>
    </extensions>
   </trkpt>
   <trkpt lat="69.6522040" lon="19.0305060">
    <ele>343.3</ele>
    <time>2025-02-28T15:17:43Z</time>
    <extensions>
     <gpxtpx:TrackPointExtension>
      <gpxtpx:hr>151</gpxtpx:hr>
     </gpxtpx:TrackPointExtension>
    </extensions>
   </trkpt>
   <trkpt lat="69.6522020" lon="19.0305160">
    <ele>343.4</ele>
    <time>2025-02-28T15:17:44Z</time>
    <extensions>
     <gpxtpx:TrackPointExtension>
      <gpxtpx:hr>151</gpxtpx:hr>
     </gpxtpx:TrackPointExtension>
    </extensions>
   </trkpt>
   <trkpt lat="69.6522010" lon="19.0305290">
    <ele>343.5</ele>
    <time>2025-02-28T15:17:45Z</time>
    <extensions>
     <gpxtpx:TrackPointExtension>
      <gpxtpx:hr>151</gpxtpx:hr>
     </gpxtpx:TrackPointExtension>
    </extensions>
   </trkpt>
   <trkpt lat="69.6522020" lon="19.0305490">
    <ele>343.7</ele>
    <time>2025-02-28T15:17:46Z</time>
    <extensions>
     <gpxtpx:TrackPointExtension>
      <gpxtpx:hr>151</gpxtpx:hr>
     </gpxtpx:TrackPointExtension>
    </extensions>
   </trkpt>
   <trkpt lat="69.6522050" lon="19.0305710">
    <ele>344.0</ele>
    <time>2025-02-28T15:17:47Z</time>
    <extensions>
     <gpxtpx:TrackPointExtension>
      <gpxtpx:hr>151</gpxtpx:hr>
     </gpxtpx:TrackPointExtension>
    </extensions>
   </trkpt>
   <trkpt lat="69.6522130" lon="19.0305880">
    <ele>344.2</ele>
    <time>2025-02-28T15:17:48Z</time>
    <extensions>
     <gpxtpx:TrackPointExtension>
      <gpxtpx:hr>151</gpxtpx:hr>
     </gpxtpx:TrackPointExtension>
    </extensions>
   </trkpt>
   <trkpt lat="69.6522210" lon="19.0306080">
    <ele>344.5</ele>
    <time>2025-02-28T15:17:49Z</time>
    <extensions>
     <gpxtpx:TrackPointExtension>
      <gpxtpx:hr>151</gpxtpx:hr>
     </gpxtpx:TrackPointExtension>
    </extensions>
   </trkpt>
   <trkpt lat="69.6522280" lon="19.0306260">
    <ele>344.8</ele>
    <time>2025-02-28T15:17:50Z</time>
    <extensions>
     <gpxtpx:TrackPointExtension>
      <gpxtpx:hr>152</gpxtpx:hr>
     </gpxtpx:TrackPointExtension>
    </extensions>
   </trkpt>
   <trkpt lat="69.6522410" lon="19.0306320">
    <ele>345.1</ele>
    <time>2025-02-28T15:17:51Z</time>
    <extensions>
     <gpxtpx:TrackPointExtension>
      <gpxtpx:hr>152</gpxtpx:hr>
     </gpxtpx:TrackPointExtension>
    </extensions>
   </trkpt>
   <trkpt lat="69.6522570" lon="19.0306440">
    <ele>345.5</ele>
    <time>2025-02-28T15:17:52Z</time>
    <extensions>
     <gpxtpx:TrackPointExtension>
      <gpxtpx:hr>152</gpxtpx:hr>
     </gpxtpx:TrackPointExtension>
    </extensions>
   </trkpt>
   <trkpt lat="69.6522640" lon="19.0306430">
    <ele>345.7</ele>
    <time>2025-02-28T15:17:53Z</time>
    <extensions>
     <gpxtpx:TrackPointExtension>
      <gpxtpx:hr>152</gpxtpx:hr>
     </gpxtpx:TrackPointExtension>
    </extensions>
   </trkpt>
   <trkpt lat="69.6522630" lon="19.0306490">
    <ele>345.8</ele>
    <time>2025-02-28T15:17:54Z</time>
    <extensions>
     <gpxtpx:TrackPointExtension>
      <gpxtpx:hr>152</gpxtpx:hr>
     </gpxtpx:TrackPointExtension>
    </extensions>
   </trkpt>
   <trkpt lat="69.6522730" lon="19.0306650">
    <ele>346.1</ele>
    <time>2025-02-28T15:17:55Z</time>
    <extensions>
     <gpxtpx:TrackPointExtension>
      <gpxtpx:hr>152</gpxtpx:hr>
     </gpxtpx:TrackPointExtension>
    </extensions>
   </trkpt>
   <trkpt lat="69.6522790" lon="19.0306720">
    <ele>346.2</ele>
    <time>2025-02-28T15:17:56Z</time>
    <extensions>
     <gpxtpx:TrackPointExtension>
      <gpxtpx:hr>152</gpxtpx:hr>
     </gpxtpx:TrackPointExtension>
    </extensions>
   </trkpt>
   <trkpt lat="69.6522960" lon="19.0306820">
    <ele>346.7</ele>
    <time>2025-02-28T15:17:57Z</time>
    <extensions>
     <gpxtpx:TrackPointExtension>
      <gpxtpx:hr>152</gpxtpx:hr>
     </gpxtpx:TrackPointExtension>
    </extensions>
   </trkpt>
   <trkpt lat="69.6523010" lon="19.0306850">
    <ele>346.8</ele>
    <time>2025-02-28T15:17:58Z</time>
    <extensions>
     <gpxtpx:TrackPointExtension>
      <gpxtpx:hr>153</gpxtpx:hr>
     </gpxtpx:TrackPointExtension>
    </extensions>
   </trkpt>
   <trkpt lat="69.6523100" lon="19.0306970">
    <ele>347.1</ele>
    <time>2025-02-28T15:17:59Z</time>
    <extensions>
     <gpxtpx:TrackPointExtension>
      <gpxtpx:hr>153</gpxtpx:hr>
     </gpxtpx:TrackPointExtension>
    </extensions>
   </trkpt>
   <trkpt lat="69.6523230" lon="19.0307000">
    <ele>347.4</ele>
    <time>2025-02-28T15:18:00Z</time>
    <extensions>
     <gpxtpx:TrackPointExtension>
      <gpxtpx:hr>153</gpxtpx:hr>
     </gpxtpx:TrackPointExtension>
    </extensions>
   </trkpt>
   <trkpt lat="69.6523330" lon="19.0307090">
    <ele>347.7</ele>
    <time>2025-02-28T15:18:01Z</time>
    <extensions>
     <gpxtpx:TrackPointExtension>
      <gpxtpx:hr>154</gpxtpx:hr>
     </gpxtpx:TrackPointExtension>
    </extensions>
   </trkpt>
   <trkpt lat="69.6523390" lon="19.0307150">
    <ele>347.8</ele>
    <time>2025-02-28T15:18:02Z</time>
    <extensions>
     <gpxtpx:TrackPointExtension>
      <gpxtpx:hr>154</gpxtpx:hr>
     </gpxtpx:TrackPointExtension>
    </extensions>
   </trkpt>
   <trkpt lat="69.6523520" lon="19.0307290">
    <ele>348.2</ele>
    <time>2025-02-28T15:18:03Z</time>
    <extensions>
     <gpxtpx:TrackPointExtension>
      <gpxtpx:hr>154</gpxtpx:hr>
     </gpxtpx:TrackPointExtension>
    </extensions>
   </trkpt>
   <trkpt lat="69.6523610" lon="19.0307380">
    <ele>348.4</ele>
    <time>2025-02-28T15:18:04Z</time>
    <extensions>
     <gpxtpx:TrackPointExtension>
      <gpxtpx:hr>154</gpxtpx:hr>
     </gpxtpx:TrackPointExtension>
    </extensions>
   </trkpt>
   <trkpt lat="69.6523550" lon="19.0307490">
    <ele>348.6</ele>
    <time>2025-02-28T15:18:05Z</time>
    <extensions>
     <gpxtpx:TrackPointExtension>
      <gpxtpx:hr>154</gpxtpx:hr>
     </gpxtpx:TrackPointExtension>
    </extensions>
   </trkpt>
   <trkpt lat="69.6523550" lon="19.0307420">
    <ele>348.7</ele>
    <time>2025-02-28T15:18:06Z</time>
    <extensions>
     <gpxtpx:TrackPointExtension>
      <gpxtpx:hr>154</gpxtpx:hr>
     </gpxtpx:TrackPointExtension>
    </extensions>
   </trkpt>
   <trkpt lat="69.6523660" lon="19.0307920">
    <ele>349.2</ele>
    <time>2025-02-28T15:18:07Z</time>
    <extensions>
     <gpxtpx:TrackPointExtension>
      <gpxtpx:hr>154</gpxtpx:hr>
     </gpxtpx:TrackPointExtension>
    </extensions>
   </trkpt>
   <trkpt lat="69.6523670" lon="19.0307910">
    <ele>349.2</ele>
    <time>2025-02-28T15:18:08Z</time>
    <extensions>
     <gpxtpx:TrackPointExtension>
      <gpxtpx:hr>154</gpxtpx:hr>
     </gpxtpx:TrackPointExtension>
    </extensions>
   </trkpt>
   <trkpt lat="69.6523730" lon="19.0308120">
    <ele>349.5</ele>
    <time>2025-02-28T15:18:09Z</time>
    <extensions>
     <gpxtpx:TrackPointExtension>
      <gpxtpx:hr>154</gpxtpx:hr>
     </gpxtpx:TrackPointExtension>
    </extensions>
   </trkpt>
   <trkpt lat="69.6523830" lon="19.0308360">
    <ele>349.8</ele>
    <time>2025-02-28T15:18:10Z</time>
    <extensions>
     <gpxtpx:TrackPointExtension>
      <gpxtpx:hr>154</gpxtpx:hr>
     </gpxtpx:TrackPointExtension>
    </extensions>
   </trkpt>
   <trkpt lat="69.6523860" lon="19.0308510">
    <ele>350.0</ele>
    <time>2025-02-28T15:18:11Z</time>
    <extensions>
     <gpxtpx:TrackPointExtension>
      <gpxtpx:hr>155</gpxtpx:hr>
     </gpxtpx:TrackPointExtension>
    </extensions>
   </trkpt>
   <trkpt lat="69.6523950" lon="19.0308580">
    <ele>350.2</ele>
    <time>2025-02-28T15:18:12Z</time>
    <extensions>
     <gpxtpx:TrackPointExtension>
      <gpxtpx:hr>155</gpxtpx:hr>
     </gpxtpx:TrackPointExtension>
    </extensions>
   </trkpt>
   <trkpt lat="69.6524040" lon="19.0308620">
    <ele>350.5</ele>
    <time>2025-02-28T15:18:13Z</time>
    <extensions>
     <gpxtpx:TrackPointExtension>
      <gpxtpx:hr>155</gpxtpx:hr>
     </gpxtpx:TrackPointExtension>
    </extensions>
   </trkpt>
   <trkpt lat="69.6524080" lon="19.0308690">
    <ele>350.6</ele>
    <time>2025-02-28T15:18:14Z</time>
    <extensions>
     <gpxtpx:TrackPointExtension>
      <gpxtpx:hr>155</gpxtpx:hr>
     </gpxtpx:TrackPointExtension>
    </extensions>
   </trkpt>
   <trkpt lat="69.6524200" lon="19.0308910">
    <ele>350.9</ele>
    <time>2025-02-28T15:18:15Z</time>
    <extensions>
     <gpxtpx:TrackPointExtension>
      <gpxtpx:hr>155</gpxtpx:hr>
     </gpxtpx:TrackPointExtension>
    </extensions>
   </trkpt>
   <trkpt lat="69.6524280" lon="19.0309090">
    <ele>351.2</ele>
    <time>2025-02-28T15:18:16Z</time>
    <extensions>
     <gpxtpx:TrackPointExtension>
      <gpxtpx:hr>155</gpxtpx:hr>
     </gpxtpx:TrackPointExtension>
    </extensions>
   </trkpt>
   <trkpt lat="69.6524360" lon="19.0309140">
    <ele>351.4</ele>
    <time>2025-02-28T15:18:17Z</time>
    <extensions>
     <gpxtpx:TrackPointExtension>
      <gpxtpx:hr>155</gpxtpx:hr>
     </gpxtpx:TrackPointExtension>
    </extensions>
   </trkpt>
   <trkpt lat="69.6524410" lon="19.0309340">
    <ele>351.6</ele>
    <time>2025-02-28T15:18:18Z</time>
    <extensions>
     <gpxtpx:TrackPointExtension>
      <gpxtpx:hr>155</gpxtpx:hr>
     </gpxtpx:TrackPointExtension>
    </extensions>
   </trkpt>
   <trkpt lat="69.6524490" lon="19.0309570">
    <ele>351.9</ele>
    <time>2025-02-28T15:18:19Z</time>
    <extensions>
     <gpxtpx:TrackPointExtension>
      <gpxtpx:hr>155</gpxtpx:hr>
     </gpxtpx:TrackPointExtension>
    </extensions>
   </trkpt>
   <trkpt lat="69.6524480" lon="19.0309720">
    <ele>352.1</ele>
    <time>2025-02-28T15:18:20Z</time>
    <extensions>
     <gpxtpx:TrackPointExtension>
      <gpxtpx:hr>155</gpxtpx:hr>
     </gpxtpx:TrackPointExtension>
    </extensions>
   </trkpt>
   <trkpt lat="69.6524500" lon="19.0309860">
    <ele>352.2</ele>
    <time>2025-02-28T15:18:21Z</time>
    <extensions>
     <gpxtpx:TrackPointExtension>
      <gpxtpx:hr>155</gpxtpx:hr>
     </gpxtpx:TrackPointExtension>
    </extensions>
   </trkpt>
   <trkpt lat="69.6524440" lon="19.0309950">
    <ele>352.4</ele>
    <time>2025-02-28T15:18:22Z</time>
    <extensions>
     <gpxtpx:TrackPointExtension>
      <gpxtpx:hr>155</gpxtpx:hr>
     </gpxtpx:TrackPointExtension>
    </extensions>
   </trkpt>
   <trkpt lat="69.6524450" lon="19.0310100">
    <ele>352.5</ele>
    <time>2025-02-28T15:18:23Z</time>
    <extensions>
     <gpxtpx:TrackPointExtension>
      <gpxtpx:hr>155</gpxtpx:hr>
     </gpxtpx:TrackPointExtension>
    </extensions>
   </trkpt>
   <trkpt lat="69.6524520" lon="19.0310570">
    <ele>352.9</ele>
    <time>2025-02-28T15:18:24Z</time>
    <extensions>
     <gpxtpx:TrackPointExtension>
      <gpxtpx:hr>155</gpxtpx:hr>
     </gpxtpx:TrackPointExtension>
    </extensions>
   </trkpt>
   <trkpt lat="69.6524560" lon="19.0310590">
    <ele>353.0</ele>
    <time>2025-02-28T15:18:25Z</time>
    <extensions>
     <gpxtpx:TrackPointExtension>
      <gpxtpx:hr>154</gpxtpx:hr>
     </gpxtpx:TrackPointExtension>
    </extensions>
   </trkpt>
   <trkpt lat="69.6524590" lon="19.0310580">
    <ele>353.1</ele>
    <time>2025-02-28T15:18:26Z</time>
    <extensions>
     <gpxtpx:TrackPointExtension>
      <gpxtpx:hr>154</gpxtpx:hr>
     </gpxtpx:TrackPointExtension>
    </extensions>
   </trkpt>
   <trkpt lat="69.6524740" lon="19.0310720">
    <ele>353.5</ele>
    <time>2025-02-28T15:18:27Z</time>
    <extensions>
     <gpxtpx:TrackPointExtension>
      <gpxtpx:hr>154</gpxtpx:hr>
     </gpxtpx:TrackPointExtension>
    </extensions>
   </trkpt>
   <trkpt lat="69.6524820" lon="19.0310900">
    <ele>353.8</ele>
    <time>2025-02-28T15:18:28Z</time>
    <extensions>
     <gpxtpx:TrackPointExtension>
      <gpxtpx:hr>154</gpxtpx:hr>
     </gpxtpx:TrackPointExtension>
    </extensions>
   </trkpt>
   <trkpt lat="69.6524840" lon="19.0310990">
    <ele>353.9</ele>
    <time>2025-02-28T15:18:29Z</time>
    <extensions>
     <gpxtpx:TrackPointExtension>
      <gpxtpx:hr>154</gpxtpx:hr>
     </gpxtpx:TrackPointExtension>
    </extensions>
   </trkpt>
   <trkpt lat="69.6524880" lon="19.0311300">
    <ele>354.2</ele>
    <time>2025-02-28T15:18:30Z</time>
    <extensions>
     <gpxtpx:TrackPointExtension>
      <gpxtpx:hr>154</gpxtpx:hr>
     </gpxtpx:TrackPointExtension>
    </extensions>
   </trkpt>
   <trkpt lat="69.6524970" lon="19.0311570">
    <ele>354.5</ele>
    <time>2025-02-28T15:18:31Z</time>
    <extensions>
     <gpxtpx:TrackPointExtension>
      <gpxtpx:hr>154</gpxtpx:hr>
     </gpxtpx:TrackPointExtension>
    </extensions>
   </trkpt>
   <trkpt lat="69.6525010" lon="19.0311730">
    <ele>354.7</ele>
    <time>2025-02-28T15:18:32Z</time>
    <extensions>
     <gpxtpx:TrackPointExtension>
      <gpxtpx:hr>154</gpxtpx:hr>
     </gpxtpx:TrackPointExtension>
    </extensions>
   </trkpt>
   <trkpt lat="69.6525060" lon="19.0311890">
    <ele>354.8</ele>
    <time>2025-02-28T15:18:33Z</time>
    <extensions>
     <gpxtpx:TrackPointExtension>
      <gpxtpx:hr>154</gpxtpx:hr>
     </gpxtpx:TrackPointExtension>
    </extensions>
   </trkpt>
   <trkpt lat="69.6525090" lon="19.0312010">
    <ele>355.0</ele>
    <time>2025-02-28T15:18:34Z</time>
    <extensions>
     <gpxtpx:TrackPointExtension>
      <gpxtpx:hr>154</gpxtpx:hr>
     </gpxtpx:TrackPointExtension>
    </extensions>
   </trkpt>
   <trkpt lat="69.6525140" lon="19.0312220">
    <ele>355.2</ele>
    <time>2025-02-28T15:18:35Z</time>
    <extensions>
     <gpxtpx:TrackPointExtension>
      <gpxtpx:hr>154</gpxtpx:hr>
     </gpxtpx:TrackPointExtension>
    </extensions>
   </trkpt>
   <trkpt lat="69.6525150" lon="19.0312310">
    <ele>355.3</ele>
    <time>2025-02-28T15:18:36Z</time>
    <extensions>
     <gpxtpx:TrackPointExtension>
      <gpxtpx:hr>154</gpxtpx:hr>
     </gpxtpx:TrackPointExtension>
    </extensions>
   </trkpt>
   <trkpt lat="69.6525100" lon="19.0312550">
    <ele>355.5</ele>
    <time>2025-02-28T15:18:37Z</time>
    <extensions>
     <gpxtpx:TrackPointExtension>
      <gpxtpx:hr>154</gpxtpx:hr>
     </gpxtpx:TrackPointExtension>
    </extensions>
   </trkpt>
   <trkpt lat="69.6525070" lon="19.0312810">
    <ele>355.7</ele>
    <time>2025-02-28T15:18:38Z</time>
    <extensions>
     <gpxtpx:TrackPointExtension>
      <gpxtpx:hr>154</gpxtpx:hr>
     </gpxtpx:TrackPointExtension>
    </extensions>
   </trkpt>
   <trkpt lat="69.6525020" lon="19.0312900">
    <ele>355.9</ele>
    <time>2025-02-28T15:18:39Z</time>
    <extensions>
     <gpxtpx:TrackPointExtension>
      <gpxtpx:hr>154</gpxtpx:hr>
     </gpxtpx:TrackPointExtension>
    </extensions>
   </trkpt>
   <trkpt lat="69.6524990" lon="19.0313060">
    <ele>356.0</ele>
    <time>2025-02-28T15:18:40Z</time>
    <extensions>
     <gpxtpx:TrackPointExtension>
      <gpxtpx:hr>155</gpxtpx:hr>
     </gpxtpx:TrackPointExtension>
    </extensions>
   </trkpt>
   <trkpt lat="69.6525000" lon="19.0313260">
    <ele>356.2</ele>
    <time>2025-02-28T15:18:41Z</time>
    <extensions>
     <gpxtpx:TrackPointExtension>
      <gpxtpx:hr>155</gpxtpx:hr>
     </gpxtpx:TrackPointExtension>
    </extensions>
   </trkpt>
   <trkpt lat="69.6525000" lon="19.0313390">
    <ele>356.3</ele>
    <time>2025-02-28T15:18:42Z</time>
    <extensions>
     <gpxtpx:TrackPointExtension>
      <gpxtpx:hr>155</gpxtpx:hr>
     </gpxtpx:TrackPointExtension>
    </extensions>
   </trkpt>
   <trkpt lat="69.6525040" lon="19.0313730">
    <ele>356.6</ele>
    <time>2025-02-28T15:18:43Z</time>
    <extensions>
     <gpxtpx:TrackPointExtension>
      <gpxtpx:hr>155</gpxtpx:hr>
     </gpxtpx:TrackPointExtension>
    </extensions>
   </trkpt>
   <trkpt lat="69.6525090" lon="19.0314040">
    <ele>356.9</ele>
    <time>2025-02-28T15:18:44Z</time>
    <extensions>
     <gpxtpx:TrackPointExtension>
      <gpxtpx:hr>154</gpxtpx:hr>
     </gpxtpx:TrackPointExtension>
    </extensions>
   </trkpt>
   <trkpt lat="69.6525200" lon="19.0314270">
    <ele>357.2</ele>
    <time>2025-02-28T15:18:45Z</time>
    <extensions>
     <gpxtpx:TrackPointExtension>
      <gpxtpx:hr>154</gpxtpx:hr>
     </gpxtpx:TrackPointExtension>
    </extensions>
   </trkpt>
   <trkpt lat="69.6525430" lon="19.0314420">
    <ele>357.8</ele>
    <time>2025-02-28T15:18:46Z</time>
    <extensions>
     <gpxtpx:TrackPointExtension>
      <gpxtpx:hr>154</gpxtpx:hr>
     </gpxtpx:TrackPointExtension>
    </extensions>
   </trkpt>
   <trkpt lat="69.6525430" lon="19.0314460">
    <ele>357.8</ele>
    <time>2025-02-28T15:18:47Z</time>
    <extensions>
     <gpxtpx:TrackPointExtension>
      <gpxtpx:hr>154</gpxtpx:hr>
     </gpxtpx:TrackPointExtension>
    </extensions>
   </trkpt>
   <trkpt lat="69.6525500" lon="19.0314370">
    <ele>358.0</ele>
    <time>2025-02-28T15:18:48Z</time>
    <extensions>
     <gpxtpx:TrackPointExtension>
      <gpxtpx:hr>154</gpxtpx:hr>
     </gpxtpx:TrackPointExtension>
    </extensions>
   </trkpt>
   <trkpt lat="69.6525470" lon="19.0314590">
    <ele>358.2</ele>
    <time>2025-02-28T15:18:49Z</time>
    <extensions>
     <gpxtpx:TrackPointExtension>
      <gpxtpx:hr>154</gpxtpx:hr>
     </gpxtpx:TrackPointExtension>
    </extensions>
   </trkpt>
   <trkpt lat="69.6525340" lon="19.0314740">
    <ele>358.5</ele>
    <time>2025-02-28T15:18:50Z</time>
    <extensions>
     <gpxtpx:TrackPointExtension>
      <gpxtpx:hr>154</gpxtpx:hr>
     </gpxtpx:TrackPointExtension>
    </extensions>
   </trkpt>
   <trkpt lat="69.6525410" lon="19.0315050">
    <ele>358.8</ele>
    <time>2025-02-28T15:18:51Z</time>
    <extensions>
     <gpxtpx:TrackPointExtension>
      <gpxtpx:hr>154</gpxtpx:hr>
     </gpxtpx:TrackPointExtension>
    </extensions>
   </trkpt>
   <trkpt lat="69.6525460" lon="19.0315560">
    <ele>359.2</ele>
    <time>2025-02-28T15:18:52Z</time>
    <extensions>
     <gpxtpx:TrackPointExtension>
      <gpxtpx:hr>154</gpxtpx:hr>
     </gpxtpx:TrackPointExtension>
    </extensions>
   </trkpt>
   <trkpt lat="69.6525530" lon="19.0315740">
    <ele>359.4</ele>
    <time>2025-02-28T15:18:53Z</time>
    <extensions>
     <gpxtpx:TrackPointExtension>
      <gpxtpx:hr>154</gpxtpx:hr>
     </gpxtpx:TrackPointExtension>
    </extensions>
   </trkpt>
   <trkpt lat="69.6525650" lon="19.0315810">
    <ele>359.7</ele>
    <time>2025-02-28T15:18:54Z</time>
    <extensions>
     <gpxtpx:TrackPointExtension>
      <gpxtpx:hr>154</gpxtpx:hr>
     </gpxtpx:TrackPointExtension>
    </extensions>
   </trkpt>
   <trkpt lat="69.6525750" lon="19.0315790">
    <ele>359.9</ele>
    <time>2025-02-28T15:18:55Z</time>
    <extensions>
     <gpxtpx:TrackPointExtension>
      <gpxtpx:hr>153</gpxtpx:hr>
     </gpxtpx:TrackPointExtension>
    </extensions>
   </trkpt>
   <trkpt lat="69.6525850" lon="19.0315780">
    <ele>360.1</ele>
    <time>2025-02-28T15:18:56Z</time>
    <extensions>
     <gpxtpx:TrackPointExtension>
      <gpxtpx:hr>153</gpxtpx:hr>
     </gpxtpx:TrackPointExtension>
    </extensions>
   </trkpt>
   <trkpt lat="69.6525930" lon="19.0315730">
    <ele>360.3</ele>
    <time>2025-02-28T15:18:57Z</time>
    <extensions>
     <gpxtpx:TrackPointExtension>
      <gpxtpx:hr>153</gpxtpx:hr>
     </gpxtpx:TrackPointExtension>
    </extensions>
   </trkpt>
   <trkpt lat="69.6526050" lon="19.0315720">
    <ele>360.5</ele>
    <time>2025-02-28T15:18:58Z</time>
    <extensions>
     <gpxtpx:TrackPointExtension>
      <gpxtpx:hr>153</gpxtpx:hr>
     </gpxtpx:TrackPointExtension>
    </extensions>
   </trkpt>
   <trkpt lat="69.6526140" lon="19.0315680">
    <ele>360.7</ele>
    <time>2025-02-28T15:18:59Z</time>
    <extensions>
     <gpxtpx:TrackPointExtension>
      <gpxtpx:hr>153</gpxtpx:hr>
     </gpxtpx:TrackPointExtension>
    </extensions>
   </trkpt>
   <trkpt lat="69.6526200" lon="19.0315740">
    <ele>360.8</ele>
    <time>2025-02-28T15:19:00Z</time>
    <extensions>
     <gpxtpx:TrackPointExtension>
      <gpxtpx:hr>153</gpxtpx:hr>
     </gpxtpx:TrackPointExtension>
    </extensions>
   </trkpt>
   <trkpt lat="69.6526280" lon="19.0315800">
    <ele>361.0</ele>
    <time>2025-02-28T15:19:01Z</time>
    <extensions>
     <gpxtpx:TrackPointExtension>
      <gpxtpx:hr>153</gpxtpx:hr>
     </gpxtpx:TrackPointExtension>
    </extensions>
   </trkpt>
   <trkpt lat="69.6526370" lon="19.0315870">
    <ele>361.2</ele>
    <time>2025-02-28T15:19:02Z</time>
    <extensions>
     <gpxtpx:TrackPointExtension>
      <gpxtpx:hr>153</gpxtpx:hr>
     </gpxtpx:TrackPointExtension>
    </extensions>
   </trkpt>
   <trkpt lat="69.6526460" lon="19.0315970">
    <ele>361.4</ele>
    <time>2025-02-28T15:19:03Z</time>
    <extensions>
     <gpxtpx:TrackPointExtension>
      <gpxtpx:hr>153</gpxtpx:hr>
     </gpxtpx:TrackPointExtension>
    </extensions>
   </trkpt>
   <trkpt lat="69.6526570" lon="19.0316120">
    <ele>361.7</ele>
    <time>2025-02-28T15:19:04Z</time>
    <extensions>
     <gpxtpx:TrackPointExtension>
      <gpxtpx:hr>153</gpxtpx:hr>
     </gpxtpx:TrackPointExtension>
    </extensions>
   </trkpt>
   <trkpt lat="69.6526610" lon="19.0316220">
    <ele>361.8</ele>
    <time>2025-02-28T15:19:05Z</time>
    <extensions>
     <gpxtpx:TrackPointExtension>
      <gpxtpx:hr>153</gpxtpx:hr>
     </gpxtpx:TrackPointExtension>
    </extensions>
   </trkpt>
   <trkpt lat="69.6526620" lon="19.0316250">
    <ele>361.8</ele>
    <time>2025-02-28T15:19:06Z</time>
    <extensions>
     <gpxtpx:TrackPointExtension>
      <gpxtpx:hr>153</gpxtpx:hr>
     </gpxtpx:TrackPointExtension>
    </extensions>
   </trkpt>
   <trkpt lat="69.6526620" lon="19.0316250">
    <ele>361.8</ele>
    <time>2025-02-28T15:19:07Z</time>
    <extensions>
     <gpxtpx:TrackPointExtension>
      <gpxtpx:hr>153</gpxtpx:hr>
     </gpxtpx:TrackPointExtension>
    </extensions>
   </trkpt>
   <trkpt lat="69.6526670" lon="19.0316330">
    <ele>361.9</ele>
    <time>2025-02-28T15:19:08Z</time>
    <extensions>
     <gpxtpx:TrackPointExtension>
      <gpxtpx:hr>152</gpxtpx:hr>
     </gpxtpx:TrackPointExtension>
    </extensions>
   </trkpt>
   <trkpt lat="69.6526710" lon="19.0316420">
    <ele>362.0</ele>
    <time>2025-02-28T15:19:10Z</time>
    <extensions>
     <gpxtpx:TrackPointExtension>
      <gpxtpx:hr>152</gpxtpx:hr>
     </gpxtpx:TrackPointExtension>
    </extensions>
   </trkpt>
   <trkpt lat="69.6526760" lon="19.0316500">
    <ele>362.1</ele>
    <time>2025-02-28T15:19:11Z</time>
    <extensions>
     <gpxtpx:TrackPointExtension>
      <gpxtpx:hr>152</gpxtpx:hr>
     </gpxtpx:TrackPointExtension>
    </extensions>
   </trkpt>
   <trkpt lat="69.6526800" lon="19.0316590">
    <ele>362.3</ele>
    <time>2025-02-28T15:19:12Z</time>
    <extensions>
     <gpxtpx:TrackPointExtension>
      <gpxtpx:hr>152</gpxtpx:hr>
     </gpxtpx:TrackPointExtension>
    </extensions>
   </trkpt>
   <trkpt lat="69.6526850" lon="19.0316670">
    <ele>362.4</ele>
    <time>2025-02-28T15:19:14Z</time>
    <extensions>
     <gpxtpx:TrackPointExtension>
      <gpxtpx:hr>152</gpxtpx:hr>
     </gpxtpx:TrackPointExtension>
    </extensions>
   </trkpt>
   <trkpt lat="69.6526900" lon="19.0316750">
    <ele>362.5</ele>
    <time>2025-02-28T15:19:15Z</time>
    <extensions>
     <gpxtpx:TrackPointExtension>
      <gpxtpx:hr>152</gpxtpx:hr>
     </gpxtpx:TrackPointExtension>
    </extensions>
   </trkpt>
   <trkpt lat="69.6526940" lon="19.0316840">
    <ele>362.6</ele>
    <time>2025-02-28T15:19:16Z</time>
    <extensions>
     <gpxtpx:TrackPointExtension>
      <gpxtpx:hr>152</gpxtpx:hr>
     </gpxtpx:TrackPointExtension>
    </extensions>
   </trkpt>
   <trkpt lat="69.6526990" lon="19.0316920">
    <ele>362.7</ele>
    <time>2025-02-28T15:19:17Z</time>
    <extensions>
     <gpxtpx:TrackPointExtension>
      <gpxtpx:hr>152</gpxtpx:hr>
     </gpxtpx:TrackPointExtension>
    </extensions>
   </trkpt>
   <trkpt lat="69.6527040" lon="19.0317000">
    <ele>362.8</ele>
    <time>2025-02-28T15:19:18Z</time>
    <extensions>
     <gpxtpx:TrackPointExtension>
      <gpxtpx:hr>149</gpxtpx:hr>
     </gpxtpx:TrackPointExtension>
    </extensions>
   </trkpt>
   <trkpt lat="69.6527080" lon="19.0317090">
    <ele>362.9</ele>
    <time>2025-02-28T15:19:19Z</time>
    <extensions>
     <gpxtpx:TrackPointExtension>
      <gpxtpx:hr>149</gpxtpx:hr>
     </gpxtpx:TrackPointExtension>
    </extensions>
   </trkpt>
   <trkpt lat="69.6527130" lon="19.0317170">
    <ele>363.1</ele>
    <time>2025-02-28T15:19:20Z</time>
    <extensions>
     <gpxtpx:TrackPointExtension>
      <gpxtpx:hr>149</gpxtpx:hr>
     </gpxtpx:TrackPointExtension>
    </extensions>
   </trkpt>
   <trkpt lat="69.6527170" lon="19.0317260">
    <ele>363.2</ele>
    <time>2025-02-28T15:19:21Z</time>
    <extensions>
     <gpxtpx:TrackPointExtension>
      <gpxtpx:hr>149</gpxtpx:hr>
     </gpxtpx:TrackPointExtension>
    </extensions>
   </trkpt>
   <trkpt lat="69.6527220" lon="19.0317340">
    <ele>363.3</ele>
    <time>2025-02-28T15:19:22Z</time>
    <extensions>
     <gpxtpx:TrackPointExtension>
      <gpxtpx:hr>149</gpxtpx:hr>
     </gpxtpx:TrackPointExtension>
    </extensions>
   </trkpt>
   <trkpt lat="69.6527360" lon="19.0317580">
    <ele>363.6</ele>
    <time>2025-02-28T15:19:23Z</time>
    <extensions>
     <gpxtpx:TrackPointExtension>
      <gpxtpx:hr>149</gpxtpx:hr>
     </gpxtpx:TrackPointExtension>
    </extensions>
   </trkpt>
   <trkpt lat="69.6527430" lon="19.0317760">
    <ele>363.8</ele>
    <time>2025-02-28T15:19:24Z</time>
    <extensions>
     <gpxtpx:TrackPointExtension>
      <gpxtpx:hr>149</gpxtpx:hr>
     </gpxtpx:TrackPointExtension>
    </extensions>
   </trkpt>
   <trkpt lat="69.6527430" lon="19.0317760">
    <ele>363.8</ele>
    <time>2025-02-28T15:19:25Z</time>
    <extensions>
     <gpxtpx:TrackPointExtension>
      <gpxtpx:hr>149</gpxtpx:hr>
     </gpxtpx:TrackPointExtension>
    </extensions>
   </trkpt>
   <trkpt lat="69.6527530" lon="19.0318070">
    <ele>364.1</ele>
    <time>2025-02-28T15:19:26Z</time>
    <extensions>
     <gpxtpx:TrackPointExtension>
      <gpxtpx:hr>149</gpxtpx:hr>
     </gpxtpx:TrackPointExtension>
    </extensions>
   </trkpt>
   <trkpt lat="69.6527630" lon="19.0318340">
    <ele>364.4</ele>
    <time>2025-02-28T15:19:27Z</time>
    <extensions>
     <gpxtpx:TrackPointExtension>
      <gpxtpx:hr>149</gpxtpx:hr>
     </gpxtpx:TrackPointExtension>
    </extensions>
   </trkpt>
   <trkpt lat="69.6527770" lon="19.0318500">
    <ele>364.7</ele>
    <time>2025-02-28T15:19:28Z</time>
    <extensions>
     <gpxtpx:TrackPointExtension>
      <gpxtpx:hr>149</gpxtpx:hr>
     </gpxtpx:TrackPointExtension>
    </extensions>
   </trkpt>
   <trkpt lat="69.6527930" lon="19.0318690">
    <ele>365.0</ele>
    <time>2025-02-28T15:19:29Z</time>
    <extensions>
     <gpxtpx:TrackPointExtension>
      <gpxtpx:hr>149</gpxtpx:hr>
     </gpxtpx:TrackPointExtension>
    </extensions>
   </trkpt>
   <trkpt lat="69.6528120" lon="19.0318710">
    <ele>365.4</ele>
    <time>2025-02-28T15:19:30Z</time>
    <extensions>
     <gpxtpx:TrackPointExtension>
      <gpxtpx:hr>150</gpxtpx:hr>
     </gpxtpx:TrackPointExtension>
    </extensions>
   </trkpt>
   <trkpt lat="69.6528250" lon="19.0318910">
    <ele>365.7</ele>
    <time>2025-02-28T15:19:31Z</time>
    <extensions>
     <gpxtpx:TrackPointExtension>
      <gpxtpx:hr>150</gpxtpx:hr>
     </gpxtpx:TrackPointExtension>
    </extensions>
   </trkpt>
   <trkpt lat="69.6528320" lon="19.0319020">
    <ele>365.8</ele>
    <time>2025-02-28T15:19:32Z</time>
    <extensions>
     <gpxtpx:TrackPointExtension>
      <gpxtpx:hr>148</gpxtpx:hr>
     </gpxtpx:TrackPointExtension>
    </extensions>
   </trkpt>
   <trkpt lat="69.6528530" lon="19.0319200">
    <ele>366.3</ele>
    <time>2025-02-28T15:19:33Z</time>
    <extensions>
     <gpxtpx:TrackPointExtension>
      <gpxtpx:hr>148</gpxtpx:hr>
     </gpxtpx:TrackPointExtension>
    </extensions>
   </trkpt>
   <trkpt lat="69.6528640" lon="19.0319370">
    <ele>366.5</ele>
    <time>2025-02-28T15:19:34Z</time>
    <extensions>
     <gpxtpx:TrackPointExtension>
      <gpxtpx:hr>148</gpxtpx:hr>
     </gpxtpx:TrackPointExtension>
    </extensions>
   </trkpt>
   <trkpt lat="69.6528770" lon="19.0319360">
    <ele>366.7</ele>
    <time>2025-02-28T15:19:35Z</time>
    <extensions>
     <gpxtpx:TrackPointExtension>
      <gpxtpx:hr>148</gpxtpx:hr>
     </gpxtpx:TrackPointExtension>
    </extensions>
   </trkpt>
   <trkpt lat="69.6528970" lon="19.0319370">
    <ele>367.1</ele>
    <time>2025-02-28T15:19:36Z</time>
    <extensions>
     <gpxtpx:TrackPointExtension>
      <gpxtpx:hr>148</gpxtpx:hr>
     </gpxtpx:TrackPointExtension>
    </extensions>
   </trkpt>
   <trkpt lat="69.6529010" lon="19.0319390">
    <ele>367.2</ele>
    <time>2025-02-28T15:19:37Z</time>
    <extensions>
     <gpxtpx:TrackPointExtension>
      <gpxtpx:hr>148</gpxtpx:hr>
     </gpxtpx:TrackPointExtension>
    </extensions>
   </trkpt>
   <trkpt lat="69.6529230" lon="19.0319500">
    <ele>367.6</ele>
    <time>2025-02-28T15:19:38Z</time>
    <extensions>
     <gpxtpx:TrackPointExtension>
      <gpxtpx:hr>148</gpxtpx:hr>
     </gpxtpx:TrackPointExtension>
    </extensions>
   </trkpt>
   <trkpt lat="69.6529330" lon="19.0319570">
    <ele>367.7</ele>
    <time>2025-02-28T15:19:39Z</time>
    <extensions>
     <gpxtpx:TrackPointExtension>
      <gpxtpx:hr>145</gpxtpx:hr>
     </gpxtpx:TrackPointExtension>
    </extensions>
   </trkpt>
   <trkpt lat="69.6529430" lon="19.0319630">
    <ele>367.9</ele>
    <time>2025-02-28T15:19:40Z</time>
    <extensions>
     <gpxtpx:TrackPointExtension>
      <gpxtpx:hr>145</gpxtpx:hr>
     </gpxtpx:TrackPointExtension>
    </extensions>
   </trkpt>
   <trkpt lat="69.6529520" lon="19.0319690">
    <ele>368.1</ele>
    <time>2025-02-28T15:19:41Z</time>
    <extensions>
     <gpxtpx:TrackPointExtension>
      <gpxtpx:hr>145</gpxtpx:hr>
     </gpxtpx:TrackPointExtension>
    </extensions>
   </trkpt>
   <trkpt lat="69.6529620" lon="19.0319760">
    <ele>368.2</ele>
    <time>2025-02-28T15:19:42Z</time>
    <extensions>
     <gpxtpx:TrackPointExtension>
      <gpxtpx:hr>146</gpxtpx:hr>
     </gpxtpx:TrackPointExtension>
    </extensions>
   </trkpt>
   <trkpt lat="69.6529720" lon="19.0319820">
    <ele>368.4</ele>
    <time>2025-02-28T15:19:43Z</time>
    <extensions>
     <gpxtpx:TrackPointExtension>
      <gpxtpx:hr>146</gpxtpx:hr>
     </gpxtpx:TrackPointExtension>
    </extensions>
   </trkpt>
   <trkpt lat="69.6529740" lon="19.0319850">
    <ele>368.4</ele>
    <time>2025-02-28T15:19:44Z</time>
    <extensions>
     <gpxtpx:TrackPointExtension>
      <gpxtpx:hr>146</gpxtpx:hr>
     </gpxtpx:TrackPointExtension>
    </extensions>
   </trkpt>
   <trkpt lat="69.6529880" lon="19.0319980">
    <ele>368.7</ele>
    <time>2025-02-28T15:19:45Z</time>
    <extensions>
     <gpxtpx:TrackPointExtension>
      <gpxtpx:hr>146</gpxtpx:hr>
     </gpxtpx:TrackPointExtension>
    </extensions>
   </trkpt>
   <trkpt lat="69.6529980" lon="19.0320060">
    <ele>368.8</ele>
    <time>2025-02-28T15:19:46Z</time>
    <extensions>
     <gpxtpx:TrackPointExtension>
      <gpxtpx:hr>146</gpxtpx:hr>
     </gpxtpx:TrackPointExtension>
    </extensions>
   </trkpt>
   <trkpt lat="69.6530030" lon="19.0320220">
    <ele>369.0</ele>
    <time>2025-02-28T15:19:47Z</time>
    <extensions>
     <gpxtpx:TrackPointExtension>
      <gpxtpx:hr>146</gpxtpx:hr>
     </gpxtpx:TrackPointExtension>
    </extensions>
   </trkpt>
   <trkpt lat="69.6530100" lon="19.0320380">
    <ele>369.1</ele>
    <time>2025-02-28T15:19:48Z</time>
    <extensions>
     <gpxtpx:TrackPointExtension>
      <gpxtpx:hr>146</gpxtpx:hr>
     </gpxtpx:TrackPointExtension>
    </extensions>
   </trkpt>
   <trkpt lat="69.6530180" lon="19.0320620">
    <ele>369.3</ele>
    <time>2025-02-28T15:19:49Z</time>
    <extensions>
     <gpxtpx:TrackPointExtension>
      <gpxtpx:hr>144</gpxtpx:hr>
     </gpxtpx:TrackPointExtension>
    </extensions>
   </trkpt>
   <trkpt lat="69.6530230" lon="19.0320740">
    <ele>369.4</ele>
    <time>2025-02-28T15:19:50Z</time>
    <extensions>
     <gpxtpx:TrackPointExtension>
      <gpxtpx:hr>144</gpxtpx:hr>
     </gpxtpx:TrackPointExtension>
    </extensions>
   </trkpt>
   <trkpt lat="69.6530290" lon="19.0320880">
    <ele>369.5</ele>
    <time>2025-02-28T15:19:51Z</time>
    <extensions>
     <gpxtpx:TrackPointExtension>
      <gpxtpx:hr>144</gpxtpx:hr>
     </gpxtpx:TrackPointExtension>
    </extensions>
   </trkpt>
   <trkpt lat="69.6530360" lon="19.0321210">
    <ele>369.8</ele>
    <time>2025-02-28T15:19:52Z</time>
    <extensions>
     <gpxtpx:TrackPointExtension>
      <gpxtpx:hr>144</gpxtpx:hr>
     </gpxtpx:TrackPointExtension>
    </extensions>
   </trkpt>
   <trkpt lat="69.6530450" lon="19.0321420">
    <ele>369.9</ele>
    <time>2025-02-28T15:19:53Z</time>
    <extensions>
     <gpxtpx:TrackPointExtension>
      <gpxtpx:hr>143</gpxtpx:hr>
     </gpxtpx:TrackPointExtension>
    </extensions>
   </trkpt>
   <trkpt lat="69.6530460" lon="19.0321520">
    <ele>370.0</ele>
    <time>2025-02-28T15:19:54Z</time>
    <extensions>
     <gpxtpx:TrackPointExtension>
      <gpxtpx:hr>143</gpxtpx:hr>
     </gpxtpx:TrackPointExtension>
    </extensions>
   </trkpt>
   <trkpt lat="69.6530590" lon="19.0321660">
    <ele>370.2</ele>
    <time>2025-02-28T15:19:55Z</time>
    <extensions>
     <gpxtpx:TrackPointExtension>
      <gpxtpx:hr>143</gpxtpx:hr>
     </gpxtpx:TrackPointExtension>
    </extensions>
   </trkpt>
   <trkpt lat="69.6530680" lon="19.0321810">
    <ele>370.4</ele>
    <time>2025-02-28T15:19:56Z</time>
    <extensions>
     <gpxtpx:TrackPointExtension>
      <gpxtpx:hr>143</gpxtpx:hr>
     </gpxtpx:TrackPointExtension>
    </extensions>
   </trkpt>
   <trkpt lat="69.6530690" lon="19.0321990">
    <ele>370.5</ele>
    <time>2025-02-28T15:19:57Z</time>
    <extensions>
     <gpxtpx:TrackPointExtension>
      <gpxtpx:hr>143</gpxtpx:hr>
     </gpxtpx:TrackPointExtension>
    </extensions>
   </trkpt>
   <trkpt lat="69.6530730" lon="19.0322170">
    <ele>370.6</ele>
    <time>2025-02-28T15:19:58Z</time>
    <extensions>
     <gpxtpx:TrackPointExtension>
      <gpxtpx:hr>143</gpxtpx:hr>
     </gpxtpx:TrackPointExtension>
    </extensions>
   </trkpt>
   <trkpt lat="69.6530770" lon="19.0322440">
    <ele>370.8</ele>
    <time>2025-02-28T15:19:59Z</time>
    <extensions>
     <gpxtpx:TrackPointExtension>
      <gpxtpx:hr>142</gpxtpx:hr>
     </gpxtpx:TrackPointExtension>
    </extensions>
   </trkpt>
   <trkpt lat="69.6530840" lon="19.0322710">
    <ele>371.0</ele>
    <time>2025-02-28T15:20:00Z</time>
    <extensions>
     <gpxtpx:TrackPointExtension>
      <gpxtpx:hr>142</gpxtpx:hr>
     </gpxtpx:TrackPointExtension>
    </extensions>
   </trkpt>
   <trkpt lat="69.6530850" lon="19.0322980">
    <ele>371.2</ele>
    <time>2025-02-28T15:20:01Z</time>
    <extensions>
     <gpxtpx:TrackPointExtension>
      <gpxtpx:hr>142</gpxtpx:hr>
     </gpxtpx:TrackPointExtension>
    </extensions>
   </trkpt>
   <trkpt lat="69.6530830" lon="19.0323210">
    <ele>371.3</ele>
    <time>2025-02-28T15:20:02Z</time>
    <extensions>
     <gpxtpx:TrackPointExtension>
      <gpxtpx:hr>142</gpxtpx:hr>
     </gpxtpx:TrackPointExtension>
    </extensions>
   </trkpt>
   <trkpt lat="69.6530850" lon="19.0323420">
    <ele>371.5</ele>
    <time>2025-02-28T15:20:03Z</time>
    <extensions>
     <gpxtpx:TrackPointExtension>
      <gpxtpx:hr>142</gpxtpx:hr>
     </gpxtpx:TrackPointExtension>
    </extensions>
   </trkpt>
   <trkpt lat="69.6530970" lon="19.0323710">
    <ele>371.7</ele>
    <time>2025-02-28T15:20:04Z</time>
    <extensions>
     <gpxtpx:TrackPointExtension>
      <gpxtpx:hr>142</gpxtpx:hr>
     </gpxtpx:TrackPointExtension>
    </extensions>
   </trkpt>
   <trkpt lat="69.6531190" lon="19.0323800">
    <ele>372.2</ele>
    <time>2025-02-28T15:20:05Z</time>
    <extensions>
     <gpxtpx:TrackPointExtension>
      <gpxtpx:hr>142</gpxtpx:hr>
     </gpxtpx:TrackPointExtension>
    </extensions>
   </trkpt>
   <trkpt lat="69.6531350" lon="19.0323760">
    <ele>372.5</ele>
    <time>2025-02-28T15:20:06Z</time>
    <extensions>
     <gpxtpx:TrackPointExtension>
      <gpxtpx:hr>141</gpxtpx:hr>
     </gpxtpx:TrackPointExtension>
    </extensions>
   </trkpt>
   <trkpt lat="69.6531500" lon="19.0323870">
    <ele>372.8</ele>
    <time>2025-02-28T15:20:07Z</time>
    <extensions>
     <gpxtpx:TrackPointExtension>
      <gpxtpx:hr>141</gpxtpx:hr>
     </gpxtpx:TrackPointExtension>
    </extensions>
   </trkpt>
   <trkpt lat="69.6531660" lon="19.0323940">
    <ele>373.1</ele>
    <time>2025-02-28T15:20:08Z</time>
    <extensions>
     <gpxtpx:TrackPointExtension>
      <gpxtpx:hr>141</gpxtpx:hr>
     </gpxtpx:TrackPointExtension>
    </extensions>
   </trkpt>
   <trkpt lat="69.6531840" lon="19.0324040">
    <ele>373.5</ele>
    <time>2025-02-28T15:20:09Z</time>
    <extensions>
     <gpxtpx:TrackPointExtension>
      <gpxtpx:hr>141</gpxtpx:hr>
     </gpxtpx:TrackPointExtension>
    </extensions>
   </trkpt>
   <trkpt lat="69.6531930" lon="19.0324060">
    <ele>373.7</ele>
    <time>2025-02-28T15:20:10Z</time>
    <extensions>
     <gpxtpx:TrackPointExtension>
      <gpxtpx:hr>141</gpxtpx:hr>
     </gpxtpx:TrackPointExtension>
    </extensions>
   </trkpt>
   <trkpt lat="69.6532040" lon="19.0324070">
    <ele>373.9</ele>
    <time>2025-02-28T15:20:11Z</time>
    <extensions>
     <gpxtpx:TrackPointExtension>
      <gpxtpx:hr>141</gpxtpx:hr>
     </gpxtpx:TrackPointExtension>
    </extensions>
   </trkpt>
   <trkpt lat="69.6532240" lon="19.0324150">
    <ele>374.3</ele>
    <time>2025-02-28T15:20:12Z</time>
    <extensions>
     <gpxtpx:TrackPointExtension>
      <gpxtpx:hr>141</gpxtpx:hr>
     </gpxtpx:TrackPointExtension>
    </extensions>
   </trkpt>
   <trkpt lat="69.6532330" lon="19.0324120">
    <ele>374.5</ele>
    <time>2025-02-28T15:20:13Z</time>
    <extensions>
     <gpxtpx:TrackPointExtension>
      <gpxtpx:hr>141</gpxtpx:hr>
     </gpxtpx:TrackPointExtension>
    </extensions>
   </trkpt>
   <trkpt lat="69.6532510" lon="19.0324210">
    <ele>374.9</ele>
    <time>2025-02-28T15:20:14Z</time>
    <extensions>
     <gpxtpx:TrackPointExtension>
      <gpxtpx:hr>143</gpxtpx:hr>
     </gpxtpx:TrackPointExtension>
    </extensions>
   </trkpt>
   <trkpt lat="69.6532620" lon="19.0324380">
    <ele>375.2</ele>
    <time>2025-02-28T15:20:15Z</time>
    <extensions>
     <gpxtpx:TrackPointExtension>
      <gpxtpx:hr>143</gpxtpx:hr>
     </gpxtpx:TrackPointExtension>
    </extensions>
   </trkpt>
   <trkpt lat="69.6532820" lon="19.0324530">
    <ele>375.7</ele>
    <time>2025-02-28T15:20:16Z</time>
    <extensions>
     <gpxtpx:TrackPointExtension>
      <gpxtpx:hr>144</gpxtpx:hr>
     </gpxtpx:TrackPointExtension>
    </extensions>
   </trkpt>
   <trkpt lat="69.6532860" lon="19.0324690">
    <ele>375.8</ele>
    <time>2025-02-28T15:20:17Z</time>
    <extensions>
     <gpxtpx:TrackPointExtension>
      <gpxtpx:hr>144</gpxtpx:hr>
     </gpxtpx:TrackPointExtension>
    </extensions>
   </trkpt>
   <trkpt lat="69.6533000" lon="19.0324650">
    <ele>376.1</ele>
    <time>2025-02-28T15:20:18Z</time>
    <extensions>
     <gpxtpx:TrackPointExtension>
      <gpxtpx:hr>144</gpxtpx:hr>
     </gpxtpx:TrackPointExtension>
    </extensions>
   </trkpt>
   <trkpt lat="69.6533130" lon="19.0324810">
    <ele>376.5</ele>
    <time>2025-02-28T15:20:19Z</time>
    <extensions>
     <gpxtpx:TrackPointExtension>
      <gpxtpx:hr>144</gpxtpx:hr>
     </gpxtpx:TrackPointExtension>
    </extensions>
   </trkpt>
   <trkpt lat="69.6533160" lon="19.0324930">
    <ele>376.6</ele>
    <time>2025-02-28T15:20:20Z</time>
    <extensions>
     <gpxtpx:TrackPointExtension>
      <gpxtpx:hr>144</gpxtpx:hr>
     </gpxtpx:TrackPointExtension>
    </extensions>
   </trkpt>
   <trkpt lat="69.6533180" lon="19.0325040">
    <ele>376.7</ele>
    <time>2025-02-28T15:20:21Z</time>
    <extensions>
     <gpxtpx:TrackPointExtension>
      <gpxtpx:hr>144</gpxtpx:hr>
     </gpxtpx:TrackPointExtension>
    </extensions>
   </trkpt>
   <trkpt lat="69.6533220" lon="19.0325180">
    <ele>376.8</ele>
    <time>2025-02-28T15:20:22Z</time>
    <extensions>
     <gpxtpx:TrackPointExtension>
      <gpxtpx:hr>144</gpxtpx:hr>
     </gpxtpx:TrackPointExtension>
    </extensions>
   </trkpt>
   <trkpt lat="69.6533300" lon="19.0325420">
    <ele>377.1</ele>
    <time>2025-02-28T15:20:23Z</time>
    <extensions>
     <gpxtpx:TrackPointExtension>
      <gpxtpx:hr>144</gpxtpx:hr>
     </gpxtpx:TrackPointExtension>
    </extensions>
   </trkpt>
   <trkpt lat="69.6533410" lon="19.0325590">
    <ele>377.3</ele>
    <time>2025-02-28T15:20:24Z</time>
    <extensions>
     <gpxtpx:TrackPointExtension>
      <gpxtpx:hr>144</gpxtpx:hr>
     </gpxtpx:TrackPointExtension>
    </extensions>
   </trkpt>
   <trkpt lat="69.6533500" lon="19.0325710">
    <ele>377.5</ele>
    <time>2025-02-28T15:20:25Z</time>
    <extensions>
     <gpxtpx:TrackPointExtension>
      <gpxtpx:hr>144</gpxtpx:hr>
     </gpxtpx:TrackPointExtension>
    </extensions>
   </trkpt>
   <trkpt lat="69.6533570" lon="19.0325860">
    <ele>377.7</ele>
    <time>2025-02-28T15:20:26Z</time>
    <extensions>
     <gpxtpx:TrackPointExtension>
      <gpxtpx:hr>144</gpxtpx:hr>
     </gpxtpx:TrackPointExtension>
    </extensions>
   </trkpt>
   <trkpt lat="69.6533630" lon="19.0325980">
    <ele>377.9</ele>
    <time>2025-02-28T15:20:27Z</time>
    <extensions>
     <gpxtpx:TrackPointExtension>
      <gpxtpx:hr>144</gpxtpx:hr>
     </gpxtpx:TrackPointExtension>
    </extensions>
   </trkpt>
   <trkpt lat="69.6533680" lon="19.0326270">
    <ele>378.2</ele>
    <time>2025-02-28T15:20:28Z</time>
    <extensions>
     <gpxtpx:TrackPointExtension>
      <gpxtpx:hr>144</gpxtpx:hr>
     </gpxtpx:TrackPointExtension>
    </extensions>
   </trkpt>
   <trkpt lat="69.6533710" lon="19.0326700">
    <ele>378.5</ele>
    <time>2025-02-28T15:20:29Z</time>
    <extensions>
     <gpxtpx:TrackPointExtension>
      <gpxtpx:hr>143</gpxtpx:hr>
     </gpxtpx:TrackPointExtension>
    </extensions>
   </trkpt>
   <trkpt lat="69.6533860" lon="19.0326850">
    <ele>378.9</ele>
    <time>2025-02-28T15:20:30Z</time>
    <extensions>
     <gpxtpx:TrackPointExtension>
      <gpxtpx:hr>143</gpxtpx:hr>
     </gpxtpx:TrackPointExtension>
    </extensions>
   </trkpt>
   <trkpt lat="69.6533970" lon="19.0326950">
    <ele>379.1</ele>
    <time>2025-02-28T15:20:31Z</time>
    <extensions>
     <gpxtpx:TrackPointExtension>
      <gpxtpx:hr>143</gpxtpx:hr>
     </gpxtpx:TrackPointExtension>
    </extensions>
   </trkpt>
   <trkpt lat="69.6534180" lon="19.0327100">
    <ele>379.6</ele>
    <time>2025-02-28T15:20:32Z</time>
    <extensions>
     <gpxtpx:TrackPointExtension>
      <gpxtpx:hr>142</gpxtpx:hr>
     </gpxtpx:TrackPointExtension>
    </extensions>
   </trkpt>
   <trkpt lat="69.6534230" lon="19.0327150">
    <ele>379.7</ele>
    <time>2025-02-28T15:20:33Z</time>
    <extensions>
     <gpxtpx:TrackPointExtension>
      <gpxtpx:hr>142</gpxtpx:hr>
     </gpxtpx:TrackPointExtension>
    </extensions>
   </trkpt>
   <trkpt lat="69.6534390" lon="19.0327240">
    <ele>380.1</ele>
    <time>2025-02-28T15:20:34Z</time>
    <extensions>
     <gpxtpx:TrackPointExtension>
      <gpxtpx:hr>142</gpxtpx:hr>
     </gpxtpx:TrackPointExtension>
    </extensions>
   </trkpt>
   <trkpt lat="69.6534500" lon="19.0327380">
    <ele>380.4</ele>
    <time>2025-02-28T15:20:35Z</time>
    <extensions>
     <gpxtpx:TrackPointExtension>
      <gpxtpx:hr>142</gpxtpx:hr>
     </gpxtpx:TrackPointExtension>
    </extensions>
   </trkpt>
   <trkpt lat="69.6534650" lon="19.0327600">
    <ele>380.8</ele>
    <time>2025-02-28T15:20:36Z</time>
    <extensions>
     <gpxtpx:TrackPointExtension>
      <gpxtpx:hr>142</gpxtpx:hr>
     </gpxtpx:TrackPointExtension>
    </extensions>
   </trkpt>
   <trkpt lat="69.6534770" lon="19.0327820">
    <ele>381.1</ele>
    <time>2025-02-28T15:20:37Z</time>
    <extensions>
     <gpxtpx:TrackPointExtension>
      <gpxtpx:hr>142</gpxtpx:hr>
     </gpxtpx:TrackPointExtension>
    </extensions>
   </trkpt>
   <trkpt lat="69.6534850" lon="19.0327840">
    <ele>381.3</ele>
    <time>2025-02-28T15:20:38Z</time>
    <extensions>
     <gpxtpx:TrackPointExtension>
      <gpxtpx:hr>142</gpxtpx:hr>
     </gpxtpx:TrackPointExtension>
    </extensions>
   </trkpt>
   <trkpt lat="69.6534910" lon="19.0328080">
    <ele>381.5</ele>
    <time>2025-02-28T15:20:39Z</time>
    <extensions>
     <gpxtpx:TrackPointExtension>
      <gpxtpx:hr>142</gpxtpx:hr>
     </gpxtpx:TrackPointExtension>
    </extensions>
   </trkpt>
   <trkpt lat="69.6535010" lon="19.0328430">
    <ele>381.9</ele>
    <time>2025-02-28T15:20:40Z</time>
    <extensions>
     <gpxtpx:TrackPointExtension>
      <gpxtpx:hr>142</gpxtpx:hr>
     </gpxtpx:TrackPointExtension>
    </extensions>
   </trkpt>
   <trkpt lat="69.6535150" lon="19.0328590">
    <ele>382.3</ele>
    <time>2025-02-28T15:20:41Z</time>
    <extensions>
     <gpxtpx:TrackPointExtension>
      <gpxtpx:hr>142</gpxtpx:hr>
     </gpxtpx:TrackPointExtension>
    </extensions>
   </trkpt>
   <trkpt lat="69.6535320" lon="19.0328770">
    <ele>382.7</ele>
    <time>2025-02-28T15:20:42Z</time>
    <extensions>
     <gpxtpx:TrackPointExtension>
      <gpxtpx:hr>142</gpxtpx:hr>
     </gpxtpx:TrackPointExtension>
    </extensions>
   </trkpt>
   <trkpt lat="69.6535410" lon="19.0328780">
    <ele>382.9</ele>
    <time>2025-02-28T15:20:43Z</time>
    <extensions>
     <gpxtpx:TrackPointExtension>
      <gpxtpx:hr>142</gpxtpx:hr>
     </gpxtpx:TrackPointExtension>
    </extensions>
   </trkpt>
   <trkpt lat="69.6535520" lon="19.0328740">
    <ele>383.2</ele>
    <time>2025-02-28T15:20:44Z</time>
    <extensions>
     <gpxtpx:TrackPointExtension>
      <gpxtpx:hr>144</gpxtpx:hr>
     </gpxtpx:TrackPointExtension>
    </extensions>
   </trkpt>
   <trkpt lat="69.6535560" lon="19.0328970">
    <ele>383.4</ele>
    <time>2025-02-28T15:20:45Z</time>
    <extensions>
     <gpxtpx:TrackPointExtension>
      <gpxtpx:hr>144</gpxtpx:hr>
     </gpxtpx:TrackPointExtension>
    </extensions>
   </trkpt>
   <trkpt lat="69.6535560" lon="19.0329050">
    <ele>383.5</ele>
    <time>2025-02-28T15:20:46Z</time>
    <extensions>
     <gpxtpx:TrackPointExtension>
      <gpxtpx:hr>144</gpxtpx:hr>
     </gpxtpx:TrackPointExtension>
    </extensions>
   </trkpt>
   <trkpt lat="69.6535610" lon="19.0329220">
    <ele>383.7</ele>
    <time>2025-02-28T15:20:47Z</time>
    <extensions>
     <gpxtpx:TrackPointExtension>
      <gpxtpx:hr>144</gpxtpx:hr>
     </gpxtpx:TrackPointExtension>
    </extensions>
   </trkpt>
   <trkpt lat="69.6535750" lon="19.0329490">
    <ele>384.1</ele>
    <time>2025-02-28T15:20:48Z</time>
    <extensions>
     <gpxtpx:TrackPointExtension>
      <gpxtpx:hr>144</gpxtpx:hr>
     </gpxtpx:TrackPointExtension>
    </extensions>
   </trkpt>
   <trkpt lat="69.6535740" lon="19.0329490">
    <ele>384.1</ele>
    <time>2025-02-28T15:20:49Z</time>
    <extensions>
     <gpxtpx:TrackPointExtension>
      <gpxtpx:hr>144</gpxtpx:hr>
     </gpxtpx:TrackPointExtension>
    </extensions>
   </trkpt>
   <trkpt lat="69.6535830" lon="19.0329890">
    <ele>384.5</ele>
    <time>2025-02-28T15:20:51Z</time>
    <extensions>
     <gpxtpx:TrackPointExtension>
      <gpxtpx:hr>144</gpxtpx:hr>
     </gpxtpx:TrackPointExtension>
    </extensions>
   </trkpt>
   <trkpt lat="69.6535910" lon="19.0330090">
    <ele>384.8</ele>
    <time>2025-02-28T15:20:52Z</time>
    <extensions>
     <gpxtpx:TrackPointExtension>
      <gpxtpx:hr>144</gpxtpx:hr>
     </gpxtpx:TrackPointExtension>
    </extensions>
   </trkpt>
   <trkpt lat="69.6535960" lon="19.0330280">
    <ele>385.0</ele>
    <time>2025-02-28T15:20:53Z</time>
    <extensions>
     <gpxtpx:TrackPointExtension>
      <gpxtpx:hr>144</gpxtpx:hr>
     </gpxtpx:TrackPointExtension>
    </extensions>
   </trkpt>
   <trkpt lat="69.6536040" lon="19.0330440">
    <ele>385.2</ele>
    <time>2025-02-28T15:20:54Z</time>
    <extensions>
     <gpxtpx:TrackPointExtension>
      <gpxtpx:hr>144</gpxtpx:hr>
     </gpxtpx:TrackPointExtension>
    </extensions>
   </trkpt>
   <trkpt lat="69.6536070" lon="19.0330640">
    <ele>385.4</ele>
    <time>2025-02-28T15:20:55Z</time>
    <extensions>
     <gpxtpx:TrackPointExtension>
      <gpxtpx:hr>145</gpxtpx:hr>
     </gpxtpx:TrackPointExtension>
    </extensions>
   </trkpt>
   <trkpt lat="69.6536070" lon="19.0330730">
    <ele>385.5</ele>
    <time>2025-02-28T15:20:56Z</time>
    <extensions>
     <gpxtpx:TrackPointExtension>
      <gpxtpx:hr>145</gpxtpx:hr>
     </gpxtpx:TrackPointExtension>
    </extensions>
   </trkpt>
   <trkpt lat="69.6536060" lon="19.0330890">
    <ele>385.6</ele>
    <time>2025-02-28T15:20:57Z</time>
    <extensions>
     <gpxtpx:TrackPointExtension>
      <gpxtpx:hr>145</gpxtpx:hr>
     </gpxtpx:TrackPointExtension>
    </extensions>
   </trkpt>
   <trkpt lat="69.6536160" lon="19.0331050">
    <ele>385.9</ele>
    <time>2025-02-28T15:20:58Z</time>
    <extensions>
     <gpxtpx:TrackPointExtension>
      <gpxtpx:hr>145</gpxtpx:hr>
     </gpxtpx:TrackPointExtension>
    </extensions>
   </trkpt>
   <trkpt lat="69.6536170" lon="19.0331210">
    <ele>386.0</ele>
    <time>2025-02-28T15:20:59Z</time>
    <extensions>
     <gpxtpx:TrackPointExtension>
      <gpxtpx:hr>145</gpxtpx:hr>
     </gpxtpx:TrackPointExtension>
    </extensions>
   </trkpt>
   <trkpt lat="69.6536210" lon="19.0331480">
    <ele>386.3</ele>
    <time>2025-02-28T15:21:00Z</time>
    <extensions>
     <gpxtpx:TrackPointExtension>
      <gpxtpx:hr>145</gpxtpx:hr>
     </gpxtpx:TrackPointExtension>
    </extensions>
   </trkpt>
   <trkpt lat="69.6536220" lon="19.0331640">
    <ele>386.4</ele>
    <time>2025-02-28T15:21:01Z</time>
    <extensions>
     <gpxtpx:TrackPointExtension>
      <gpxtpx:hr>145</gpxtpx:hr>
     </gpxtpx:TrackPointExtension>
    </extensions>
   </trkpt>
   <trkpt lat="69.6536260" lon="19.0331800">
    <ele>386.6</ele>
    <time>2025-02-28T15:21:02Z</time>
    <extensions>
     <gpxtpx:TrackPointExtension>
      <gpxtpx:hr>145</gpxtpx:hr>
     </gpxtpx:TrackPointExtension>
    </extensions>
   </trkpt>
   <trkpt lat="69.6536330" lon="19.0331980">
    <ele>386.8</ele>
    <time>2025-02-28T15:21:03Z</time>
    <extensions>
     <gpxtpx:TrackPointExtension>
      <gpxtpx:hr>145</gpxtpx:hr>
     </gpxtpx:TrackPointExtension>
    </extensions>
   </trkpt>
   <trkpt lat="69.6536390" lon="19.0332270">
    <ele>387.1</ele>
    <time>2025-02-28T15:21:04Z</time>
    <extensions>
     <gpxtpx:TrackPointExtension>
      <gpxtpx:hr>145</gpxtpx:hr>
     </gpxtpx:TrackPointExtension>
    </extensions>
   </trkpt>
   <trkpt lat="69.6536410" lon="19.0332520">
    <ele>387.3</ele>
    <time>2025-02-28T15:21:05Z</time>
    <extensions>
     <gpxtpx:TrackPointExtension>
      <gpxtpx:hr>145</gpxtpx:hr>
     </gpxtpx:TrackPointExtension>
    </extensions>
   </trkpt>
   <trkpt lat="69.6536490" lon="19.0332880">
    <ele>387.6</ele>
    <time>2025-02-28T15:21:06Z</time>
    <extensions>
     <gpxtpx:TrackPointExtension>
      <gpxtpx:hr>145</gpxtpx:hr>
     </gpxtpx:TrackPointExtension>
    </extensions>
   </trkpt>
   <trkpt lat="69.6536570" lon="19.0333070">
    <ele>387.9</ele>
    <time>2025-02-28T15:21:07Z</time>
    <extensions>
     <gpxtpx:TrackPointExtension>
      <gpxtpx:hr>145</gpxtpx:hr>
     </gpxtpx:TrackPointExtension>
    </extensions>
   </trkpt>
   <trkpt lat="69.6536700" lon="19.0333150">
    <ele>388.2</ele>
    <time>2025-02-28T15:21:08Z</time>
    <extensions>
     <gpxtpx:TrackPointExtension>
      <gpxtpx:hr>145</gpxtpx:hr>
     </gpxtpx:TrackPointExtension>
    </extensions>
   </trkpt>
   <trkpt lat="69.6536740" lon="19.0333340">
    <ele>388.4</ele>
    <time>2025-02-28T15:21:09Z</time>
    <extensions>
     <gpxtpx:TrackPointExtension>
      <gpxtpx:hr>145</gpxtpx:hr>
     </gpxtpx:TrackPointExtension>
    </extensions>
   </trkpt>
   <trkpt lat="69.6536810" lon="19.0333530">
    <ele>388.6</ele>
    <time>2025-02-28T15:21:10Z</time>
    <extensions>
     <gpxtpx:TrackPointExtension>
      <gpxtpx:hr>145</gpxtpx:hr>
     </gpxtpx:TrackPointExtension>
    </extensions>
   </trkpt>
   <trkpt lat="69.6536890" lon="19.0333530">
    <ele>388.8</ele>
    <time>2025-02-28T15:21:11Z</time>
    <extensions>
     <gpxtpx:TrackPointExtension>
      <gpxtpx:hr>145</gpxtpx:hr>
     </gpxtpx:TrackPointExtension>
    </extensions>
   </trkpt>
   <trkpt lat="69.6537080" lon="19.0333840">
    <ele>389.2</ele>
    <time>2025-02-28T15:21:12Z</time>
    <extensions>
     <gpxtpx:TrackPointExtension>
      <gpxtpx:hr>147</gpxtpx:hr>
     </gpxtpx:TrackPointExtension>
    </extensions>
   </trkpt>
   <trkpt lat="69.6537140" lon="19.0333990">
    <ele>389.4</ele>
    <time>2025-02-28T15:21:13Z</time>
    <extensions>
     <gpxtpx:TrackPointExtension>
      <gpxtpx:hr>147</gpxtpx:hr>
     </gpxtpx:TrackPointExtension>
    </extensions>
   </trkpt>
   <trkpt lat="69.6537210" lon="19.0334150">
    <ele>389.6</ele>
    <time>2025-02-28T15:21:14Z</time>
    <extensions>
     <gpxtpx:TrackPointExtension>
      <gpxtpx:hr>147</gpxtpx:hr>
     </gpxtpx:TrackPointExtension>
    </extensions>
   </trkpt>
   <trkpt lat="69.6537270" lon="19.0334310">
    <ele>389.8</ele>
    <time>2025-02-28T15:21:15Z</time>
    <extensions>
     <gpxtpx:TrackPointExtension>
      <gpxtpx:hr>147</gpxtpx:hr>
     </gpxtpx:TrackPointExtension>
    </extensions>
   </trkpt>
   <trkpt lat="69.6537330" lon="19.0334460">
    <ele>390.0</ele>
    <time>2025-02-28T15:21:16Z</time>
    <extensions>
     <gpxtpx:TrackPointExtension>
      <gpxtpx:hr>147</gpxtpx:hr>
     </gpxtpx:TrackPointExtension>
    </extensions>
   </trkpt>
   <trkpt lat="69.6537390" lon="19.0334620">
    <ele>390.1</ele>
    <time>2025-02-28T15:21:17Z</time>
    <extensions>
     <gpxtpx:TrackPointExtension>
      <gpxtpx:hr>147</gpxtpx:hr>
     </gpxtpx:TrackPointExtension>
    </extensions>
   </trkpt>
   <trkpt lat="69.6537580" lon="19.0334820">
    <ele>390.5</ele>
    <time>2025-02-28T15:21:18Z</time>
    <extensions>
     <gpxtpx:TrackPointExtension>
      <gpxtpx:hr>147</gpxtpx:hr>
     </gpxtpx:TrackPointExtension>
    </extensions>
   </trkpt>
   <trkpt lat="69.6537640" lon="19.0334950">
    <ele>390.7</ele>
    <time>2025-02-28T15:21:19Z</time>
    <extensions>
     <gpxtpx:TrackPointExtension>
      <gpxtpx:hr>147</gpxtpx:hr>
     </gpxtpx:TrackPointExtension>
    </extensions>
   </trkpt>
   <trkpt lat="69.6537690" lon="19.0335090">
    <ele>390.8</ele>
    <time>2025-02-28T15:21:20Z</time>
    <extensions>
     <gpxtpx:TrackPointExtension>
      <gpxtpx:hr>148</gpxtpx:hr>
     </gpxtpx:TrackPointExtension>
    </extensions>
   </trkpt>
   <trkpt lat="69.6537750" lon="19.0335220">
    <ele>391.0</ele>
    <time>2025-02-28T15:21:21Z</time>
    <extensions>
     <gpxtpx:TrackPointExtension>
      <gpxtpx:hr>148</gpxtpx:hr>
     </gpxtpx:TrackPointExtension>
    </extensions>
   </trkpt>
   <trkpt lat="69.6537810" lon="19.0335360">
    <ele>391.2</ele>
    <time>2025-02-28T15:21:22Z</time>
    <extensions>
     <gpxtpx:TrackPointExtension>
      <gpxtpx:hr>148</gpxtpx:hr>
     </gpxtpx:TrackPointExtension>
    </extensions>
   </trkpt>
   <trkpt lat="69.6537870" lon="19.0335350">
    <ele>391.3</ele>
    <time>2025-02-28T15:21:23Z</time>
    <extensions>
     <gpxtpx:TrackPointExtension>
      <gpxtpx:hr>148</gpxtpx:hr>
     </gpxtpx:TrackPointExtension>
    </extensions>
   </trkpt>
   <trkpt lat="69.6537910" lon="19.0335530">
    <ele>391.4</ele>
    <time>2025-02-28T15:21:24Z</time>
    <extensions>
     <gpxtpx:TrackPointExtension>
      <gpxtpx:hr>148</gpxtpx:hr>
     </gpxtpx:TrackPointExtension>
    </extensions>
   </trkpt>
   <trkpt lat="69.6537960" lon="19.0335720">
    <ele>391.6</ele>
    <time>2025-02-28T15:21:25Z</time>
    <extensions>
     <gpxtpx:TrackPointExtension>
      <gpxtpx:hr>148</gpxtpx:hr>
     </gpxtpx:TrackPointExtension>
    </extensions>
   </trkpt>
   <trkpt lat="69.6538040" lon="19.0335820">
    <ele>391.8</ele>
    <time>2025-02-28T15:21:26Z</time>
    <extensions>
     <gpxtpx:TrackPointExtension>
      <gpxtpx:hr>148</gpxtpx:hr>
     </gpxtpx:TrackPointExtension>
    </extensions>
   </trkpt>
   <trkpt lat="69.6538130" lon="19.0335990">
    <ele>392.0</ele>
    <time>2025-02-28T15:21:27Z</time>
    <extensions>
     <gpxtpx:TrackPointExtension>
      <gpxtpx:hr>148</gpxtpx:hr>
     </gpxtpx:TrackPointExtension>
    </extensions>
   </trkpt>
   <trkpt lat="69.6538230" lon="19.0336240">
    <ele>392.3</ele>
    <time>2025-02-28T15:21:28Z</time>
    <extensions>
     <gpxtpx:TrackPointExtension>
      <gpxtpx:hr>148</gpxtpx:hr>
     </gpxtpx:TrackPointExtension>
    </extensions>
   </trkpt>
   <trkpt lat="69.6538280" lon="19.0336380">
    <ele>392.5</ele>
    <time>2025-02-28T15:21:29Z</time>
    <extensions>
     <gpxtpx:TrackPointExtension>
      <gpxtpx:hr>148</gpxtpx:hr>
     </gpxtpx:TrackPointExtension>
    </extensions>
   </trkpt>
   <trkpt lat="69.6538280" lon="19.0336460">
    <ele>392.5</ele>
    <time>2025-02-28T15:21:30Z</time>
    <extensions>
     <gpxtpx:TrackPointExtension>
      <gpxtpx:hr>150</gpxtpx:hr>
     </gpxtpx:TrackPointExtension>
    </extensions>
   </trkpt>
   <trkpt lat="69.6538320" lon="19.0336550">
    <ele>392.6</ele>
    <time>2025-02-28T15:21:31Z</time>
    <extensions>
     <gpxtpx:TrackPointExtension>
      <gpxtpx:hr>150</gpxtpx:hr>
     </gpxtpx:TrackPointExtension>
    </extensions>
   </trkpt>
   <trkpt lat="69.6538340" lon="19.0336780">
    <ele>392.8</ele>
    <time>2025-02-28T15:21:32Z</time>
    <extensions>
     <gpxtpx:TrackPointExtension>
      <gpxtpx:hr>150</gpxtpx:hr>
     </gpxtpx:TrackPointExtension>
    </extensions>
   </trkpt>
   <trkpt lat="69.6538400" lon="19.0336940">
    <ele>393.0</ele>
    <time>2025-02-28T15:21:33Z</time>
    <extensions>
     <gpxtpx:TrackPointExtension>
      <gpxtpx:hr>150</gpxtpx:hr>
     </gpxtpx:TrackPointExtension>
    </extensions>
   </trkpt>
   <trkpt lat="69.6538460" lon="19.0337070">
    <ele>393.2</ele>
    <time>2025-02-28T15:21:34Z</time>
    <extensions>
     <gpxtpx:TrackPointExtension>
      <gpxtpx:hr>150</gpxtpx:hr>
     </gpxtpx:TrackPointExtension>
    </extensions>
   </trkpt>
   <trkpt lat="69.6538610" lon="19.0337420">
    <ele>393.6</ele>
    <time>2025-02-28T15:21:35Z</time>
    <extensions>
     <gpxtpx:TrackPointExtension>
      <gpxtpx:hr>150</gpxtpx:hr>
     </gpxtpx:TrackPointExtension>
    </extensions>
   </trkpt>
   <trkpt lat="69.6538680" lon="19.0337480">
    <ele>393.7</ele>
    <time>2025-02-28T15:21:36Z</time>
    <extensions>
     <gpxtpx:TrackPointExtension>
      <gpxtpx:hr>150</gpxtpx:hr>
     </gpxtpx:TrackPointExtension>
    </extensions>
   </trkpt>
   <trkpt lat="69.6538810" lon="19.0337500">
    <ele>394.0</ele>
    <time>2025-02-28T15:21:37Z</time>
    <extensions>
     <gpxtpx:TrackPointExtension>
      <gpxtpx:hr>151</gpxtpx:hr>
     </gpxtpx:TrackPointExtension>
    </extensions>
   </trkpt>
   <trkpt lat="69.6538910" lon="19.0337640">
    <ele>394.2</ele>
    <time>2025-02-28T15:21:38Z</time>
    <extensions>
     <gpxtpx:TrackPointExtension>
      <gpxtpx:hr>151</gpxtpx:hr>
     </gpxtpx:TrackPointExtension>
    </extensions>
   </trkpt>
   <trkpt lat="69.6539040" lon="19.0337870">
    <ele>394.5</ele>
    <time>2025-02-28T15:21:39Z</time>
    <extensions>
     <gpxtpx:TrackPointExtension>
      <gpxtpx:hr>151</gpxtpx:hr>
     </gpxtpx:TrackPointExtension>
    </extensions>
   </trkpt>
   <trkpt lat="69.6539140" lon="19.0338130">
    <ele>394.7</ele>
    <time>2025-02-28T15:21:40Z</time>
    <extensions>
     <gpxtpx:TrackPointExtension>
      <gpxtpx:hr>151</gpxtpx:hr>
     </gpxtpx:TrackPointExtension>
    </extensions>
   </trkpt>
   <trkpt lat="69.6539200" lon="19.0338310">
    <ele>394.9</ele>
    <time>2025-02-28T15:21:41Z</time>
    <extensions>
     <gpxtpx:TrackPointExtension>
      <gpxtpx:hr>151</gpxtpx:hr>
     </gpxtpx:TrackPointExtension>
    </extensions>
   </trkpt>
   <trkpt lat="69.6539180" lon="19.0338650">
    <ele>395.1</ele>
    <time>2025-02-28T15:21:42Z</time>
    <extensions>
     <gpxtpx:TrackPointExtension>
      <gpxtpx:hr>151</gpxtpx:hr>
     </gpxtpx:TrackPointExtension>
    </extensions>
   </trkpt>
   <trkpt lat="69.6539410" lon="19.0339080">
    <ele>395.5</ele>
    <time>2025-02-28T15:21:43Z</time>
    <extensions>
     <gpxtpx:TrackPointExtension>
      <gpxtpx:hr>151</gpxtpx:hr>
     </gpxtpx:TrackPointExtension>
    </extensions>
   </trkpt>
   <trkpt lat="69.6539460" lon="19.0339050">
    <ele>395.6</ele>
    <time>2025-02-28T15:21:44Z</time>
    <extensions>
     <gpxtpx:TrackPointExtension>
      <gpxtpx:hr>151</gpxtpx:hr>
     </gpxtpx:TrackPointExtension>
    </extensions>
   </trkpt>
   <trkpt lat="69.6539580" lon="19.0339200">
    <ele>395.8</ele>
    <time>2025-02-28T15:21:45Z</time>
    <extensions>
     <gpxtpx:TrackPointExtension>
      <gpxtpx:hr>150</gpxtpx:hr>
     </gpxtpx:TrackPointExtension>
    </extensions>
   </trkpt>
   <trkpt lat="69.6539690" lon="19.0339350">
    <ele>396.0</ele>
    <time>2025-02-28T15:21:46Z</time>
    <extensions>
     <gpxtpx:TrackPointExtension>
      <gpxtpx:hr>150</gpxtpx:hr>
     </gpxtpx:TrackPointExtension>
    </extensions>
   </trkpt>
   <trkpt lat="69.6539820" lon="19.0339470">
    <ele>396.2</ele>
    <time>2025-02-28T15:21:47Z</time>
    <extensions>
     <gpxtpx:TrackPointExtension>
      <gpxtpx:hr>150</gpxtpx:hr>
     </gpxtpx:TrackPointExtension>
    </extensions>
   </trkpt>
   <trkpt lat="69.6540000" lon="19.0339710">
    <ele>396.5</ele>
    <time>2025-02-28T15:21:48Z</time>
    <extensions>
     <gpxtpx:TrackPointExtension>
      <gpxtpx:hr>150</gpxtpx:hr>
     </gpxtpx:TrackPointExtension>
    </extensions>
   </trkpt>
   <trkpt lat="69.6540080" lon="19.0339800">
    <ele>396.6</ele>
    <time>2025-02-28T15:21:49Z</time>
    <extensions>
     <gpxtpx:TrackPointExtension>
      <gpxtpx:hr>150</gpxtpx:hr>
     </gpxtpx:TrackPointExtension>
    </extensions>
   </trkpt>
   <trkpt lat="69.6540210" lon="19.0340000">
    <ele>396.8</ele>
    <time>2025-02-28T15:21:50Z</time>
    <extensions>
     <gpxtpx:TrackPointExtension>
      <gpxtpx:hr>150</gpxtpx:hr>
     </gpxtpx:TrackPointExtension>
    </extensions>
   </trkpt>
   <trkpt lat="69.6540340" lon="19.0340190">
    <ele>397.0</ele>
    <time>2025-02-28T15:21:51Z</time>
    <extensions>
     <gpxtpx:TrackPointExtension>
      <gpxtpx:hr>150</gpxtpx:hr>
     </gpxtpx:TrackPointExtension>
    </extensions>
   </trkpt>
   <trkpt lat="69.6540430" lon="19.0340300">
    <ele>397.2</ele>
    <time>2025-02-28T15:21:52Z</time>
    <extensions>
     <gpxtpx:TrackPointExtension>
      <gpxtpx:hr>150</gpxtpx:hr>
     </gpxtpx:TrackPointExtension>
    </extensions>
   </trkpt>
   <trkpt lat="69.6540530" lon="19.0340740">
    <ele>397.4</ele>
    <time>2025-02-28T15:21:53Z</time>
    <extensions>
     <gpxtpx:TrackPointExtension>
      <gpxtpx:hr>150</gpxtpx:hr>
     </gpxtpx:TrackPointExtension>
    </extensions>
   </trkpt>
   <trkpt lat="69.6540570" lon="19.0340890">
    <ele>397.5</ele>
    <time>2025-02-28T15:21:54Z</time>
    <extensions>
     <gpxtpx:TrackPointExtension>
      <gpxtpx:hr>151</gpxtpx:hr>
     </gpxtpx:TrackPointExtension>
    </extensions>
   </trkpt>
   <trkpt lat="69.6540610" lon="19.0341050">
    <ele>397.6</ele>
    <time>2025-02-28T15:21:55Z</time>
    <extensions>
     <gpxtpx:TrackPointExtension>
      <gpxtpx:hr>151</gpxtpx:hr>
     </gpxtpx:TrackPointExtension>
    </extensions>
   </trkpt>
   <trkpt lat="69.6540700" lon="19.0341450">
    <ele>397.9</ele>
    <time>2025-02-28T15:21:56Z</time>
    <extensions>
     <gpxtpx:TrackPointExtension>
      <gpxtpx:hr>151</gpxtpx:hr>
     </gpxtpx:TrackPointExtension>
    </extensions>
   </trkpt>
   <trkpt lat="69.6540800" lon="19.0341550">
    <ele>398.0</ele>
    <time>2025-02-28T15:21:57Z</time>
    <extensions>
     <gpxtpx:TrackPointExtension>
      <gpxtpx:hr>150</gpxtpx:hr>
     </gpxtpx:TrackPointExtension>
    </extensions>
   </trkpt>
   <trkpt lat="69.6540940" lon="19.0341690">
    <ele>398.2</ele>
    <time>2025-02-28T15:21:58Z</time>
    <extensions>
     <gpxtpx:TrackPointExtension>
      <gpxtpx:hr>150</gpxtpx:hr>
     </gpxtpx:TrackPointExtension>
    </extensions>
   </trkpt>
   <trkpt lat="69.6540950" lon="19.0341890">
    <ele>398.3</ele>
    <time>2025-02-28T15:21:59Z</time>
    <extensions>
     <gpxtpx:TrackPointExtension>
      <gpxtpx:hr>150</gpxtpx:hr>
     </gpxtpx:TrackPointExtension>
    </extensions>
   </trkpt>
   <trkpt lat="69.6541070" lon="19.0342380">
    <ele>398.7</ele>
    <time>2025-02-28T15:22:00Z</time>
    <extensions>
     <gpxtpx:TrackPointExtension>
      <gpxtpx:hr>150</gpxtpx:hr>
     </gpxtpx:TrackPointExtension>
    </extensions>
   </trkpt>
   <trkpt lat="69.6541130" lon="19.0342540">
    <ele>398.8</ele>
    <time>2025-02-28T15:22:01Z</time>
    <extensions>
     <gpxtpx:TrackPointExtension>
      <gpxtpx:hr>149</gpxtpx:hr>
     </gpxtpx:TrackPointExtension>
    </extensions>
   </trkpt>
   <trkpt lat="69.6541240" lon="19.0342710">
    <ele>399.0</ele>
    <time>2025-02-28T15:22:02Z</time>
    <extensions>
     <gpxtpx:TrackPointExtension>
      <gpxtpx:hr>149</gpxtpx:hr>
     </gpxtpx:TrackPointExtension>
    </extensions>
   </trkpt>
   <trkpt lat="69.6541390" lon="19.0342800">
    <ele>399.1</ele>
    <time>2025-02-28T15:22:03Z</time>
    <extensions>
     <gpxtpx:TrackPointExtension>
      <gpxtpx:hr>149</gpxtpx:hr>
     </gpxtpx:TrackPointExtension>
    </extensions>
   </trkpt>
   <trkpt lat="69.6541550" lon="19.0342770">
    <ele>399.3</ele>
    <time>2025-02-28T15:22:04Z</time>
    <extensions>
     <gpxtpx:TrackPointExtension>
      <gpxtpx:hr>149</gpxtpx:hr>
     </gpxtpx:TrackPointExtension>
    </extensions>
   </trkpt>
   <trkpt lat="69.6541670" lon="19.0342740">
    <ele>399.5</ele>
    <time>2025-02-28T15:22:05Z</time>
    <extensions>
     <gpxtpx:TrackPointExtension>
      <gpxtpx:hr>149</gpxtpx:hr>
     </gpxtpx:TrackPointExtension>
    </extensions>
   </trkpt>
   <trkpt lat="69.6541860" lon="19.0342610">
    <ele>399.6</ele>
    <time>2025-02-28T15:22:06Z</time>
    <extensions>
     <gpxtpx:TrackPointExtension>
      <gpxtpx:hr>149</gpxtpx:hr>
     </gpxtpx:TrackPointExtension>
    </extensions>
   </trkpt>
   <trkpt lat="69.6541900" lon="19.0342630">
    <ele>399.6</ele>
    <time>2025-02-28T15:22:07Z</time>
    <extensions>
     <gpxtpx:TrackPointExtension>
      <gpxtpx:hr>149</gpxtpx:hr>
     </gpxtpx:TrackPointExtension>
    </extensions>
   </trkpt>
   <trkpt lat="69.6542070" lon="19.0342560">
    <ele>399.9</ele>
    <time>2025-02-28T15:22:08Z</time>
    <extensions>
     <gpxtpx:TrackPointExtension>
      <gpxtpx:hr>149</gpxtpx:hr>
     </gpxtpx:TrackPointExtension>
    </extensions>
   </trkpt>
   <trkpt lat="69.6542180" lon="19.0342690">
    <ele>399.9</ele>
    <time>2025-02-28T15:22:09Z</time>
    <extensions>
     <gpxtpx:TrackPointExtension>
      <gpxtpx:hr>148</gpxtpx:hr>
     </gpxtpx:TrackPointExtension>
    </extensions>
   </trkpt>
   <trkpt lat="69.6542330" lon="19.0342850">
    <ele>400.1</ele>
    <time>2025-02-28T15:22:10Z</time>
    <extensions>
     <gpxtpx:TrackPointExtension>
      <gpxtpx:hr>148</gpxtpx:hr>
     </gpxtpx:TrackPointExtension>
    </extensions>
   </trkpt>
   <trkpt lat="69.6542520" lon="19.0342980">
    <ele>400.6</ele>
    <time>2025-02-28T15:22:11Z</time>
    <extensions>
     <gpxtpx:TrackPointExtension>
      <gpxtpx:hr>148</gpxtpx:hr>
     </gpxtpx:TrackPointExtension>
    </extensions>
   </trkpt>
   <trkpt lat="69.6542590" lon="19.0343040">
    <ele>400.6</ele>
    <time>2025-02-28T15:22:12Z</time>
    <extensions>
     <gpxtpx:TrackPointExtension>
      <gpxtpx:hr>148</gpxtpx:hr>
     </gpxtpx:TrackPointExtension>
    </extensions>
   </trkpt>
   <trkpt lat="69.6542740" lon="19.0343150">
    <ele>400.8</ele>
    <time>2025-02-28T15:22:13Z</time>
    <extensions>
     <gpxtpx:TrackPointExtension>
      <gpxtpx:hr>148</gpxtpx:hr>
     </gpxtpx:TrackPointExtension>
    </extensions>
   </trkpt>
   <trkpt lat="69.6542830" lon="19.0343290">
    <ele>401.2</ele>
    <time>2025-02-28T15:22:14Z</time>
    <extensions>
     <gpxtpx:TrackPointExtension>
      <gpxtpx:hr>147</gpxtpx:hr>
     </gpxtpx:TrackPointExtension>
    </extensions>
   </trkpt>
   <trkpt lat="69.6542940" lon="19.0343410">
    <ele>401.2</ele>
    <time>2025-02-28T15:22:15Z</time>
    <extensions>
     <gpxtpx:TrackPointExtension>
      <gpxtpx:hr>147</gpxtpx:hr>
     </gpxtpx:TrackPointExtension>
    </extensions>
   </trkpt>
   <trkpt lat="69.6543100" lon="19.0343520">
    <ele>401.3</ele>
    <time>2025-02-28T15:22:16Z</time>
    <extensions>
     <gpxtpx:TrackPointExtension>
      <gpxtpx:hr>147</gpxtpx:hr>
     </gpxtpx:TrackPointExtension>
    </extensions>
   </trkpt>
   <trkpt lat="69.6543230" lon="19.0343550">
    <ele>401.5</ele>
    <time>2025-02-28T15:22:17Z</time>
    <extensions>
     <gpxtpx:TrackPointExtension>
      <gpxtpx:hr>147</gpxtpx:hr>
     </gpxtpx:TrackPointExtension>
    </extensions>
   </trkpt>
   <trkpt lat="69.6543270" lon="19.0343600">
    <ele>401.6</ele>
    <time>2025-02-28T15:22:18Z</time>
    <extensions>
     <gpxtpx:TrackPointExtension>
      <gpxtpx:hr>147</gpxtpx:hr>
     </gpxtpx:TrackPointExtension>
    </extensions>
   </trkpt>
   <trkpt lat="69.6543340" lon="19.0343640">
    <ele>401.6</ele>
    <time>2025-02-28T15:22:19Z</time>
    <extensions>
     <gpxtpx:TrackPointExtension>
      <gpxtpx:hr>147</gpxtpx:hr>
     </gpxtpx:TrackPointExtension>
    </extensions>
   </trkpt>
   <trkpt lat="69.6543510" lon="19.0343720">
    <ele>402.0</ele>
    <time>2025-02-28T15:22:20Z</time>
    <extensions>
     <gpxtpx:TrackPointExtension>
      <gpxtpx:hr>147</gpxtpx:hr>
     </gpxtpx:TrackPointExtension>
    </extensions>
   </trkpt>
   <trkpt lat="69.6543730" lon="19.0343810">
    <ele>402.2</ele>
    <time>2025-02-28T15:22:21Z</time>
    <extensions>
     <gpxtpx:TrackPointExtension>
      <gpxtpx:hr>147</gpxtpx:hr>
     </gpxtpx:TrackPointExtension>
    </extensions>
   </trkpt>
   <trkpt lat="69.6543870" lon="19.0343810">
    <ele>402.3</ele>
    <time>2025-02-28T15:22:22Z</time>
    <extensions>
     <gpxtpx:TrackPointExtension>
      <gpxtpx:hr>147</gpxtpx:hr>
     </gpxtpx:TrackPointExtension>
    </extensions>
   </trkpt>
   <trkpt lat="69.6544020" lon="19.0343890">
    <ele>402.4</ele>
    <time>2025-02-28T15:22:23Z</time>
    <extensions>
     <gpxtpx:TrackPointExtension>
      <gpxtpx:hr>147</gpxtpx:hr>
     </gpxtpx:TrackPointExtension>
    </extensions>
   </trkpt>
   <trkpt lat="69.6544180" lon="19.0344160">
    <ele>402.8</ele>
    <time>2025-02-28T15:22:24Z</time>
    <extensions>
     <gpxtpx:TrackPointExtension>
      <gpxtpx:hr>145</gpxtpx:hr>
     </gpxtpx:TrackPointExtension>
    </extensions>
   </trkpt>
   <trkpt lat="69.6544230" lon="19.0344310">
    <ele>402.8</ele>
    <time>2025-02-28T15:22:25Z</time>
    <extensions>
     <gpxtpx:TrackPointExtension>
      <gpxtpx:hr>145</gpxtpx:hr>
     </gpxtpx:TrackPointExtension>
    </extensions>
   </trkpt>
   <trkpt lat="69.6544390" lon="19.0344590">
    <ele>403.2</ele>
    <time>2025-02-28T15:22:26Z</time>
    <extensions>
     <gpxtpx:TrackPointExtension>
      <gpxtpx:hr>145</gpxtpx:hr>
     </gpxtpx:TrackPointExtension>
    </extensions>
   </trkpt>
   <trkpt lat="69.6544480" lon="19.0344630">
    <ele>403.3</ele>
    <time>2025-02-28T15:22:27Z</time>
    <extensions>
     <gpxtpx:TrackPointExtension>
      <gpxtpx:hr>145</gpxtpx:hr>
     </gpxtpx:TrackPointExtension>
    </extensions>
   </trkpt>
   <trkpt lat="69.6544570" lon="19.0344830">
    <ele>403.4</ele>
    <time>2025-02-28T15:22:28Z</time>
    <extensions>
     <gpxtpx:TrackPointExtension>
      <gpxtpx:hr>145</gpxtpx:hr>
     </gpxtpx:TrackPointExtension>
    </extensions>
   </trkpt>
   <trkpt lat="69.6544780" lon="19.0344880">
    <ele>403.5</ele>
    <time>2025-02-28T15:22:29Z</time>
    <extensions>
     <gpxtpx:TrackPointExtension>
      <gpxtpx:hr>143</gpxtpx:hr>
     </gpxtpx:TrackPointExtension>
    </extensions>
   </trkpt>
   <trkpt lat="69.6544840" lon="19.0344890">
    <ele>403.5</ele>
    <time>2025-02-28T15:22:30Z</time>
    <extensions>
     <gpxtpx:TrackPointExtension>
      <gpxtpx:hr>143</gpxtpx:hr>
     </gpxtpx:TrackPointExtension>
    </extensions>
   </trkpt>
   <trkpt lat="69.6544960" lon="19.0344810">
    <ele>403.6</ele>
    <time>2025-02-28T15:22:31Z</time>
    <extensions>
     <gpxtpx:TrackPointExtension>
      <gpxtpx:hr>143</gpxtpx:hr>
     </gpxtpx:TrackPointExtension>
    </extensions>
   </trkpt>
   <trkpt lat="69.6545210" lon="19.0344820">
    <ele>403.8</ele>
    <time>2025-02-28T15:22:32Z</time>
    <extensions>
     <gpxtpx:TrackPointExtension>
      <gpxtpx:hr>143</gpxtpx:hr>
     </gpxtpx:TrackPointExtension>
    </extensions>
   </trkpt>
   <trkpt lat="69.6545290" lon="19.0344840">
    <ele>403.8</ele>
    <time>2025-02-28T15:22:33Z</time>
    <extensions>
     <gpxtpx:TrackPointExtension>
      <gpxtpx:hr>143</gpxtpx:hr>
     </gpxtpx:TrackPointExtension>
    </extensions>
   </trkpt>
   <trkpt lat="69.6545480" lon="19.0344970">
    <ele>403.8</ele>
    <time>2025-02-28T15:22:34Z</time>
    <extensions>
     <gpxtpx:TrackPointExtension>
      <gpxtpx:hr>143</gpxtpx:hr>
     </gpxtpx:TrackPointExtension>
    </extensions>
   </trkpt>
   <trkpt lat="69.6545550" lon="19.0345010">
    <ele>404.2</ele>
    <time>2025-02-28T15:22:35Z</time>
    <extensions>
     <gpxtpx:TrackPointExtension>
      <gpxtpx:hr>143</gpxtpx:hr>
     </gpxtpx:TrackPointExtension>
    </extensions>
   </trkpt>
   <trkpt lat="69.6545660" lon="19.0345110">
    <ele>404.3</ele>
    <time>2025-02-28T15:22:36Z</time>
    <extensions>
     <gpxtpx:TrackPointExtension>
      <gpxtpx:hr>143</gpxtpx:hr>
     </gpxtpx:TrackPointExtension>
    </extensions>
   </trkpt>
   <trkpt lat="69.6545790" lon="19.0345340">
    <ele>404.3</ele>
    <time>2025-02-28T15:22:37Z</time>
    <extensions>
     <gpxtpx:TrackPointExtension>
      <gpxtpx:hr>143</gpxtpx:hr>
     </gpxtpx:TrackPointExtension>
    </extensions>
   </trkpt>
   <trkpt lat="69.6545910" lon="19.0345520">
    <ele>404.7</ele>
    <time>2025-02-28T15:22:38Z</time>
    <extensions>
     <gpxtpx:TrackPointExtension>
      <gpxtpx:hr>143</gpxtpx:hr>
     </gpxtpx:TrackPointExtension>
    </extensions>
   </trkpt>
   <trkpt lat="69.6546020" lon="19.0345660">
    <ele>404.8</ele>
    <time>2025-02-28T15:22:39Z</time>
    <extensions>
     <gpxtpx:TrackPointExtension>
      <gpxtpx:hr>143</gpxtpx:hr>
     </gpxtpx:TrackPointExtension>
    </extensions>
   </trkpt>
   <trkpt lat="69.6546150" lon="19.0345670">
    <ele>404.8</ele>
    <time>2025-02-28T15:22:40Z</time>
    <extensions>
     <gpxtpx:TrackPointExtension>
      <gpxtpx:hr>142</gpxtpx:hr>
     </gpxtpx:TrackPointExtension>
    </extensions>
   </trkpt>
   <trkpt lat="69.6546270" lon="19.0345740">
    <ele>404.9</ele>
    <time>2025-02-28T15:22:41Z</time>
    <extensions>
     <gpxtpx:TrackPointExtension>
      <gpxtpx:hr>142</gpxtpx:hr>
     </gpxtpx:TrackPointExtension>
    </extensions>
   </trkpt>
   <trkpt lat="69.6546430" lon="19.0345830">
    <ele>404.9</ele>
    <time>2025-02-28T15:22:42Z</time>
    <extensions>
     <gpxtpx:TrackPointExtension>
      <gpxtpx:hr>142</gpxtpx:hr>
     </gpxtpx:TrackPointExtension>
    </extensions>
   </trkpt>
   <trkpt lat="69.6546540" lon="19.0345890">
    <ele>405.3</ele>
    <time>2025-02-28T15:22:43Z</time>
    <extensions>
     <gpxtpx:TrackPointExtension>
      <gpxtpx:hr>142</gpxtpx:hr>
     </gpxtpx:TrackPointExtension>
    </extensions>
   </trkpt>
   <trkpt lat="69.6546620" lon="19.0346230">
    <ele>405.4</ele>
    <time>2025-02-28T15:22:44Z</time>
    <extensions>
     <gpxtpx:TrackPointExtension>
      <gpxtpx:hr>142</gpxtpx:hr>
     </gpxtpx:TrackPointExtension>
    </extensions>
   </trkpt>
   <trkpt lat="69.6546740" lon="19.0346280">
    <ele>405.4</ele>
    <time>2025-02-28T15:22:45Z</time>
    <extensions>
     <gpxtpx:TrackPointExtension>
      <gpxtpx:hr>142</gpxtpx:hr>
     </gpxtpx:TrackPointExtension>
    </extensions>
   </trkpt>
   <trkpt lat="69.6546860" lon="19.0346320">
    <ele>405.9</ele>
    <time>2025-02-28T15:22:46Z</time>
    <extensions>
     <gpxtpx:TrackPointExtension>
      <gpxtpx:hr>142</gpxtpx:hr>
     </gpxtpx:TrackPointExtension>
    </extensions>
   </trkpt>
   <trkpt lat="69.6547170" lon="19.0346560">
    <ele>405.9</ele>
    <time>2025-02-28T15:22:47Z</time>
    <extensions>
     <gpxtpx:TrackPointExtension>
      <gpxtpx:hr>142</gpxtpx:hr>
     </gpxtpx:TrackPointExtension>
    </extensions>
   </trkpt>
   <trkpt lat="69.6547290" lon="19.0346640">
    <ele>406.0</ele>
    <time>2025-02-28T15:22:48Z</time>
    <extensions>
     <gpxtpx:TrackPointExtension>
      <gpxtpx:hr>140</gpxtpx:hr>
     </gpxtpx:TrackPointExtension>
    </extensions>
   </trkpt>
   <trkpt lat="69.6547610" lon="19.0346770">
    <ele>406.4</ele>
    <time>2025-02-28T15:22:49Z</time>
    <extensions>
     <gpxtpx:TrackPointExtension>
      <gpxtpx:hr>140</gpxtpx:hr>
     </gpxtpx:TrackPointExtension>
    </extensions>
   </trkpt>
   <trkpt lat="69.6547740" lon="19.0346810">
    <ele>406.4</ele>
    <time>2025-02-28T15:22:50Z</time>
    <extensions>
     <gpxtpx:TrackPointExtension>
      <gpxtpx:hr>140</gpxtpx:hr>
     </gpxtpx:TrackPointExtension>
    </extensions>
   </trkpt>
   <trkpt lat="69.6547860" lon="19.0346860">
    <ele>406.4</ele>
    <time>2025-02-28T15:22:51Z</time>
    <extensions>
     <gpxtpx:TrackPointExtension>
      <gpxtpx:hr>140</gpxtpx:hr>
     </gpxtpx:TrackPointExtension>
    </extensions>
   </trkpt>
   <trkpt lat="69.6548100" lon="19.0347060">
    <ele>406.5</ele>
    <time>2025-02-28T15:22:52Z</time>
    <extensions>
     <gpxtpx:TrackPointExtension>
      <gpxtpx:hr>140</gpxtpx:hr>
     </gpxtpx:TrackPointExtension>
    </extensions>
   </trkpt>
   <trkpt lat="69.6548160" lon="19.0347140">
    <ele>406.5</ele>
    <time>2025-02-28T15:22:53Z</time>
    <extensions>
     <gpxtpx:TrackPointExtension>
      <gpxtpx:hr>140</gpxtpx:hr>
     </gpxtpx:TrackPointExtension>
    </extensions>
   </trkpt>
   <trkpt lat="69.6548510" lon="19.0347500">
    <ele>407.0</ele>
    <time>2025-02-28T15:22:54Z</time>
    <extensions>
     <gpxtpx:TrackPointExtension>
      <gpxtpx:hr>142</gpxtpx:hr>
     </gpxtpx:TrackPointExtension>
    </extensions>
   </trkpt>
   <trkpt lat="69.6548650" lon="19.0347530">
    <ele>407.1</ele>
    <time>2025-02-28T15:22:55Z</time>
    <extensions>
     <gpxtpx:TrackPointExtension>
      <gpxtpx:hr>142</gpxtpx:hr>
     </gpxtpx:TrackPointExtension>
    </extensions>
   </trkpt>
   <trkpt lat="69.6548800" lon="19.0347550">
    <ele>407.1</ele>
    <time>2025-02-28T15:22:56Z</time>
    <extensions>
     <gpxtpx:TrackPointExtension>
      <gpxtpx:hr>142</gpxtpx:hr>
     </gpxtpx:TrackPointExtension>
    </extensions>
   </trkpt>
   <trkpt lat="69.6549040" lon="19.0347630">
    <ele>407.7</ele>
    <time>2025-02-28T15:22:57Z</time>
    <extensions>
     <gpxtpx:TrackPointExtension>
      <gpxtpx:hr>142</gpxtpx:hr>
     </gpxtpx:TrackPointExtension>
    </extensions>
   </trkpt>
   <trkpt lat="69.6549080" lon="19.0347590">
    <ele>407.8</ele>
    <time>2025-02-28T15:22:58Z</time>
    <extensions>
     <gpxtpx:TrackPointExtension>
      <gpxtpx:hr>142</gpxtpx:hr>
     </gpxtpx:TrackPointExtension>
    </extensions>
   </trkpt>
   <trkpt lat="69.6549410" lon="19.0347560">
    <ele>407.6</ele>
    <time>2025-02-28T15:22:59Z</time>
    <extensions>
     <gpxtpx:TrackPointExtension>
      <gpxtpx:hr>142</gpxtpx:hr>
     </gpxtpx:TrackPointExtension>
    </extensions>
   </trkpt>
   <trkpt lat="69.6549520" lon="19.0347500">
    <ele>407.6</ele>
    <time>2025-02-28T15:23:00Z</time>
    <extensions>
     <gpxtpx:TrackPointExtension>
      <gpxtpx:hr>141</gpxtpx:hr>
     </gpxtpx:TrackPointExtension>
    </extensions>
   </trkpt>
   <trkpt lat="69.6549620" lon="19.0347430">
    <ele>407.7</ele>
    <time>2025-02-28T15:23:01Z</time>
    <extensions>
     <gpxtpx:TrackPointExtension>
      <gpxtpx:hr>141</gpxtpx:hr>
     </gpxtpx:TrackPointExtension>
    </extensions>
   </trkpt>
   <trkpt lat="69.6549770" lon="19.0347390">
    <ele>407.9</ele>
    <time>2025-02-28T15:23:02Z</time>
    <extensions>
     <gpxtpx:TrackPointExtension>
      <gpxtpx:hr>141</gpxtpx:hr>
     </gpxtpx:TrackPointExtension>
    </extensions>
   </trkpt>
   <trkpt lat="69.6549910" lon="19.0347410">
    <ele>408.0</ele>
    <time>2025-02-28T15:23:03Z</time>
    <extensions>
     <gpxtpx:TrackPointExtension>
      <gpxtpx:hr>141</gpxtpx:hr>
     </gpxtpx:TrackPointExtension>
    </extensions>
   </trkpt>
   <trkpt lat="69.6550110" lon="19.0347530">
    <ele>408.2</ele>
    <time>2025-02-28T15:23:04Z</time>
    <extensions>
     <gpxtpx:TrackPointExtension>
      <gpxtpx:hr>141</gpxtpx:hr>
     </gpxtpx:TrackPointExtension>
    </extensions>
   </trkpt>
   <trkpt lat="69.6550180" lon="19.0347570">
    <ele>408.4</ele>
    <time>2025-02-28T15:23:05Z</time>
    <extensions>
     <gpxtpx:TrackPointExtension>
      <gpxtpx:hr>141</gpxtpx:hr>
     </gpxtpx:TrackPointExtension>
    </extensions>
   </trkpt>
   <trkpt lat="69.6550240" lon="19.0347620">
    <ele>408.8</ele>
    <time>2025-02-28T15:23:06Z</time>
    <extensions>
     <gpxtpx:TrackPointExtension>
      <gpxtpx:hr>141</gpxtpx:hr>
     </gpxtpx:TrackPointExtension>
    </extensions>
   </trkpt>
   <trkpt lat="69.6550310" lon="19.0347650">
    <ele>409.0</ele>
    <time>2025-02-28T15:23:07Z</time>
    <extensions>
     <gpxtpx:TrackPointExtension>
      <gpxtpx:hr>141</gpxtpx:hr>
     </gpxtpx:TrackPointExtension>
    </extensions>
   </trkpt>
   <trkpt lat="69.6550340" lon="19.0347790">
    <ele>409.0</ele>
    <time>2025-02-28T15:23:08Z</time>
    <extensions>
     <gpxtpx:TrackPointExtension>
      <gpxtpx:hr>141</gpxtpx:hr>
     </gpxtpx:TrackPointExtension>
    </extensions>
   </trkpt>
   <trkpt lat="69.6550360" lon="19.0347980">
    <ele>409.0</ele>
    <time>2025-02-28T15:23:09Z</time>
    <extensions>
     <gpxtpx:TrackPointExtension>
      <gpxtpx:hr>141</gpxtpx:hr>
     </gpxtpx:TrackPointExtension>
    </extensions>
   </trkpt>
   <trkpt lat="69.6550530" lon="19.0348200">
    <ele>409.7</ele>
    <time>2025-02-28T15:23:10Z</time>
    <extensions>
     <gpxtpx:TrackPointExtension>
      <gpxtpx:hr>140</gpxtpx:hr>
     </gpxtpx:TrackPointExtension>
    </extensions>
   </trkpt>
   <trkpt lat="69.6550700" lon="19.0348420">
    <ele>409.9</ele>
    <time>2025-02-28T15:23:11Z</time>
    <extensions>
     <gpxtpx:TrackPointExtension>
      <gpxtpx:hr>140</gpxtpx:hr>
     </gpxtpx:TrackPointExtension>
    </extensions>
   </trkpt>
   <trkpt lat="69.6550910" lon="19.0348910">
    <ele>411.2</ele>
    <time>2025-02-28T15:23:12Z</time>
    <extensions>
     <gpxtpx:TrackPointExtension>
      <gpxtpx:hr>140</gpxtpx:hr>
     </gpxtpx:TrackPointExtension>
    </extensions>
   </trkpt>
   <trkpt lat="69.6550960" lon="19.0349170">
    <ele>411.2</ele>
    <time>2025-02-28T15:23:13Z</time>
    <extensions>
     <gpxtpx:TrackPointExtension>
      <gpxtpx:hr>141</gpxtpx:hr>
     </gpxtpx:TrackPointExtension>
    </extensions>
   </trkpt>
   <trkpt lat="69.6551020" lon="19.0349440">
    <ele>411.9</ele>
    <time>2025-02-28T15:23:14Z</time>
    <extensions>
     <gpxtpx:TrackPointExtension>
      <gpxtpx:hr>141</gpxtpx:hr>
     </gpxtpx:TrackPointExtension>
    </extensions>
   </trkpt>
   <trkpt lat="69.6551070" lon="19.0349700">
    <ele>411.9</ele>
    <time>2025-02-28T15:23:15Z</time>
    <extensions>
     <gpxtpx:TrackPointExtension>
      <gpxtpx:hr>141</gpxtpx:hr>
     </gpxtpx:TrackPointExtension>
    </extensions>
   </trkpt>
   <trkpt lat="69.6551120" lon="19.0349970">
    <ele>412.3</ele>
    <time>2025-02-28T15:23:16Z</time>
    <extensions>
     <gpxtpx:TrackPointExtension>
      <gpxtpx:hr>141</gpxtpx:hr>
     </gpxtpx:TrackPointExtension>
    </extensions>
   </trkpt>
   <trkpt lat="69.6551270" lon="19.0350130">
    <ele>412.5</ele>
    <time>2025-02-28T15:23:17Z</time>
    <extensions>
     <gpxtpx:TrackPointExtension>
      <gpxtpx:hr>141</gpxtpx:hr>
     </gpxtpx:TrackPointExtension>
    </extensions>
   </trkpt>
   <trkpt lat="69.6551310" lon="19.0350150">
    <ele>412.5</ele>
    <time>2025-02-28T15:23:18Z</time>
    <extensions>
     <gpxtpx:TrackPointExtension>
      <gpxtpx:hr>141</gpxtpx:hr>
     </gpxtpx:TrackPointExtension>
    </extensions>
   </trkpt>
   <trkpt lat="69.6551420" lon="19.0350250">
    <ele>413.1</ele>
    <time>2025-02-28T15:23:19Z</time>
    <extensions>
     <gpxtpx:TrackPointExtension>
      <gpxtpx:hr>141</gpxtpx:hr>
     </gpxtpx:TrackPointExtension>
    </extensions>
   </trkpt>
   <trkpt lat="69.6551530" lon="19.0350420">
    <ele>413.3</ele>
    <time>2025-02-28T15:23:20Z</time>
    <extensions>
     <gpxtpx:TrackPointExtension>
      <gpxtpx:hr>143</gpxtpx:hr>
     </gpxtpx:TrackPointExtension>
    </extensions>
   </trkpt>
   <trkpt lat="69.6551610" lon="19.0350450">
    <ele>413.3</ele>
    <time>2025-02-28T15:23:21Z</time>
    <extensions>
     <gpxtpx:TrackPointExtension>
      <gpxtpx:hr>143</gpxtpx:hr>
     </gpxtpx:TrackPointExtension>
    </extensions>
   </trkpt>
   <trkpt lat="69.6551750" lon="19.0350660">
    <ele>413.9</ele>
    <time>2025-02-28T15:23:22Z</time>
    <extensions>
     <gpxtpx:TrackPointExtension>
      <gpxtpx:hr>143</gpxtpx:hr>
     </gpxtpx:TrackPointExtension>
    </extensions>
   </trkpt>
   <trkpt lat="69.6551860" lon="19.0350720">
    <ele>414.0</ele>
    <time>2025-02-28T15:23:23Z</time>
    <extensions>
     <gpxtpx:TrackPointExtension>
      <gpxtpx:hr>143</gpxtpx:hr>
     </gpxtpx:TrackPointExtension>
    </extensions>
   </trkpt>
   <trkpt lat="69.6551950" lon="19.0350900">
    <ele>414.2</ele>
    <time>2025-02-28T15:23:24Z</time>
    <extensions>
     <gpxtpx:TrackPointExtension>
      <gpxtpx:hr>143</gpxtpx:hr>
     </gpxtpx:TrackPointExtension>
    </extensions>
   </trkpt>
   <trkpt lat="69.6552150" lon="19.0351060">
    <ele>414.7</ele>
    <time>2025-02-28T15:23:25Z</time>
    <extensions>
     <gpxtpx:TrackPointExtension>
      <gpxtpx:hr>143</gpxtpx:hr>
     </gpxtpx:TrackPointExtension>
    </extensions>
   </trkpt>
   <trkpt lat="69.6552230" lon="19.0351160">
    <ele>414.9</ele>
    <time>2025-02-28T15:23:26Z</time>
    <extensions>
     <gpxtpx:TrackPointExtension>
      <gpxtpx:hr>143</gpxtpx:hr>
     </gpxtpx:TrackPointExtension>
    </extensions>
   </trkpt>
   <trkpt lat="69.6552310" lon="19.0351260">
    <ele>414.9</ele>
    <time>2025-02-28T15:23:27Z</time>
    <extensions>
     <gpxtpx:TrackPointExtension>
      <gpxtpx:hr>144</gpxtpx:hr>
     </gpxtpx:TrackPointExtension>
    </extensions>
   </trkpt>
   <trkpt lat="69.6552390" lon="19.0351360">
    <ele>415.0</ele>
    <time>2025-02-28T15:23:28Z</time>
    <extensions>
     <gpxtpx:TrackPointExtension>
      <gpxtpx:hr>144</gpxtpx:hr>
     </gpxtpx:TrackPointExtension>
    </extensions>
   </trkpt>
   <trkpt lat="69.6552470" lon="19.0351460">
    <ele>415.4</ele>
    <time>2025-02-28T15:23:29Z</time>
    <extensions>
     <gpxtpx:TrackPointExtension>
      <gpxtpx:hr>144</gpxtpx:hr>
     </gpxtpx:TrackPointExtension>
    </extensions>
   </trkpt>
   <trkpt lat="69.6552550" lon="19.0351640">
    <ele>415.5</ele>
    <time>2025-02-28T15:23:30Z</time>
    <extensions>
     <gpxtpx:TrackPointExtension>
      <gpxtpx:hr>144</gpxtpx:hr>
     </gpxtpx:TrackPointExtension>
    </extensions>
   </trkpt>
   <trkpt lat="69.6552590" lon="19.0351730">
    <ele>415.5</ele>
    <time>2025-02-28T15:23:31Z</time>
    <extensions>
     <gpxtpx:TrackPointExtension>
      <gpxtpx:hr>144</gpxtpx:hr>
     </gpxtpx:TrackPointExtension>
    </extensions>
   </trkpt>
   <trkpt lat="69.6552710" lon="19.0352010">
    <ele>416.1</ele>
    <time>2025-02-28T15:23:32Z</time>
    <extensions>
     <gpxtpx:TrackPointExtension>
      <gpxtpx:hr>144</gpxtpx:hr>
     </gpxtpx:TrackPointExtension>
    </extensions>
   </trkpt>
   <trkpt lat="69.6552820" lon="19.0352220">
    <ele>416.2</ele>
    <time>2025-02-28T15:23:33Z</time>
    <extensions>
     <gpxtpx:TrackPointExtension>
      <gpxtpx:hr>144</gpxtpx:hr>
     </gpxtpx:TrackPointExtension>
    </extensions>
   </trkpt>
   <trkpt lat="69.6552980" lon="19.0352360">
    <ele>416.8</ele>
    <time>2025-02-28T15:23:34Z</time>
    <extensions>
     <gpxtpx:TrackPointExtension>
      <gpxtpx:hr>147</gpxtpx:hr>
     </gpxtpx:TrackPointExtension>
    </extensions>
   </trkpt>
   <trkpt lat="69.6553090" lon="19.0352370">
    <ele>416.8</ele>
    <time>2025-02-28T15:23:35Z</time>
    <extensions>
     <gpxtpx:TrackPointExtension>
      <gpxtpx:hr>147</gpxtpx:hr>
     </gpxtpx:TrackPointExtension>
    </extensions>
   </trkpt>
   <trkpt lat="69.6553220" lon="19.0352350">
    <ele>416.9</ele>
    <time>2025-02-28T15:23:36Z</time>
    <extensions>
     <gpxtpx:TrackPointExtension>
      <gpxtpx:hr>147</gpxtpx:hr>
     </gpxtpx:TrackPointExtension>
    </extensions>
   </trkpt>
   <trkpt lat="69.6553400" lon="19.0352540">
    <ele>417.1</ele>
    <time>2025-02-28T15:23:37Z</time>
    <extensions>
     <gpxtpx:TrackPointExtension>
      <gpxtpx:hr>147</gpxtpx:hr>
     </gpxtpx:TrackPointExtension>
    </extensions>
   </trkpt>
   <trkpt lat="69.6553480" lon="19.0352620">
    <ele>417.2</ele>
    <time>2025-02-28T15:23:38Z</time>
    <extensions>
     <gpxtpx:TrackPointExtension>
      <gpxtpx:hr>147</gpxtpx:hr>
     </gpxtpx:TrackPointExtension>
    </extensions>
   </trkpt>
   <trkpt lat="69.6553560" lon="19.0352690">
    <ele>417.3</ele>
    <time>2025-02-28T15:23:39Z</time>
    <extensions>
     <gpxtpx:TrackPointExtension>
      <gpxtpx:hr>147</gpxtpx:hr>
     </gpxtpx:TrackPointExtension>
    </extensions>
   </trkpt>
   <trkpt lat="69.6553630" lon="19.0352750">
    <ele>417.8</ele>
    <time>2025-02-28T15:23:40Z</time>
    <extensions>
     <gpxtpx:TrackPointExtension>
      <gpxtpx:hr>148</gpxtpx:hr>
     </gpxtpx:TrackPointExtension>
    </extensions>
   </trkpt>
   <trkpt lat="69.6553760" lon="19.0352710">
    <ele>417.4</ele>
    <time>2025-02-28T15:23:41Z</time>
    <extensions>
     <gpxtpx:TrackPointExtension>
      <gpxtpx:hr>148</gpxtpx:hr>
     </gpxtpx:TrackPointExtension>
    </extensions>
   </trkpt>
   <trkpt lat="69.6553940" lon="19.0352790">
    <ele>418.0</ele>
    <time>2025-02-28T15:23:42Z</time>
    <extensions>
     <gpxtpx:TrackPointExtension>
      <gpxtpx:hr>148</gpxtpx:hr>
     </gpxtpx:TrackPointExtension>
    </extensions>
   </trkpt>
   <trkpt lat="69.6554110" lon="19.0353080">
    <ele>418.1</ele>
    <time>2025-02-28T15:23:43Z</time>
    <extensions>
     <gpxtpx:TrackPointExtension>
      <gpxtpx:hr>148</gpxtpx:hr>
     </gpxtpx:TrackPointExtension>
    </extensions>
   </trkpt>
   <trkpt lat="69.6554150" lon="19.0353290">
    <ele>418.6</ele>
    <time>2025-02-28T15:23:44Z</time>
    <extensions>
     <gpxtpx:TrackPointExtension>
      <gpxtpx:hr>148</gpxtpx:hr>
     </gpxtpx:TrackPointExtension>
    </extensions>
   </trkpt>
   <trkpt lat="69.6554260" lon="19.0353400">
    <ele>418.7</ele>
    <time>2025-02-28T15:23:45Z</time>
    <extensions>
     <gpxtpx:TrackPointExtension>
      <gpxtpx:hr>148</gpxtpx:hr>
     </gpxtpx:TrackPointExtension>
    </extensions>
   </trkpt>
   <trkpt lat="69.6554330" lon="19.0353540">
    <ele>418.8</ele>
    <time>2025-02-28T15:23:46Z</time>
    <extensions>
     <gpxtpx:TrackPointExtension>
      <gpxtpx:hr>148</gpxtpx:hr>
     </gpxtpx:TrackPointExtension>
    </extensions>
   </trkpt>
   <trkpt lat="69.6554420" lon="19.0353680">
    <ele>419.3</ele>
    <time>2025-02-28T15:23:47Z</time>
    <extensions>
     <gpxtpx:TrackPointExtension>
      <gpxtpx:hr>148</gpxtpx:hr>
     </gpxtpx:TrackPointExtension>
    </extensions>
   </trkpt>
   <trkpt lat="69.6554560" lon="19.0353790">
    <ele>419.4</ele>
    <time>2025-02-28T15:23:48Z</time>
    <extensions>
     <gpxtpx:TrackPointExtension>
      <gpxtpx:hr>148</gpxtpx:hr>
     </gpxtpx:TrackPointExtension>
    </extensions>
   </trkpt>
   <trkpt lat="69.6554650" lon="19.0353840">
    <ele>419.5</ele>
    <time>2025-02-28T15:23:49Z</time>
    <extensions>
     <gpxtpx:TrackPointExtension>
      <gpxtpx:hr>149</gpxtpx:hr>
     </gpxtpx:TrackPointExtension>
    </extensions>
   </trkpt>
   <trkpt lat="69.6554850" lon="19.0353990">
    <ele>419.6</ele>
    <time>2025-02-28T15:23:50Z</time>
    <extensions>
     <gpxtpx:TrackPointExtension>
      <gpxtpx:hr>149</gpxtpx:hr>
     </gpxtpx:TrackPointExtension>
    </extensions>
   </trkpt>
   <trkpt lat="69.6554920" lon="19.0354100">
    <ele>420.1</ele>
    <time>2025-02-28T15:23:51Z</time>
    <extensions>
     <gpxtpx:TrackPointExtension>
      <gpxtpx:hr>149</gpxtpx:hr>
     </gpxtpx:TrackPointExtension>
    </extensions>
   </trkpt>
   <trkpt lat="69.6555060" lon="19.0354450">
    <ele>420.7</ele>
    <time>2025-02-28T15:23:52Z</time>
    <extensions>
     <gpxtpx:TrackPointExtension>
      <gpxtpx:hr>149</gpxtpx:hr>
     </gpxtpx:TrackPointExtension>
    </extensions>
   </trkpt>
   <trkpt lat="69.6555110" lon="19.0354700">
    <ele>420.7</ele>
    <time>2025-02-28T15:23:53Z</time>
    <extensions>
     <gpxtpx:TrackPointExtension>
      <gpxtpx:hr>149</gpxtpx:hr>
     </gpxtpx:TrackPointExtension>
    </extensions>
   </trkpt>
   <trkpt lat="69.6555180" lon="19.0354910">
    <ele>421.2</ele>
    <time>2025-02-28T15:23:54Z</time>
    <extensions>
     <gpxtpx:TrackPointExtension>
      <gpxtpx:hr>149</gpxtpx:hr>
     </gpxtpx:TrackPointExtension>
    </extensions>
   </trkpt>
   <trkpt lat="69.6555240" lon="19.0355100">
    <ele>421.2</ele>
    <time>2025-02-28T15:23:55Z</time>
    <extensions>
     <gpxtpx:TrackPointExtension>
      <gpxtpx:hr>149</gpxtpx:hr>
     </gpxtpx:TrackPointExtension>
    </extensions>
   </trkpt>
   <trkpt lat="69.6555360" lon="19.0355470">
    <ele>421.8</ele>
    <time>2025-02-28T15:23:56Z</time>
    <extensions>
     <gpxtpx:TrackPointExtension>
      <gpxtpx:hr>149</gpxtpx:hr>
     </gpxtpx:TrackPointExtension>
    </extensions>
   </trkpt>
   <trkpt lat="69.6555430" lon="19.0355650">
    <ele>421.8</ele>
    <time>2025-02-28T15:23:57Z</time>
    <extensions>
     <gpxtpx:TrackPointExtension>
      <gpxtpx:hr>149</gpxtpx:hr>
     </gpxtpx:TrackPointExtension>
    </extensions>
   </trkpt>
   <trkpt lat="69.6555530" lon="19.0355830">
    <ele>422.3</ele>
    <time>2025-02-28T15:23:58Z</time>
    <extensions>
     <gpxtpx:TrackPointExtension>
      <gpxtpx:hr>149</gpxtpx:hr>
     </gpxtpx:TrackPointExtension>
    </extensions>
   </trkpt>
   <trkpt lat="69.6555690" lon="19.0356100">
    <ele>422.3</ele>
    <time>2025-02-28T15:23:59Z</time>
    <extensions>
     <gpxtpx:TrackPointExtension>
      <gpxtpx:hr>149</gpxtpx:hr>
     </gpxtpx:TrackPointExtension>
    </extensions>
   </trkpt>
   <trkpt lat="69.6555790" lon="19.0356180">
    <ele>422.7</ele>
    <time>2025-02-28T15:24:00Z</time>
    <extensions>
     <gpxtpx:TrackPointExtension>
      <gpxtpx:hr>149</gpxtpx:hr>
     </gpxtpx:TrackPointExtension>
    </extensions>
   </trkpt>
   <trkpt lat="69.6555900" lon="19.0356350">
    <ele>422.8</ele>
    <time>2025-02-28T15:24:01Z</time>
    <extensions>
     <gpxtpx:TrackPointExtension>
      <gpxtpx:hr>149</gpxtpx:hr>
     </gpxtpx:TrackPointExtension>
    </extensions>
   </trkpt>
   <trkpt lat="69.6556050" lon="19.0356530">
    <ele>422.8</ele>
    <time>2025-02-28T15:24:02Z</time>
    <extensions>
     <gpxtpx:TrackPointExtension>
      <gpxtpx:hr>149</gpxtpx:hr>
     </gpxtpx:TrackPointExtension>
    </extensions>
   </trkpt>
   <trkpt lat="69.6556280" lon="19.0356910">
    <ele>423.2</ele>
    <time>2025-02-28T15:24:03Z</time>
    <extensions>
     <gpxtpx:TrackPointExtension>
      <gpxtpx:hr>149</gpxtpx:hr>
     </gpxtpx:TrackPointExtension>
    </extensions>
   </trkpt>
   <trkpt lat="69.6556300" lon="19.0356900">
    <ele>423.2</ele>
    <time>2025-02-28T15:24:04Z</time>
    <extensions>
     <gpxtpx:TrackPointExtension>
      <gpxtpx:hr>150</gpxtpx:hr>
     </gpxtpx:TrackPointExtension>
    </extensions>
   </trkpt>
   <trkpt lat="69.6556380" lon="19.0357010">
    <ele>423.2</ele>
    <time>2025-02-28T15:24:05Z</time>
    <extensions>
     <gpxtpx:TrackPointExtension>
      <gpxtpx:hr>150</gpxtpx:hr>
     </gpxtpx:TrackPointExtension>
    </extensions>
   </trkpt>
   <trkpt lat="69.6556500" lon="19.0357160">
    <ele>423.7</ele>
    <time>2025-02-28T15:24:06Z</time>
    <extensions>
     <gpxtpx:TrackPointExtension>
      <gpxtpx:hr>150</gpxtpx:hr>
     </gpxtpx:TrackPointExtension>
    </extensions>
   </trkpt>
   <trkpt lat="69.6556600" lon="19.0357280">
    <ele>423.6</ele>
    <time>2025-02-28T15:24:07Z</time>
    <extensions>
     <gpxtpx:TrackPointExtension>
      <gpxtpx:hr>150</gpxtpx:hr>
     </gpxtpx:TrackPointExtension>
    </extensions>
   </trkpt>
   <trkpt lat="69.6556700" lon="19.0357540">
    <ele>424.1</ele>
    <time>2025-02-28T15:24:08Z</time>
    <extensions>
     <gpxtpx:TrackPointExtension>
      <gpxtpx:hr>150</gpxtpx:hr>
     </gpxtpx:TrackPointExtension>
    </extensions>
   </trkpt>
   <trkpt lat="69.6556740" lon="19.0357640">
    <ele>424.1</ele>
    <time>2025-02-28T15:24:09Z</time>
    <extensions>
     <gpxtpx:TrackPointExtension>
      <gpxtpx:hr>150</gpxtpx:hr>
     </gpxtpx:TrackPointExtension>
    </extensions>
   </trkpt>
   <trkpt lat="69.6556790" lon="19.0357750">
    <ele>424.1</ele>
    <time>2025-02-28T15:24:10Z</time>
    <extensions>
     <gpxtpx:TrackPointExtension>
      <gpxtpx:hr>149</gpxtpx:hr>
     </gpxtpx:TrackPointExtension>
    </extensions>
   </trkpt>
   <trkpt lat="69.6556840" lon="19.0357840">
    <ele>424.0</ele>
    <time>2025-02-28T15:24:11Z</time>
    <extensions>
     <gpxtpx:TrackPointExtension>
      <gpxtpx:hr>149</gpxtpx:hr>
     </gpxtpx:TrackPointExtension>
    </extensions>
   </trkpt>
   <trkpt lat="69.6556950" lon="19.0358130">
    <ele>424.5</ele>
    <time>2025-02-28T15:24:12Z</time>
    <extensions>
     <gpxtpx:TrackPointExtension>
      <gpxtpx:hr>149</gpxtpx:hr>
     </gpxtpx:TrackPointExtension>
    </extensions>
   </trkpt>
   <trkpt lat="69.6557010" lon="19.0358130">
    <ele>424.5</ele>
    <time>2025-02-28T15:24:13Z</time>
    <extensions>
     <gpxtpx:TrackPointExtension>
      <gpxtpx:hr>149</gpxtpx:hr>
     </gpxtpx:TrackPointExtension>
    </extensions>
   </trkpt>
   <trkpt lat="69.6557100" lon="19.0358330">
    <ele>424.9</ele>
    <time>2025-02-28T15:24:14Z</time>
    <extensions>
     <gpxtpx:TrackPointExtension>
      <gpxtpx:hr>149</gpxtpx:hr>
     </gpxtpx:TrackPointExtension>
    </extensions>
   </trkpt>
   <trkpt lat="69.6557230" lon="19.0358460">
    <ele>424.8</ele>
    <time>2025-02-28T15:24:15Z</time>
    <extensions>
     <gpxtpx:TrackPointExtension>
      <gpxtpx:hr>149</gpxtpx:hr>
     </gpxtpx:TrackPointExtension>
    </extensions>
   </trkpt>
   <trkpt lat="69.6557240" lon="19.0358470">
    <ele>424.8</ele>
    <time>2025-02-28T15:24:16Z</time>
    <extensions>
     <gpxtpx:TrackPointExtension>
      <gpxtpx:hr>149</gpxtpx:hr>
     </gpxtpx:TrackPointExtension>
    </extensions>
   </trkpt>
   <trkpt lat="69.6557340" lon="19.0358700">
    <ele>424.8</ele>
    <time>2025-02-28T15:24:17Z</time>
    <extensions>
     <gpxtpx:TrackPointExtension>
      <gpxtpx:hr>149</gpxtpx:hr>
     </gpxtpx:TrackPointExtension>
    </extensions>
   </trkpt>
   <trkpt lat="69.6557370" lon="19.0358950">
    <ele>425.2</ele>
    <time>2025-02-28T15:24:18Z</time>
    <extensions>
     <gpxtpx:TrackPointExtension>
      <gpxtpx:hr>149</gpxtpx:hr>
     </gpxtpx:TrackPointExtension>
    </extensions>
   </trkpt>
   <trkpt lat="69.6557570" lon="19.0359410">
    <ele>425.6</ele>
    <time>2025-02-28T15:24:19Z</time>
    <extensions>
     <gpxtpx:TrackPointExtension>
      <gpxtpx:hr>149</gpxtpx:hr>
     </gpxtpx:TrackPointExtension>
    </extensions>
   </trkpt>
   <trkpt lat="69.6557690" lon="19.0359570">
    <ele>425.5</ele>
    <time>2025-02-28T15:24:20Z</time>
    <extensions>
     <gpxtpx:TrackPointExtension>
      <gpxtpx:hr>149</gpxtpx:hr>
     </gpxtpx:TrackPointExtension>
    </extensions>
   </trkpt>
   <trkpt lat="69.6557770" lon="19.0359820">
    <ele>425.8</ele>
    <time>2025-02-28T15:24:21Z</time>
    <extensions>
     <gpxtpx:TrackPointExtension>
      <gpxtpx:hr>149</gpxtpx:hr>
     </gpxtpx:TrackPointExtension>
    </extensions>
   </trkpt>
   <trkpt lat="69.6557860" lon="19.0360070">
    <ele>426.2</ele>
    <time>2025-02-28T15:24:22Z</time>
    <extensions>
     <gpxtpx:TrackPointExtension>
      <gpxtpx:hr>149</gpxtpx:hr>
     </gpxtpx:TrackPointExtension>
    </extensions>
   </trkpt>
   <trkpt lat="69.6557990" lon="19.0360290">
    <ele>426.1</ele>
    <time>2025-02-28T15:24:23Z</time>
    <extensions>
     <gpxtpx:TrackPointExtension>
      <gpxtpx:hr>149</gpxtpx:hr>
     </gpxtpx:TrackPointExtension>
    </extensions>
   </trkpt>
   <trkpt lat="69.6558100" lon="19.0360520">
    <ele>426.4</ele>
    <time>2025-02-28T15:24:24Z</time>
    <extensions>
     <gpxtpx:TrackPointExtension>
      <gpxtpx:hr>149</gpxtpx:hr>
     </gpxtpx:TrackPointExtension>
    </extensions>
   </trkpt>
   <trkpt lat="69.6558250" lon="19.0360820">
    <ele>426.3</ele>
    <time>2025-02-28T15:24:25Z</time>
    <extensions>
     <gpxtpx:TrackPointExtension>
      <gpxtpx:hr>149</gpxtpx:hr>
     </gpxtpx:TrackPointExtension>
    </extensions>
   </trkpt>
   <trkpt lat="69.6558470" lon="19.0361190">
    <ele>426.6</ele>
    <time>2025-02-28T15:24:26Z</time>
    <extensions>
     <gpxtpx:TrackPointExtension>
      <gpxtpx:hr>149</gpxtpx:hr>
     </gpxtpx:TrackPointExtension>
    </extensions>
   </trkpt>
   <trkpt lat="69.6558540" lon="19.0361340">
    <ele>426.9</ele>
    <time>2025-02-28T15:24:27Z</time>
    <extensions>
     <gpxtpx:TrackPointExtension>
      <gpxtpx:hr>149</gpxtpx:hr>
     </gpxtpx:TrackPointExtension>
    </extensions>
   </trkpt>
   <trkpt lat="69.6558610" lon="19.0361590">
    <ele>426.9</ele>
    <time>2025-02-28T15:24:28Z</time>
    <extensions>
     <gpxtpx:TrackPointExtension>
      <gpxtpx:hr>149</gpxtpx:hr>
     </gpxtpx:TrackPointExtension>
    </extensions>
   </trkpt>
   <trkpt lat="69.6558720" lon="19.0361880">
    <ele>427.2</ele>
    <time>2025-02-28T15:24:29Z</time>
    <extensions>
     <gpxtpx:TrackPointExtension>
      <gpxtpx:hr>149</gpxtpx:hr>
     </gpxtpx:TrackPointExtension>
    </extensions>
   </trkpt>
   <trkpt lat="69.6558800" lon="19.0362110">
    <ele>427.1</ele>
    <time>2025-02-28T15:24:30Z</time>
    <extensions>
     <gpxtpx:TrackPointExtension>
      <gpxtpx:hr>149</gpxtpx:hr>
     </gpxtpx:TrackPointExtension>
    </extensions>
   </trkpt>
   <trkpt lat="69.6558970" lon="19.0362400">
    <ele>427.5</ele>
    <time>2025-02-28T15:24:31Z</time>
    <extensions>
     <gpxtpx:TrackPointExtension>
      <gpxtpx:hr>149</gpxtpx:hr>
     </gpxtpx:TrackPointExtension>
    </extensions>
   </trkpt>
   <trkpt lat="69.6559040" lon="19.0362560">
    <ele>427.5</ele>
    <time>2025-02-28T15:24:32Z</time>
    <extensions>
     <gpxtpx:TrackPointExtension>
      <gpxtpx:hr>149</gpxtpx:hr>
     </gpxtpx:TrackPointExtension>
    </extensions>
   </trkpt>
   <trkpt lat="69.6559120" lon="19.0362670">
    <ele>427.9</ele>
    <time>2025-02-28T15:24:33Z</time>
    <extensions>
     <gpxtpx:TrackPointExtension>
      <gpxtpx:hr>149</gpxtpx:hr>
     </gpxtpx:TrackPointExtension>
    </extensions>
   </trkpt>
   <trkpt lat="69.6559300" lon="19.0363030">
    <ele>428.3</ele>
    <time>2025-02-28T15:24:34Z</time>
    <extensions>
     <gpxtpx:TrackPointExtension>
      <gpxtpx:hr>149</gpxtpx:hr>
     </gpxtpx:TrackPointExtension>
    </extensions>
   </trkpt>
   <trkpt lat="69.6559390" lon="19.0363190">
    <ele>428.3</ele>
    <time>2025-02-28T15:24:35Z</time>
    <extensions>
     <gpxtpx:TrackPointExtension>
      <gpxtpx:hr>149</gpxtpx:hr>
     </gpxtpx:TrackPointExtension>
    </extensions>
   </trkpt>
   <trkpt lat="69.6559550" lon="19.0363220">
    <ele>428.2</ele>
    <time>2025-02-28T15:24:36Z</time>
    <extensions>
     <gpxtpx:TrackPointExtension>
      <gpxtpx:hr>149</gpxtpx:hr>
     </gpxtpx:TrackPointExtension>
    </extensions>
   </trkpt>
   <trkpt lat="69.6559680" lon="19.0363510">
    <ele>428.7</ele>
    <time>2025-02-28T15:24:37Z</time>
    <extensions>
     <gpxtpx:TrackPointExtension>
      <gpxtpx:hr>149</gpxtpx:hr>
     </gpxtpx:TrackPointExtension>
    </extensions>
   </trkpt>
   <trkpt lat="69.6559850" lon="19.0363860">
    <ele>428.6</ele>
    <time>2025-02-28T15:24:38Z</time>
    <extensions>
     <gpxtpx:TrackPointExtension>
      <gpxtpx:hr>149</gpxtpx:hr>
     </gpxtpx:TrackPointExtension>
    </extensions>
   </trkpt>
   <trkpt lat="69.6559940" lon="19.0364030">
    <ele>429.2</ele>
    <time>2025-02-28T15:24:39Z</time>
    <extensions>
     <gpxtpx:TrackPointExtension>
      <gpxtpx:hr>149</gpxtpx:hr>
     </gpxtpx:TrackPointExtension>
    </extensions>
   </trkpt>
   <trkpt lat="69.6560020" lon="19.0364200">
    <ele>429.1</ele>
    <time>2025-02-28T15:24:40Z</time>
    <extensions>
     <gpxtpx:TrackPointExtension>
      <gpxtpx:hr>149</gpxtpx:hr>
     </gpxtpx:TrackPointExtension>
    </extensions>
   </trkpt>
   <trkpt lat="69.6560070" lon="19.0364280">
    <ele>429.1</ele>
    <time>2025-02-28T15:24:41Z</time>
    <extensions>
     <gpxtpx:TrackPointExtension>
      <gpxtpx:hr>149</gpxtpx:hr>
     </gpxtpx:TrackPointExtension>
    </extensions>
   </trkpt>
   <trkpt lat="69.6560230" lon="19.0364520">
    <ele>429.6</ele>
    <time>2025-02-28T15:24:42Z</time>
    <extensions>
     <gpxtpx:TrackPointExtension>
      <gpxtpx:hr>149</gpxtpx:hr>
     </gpxtpx:TrackPointExtension>
    </extensions>
   </trkpt>
   <trkpt lat="69.6560450" lon="19.0364870">
    <ele>430.0</ele>
    <time>2025-02-28T15:24:43Z</time>
    <extensions>
     <gpxtpx:TrackPointExtension>
      <gpxtpx:hr>149</gpxtpx:hr>
     </gpxtpx:TrackPointExtension>
    </extensions>
   </trkpt>
   <trkpt lat="69.6560540" lon="19.0364940">
    <ele>430.0</ele>
    <time>2025-02-28T15:24:44Z</time>
    <extensions>
     <gpxtpx:TrackPointExtension>
      <gpxtpx:hr>149</gpxtpx:hr>
     </gpxtpx:TrackPointExtension>
    </extensions>
   </trkpt>
   <trkpt lat="69.6560640" lon="19.0365010">
    <ele>429.9</ele>
    <time>2025-02-28T15:24:45Z</time>
    <extensions>
     <gpxtpx:TrackPointExtension>
      <gpxtpx:hr>149</gpxtpx:hr>
     </gpxtpx:TrackPointExtension>
    </extensions>
   </trkpt>
   <trkpt lat="69.6560730" lon="19.0365250">
    <ele>430.4</ele>
    <time>2025-02-28T15:24:46Z</time>
    <extensions>
     <gpxtpx:TrackPointExtension>
      <gpxtpx:hr>149</gpxtpx:hr>
     </gpxtpx:TrackPointExtension>
    </extensions>
   </trkpt>
   <trkpt lat="69.6560850" lon="19.0365420">
    <ele>430.4</ele>
    <time>2025-02-28T15:24:47Z</time>
    <extensions>
     <gpxtpx:TrackPointExtension>
      <gpxtpx:hr>149</gpxtpx:hr>
     </gpxtpx:TrackPointExtension>
    </extensions>
   </trkpt>
   <trkpt lat="69.6560980" lon="19.0365650">
    <ele>430.8</ele>
    <time>2025-02-28T15:24:48Z</time>
    <extensions>
     <gpxtpx:TrackPointExtension>
      <gpxtpx:hr>149</gpxtpx:hr>
     </gpxtpx:TrackPointExtension>
    </extensions>
   </trkpt>
   <trkpt lat="69.6561140" lon="19.0365800">
    <ele>430.7</ele>
    <time>2025-02-28T15:24:49Z</time>
    <extensions>
     <gpxtpx:TrackPointExtension>
      <gpxtpx:hr>149</gpxtpx:hr>
     </gpxtpx:TrackPointExtension>
    </extensions>
   </trkpt>
   <trkpt lat="69.6561200" lon="19.0365930">
    <ele>430.6</ele>
    <time>2025-02-28T15:24:50Z</time>
    <extensions>
     <gpxtpx:TrackPointExtension>
      <gpxtpx:hr>149</gpxtpx:hr>
     </gpxtpx:TrackPointExtension>
    </extensions>
   </trkpt>
   <trkpt lat="69.6561400" lon="19.0366150">
    <ele>431.0</ele>
    <time>2025-02-28T15:24:51Z</time>
    <extensions>
     <gpxtpx:TrackPointExtension>
      <gpxtpx:hr>149</gpxtpx:hr>
     </gpxtpx:TrackPointExtension>
    </extensions>
   </trkpt>
   <trkpt lat="69.6561440" lon="19.0366220">
    <ele>431.0</ele>
    <time>2025-02-28T15:24:52Z</time>
    <extensions>
     <gpxtpx:TrackPointExtension>
      <gpxtpx:hr>149</gpxtpx:hr>
     </gpxtpx:TrackPointExtension>
    </extensions>
   </trkpt>
   <trkpt lat="69.6561540" lon="19.0366490">
    <ele>431.5</ele>
    <time>2025-02-28T15:24:53Z</time>
    <extensions>
     <gpxtpx:TrackPointExtension>
      <gpxtpx:hr>149</gpxtpx:hr>
     </gpxtpx:TrackPointExtension>
    </extensions>
   </trkpt>
   <trkpt lat="69.6561560" lon="19.0366500">
    <ele>431.5</ele>
    <time>2025-02-28T15:24:54Z</time>
    <extensions>
     <gpxtpx:TrackPointExtension>
      <gpxtpx:hr>149</gpxtpx:hr>
     </gpxtpx:TrackPointExtension>
    </extensions>
   </trkpt>
   <trkpt lat="69.6561670" lon="19.0366540">
    <ele>431.4</ele>
    <time>2025-02-28T15:24:55Z</time>
    <extensions>
     <gpxtpx:TrackPointExtension>
      <gpxtpx:hr>149</gpxtpx:hr>
     </gpxtpx:TrackPointExtension>
    </extensions>
   </trkpt>
   <trkpt lat="69.6561750" lon="19.0366670">
    <ele>431.4</ele>
    <time>2025-02-28T15:24:56Z</time>
    <extensions>
     <gpxtpx:TrackPointExtension>
      <gpxtpx:hr>149</gpxtpx:hr>
     </gpxtpx:TrackPointExtension>
    </extensions>
   </trkpt>
   <trkpt lat="69.6561850" lon="19.0366870">
    <ele>431.3</ele>
    <time>2025-02-28T15:24:57Z</time>
    <extensions>
     <gpxtpx:TrackPointExtension>
      <gpxtpx:hr>149</gpxtpx:hr>
     </gpxtpx:TrackPointExtension>
    </extensions>
   </trkpt>
   <trkpt lat="69.6561920" lon="19.0366990">
    <ele>431.8</ele>
    <time>2025-02-28T15:24:58Z</time>
    <extensions>
     <gpxtpx:TrackPointExtension>
      <gpxtpx:hr>149</gpxtpx:hr>
     </gpxtpx:TrackPointExtension>
    </extensions>
   </trkpt>
   <trkpt lat="69.6562060" lon="19.0367130">
    <ele>431.8</ele>
    <time>2025-02-28T15:24:59Z</time>
    <extensions>
     <gpxtpx:TrackPointExtension>
      <gpxtpx:hr>149</gpxtpx:hr>
     </gpxtpx:TrackPointExtension>
    </extensions>
   </trkpt>
   <trkpt lat="69.6562230" lon="19.0367490">
    <ele>432.2</ele>
    <time>2025-02-28T15:25:00Z</time>
    <extensions>
     <gpxtpx:TrackPointExtension>
      <gpxtpx:hr>145</gpxtpx:hr>
     </gpxtpx:TrackPointExtension>
    </extensions>
   </trkpt>
   <trkpt lat="69.6562270" lon="19.0367710">
    <ele>432.2</ele>
    <time>2025-02-28T15:25:01Z</time>
    <extensions>
     <gpxtpx:TrackPointExtension>
      <gpxtpx:hr>145</gpxtpx:hr>
     </gpxtpx:TrackPointExtension>
    </extensions>
   </trkpt>
   <trkpt lat="69.6562310" lon="19.0367900">
    <ele>432.8</ele>
    <time>2025-02-28T15:25:02Z</time>
    <extensions>
     <gpxtpx:TrackPointExtension>
      <gpxtpx:hr>145</gpxtpx:hr>
     </gpxtpx:TrackPointExtension>
    </extensions>
   </trkpt>
   <trkpt lat="69.6562350" lon="19.0368030">
    <ele>432.8</ele>
    <time>2025-02-28T15:25:03Z</time>
    <extensions>
     <gpxtpx:TrackPointExtension>
      <gpxtpx:hr>145</gpxtpx:hr>
     </gpxtpx:TrackPointExtension>
    </extensions>
   </trkpt>
   <trkpt lat="69.6562530" lon="19.0368260">
    <ele>433.2</ele>
    <time>2025-02-28T15:25:04Z</time>
    <extensions>
     <gpxtpx:TrackPointExtension>
      <gpxtpx:hr>145</gpxtpx:hr>
     </gpxtpx:TrackPointExtension>
    </extensions>
   </trkpt>
   <trkpt lat="69.6562710" lon="19.0368530">
    <ele>433.2</ele>
    <time>2025-02-28T15:25:05Z</time>
    <extensions>
     <gpxtpx:TrackPointExtension>
      <gpxtpx:hr>145</gpxtpx:hr>
     </gpxtpx:TrackPointExtension>
    </extensions>
   </trkpt>
   <trkpt lat="69.6562810" lon="19.0368650">
    <ele>433.6</ele>
    <time>2025-02-28T15:25:06Z</time>
    <extensions>
     <gpxtpx:TrackPointExtension>
      <gpxtpx:hr>145</gpxtpx:hr>
     </gpxtpx:TrackPointExtension>
    </extensions>
   </trkpt>
   <trkpt lat="69.6562950" lon="19.0368790">
    <ele>433.6</ele>
    <time>2025-02-28T15:25:07Z</time>
    <extensions>
     <gpxtpx:TrackPointExtension>
      <gpxtpx:hr>145</gpxtpx:hr>
     </gpxtpx:TrackPointExtension>
    </extensions>
   </trkpt>
   <trkpt lat="69.6563100" lon="19.0368730">
    <ele>433.6</ele>
    <time>2025-02-28T15:25:08Z</time>
    <extensions>
     <gpxtpx:TrackPointExtension>
      <gpxtpx:hr>145</gpxtpx:hr>
     </gpxtpx:TrackPointExtension>
    </extensions>
   </trkpt>
   <trkpt lat="69.6563280" lon="19.0368910">
    <ele>433.4</ele>
    <time>2025-02-28T15:25:09Z</time>
    <extensions>
     <gpxtpx:TrackPointExtension>
      <gpxtpx:hr>145</gpxtpx:hr>
     </gpxtpx:TrackPointExtension>
    </extensions>
   </trkpt>
   <trkpt lat="69.6563380" lon="19.0369000">
    <ele>433.4</ele>
    <time>2025-02-28T15:25:10Z</time>
    <extensions>
     <gpxtpx:TrackPointExtension>
      <gpxtpx:hr>145</gpxtpx:hr>
     </gpxtpx:TrackPointExtension>
    </extensions>
   </trkpt>
   <trkpt lat="69.6563380" lon="19.0369000">
    <ele>433.4</ele>
    <time>2025-02-28T15:25:15Z</time>
    <extensions>
     <gpxtpx:TrackPointExtension>
      <gpxtpx:hr>145</gpxtpx:hr>
     </gpxtpx:TrackPointExtension>
    </extensions>
   </trkpt>
   <trkpt lat="69.6563380" lon="19.0369000">
    <ele>433.4</ele>
    <time>2025-02-28T15:25:18Z</time>
    <extensions>
     <gpxtpx:TrackPointExtension>
      <gpxtpx:hr>145</gpxtpx:hr>
     </gpxtpx:TrackPointExtension>
    </extensions>
   </trkpt>
   <trkpt lat="69.6563380" lon="19.0369000">
    <ele>433.4</ele>
    <time>2025-02-28T15:25:19Z</time>
    <extensions>
     <gpxtpx:TrackPointExtension>
      <gpxtpx:hr>145</gpxtpx:hr>
     </gpxtpx:TrackPointExtension>
    </extensions>
   </trkpt>
   <trkpt lat="69.6563380" lon="19.0369000">
    <ele>433.4</ele>
    <time>2025-02-28T15:25:20Z</time>
    <extensions>
     <gpxtpx:TrackPointExtension>
      <gpxtpx:hr>145</gpxtpx:hr>
     </gpxtpx:TrackPointExtension>
    </extensions>
   </trkpt>
   <trkpt lat="69.6565020" lon="19.0369970">
    <ele>433.2</ele>
    <time>2025-02-28T15:25:21Z</time>
    <extensions>
     <gpxtpx:TrackPointExtension>
      <gpxtpx:hr>145</gpxtpx:hr>
     </gpxtpx:TrackPointExtension>
    </extensions>
   </trkpt>
   <trkpt lat="69.6565090" lon="19.0370130">
    <ele>433.0</ele>
    <time>2025-02-28T15:25:22Z</time>
    <extensions>
     <gpxtpx:TrackPointExtension>
      <gpxtpx:hr>145</gpxtpx:hr>
     </gpxtpx:TrackPointExtension>
    </extensions>
   </trkpt>
   <trkpt lat="69.6565160" lon="19.0370290">
    <ele>433.0</ele>
    <time>2025-02-28T15:25:23Z</time>
    <extensions>
     <gpxtpx:TrackPointExtension>
      <gpxtpx:hr>145</gpxtpx:hr>
     </gpxtpx:TrackPointExtension>
    </extensions>
   </trkpt>
   <trkpt lat="69.6565230" lon="19.0370450">
    <ele>433.4</ele>
    <time>2025-02-28T15:25:24Z</time>
    <extensions>
     <gpxtpx:TrackPointExtension>
      <gpxtpx:hr>145</gpxtpx:hr>
     </gpxtpx:TrackPointExtension>
    </extensions>
   </trkpt>
   <trkpt lat="69.6565300" lon="19.0370610">
    <ele>433.4</ele>
    <time>2025-02-28T15:25:25Z</time>
    <extensions>
     <gpxtpx:TrackPointExtension>
      <gpxtpx:hr>145</gpxtpx:hr>
     </gpxtpx:TrackPointExtension>
    </extensions>
   </trkpt>
   <trkpt lat="69.6565340" lon="19.0370800">
    <ele>434.0</ele>
    <time>2025-02-28T15:25:26Z</time>
    <extensions>
     <gpxtpx:TrackPointExtension>
      <gpxtpx:hr>144</gpxtpx:hr>
     </gpxtpx:TrackPointExtension>
    </extensions>
   </trkpt>
   <trkpt lat="69.6565400" lon="19.0371040">
    <ele>433.7</ele>
    <time>2025-02-28T15:25:27Z</time>
    <extensions>
     <gpxtpx:TrackPointExtension>
      <gpxtpx:hr>144</gpxtpx:hr>
     </gpxtpx:TrackPointExtension>
    </extensions>
   </trkpt>
   <trkpt lat="69.6565520" lon="19.0371660">
    <ele>434.7</ele>
    <time>2025-02-28T15:25:28Z</time>
    <extensions>
     <gpxtpx:TrackPointExtension>
      <gpxtpx:hr>144</gpxtpx:hr>
     </gpxtpx:TrackPointExtension>
    </extensions>
   </trkpt>
   <trkpt lat="69.6565670" lon="19.0372350">
    <ele>435.0</ele>
    <time>2025-02-28T15:25:29Z</time>
    <extensions>
     <gpxtpx:TrackPointExtension>
      <gpxtpx:hr>144</gpxtpx:hr>
     </gpxtpx:TrackPointExtension>
    </extensions>
   </trkpt>
   <trkpt lat="69.6565700" lon="19.0372500">
    <ele>435.7</ele>
    <time>2025-02-28T15:25:30Z</time>
    <extensions>
     <gpxtpx:TrackPointExtension>
      <gpxtpx:hr>144</gpxtpx:hr>
     </gpxtpx:TrackPointExtension>
    </extensions>
   </trkpt>
   <trkpt lat="69.6565740" lon="19.0372650">
    <ele>435.7</ele>
    <time>2025-02-28T15:25:31Z</time>
    <extensions>
     <gpxtpx:TrackPointExtension>
      <gpxtpx:hr>144</gpxtpx:hr>
     </gpxtpx:TrackPointExtension>
    </extensions>
   </trkpt>
   <trkpt lat="69.6565770" lon="19.0372970">
    <ele>436.3</ele>
    <time>2025-02-28T15:25:32Z</time>
    <extensions>
     <gpxtpx:TrackPointExtension>
      <gpxtpx:hr>144</gpxtpx:hr>
     </gpxtpx:TrackPointExtension>
    </extensions>
   </trkpt>
   <trkpt lat="69.6565830" lon="19.0373160">
    <ele>436.0</ele>
    <time>2025-02-28T15:25:33Z</time>
    <extensions>
     <gpxtpx:TrackPointExtension>
      <gpxtpx:hr>144</gpxtpx:hr>
     </gpxtpx:TrackPointExtension>
    </extensions>
   </trkpt>
   <trkpt lat="69.6565920" lon="19.0373430">
    <ele>436.6</ele>
    <time>2025-02-28T15:25:34Z</time>
    <extensions>
     <gpxtpx:TrackPointExtension>
      <gpxtpx:hr>144</gpxtpx:hr>
     </gpxtpx:TrackPointExtension>
    </extensions>
   </trkpt>
   <trkpt lat="69.6566000" lon="19.0373550">
    <ele>436.4</ele>
    <time>2025-02-28T15:25:35Z</time>
    <extensions>
     <gpxtpx:TrackPointExtension>
      <gpxtpx:hr>142</gpxtpx:hr>
     </gpxtpx:TrackPointExtension>
    </extensions>
   </trkpt>
   <trkpt lat="69.6566040" lon="19.0373630">
    <ele>436.4</ele>
    <time>2025-02-28T15:25:36Z</time>
    <extensions>
     <gpxtpx:TrackPointExtension>
      <gpxtpx:hr>142</gpxtpx:hr>
     </gpxtpx:TrackPointExtension>
    </extensions>
   </trkpt>
   <trkpt lat="69.6566100" lon="19.0373810">
    <ele>436.7</ele>
    <time>2025-02-28T15:25:37Z</time>
    <extensions>
     <gpxtpx:TrackPointExtension>
      <gpxtpx:hr>142</gpxtpx:hr>
     </gpxtpx:TrackPointExtension>
    </extensions>
   </trkpt>
   <trkpt lat="69.6566160" lon="19.0373980">
    <ele>436.7</ele>
    <time>2025-02-28T15:25:38Z</time>
    <extensions>
     <gpxtpx:TrackPointExtension>
      <gpxtpx:hr>141</gpxtpx:hr>
     </gpxtpx:TrackPointExtension>
    </extensions>
   </trkpt>
   <trkpt lat="69.6566230" lon="19.0374240">
    <ele>437.4</ele>
    <time>2025-02-28T15:25:39Z</time>
    <extensions>
     <gpxtpx:TrackPointExtension>
      <gpxtpx:hr>141</gpxtpx:hr>
     </gpxtpx:TrackPointExtension>
    </extensions>
   </trkpt>
   <trkpt lat="69.6566240" lon="19.0374310">
    <ele>437.1</ele>
    <time>2025-02-28T15:25:40Z</time>
    <extensions>
     <gpxtpx:TrackPointExtension>
      <gpxtpx:hr>141</gpxtpx:hr>
     </gpxtpx:TrackPointExtension>
    </extensions>
   </trkpt>
   <trkpt lat="69.6566240" lon="19.0374380">
    <ele>437.1</ele>
    <time>2025-02-28T15:25:41Z</time>
    <extensions>
     <gpxtpx:TrackPointExtension>
      <gpxtpx:hr>140</gpxtpx:hr>
     </gpxtpx:TrackPointExtension>
    </extensions>
   </trkpt>
   <trkpt lat="69.6566250" lon="19.0374450">
    <ele>437.1</ele>
    <time>2025-02-28T15:25:43Z</time>
    <extensions>
     <gpxtpx:TrackPointExtension>
      <gpxtpx:hr>140</gpxtpx:hr>
     </gpxtpx:TrackPointExtension>
    </extensions>
   </trkpt>
   <trkpt lat="69.6566250" lon="19.0374520">
    <ele>437.1</ele>
    <time>2025-02-28T15:25:46Z</time>
    <extensions>
     <gpxtpx:TrackPointExtension>
      <gpxtpx:hr>140</gpxtpx:hr>
     </gpxtpx:TrackPointExtension>
    </extensions>
   </trkpt>
   <trkpt lat="69.6566260" lon="19.0374590">
    <ele>437.1</ele>
    <time>2025-02-28T15:25:50Z</time>
    <extensions>
     <gpxtpx:TrackPointExtension>
      <gpxtpx:hr>134</gpxtpx:hr>
     </gpxtpx:TrackPointExtension>
    </extensions>
   </trkpt>
   <trkpt lat="69.6566260" lon="19.0374660">
    <ele>437.8</ele>
    <time>2025-02-28T15:25:51Z</time>
    <extensions>
     <gpxtpx:TrackPointExtension>
      <gpxtpx:hr>134</gpxtpx:hr>
     </gpxtpx:TrackPointExtension>
    </extensions>
   </trkpt>
   <trkpt lat="69.6566270" lon="19.0374730">
    <ele>437.8</ele>
    <time>2025-02-28T15:25:52Z</time>
    <extensions>
     <gpxtpx:TrackPointExtension>
      <gpxtpx:hr>134</gpxtpx:hr>
     </gpxtpx:TrackPointExtension>
    </extensions>
   </trkpt>
   <trkpt lat="69.6566270" lon="19.0374800">
    <ele>437.8</ele>
    <time>2025-02-28T15:25:53Z</time>
    <extensions>
     <gpxtpx:TrackPointExtension>
      <gpxtpx:hr>134</gpxtpx:hr>
     </gpxtpx:TrackPointExtension>
    </extensions>
   </trkpt>
   <trkpt lat="69.6566280" lon="19.0374870">
    <ele>437.8</ele>
    <time>2025-02-28T15:25:54Z</time>
    <extensions>
     <gpxtpx:TrackPointExtension>
      <gpxtpx:hr>133</gpxtpx:hr>
     </gpxtpx:TrackPointExtension>
    </extensions>
   </trkpt>
   <trkpt lat="69.6566280" lon="19.0374940">
    <ele>437.8</ele>
    <time>2025-02-28T15:25:55Z</time>
    <extensions>
     <gpxtpx:TrackPointExtension>
      <gpxtpx:hr>133</gpxtpx:hr>
     </gpxtpx:TrackPointExtension>
    </extensions>
   </trkpt>
   <trkpt lat="69.6566280" lon="19.0375010">
    <ele>437.8</ele>
    <time>2025-02-28T15:25:56Z</time>
    <extensions>
     <gpxtpx:TrackPointExtension>
      <gpxtpx:hr>133</gpxtpx:hr>
     </gpxtpx:TrackPointExtension>
    </extensions>
   </trkpt>
   <trkpt lat="69.6566290" lon="19.0375080">
    <ele>438.5</ele>
    <time>2025-02-28T15:25:57Z</time>
    <extensions>
     <gpxtpx:TrackPointExtension>
      <gpxtpx:hr>133</gpxtpx:hr>
     </gpxtpx:TrackPointExtension>
    </extensions>
   </trkpt>
   <trkpt lat="69.6566290" lon="19.0375150">
    <ele>438.5</ele>
    <time>2025-02-28T15:25:58Z</time>
    <extensions>
     <gpxtpx:TrackPointExtension>
      <gpxtpx:hr>133</gpxtpx:hr>
     </gpxtpx:TrackPointExtension>
    </extensions>
   </trkpt>
   <trkpt lat="69.6566300" lon="19.0375220">
    <ele>438.5</ele>
    <time>2025-02-28T15:26:00Z</time>
    <extensions>
     <gpxtpx:TrackPointExtension>
      <gpxtpx:hr>132</gpxtpx:hr>
     </gpxtpx:TrackPointExtension>
    </extensions>
   </trkpt>
   <trkpt lat="69.6566300" lon="19.0375290">
    <ele>438.5</ele>
    <time>2025-02-28T15:26:01Z</time>
    <extensions>
     <gpxtpx:TrackPointExtension>
      <gpxtpx:hr>132</gpxtpx:hr>
     </gpxtpx:TrackPointExtension>
    </extensions>
   </trkpt>
   <trkpt lat="69.6566310" lon="19.0375370">
    <ele>438.5</ele>
    <time>2025-02-28T15:26:05Z</time>
    <extensions>
     <gpxtpx:TrackPointExtension>
      <gpxtpx:hr>132</gpxtpx:hr>
     </gpxtpx:TrackPointExtension>
    </extensions>
   </trkpt>
   <trkpt lat="69.6566310" lon="19.0375440">
    <ele>438.5</ele>
    <time>2025-02-28T15:26:06Z</time>
    <extensions>
     <gpxtpx:TrackPointExtension>
      <gpxtpx:hr>132</gpxtpx:hr>
     </gpxtpx:TrackPointExtension>
    </extensions>
   </trkpt>
   <trkpt lat="69.6566320" lon="19.0375510">
    <ele>439.1</ele>
    <time>2025-02-28T15:26:07Z</time>
    <extensions>
     <gpxtpx:TrackPointExtension>
      <gpxtpx:hr>132</gpxtpx:hr>
     </gpxtpx:TrackPointExtension>
    </extensions>
   </trkpt>
   <trkpt lat="69.6566320" lon="19.0375580">
    <ele>439.1</ele>
    <time>2025-02-28T15:26:08Z</time>
    <extensions>
     <gpxtpx:TrackPointExtension>
      <gpxtpx:hr>128</gpxtpx:hr>
     </gpxtpx:TrackPointExtension>
    </extensions>
   </trkpt>
   <trkpt lat="69.6566330" lon="19.0375650">
    <ele>439.1</ele>
    <time>2025-02-28T15:26:09Z</time>
    <extensions>
     <gpxtpx:TrackPointExtension>
      <gpxtpx:hr>128</gpxtpx:hr>
     </gpxtpx:TrackPointExtension>
    </extensions>
   </trkpt>
   <trkpt lat="69.6566330" lon="19.0375720">
    <ele>439.1</ele>
    <time>2025-02-28T15:26:10Z</time>
    <extensions>
     <gpxtpx:TrackPointExtension>
      <gpxtpx:hr>128</gpxtpx:hr>
     </gpxtpx:TrackPointExtension>
    </extensions>
   </trkpt>
   <trkpt lat="69.6566330" lon="19.0375790">
    <ele>439.1</ele>
    <time>2025-02-28T15:26:11Z</time>
    <extensions>
     <gpxtpx:TrackPointExtension>
      <gpxtpx:hr>124</gpxtpx:hr>
     </gpxtpx:TrackPointExtension>
    </extensions>
   </trkpt>
   <trkpt lat="69.6566340" lon="19.0375860">
    <ele>439.1</ele>
    <time>2025-02-28T15:26:12Z</time>
    <extensions>
     <gpxtpx:TrackPointExtension>
      <gpxtpx:hr>124</gpxtpx:hr>
     </gpxtpx:TrackPointExtension>
    </extensions>
   </trkpt>
   <trkpt lat="69.6566340" lon="19.0375930">
    <ele>439.8</ele>
    <time>2025-02-28T15:26:13Z</time>
    <extensions>
     <gpxtpx:TrackPointExtension>
      <gpxtpx:hr>124</gpxtpx:hr>
     </gpxtpx:TrackPointExtension>
    </extensions>
   </trkpt>
   <trkpt lat="69.6566350" lon="19.0376000">
    <ele>439.8</ele>
    <time>2025-02-28T15:26:14Z</time>
    <extensions>
     <gpxtpx:TrackPointExtension>
      <gpxtpx:hr>124</gpxtpx:hr>
     </gpxtpx:TrackPointExtension>
    </extensions>
   </trkpt>
   <trkpt lat="69.6566350" lon="19.0376070">
    <ele>439.8</ele>
    <time>2025-02-28T15:26:15Z</time>
    <extensions>
     <gpxtpx:TrackPointExtension>
      <gpxtpx:hr>124</gpxtpx:hr>
     </gpxtpx:TrackPointExtension>
    </extensions>
   </trkpt>
   <trkpt lat="69.6566360" lon="19.0376140">
    <ele>439.8</ele>
    <time>2025-02-28T15:26:16Z</time>
    <extensions>
     <gpxtpx:TrackPointExtension>
      <gpxtpx:hr>124</gpxtpx:hr>
     </gpxtpx:TrackPointExtension>
    </extensions>
   </trkpt>
   <trkpt lat="69.6566360" lon="19.0376210">
    <ele>439.8</ele>
    <time>2025-02-28T15:26:17Z</time>
    <extensions>
     <gpxtpx:TrackPointExtension>
      <gpxtpx:hr>124</gpxtpx:hr>
     </gpxtpx:TrackPointExtension>
    </extensions>
   </trkpt>
   <trkpt lat="69.6566370" lon="19.0376280">
    <ele>439.8</ele>
    <time>2025-02-28T15:26:18Z</time>
    <extensions>
     <gpxtpx:TrackPointExtension>
      <gpxtpx:hr>111</gpxtpx:hr>
     </gpxtpx:TrackPointExtension>
    </extensions>
   </trkpt>
   <trkpt lat="69.6566370" lon="19.0376350">
    <ele>440.4</ele>
    <time>2025-02-28T15:26:19Z</time>
    <extensions>
     <gpxtpx:TrackPointExtension>
      <gpxtpx:hr>111</gpxtpx:hr>
     </gpxtpx:TrackPointExtension>
    </extensions>
   </trkpt>
   <trkpt lat="69.6566380" lon="19.0376420">
    <ele>440.4</ele>
    <time>2025-02-28T15:26:20Z</time>
    <extensions>
     <gpxtpx:TrackPointExtension>
      <gpxtpx:hr>111</gpxtpx:hr>
     </gpxtpx:TrackPointExtension>
    </extensions>
   </trkpt>
   <trkpt lat="69.6566380" lon="19.0376490">
    <ele>440.4</ele>
    <time>2025-02-28T15:26:21Z</time>
    <extensions>
     <gpxtpx:TrackPointExtension>
      <gpxtpx:hr>116</gpxtpx:hr>
     </gpxtpx:TrackPointExtension>
    </extensions>
   </trkpt>
   <trkpt lat="69.6566450" lon="19.0376750">
    <ele>440.1</ele>
    <time>2025-02-28T15:26:22Z</time>
    <extensions>
     <gpxtpx:TrackPointExtension>
      <gpxtpx:hr>116</gpxtpx:hr>
     </gpxtpx:TrackPointExtension>
    </extensions>
   </trkpt>
   <trkpt lat="69.6566400" lon="19.0376990">
    <ele>440.8</ele>
    <time>2025-02-28T15:26:23Z</time>
    <extensions>
     <gpxtpx:TrackPointExtension>
      <gpxtpx:hr>116</gpxtpx:hr>
     </gpxtpx:TrackPointExtension>
    </extensions>
   </trkpt>
   <trkpt lat="69.6566400" lon="19.0376990">
    <ele>440.8</ele>
    <time>2025-02-28T15:26:24Z</time>
    <extensions>
     <gpxtpx:TrackPointExtension>
      <gpxtpx:hr>116</gpxtpx:hr>
     </gpxtpx:TrackPointExtension>
    </extensions>
   </trkpt>
   <trkpt lat="69.6566480" lon="19.0377520">
    <ele>441.4</ele>
    <time>2025-02-28T15:26:25Z</time>
    <extensions>
     <gpxtpx:TrackPointExtension>
      <gpxtpx:hr>116</gpxtpx:hr>
     </gpxtpx:TrackPointExtension>
    </extensions>
   </trkpt>
   <trkpt lat="69.6566580" lon="19.0377990">
    <ele>441.7</ele>
    <time>2025-02-28T15:26:26Z</time>
    <extensions>
     <gpxtpx:TrackPointExtension>
      <gpxtpx:hr>116</gpxtpx:hr>
     </gpxtpx:TrackPointExtension>
    </extensions>
   </trkpt>
   <trkpt lat="69.6566570" lon="19.0378180">
    <ele>442.4</ele>
    <time>2025-02-28T15:26:27Z</time>
    <extensions>
     <gpxtpx:TrackPointExtension>
      <gpxtpx:hr>121</gpxtpx:hr>
     </gpxtpx:TrackPointExtension>
    </extensions>
   </trkpt>
   <trkpt lat="69.6566630" lon="19.0378420">
    <ele>442.4</ele>
    <time>2025-02-28T15:26:28Z</time>
    <extensions>
     <gpxtpx:TrackPointExtension>
      <gpxtpx:hr>121</gpxtpx:hr>
     </gpxtpx:TrackPointExtension>
    </extensions>
   </trkpt>
   <trkpt lat="69.6566820" lon="19.0378640">
    <ele>442.8</ele>
    <time>2025-02-28T15:26:29Z</time>
    <extensions>
     <gpxtpx:TrackPointExtension>
      <gpxtpx:hr>121</gpxtpx:hr>
     </gpxtpx:TrackPointExtension>
    </extensions>
   </trkpt>
   <trkpt lat="69.6567040" lon="19.0378740">
    <ele>442.2</ele>
    <time>2025-02-28T15:26:30Z</time>
    <extensions>
     <gpxtpx:TrackPointExtension>
      <gpxtpx:hr>121</gpxtpx:hr>
     </gpxtpx:TrackPointExtension>
    </extensions>
   </trkpt>
   <trkpt lat="69.6567090" lon="19.0378710">
    <ele>442.2</ele>
    <time>2025-02-28T15:26:31Z</time>
    <extensions>
     <gpxtpx:TrackPointExtension>
      <gpxtpx:hr>121</gpxtpx:hr>
     </gpxtpx:TrackPointExtension>
    </extensions>
   </trkpt>
   <trkpt lat="69.6567140" lon="19.0378750">
    <ele>441.9</ele>
    <time>2025-02-28T15:26:32Z</time>
    <extensions>
     <gpxtpx:TrackPointExtension>
      <gpxtpx:hr>121</gpxtpx:hr>
     </gpxtpx:TrackPointExtension>
    </extensions>
   </trkpt>
   <trkpt lat="69.6567240" lon="19.0379200">
    <ele>442.6</ele>
    <time>2025-02-28T15:26:33Z</time>
    <extensions>
     <gpxtpx:TrackPointExtension>
      <gpxtpx:hr>121</gpxtpx:hr>
     </gpxtpx:TrackPointExtension>
    </extensions>
   </trkpt>
   <trkpt lat="69.6567290" lon="19.0379490">
    <ele>443.0</ele>
    <time>2025-02-28T15:26:34Z</time>
    <extensions>
     <gpxtpx:TrackPointExtension>
      <gpxtpx:hr>121</gpxtpx:hr>
     </gpxtpx:TrackPointExtension>
    </extensions>
   </trkpt>
   <trkpt lat="69.6567310" lon="19.0379750">
    <ele>443.0</ele>
    <time>2025-02-28T15:26:35Z</time>
    <extensions>
     <gpxtpx:TrackPointExtension>
      <gpxtpx:hr>125</gpxtpx:hr>
     </gpxtpx:TrackPointExtension>
    </extensions>
   </trkpt>
   <trkpt lat="69.6567300" lon="19.0379710">
    <ele>443.0</ele>
    <time>2025-02-28T15:26:36Z</time>
    <extensions>
     <gpxtpx:TrackPointExtension>
      <gpxtpx:hr>125</gpxtpx:hr>
     </gpxtpx:TrackPointExtension>
    </extensions>
   </trkpt>
   <trkpt lat="69.6567510" lon="19.0380040">
    <ele>443.4</ele>
    <time>2025-02-28T15:26:37Z</time>
    <extensions>
     <gpxtpx:TrackPointExtension>
      <gpxtpx:hr>125</gpxtpx:hr>
     </gpxtpx:TrackPointExtension>
    </extensions>
   </trkpt>
   <trkpt lat="69.6567590" lon="19.0380320">
    <ele>443.8</ele>
    <time>2025-02-28T15:26:38Z</time>
    <extensions>
     <gpxtpx:TrackPointExtension>
      <gpxtpx:hr>125</gpxtpx:hr>
     </gpxtpx:TrackPointExtension>
    </extensions>
   </trkpt>
   <trkpt lat="69.6567720" lon="19.0380470">
    <ele>443.8</ele>
    <time>2025-02-28T15:26:39Z</time>
    <extensions>
     <gpxtpx:TrackPointExtension>
      <gpxtpx:hr>125</gpxtpx:hr>
     </gpxtpx:TrackPointExtension>
    </extensions>
   </trkpt>
   <trkpt lat="69.6567800" lon="19.0380760">
    <ele>444.2</ele>
    <time>2025-02-28T15:26:40Z</time>
    <extensions>
     <gpxtpx:TrackPointExtension>
      <gpxtpx:hr>125</gpxtpx:hr>
     </gpxtpx:TrackPointExtension>
    </extensions>
   </trkpt>
   <trkpt lat="69.6567840" lon="19.0381340">
    <ele>445.0</ele>
    <time>2025-02-28T15:26:41Z</time>
    <extensions>
     <gpxtpx:TrackPointExtension>
      <gpxtpx:hr>125</gpxtpx:hr>
     </gpxtpx:TrackPointExtension>
    </extensions>
   </trkpt>
   <trkpt lat="69.6567840" lon="19.0381700">
    <ele>445.8</ele>
    <time>2025-02-28T15:26:42Z</time>
    <extensions>
     <gpxtpx:TrackPointExtension>
      <gpxtpx:hr>125</gpxtpx:hr>
     </gpxtpx:TrackPointExtension>
    </extensions>
   </trkpt>
   <trkpt lat="69.6567870" lon="19.0381920">
    <ele>446.5</ele>
    <time>2025-02-28T15:26:43Z</time>
    <extensions>
     <gpxtpx:TrackPointExtension>
      <gpxtpx:hr>127</gpxtpx:hr>
     </gpxtpx:TrackPointExtension>
    </extensions>
   </trkpt>
   <trkpt lat="69.6567930" lon="19.0382290">
    <ele>446.2</ele>
    <time>2025-02-28T15:26:44Z</time>
    <extensions>
     <gpxtpx:TrackPointExtension>
      <gpxtpx:hr>127</gpxtpx:hr>
     </gpxtpx:TrackPointExtension>
    </extensions>
   </trkpt>
   <trkpt lat="69.6567910" lon="19.0382540">
    <ele>446.9</ele>
    <time>2025-02-28T15:26:45Z</time>
    <extensions>
     <gpxtpx:TrackPointExtension>
      <gpxtpx:hr>127</gpxtpx:hr>
     </gpxtpx:TrackPointExtension>
    </extensions>
   </trkpt>
   <trkpt lat="69.6568000" lon="19.0382810">
    <ele>447.6</ele>
    <time>2025-02-28T15:26:46Z</time>
    <extensions>
     <gpxtpx:TrackPointExtension>
      <gpxtpx:hr>127</gpxtpx:hr>
     </gpxtpx:TrackPointExtension>
    </extensions>
   </trkpt>
   <trkpt lat="69.6568050" lon="19.0382920">
    <ele>447.3</ele>
    <time>2025-02-28T15:26:47Z</time>
    <extensions>
     <gpxtpx:TrackPointExtension>
      <gpxtpx:hr>127</gpxtpx:hr>
     </gpxtpx:TrackPointExtension>
    </extensions>
   </trkpt>
   <trkpt lat="69.6568180" lon="19.0383200">
    <ele>447.8</ele>
    <time>2025-02-28T15:26:48Z</time>
    <extensions>
     <gpxtpx:TrackPointExtension>
      <gpxtpx:hr>130</gpxtpx:hr>
     </gpxtpx:TrackPointExtension>
    </extensions>
   </trkpt>
   <trkpt lat="69.6568180" lon="19.0383610">
    <ele>447.8</ele>
    <time>2025-02-28T15:26:49Z</time>
    <extensions>
     <gpxtpx:TrackPointExtension>
      <gpxtpx:hr>130</gpxtpx:hr>
     </gpxtpx:TrackPointExtension>
    </extensions>
   </trkpt>
   <trkpt lat="69.6568190" lon="19.0383840">
    <ele>448.4</ele>
    <time>2025-02-28T15:26:50Z</time>
    <extensions>
     <gpxtpx:TrackPointExtension>
      <gpxtpx:hr>130</gpxtpx:hr>
     </gpxtpx:TrackPointExtension>
    </extensions>
   </trkpt>
   <trkpt lat="69.6568300" lon="19.0383940">
    <ele>448.4</ele>
    <time>2025-02-28T15:26:51Z</time>
    <extensions>
     <gpxtpx:TrackPointExtension>
      <gpxtpx:hr>130</gpxtpx:hr>
     </gpxtpx:TrackPointExtension>
    </extensions>
   </trkpt>
   <trkpt lat="69.6568440" lon="19.0384150">
    <ele>448.8</ele>
    <time>2025-02-28T15:26:52Z</time>
    <extensions>
     <gpxtpx:TrackPointExtension>
      <gpxtpx:hr>130</gpxtpx:hr>
     </gpxtpx:TrackPointExtension>
    </extensions>
   </trkpt>
   <trkpt lat="69.6568590" lon="19.0384620">
    <ele>449.2</ele>
    <time>2025-02-28T15:26:53Z</time>
    <extensions>
     <gpxtpx:TrackPointExtension>
      <gpxtpx:hr>130</gpxtpx:hr>
     </gpxtpx:TrackPointExtension>
    </extensions>
   </trkpt>
   <trkpt lat="69.6568660" lon="19.0384750">
    <ele>449.0</ele>
    <time>2025-02-28T15:26:54Z</time>
    <extensions>
     <gpxtpx:TrackPointExtension>
      <gpxtpx:hr>130</gpxtpx:hr>
     </gpxtpx:TrackPointExtension>
    </extensions>
   </trkpt>
   <trkpt lat="69.6568720" lon="19.0384870">
    <ele>449.0</ele>
    <time>2025-02-28T15:26:55Z</time>
    <extensions>
     <gpxtpx:TrackPointExtension>
      <gpxtpx:hr>135</gpxtpx:hr>
     </gpxtpx:TrackPointExtension>
    </extensions>
   </trkpt>
   <trkpt lat="69.6568790" lon="19.0385000">
    <ele>449.4</ele>
    <time>2025-02-28T15:26:56Z</time>
    <extensions>
     <gpxtpx:TrackPointExtension>
      <gpxtpx:hr>135</gpxtpx:hr>
     </gpxtpx:TrackPointExtension>
    </extensions>
   </trkpt>
   <trkpt lat="69.6568860" lon="19.0385130">
    <ele>449.4</ele>
    <time>2025-02-28T15:26:57Z</time>
    <extensions>
     <gpxtpx:TrackPointExtension>
      <gpxtpx:hr>135</gpxtpx:hr>
     </gpxtpx:TrackPointExtension>
    </extensions>
   </trkpt>
   <trkpt lat="69.6569030" lon="19.0385640">
    <ele>449.7</ele>
    <time>2025-02-28T15:26:58Z</time>
    <extensions>
     <gpxtpx:TrackPointExtension>
      <gpxtpx:hr>135</gpxtpx:hr>
     </gpxtpx:TrackPointExtension>
    </extensions>
   </trkpt>
   <trkpt lat="69.6569080" lon="19.0385790">
    <ele>450.1</ele>
    <time>2025-02-28T15:26:59Z</time>
    <extensions>
     <gpxtpx:TrackPointExtension>
      <gpxtpx:hr>135</gpxtpx:hr>
     </gpxtpx:TrackPointExtension>
    </extensions>
   </trkpt>
   <trkpt lat="69.6569180" lon="19.0386090">
    <ele>450.1</ele>
    <time>2025-02-28T15:27:00Z</time>
    <extensions>
     <gpxtpx:TrackPointExtension>
      <gpxtpx:hr>135</gpxtpx:hr>
     </gpxtpx:TrackPointExtension>
    </extensions>
   </trkpt>
   <trkpt lat="69.6569270" lon="19.0386170">
    <ele>449.9</ele>
    <time>2025-02-28T15:27:01Z</time>
    <extensions>
     <gpxtpx:TrackPointExtension>
      <gpxtpx:hr>135</gpxtpx:hr>
     </gpxtpx:TrackPointExtension>
    </extensions>
   </trkpt>
   <trkpt lat="69.6569280" lon="19.0386290">
    <ele>450.5</ele>
    <time>2025-02-28T15:27:02Z</time>
    <extensions>
     <gpxtpx:TrackPointExtension>
      <gpxtpx:hr>135</gpxtpx:hr>
     </gpxtpx:TrackPointExtension>
    </extensions>
   </trkpt>
   <trkpt lat="69.6569340" lon="19.0386440">
    <ele>450.5</ele>
    <time>2025-02-28T15:27:03Z</time>
    <extensions>
     <gpxtpx:TrackPointExtension>
      <gpxtpx:hr>135</gpxtpx:hr>
     </gpxtpx:TrackPointExtension>
    </extensions>
   </trkpt>
   <trkpt lat="69.6569460" lon="19.0386580">
    <ele>450.3</ele>
    <time>2025-02-28T15:27:04Z</time>
    <extensions>
     <gpxtpx:TrackPointExtension>
      <gpxtpx:hr>135</gpxtpx:hr>
     </gpxtpx:TrackPointExtension>
    </extensions>
   </trkpt>
   <trkpt lat="69.6569680" lon="19.0386890">
    <ele>450.4</ele>
    <time>2025-02-28T15:27:05Z</time>
    <extensions>
     <gpxtpx:TrackPointExtension>
      <gpxtpx:hr>141</gpxtpx:hr>
     </gpxtpx:TrackPointExtension>
    </extensions>
   </trkpt>
   <trkpt lat="69.6569810" lon="19.0386940">
    <ele>450.4</ele>
    <time>2025-02-28T15:27:06Z</time>
    <extensions>
     <gpxtpx:TrackPointExtension>
      <gpxtpx:hr>141</gpxtpx:hr>
     </gpxtpx:TrackPointExtension>
    </extensions>
   </trkpt>
   <trkpt lat="69.6569970" lon="19.0387130">
    <ele>450.4</ele>
    <time>2025-02-28T15:27:07Z</time>
    <extensions>
     <gpxtpx:TrackPointExtension>
      <gpxtpx:hr>141</gpxtpx:hr>
     </gpxtpx:TrackPointExtension>
    </extensions>
   </trkpt>
   <trkpt lat="69.6570110" lon="19.0387640">
    <ele>451.1</ele>
    <time>2025-02-28T15:27:08Z</time>
    <extensions>
     <gpxtpx:TrackPointExtension>
      <gpxtpx:hr>141</gpxtpx:hr>
     </gpxtpx:TrackPointExtension>
    </extensions>
   </trkpt>
   <trkpt lat="69.6570170" lon="19.0387890">
    <ele>450.8</ele>
    <time>2025-02-28T15:27:09Z</time>
    <extensions>
     <gpxtpx:TrackPointExtension>
      <gpxtpx:hr>141</gpxtpx:hr>
     </gpxtpx:TrackPointExtension>
    </extensions>
   </trkpt>
   <trkpt lat="69.6570220" lon="19.0388150">
    <ele>451.5</ele>
    <time>2025-02-28T15:27:10Z</time>
    <extensions>
     <gpxtpx:TrackPointExtension>
      <gpxtpx:hr>143</gpxtpx:hr>
     </gpxtpx:TrackPointExtension>
    </extensions>
   </trkpt>
   <trkpt lat="69.6570360" lon="19.0388200">
    <ele>451.2</ele>
    <time>2025-02-28T15:27:11Z</time>
    <extensions>
     <gpxtpx:TrackPointExtension>
      <gpxtpx:hr>143</gpxtpx:hr>
     </gpxtpx:TrackPointExtension>
    </extensions>
   </trkpt>
   <trkpt lat="69.6570550" lon="19.0388370">
    <ele>451.6</ele>
    <time>2025-02-28T15:27:12Z</time>
    <extensions>
     <gpxtpx:TrackPointExtension>
      <gpxtpx:hr>143</gpxtpx:hr>
     </gpxtpx:TrackPointExtension>
    </extensions>
   </trkpt>
   <trkpt lat="69.6570620" lon="19.0388570">
    <ele>451.3</ele>
    <time>2025-02-28T15:27:13Z</time>
    <extensions>
     <gpxtpx:TrackPointExtension>
      <gpxtpx:hr>143</gpxtpx:hr>
     </gpxtpx:TrackPointExtension>
    </extensions>
   </trkpt>
   <trkpt lat="69.6570640" lon="19.0388790">
    <ele>452.0</ele>
    <time>2025-02-28T15:27:14Z</time>
    <extensions>
     <gpxtpx:TrackPointExtension>
      <gpxtpx:hr>143</gpxtpx:hr>
     </gpxtpx:TrackPointExtension>
    </extensions>
   </trkpt>
   <trkpt lat="69.6570690" lon="19.0389130">
    <ele>452.0</ele>
    <time>2025-02-28T15:27:15Z</time>
    <extensions>
     <gpxtpx:TrackPointExtension>
      <gpxtpx:hr>143</gpxtpx:hr>
     </gpxtpx:TrackPointExtension>
    </extensions>
   </trkpt>
   <trkpt lat="69.6570760" lon="19.0389540">
    <ele>452.4</ele>
    <time>2025-02-28T15:27:16Z</time>
    <extensions>
     <gpxtpx:TrackPointExtension>
      <gpxtpx:hr>143</gpxtpx:hr>
     </gpxtpx:TrackPointExtension>
    </extensions>
   </trkpt>
   <trkpt lat="69.6570780" lon="19.0389590">
    <ele>452.4</ele>
    <time>2025-02-28T15:27:17Z</time>
    <extensions>
     <gpxtpx:TrackPointExtension>
      <gpxtpx:hr>143</gpxtpx:hr>
     </gpxtpx:TrackPointExtension>
    </extensions>
   </trkpt>
   <trkpt lat="69.6570830" lon="19.0389800">
    <ele>453.1</ele>
    <time>2025-02-28T15:27:18Z</time>
    <extensions>
     <gpxtpx:TrackPointExtension>
      <gpxtpx:hr>143</gpxtpx:hr>
     </gpxtpx:TrackPointExtension>
    </extensions>
   </trkpt>
   <trkpt lat="69.6570920" lon="19.0389990">
    <ele>452.8</ele>
    <time>2025-02-28T15:27:19Z</time>
    <extensions>
     <gpxtpx:TrackPointExtension>
      <gpxtpx:hr>143</gpxtpx:hr>
     </gpxtpx:TrackPointExtension>
    </extensions>
   </trkpt>
   <trkpt lat="69.6571030" lon="19.0390280">
    <ele>453.2</ele>
    <time>2025-02-28T15:27:20Z</time>
    <extensions>
     <gpxtpx:TrackPointExtension>
      <gpxtpx:hr>143</gpxtpx:hr>
     </gpxtpx:TrackPointExtension>
    </extensions>
   </trkpt>
   <trkpt lat="69.6571110" lon="19.0390660">
    <ele>453.9</ele>
    <time>2025-02-28T15:27:21Z</time>
    <extensions>
     <gpxtpx:TrackPointExtension>
      <gpxtpx:hr>143</gpxtpx:hr>
     </gpxtpx:TrackPointExtension>
    </extensions>
   </trkpt>
   <trkpt lat="69.6571210" lon="19.0390830">
    <ele>453.6</ele>
    <time>2025-02-28T15:27:22Z</time>
    <extensions>
     <gpxtpx:TrackPointExtension>
      <gpxtpx:hr>143</gpxtpx:hr>
     </gpxtpx:TrackPointExtension>
    </extensions>
   </trkpt>
   <trkpt lat="69.6571400" lon="19.0391330">
    <ele>454.0</ele>
    <time>2025-02-28T15:27:23Z</time>
    <extensions>
     <gpxtpx:TrackPointExtension>
      <gpxtpx:hr>143</gpxtpx:hr>
     </gpxtpx:TrackPointExtension>
    </extensions>
   </trkpt>
   <trkpt lat="69.6571460" lon="19.0391580">
    <ele>454.4</ele>
    <time>2025-02-28T15:27:24Z</time>
    <extensions>
     <gpxtpx:TrackPointExtension>
      <gpxtpx:hr>143</gpxtpx:hr>
     </gpxtpx:TrackPointExtension>
    </extensions>
   </trkpt>
   <trkpt lat="69.6571530" lon="19.0391840">
    <ele>455.0</ele>
    <time>2025-02-28T15:27:25Z</time>
    <extensions>
     <gpxtpx:TrackPointExtension>
      <gpxtpx:hr>140</gpxtpx:hr>
     </gpxtpx:TrackPointExtension>
    </extensions>
   </trkpt>
   <trkpt lat="69.6571590" lon="19.0392090">
    <ele>455.0</ele>
    <time>2025-02-28T15:27:26Z</time>
    <extensions>
     <gpxtpx:TrackPointExtension>
      <gpxtpx:hr>140</gpxtpx:hr>
     </gpxtpx:TrackPointExtension>
    </extensions>
   </trkpt>
   <trkpt lat="69.6571650" lon="19.0392350">
    <ele>455.3</ele>
    <time>2025-02-28T15:27:27Z</time>
    <extensions>
     <gpxtpx:TrackPointExtension>
      <gpxtpx:hr>140</gpxtpx:hr>
     </gpxtpx:TrackPointExtension>
    </extensions>
   </trkpt>
   <trkpt lat="69.6571790" lon="19.0392460">
    <ele>455.1</ele>
    <time>2025-02-28T15:27:28Z</time>
    <extensions>
     <gpxtpx:TrackPointExtension>
      <gpxtpx:hr>140</gpxtpx:hr>
     </gpxtpx:TrackPointExtension>
    </extensions>
   </trkpt>
   <trkpt lat="69.6571910" lon="19.0392790">
    <ele>455.4</ele>
    <time>2025-02-28T15:27:29Z</time>
    <extensions>
     <gpxtpx:TrackPointExtension>
      <gpxtpx:hr>140</gpxtpx:hr>
     </gpxtpx:TrackPointExtension>
    </extensions>
   </trkpt>
   <trkpt lat="69.6571990" lon="19.0392960">
    <ele>455.4</ele>
    <time>2025-02-28T15:27:30Z</time>
    <extensions>
     <gpxtpx:TrackPointExtension>
      <gpxtpx:hr>140</gpxtpx:hr>
     </gpxtpx:TrackPointExtension>
    </extensions>
   </trkpt>
   <trkpt lat="69.6572100" lon="19.0393330">
    <ele>455.9</ele>
    <time>2025-02-28T15:27:31Z</time>
    <extensions>
     <gpxtpx:TrackPointExtension>
      <gpxtpx:hr>140</gpxtpx:hr>
     </gpxtpx:TrackPointExtension>
    </extensions>
   </trkpt>
   <trkpt lat="69.6572160" lon="19.0393520">
    <ele>456.4</ele>
    <time>2025-02-28T15:27:32Z</time>
    <extensions>
     <gpxtpx:TrackPointExtension>
      <gpxtpx:hr>140</gpxtpx:hr>
     </gpxtpx:TrackPointExtension>
    </extensions>
   </trkpt>
   <trkpt lat="69.6572230" lon="19.0393700">
    <ele>456.2</ele>
    <time>2025-02-28T15:27:33Z</time>
    <extensions>
     <gpxtpx:TrackPointExtension>
      <gpxtpx:hr>140</gpxtpx:hr>
     </gpxtpx:TrackPointExtension>
    </extensions>
   </trkpt>
   <trkpt lat="69.6572380" lon="19.0393970">
    <ele>456.5</ele>
    <time>2025-02-28T15:27:34Z</time>
    <extensions>
     <gpxtpx:TrackPointExtension>
      <gpxtpx:hr>140</gpxtpx:hr>
     </gpxtpx:TrackPointExtension>
    </extensions>
   </trkpt>
   <trkpt lat="69.6572500" lon="19.0394090">
    <ele>456.5</ele>
    <time>2025-02-28T15:27:35Z</time>
    <extensions>
     <gpxtpx:TrackPointExtension>
      <gpxtpx:hr>141</gpxtpx:hr>
     </gpxtpx:TrackPointExtension>
    </extensions>
   </trkpt>
   <trkpt lat="69.6572770" lon="19.0394430">
    <ele>456.5</ele>
    <time>2025-02-28T15:27:36Z</time>
    <extensions>
     <gpxtpx:TrackPointExtension>
      <gpxtpx:hr>141</gpxtpx:hr>
     </gpxtpx:TrackPointExtension>
    </extensions>
   </trkpt>
   <trkpt lat="69.6572840" lon="19.0394530">
    <ele>456.3</ele>
    <time>2025-02-28T15:27:37Z</time>
    <extensions>
     <gpxtpx:TrackPointExtension>
      <gpxtpx:hr>141</gpxtpx:hr>
     </gpxtpx:TrackPointExtension>
    </extensions>
   </trkpt>
   <trkpt lat="69.6572910" lon="19.0394630">
    <ele>456.3</ele>
    <time>2025-02-28T15:27:38Z</time>
    <extensions>
     <gpxtpx:TrackPointExtension>
      <gpxtpx:hr>141</gpxtpx:hr>
     </gpxtpx:TrackPointExtension>
    </extensions>
   </trkpt>
   <trkpt lat="69.6573130" lon="19.0394990">
    <ele>456.3</ele>
    <time>2025-02-28T15:27:39Z</time>
    <extensions>
     <gpxtpx:TrackPointExtension>
      <gpxtpx:hr>141</gpxtpx:hr>
     </gpxtpx:TrackPointExtension>
    </extensions>
   </trkpt>
   <trkpt lat="69.6573190" lon="19.0395190">
    <ele>456.3</ele>
    <time>2025-02-28T15:27:40Z</time>
    <extensions>
     <gpxtpx:TrackPointExtension>
      <gpxtpx:hr>141</gpxtpx:hr>
     </gpxtpx:TrackPointExtension>
    </extensions>
   </trkpt>
   <trkpt lat="69.6573290" lon="19.0395880">
    <ele>457.3</ele>
    <time>2025-02-28T15:27:41Z</time>
    <extensions>
     <gpxtpx:TrackPointExtension>
      <gpxtpx:hr>141</gpxtpx:hr>
     </gpxtpx:TrackPointExtension>
    </extensions>
   </trkpt>
   <trkpt lat="69.6573350" lon="19.0396170">
    <ele>457.9</ele>
    <time>2025-02-28T15:27:42Z</time>
    <extensions>
     <gpxtpx:TrackPointExtension>
      <gpxtpx:hr>141</gpxtpx:hr>
     </gpxtpx:TrackPointExtension>
    </extensions>
   </trkpt>
   <trkpt lat="69.6573400" lon="19.0396450">
    <ele>457.7</ele>
    <time>2025-02-28T15:27:43Z</time>
    <extensions>
     <gpxtpx:TrackPointExtension>
      <gpxtpx:hr>141</gpxtpx:hr>
     </gpxtpx:TrackPointExtension>
    </extensions>
   </trkpt>
   <trkpt lat="69.6573390" lon="19.0396610">
    <ele>458.6</ele>
    <time>2025-02-28T15:27:44Z</time>
    <extensions>
     <gpxtpx:TrackPointExtension>
      <gpxtpx:hr>142</gpxtpx:hr>
     </gpxtpx:TrackPointExtension>
    </extensions>
   </trkpt>
   <trkpt lat="69.6573470" lon="19.0396860">
    <ele>458.3</ele>
    <time>2025-02-28T15:27:45Z</time>
    <extensions>
     <gpxtpx:TrackPointExtension>
      <gpxtpx:hr>142</gpxtpx:hr>
     </gpxtpx:TrackPointExtension>
    </extensions>
   </trkpt>
   <trkpt lat="69.6573570" lon="19.0397030">
    <ele>458.7</ele>
    <time>2025-02-28T15:27:46Z</time>
    <extensions>
     <gpxtpx:TrackPointExtension>
      <gpxtpx:hr>142</gpxtpx:hr>
     </gpxtpx:TrackPointExtension>
    </extensions>
   </trkpt>
   <trkpt lat="69.6573710" lon="19.0397200">
    <ele>458.4</ele>
    <time>2025-02-28T15:27:47Z</time>
    <extensions>
     <gpxtpx:TrackPointExtension>
      <gpxtpx:hr>142</gpxtpx:hr>
     </gpxtpx:TrackPointExtension>
    </extensions>
   </trkpt>
   <trkpt lat="69.6573790" lon="19.0397350">
    <ele>458.4</ele>
    <time>2025-02-28T15:27:48Z</time>
    <extensions>
     <gpxtpx:TrackPointExtension>
      <gpxtpx:hr>142</gpxtpx:hr>
     </gpxtpx:TrackPointExtension>
    </extensions>
   </trkpt>
   <trkpt lat="69.6573900" lon="19.0397900">
    <ele>459.4</ele>
    <time>2025-02-28T15:27:49Z</time>
    <extensions>
     <gpxtpx:TrackPointExtension>
      <gpxtpx:hr>142</gpxtpx:hr>
     </gpxtpx:TrackPointExtension>
    </extensions>
   </trkpt>
   <trkpt lat="69.6573910" lon="19.0398100">
    <ele>459.4</ele>
    <time>2025-02-28T15:27:50Z</time>
    <extensions>
     <gpxtpx:TrackPointExtension>
      <gpxtpx:hr>142</gpxtpx:hr>
     </gpxtpx:TrackPointExtension>
    </extensions>
   </trkpt>
   <trkpt lat="69.6574040" lon="19.0398140">
    <ele>459.2</ele>
    <time>2025-02-28T15:27:51Z</time>
    <extensions>
     <gpxtpx:TrackPointExtension>
      <gpxtpx:hr>142</gpxtpx:hr>
     </gpxtpx:TrackPointExtension>
    </extensions>
   </trkpt>
   <trkpt lat="69.6574120" lon="19.0398110">
    <ele>459.2</ele>
    <time>2025-02-28T15:27:52Z</time>
    <extensions>
     <gpxtpx:TrackPointExtension>
      <gpxtpx:hr>142</gpxtpx:hr>
     </gpxtpx:TrackPointExtension>
    </extensions>
   </trkpt>
   <trkpt lat="69.6574270" lon="19.0398390">
    <ele>459.6</ele>
    <time>2025-02-28T15:27:53Z</time>
    <extensions>
     <gpxtpx:TrackPointExtension>
      <gpxtpx:hr>142</gpxtpx:hr>
     </gpxtpx:TrackPointExtension>
    </extensions>
   </trkpt>
   <trkpt lat="69.6574320" lon="19.0398740">
    <ele>459.9</ele>
    <time>2025-02-28T15:27:54Z</time>
    <extensions>
     <gpxtpx:TrackPointExtension>
      <gpxtpx:hr>142</gpxtpx:hr>
     </gpxtpx:TrackPointExtension>
    </extensions>
   </trkpt>
   <trkpt lat="69.6574380" lon="19.0399080">
    <ele>460.5</ele>
    <time>2025-02-28T15:27:55Z</time>
    <extensions>
     <gpxtpx:TrackPointExtension>
      <gpxtpx:hr>142</gpxtpx:hr>
     </gpxtpx:TrackPointExtension>
    </extensions>
   </trkpt>
   <trkpt lat="69.6574540" lon="19.0399350">
    <ele>460.2</ele>
    <time>2025-02-28T15:27:56Z</time>
    <extensions>
     <gpxtpx:TrackPointExtension>
      <gpxtpx:hr>142</gpxtpx:hr>
     </gpxtpx:TrackPointExtension>
    </extensions>
   </trkpt>
   <trkpt lat="69.6574590" lon="19.0399490">
    <ele>460.2</ele>
    <time>2025-02-28T15:27:57Z</time>
    <extensions>
     <gpxtpx:TrackPointExtension>
      <gpxtpx:hr>142</gpxtpx:hr>
     </gpxtpx:TrackPointExtension>
    </extensions>
   </trkpt>
   <trkpt lat="69.6574650" lon="19.0399640">
    <ele>460.5</ele>
    <time>2025-02-28T15:27:58Z</time>
    <extensions>
     <gpxtpx:TrackPointExtension>
      <gpxtpx:hr>142</gpxtpx:hr>
     </gpxtpx:TrackPointExtension>
    </extensions>
   </trkpt>
   <trkpt lat="69.6574800" lon="19.0400400">
    <ele>461.2</ele>
    <time>2025-02-28T15:27:59Z</time>
    <extensions>
     <gpxtpx:TrackPointExtension>
      <gpxtpx:hr>142</gpxtpx:hr>
     </gpxtpx:TrackPointExtension>
    </extensions>
   </trkpt>
   <trkpt lat="69.6574840" lon="19.0400630">
    <ele>461.2</ele>
    <time>2025-02-28T15:28:00Z</time>
    <extensions>
     <gpxtpx:TrackPointExtension>
      <gpxtpx:hr>142</gpxtpx:hr>
     </gpxtpx:TrackPointExtension>
    </extensions>
   </trkpt>
   <trkpt lat="69.6574890" lon="19.0400850">
    <ele>461.7</ele>
    <time>2025-02-28T15:28:01Z</time>
    <extensions>
     <gpxtpx:TrackPointExtension>
      <gpxtpx:hr>142</gpxtpx:hr>
     </gpxtpx:TrackPointExtension>
    </extensions>
   </trkpt>
   <trkpt lat="69.6574930" lon="19.0401080">
    <ele>461.4</ele>
    <time>2025-02-28T15:28:02Z</time>
    <extensions>
     <gpxtpx:TrackPointExtension>
      <gpxtpx:hr>142</gpxtpx:hr>
     </gpxtpx:TrackPointExtension>
    </extensions>
   </trkpt>
   <trkpt lat="69.6574980" lon="19.0401310">
    <ele>461.9</ele>
    <time>2025-02-28T15:28:03Z</time>
    <extensions>
     <gpxtpx:TrackPointExtension>
      <gpxtpx:hr>141</gpxtpx:hr>
     </gpxtpx:TrackPointExtension>
    </extensions>
   </trkpt>
   <trkpt lat="69.6575070" lon="19.0401610">
    <ele>461.6</ele>
    <time>2025-02-28T15:28:04Z</time>
    <extensions>
     <gpxtpx:TrackPointExtension>
      <gpxtpx:hr>141</gpxtpx:hr>
     </gpxtpx:TrackPointExtension>
    </extensions>
   </trkpt>
   <trkpt lat="69.6575150" lon="19.0401690">
    <ele>462.0</ele>
    <time>2025-02-28T15:28:05Z</time>
    <extensions>
     <gpxtpx:TrackPointExtension>
      <gpxtpx:hr>141</gpxtpx:hr>
     </gpxtpx:TrackPointExtension>
    </extensions>
   </trkpt>
   <trkpt lat="69.6575250" lon="19.0401920">
    <ele>461.8</ele>
    <time>2025-02-28T15:28:06Z</time>
    <extensions>
     <gpxtpx:TrackPointExtension>
      <gpxtpx:hr>141</gpxtpx:hr>
     </gpxtpx:TrackPointExtension>
    </extensions>
   </trkpt>
   <trkpt lat="69.6575380" lon="19.0401970">
    <ele>461.5</ele>
    <time>2025-02-28T15:28:07Z</time>
    <extensions>
     <gpxtpx:TrackPointExtension>
      <gpxtpx:hr>141</gpxtpx:hr>
     </gpxtpx:TrackPointExtension>
    </extensions>
   </trkpt>
   <trkpt lat="69.6575520" lon="19.0402160">
    <ele>461.7</ele>
    <time>2025-02-28T15:28:08Z</time>
    <extensions>
     <gpxtpx:TrackPointExtension>
      <gpxtpx:hr>141</gpxtpx:hr>
     </gpxtpx:TrackPointExtension>
    </extensions>
   </trkpt>
   <trkpt lat="69.6575580" lon="19.0402220">
    <ele>461.7</ele>
    <time>2025-02-28T15:28:09Z</time>
    <extensions>
     <gpxtpx:TrackPointExtension>
      <gpxtpx:hr>141</gpxtpx:hr>
     </gpxtpx:TrackPointExtension>
    </extensions>
   </trkpt>
   <trkpt lat="69.6575650" lon="19.0402230">
    <ele>461.5</ele>
    <time>2025-02-28T15:28:10Z</time>
    <extensions>
     <gpxtpx:TrackPointExtension>
      <gpxtpx:hr>141</gpxtpx:hr>
     </gpxtpx:TrackPointExtension>
    </extensions>
   </trkpt>
   <trkpt lat="69.6575760" lon="19.0402240">
    <ele>461.5</ele>
    <time>2025-02-28T15:28:11Z</time>
    <extensions>
     <gpxtpx:TrackPointExtension>
      <gpxtpx:hr>141</gpxtpx:hr>
     </gpxtpx:TrackPointExtension>
    </extensions>
   </trkpt>
   <trkpt lat="69.6575860" lon="19.0402280">
    <ele>461.2</ele>
    <time>2025-02-28T15:28:12Z</time>
    <extensions>
     <gpxtpx:TrackPointExtension>
      <gpxtpx:hr>141</gpxtpx:hr>
     </gpxtpx:TrackPointExtension>
    </extensions>
   </trkpt>
   <trkpt lat="69.6575960" lon="19.0402290">
    <ele>460.9</ele>
    <time>2025-02-28T15:28:13Z</time>
    <extensions>
     <gpxtpx:TrackPointExtension>
      <gpxtpx:hr>141</gpxtpx:hr>
     </gpxtpx:TrackPointExtension>
    </extensions>
   </trkpt>
   <trkpt lat="69.6576120" lon="19.0402590">
    <ele>461.2</ele>
    <time>2025-02-28T15:28:14Z</time>
    <extensions>
     <gpxtpx:TrackPointExtension>
      <gpxtpx:hr>139</gpxtpx:hr>
     </gpxtpx:TrackPointExtension>
    </extensions>
   </trkpt>
   <trkpt lat="69.6576260" lon="19.0402690">
    <ele>460.9</ele>
    <time>2025-02-28T15:28:15Z</time>
    <extensions>
     <gpxtpx:TrackPointExtension>
      <gpxtpx:hr>139</gpxtpx:hr>
     </gpxtpx:TrackPointExtension>
    </extensions>
   </trkpt>
   <trkpt lat="69.6576350" lon="19.0402700">
    <ele>460.9</ele>
    <time>2025-02-28T15:28:16Z</time>
    <extensions>
     <gpxtpx:TrackPointExtension>
      <gpxtpx:hr>139</gpxtpx:hr>
     </gpxtpx:TrackPointExtension>
    </extensions>
   </trkpt>
   <trkpt lat="69.6576370" lon="19.0402860">
    <ele>460.9</ele>
    <time>2025-02-28T15:28:17Z</time>
    <extensions>
     <gpxtpx:TrackPointExtension>
      <gpxtpx:hr>139</gpxtpx:hr>
     </gpxtpx:TrackPointExtension>
    </extensions>
   </trkpt>
   <trkpt lat="69.6576450" lon="19.0403120">
    <ele>461.2</ele>
    <time>2025-02-28T15:28:18Z</time>
    <extensions>
     <gpxtpx:TrackPointExtension>
      <gpxtpx:hr>139</gpxtpx:hr>
     </gpxtpx:TrackPointExtension>
    </extensions>
   </trkpt>
   <trkpt lat="69.6576520" lon="19.0403100">
    <ele>461.2</ele>
    <time>2025-02-28T15:28:19Z</time>
    <extensions>
     <gpxtpx:TrackPointExtension>
      <gpxtpx:hr>138</gpxtpx:hr>
     </gpxtpx:TrackPointExtension>
    </extensions>
   </trkpt>
   <trkpt lat="69.6576510" lon="19.0403130">
    <ele>461.2</ele>
    <time>2025-02-28T15:28:21Z</time>
    <extensions>
     <gpxtpx:TrackPointExtension>
      <gpxtpx:hr>138</gpxtpx:hr>
     </gpxtpx:TrackPointExtension>
    </extensions>
   </trkpt>
   <trkpt lat="69.6576510" lon="19.0403150">
    <ele>461.2</ele>
    <time>2025-02-28T15:28:22Z</time>
    <extensions>
     <gpxtpx:TrackPointExtension>
      <gpxtpx:hr>138</gpxtpx:hr>
     </gpxtpx:TrackPointExtension>
    </extensions>
   </trkpt>
   <trkpt lat="69.6576500" lon="19.0403180">
    <ele>461.2</ele>
    <time>2025-02-28T15:28:23Z</time>
    <extensions>
     <gpxtpx:TrackPointExtension>
      <gpxtpx:hr>138</gpxtpx:hr>
     </gpxtpx:TrackPointExtension>
    </extensions>
   </trkpt>
   <trkpt lat="69.6576500" lon="19.0403210">
    <ele>461.2</ele>
    <time>2025-02-28T15:28:24Z</time>
    <extensions>
     <gpxtpx:TrackPointExtension>
      <gpxtpx:hr>138</gpxtpx:hr>
     </gpxtpx:TrackPointExtension>
    </extensions>
   </trkpt>
   <trkpt lat="69.6576500" lon="19.0403240">
    <ele>461.2</ele>
    <time>2025-02-28T15:28:25Z</time>
    <extensions>
     <gpxtpx:TrackPointExtension>
      <gpxtpx:hr>138</gpxtpx:hr>
     </gpxtpx:TrackPointExtension>
    </extensions>
   </trkpt>
   <trkpt lat="69.6576490" lon="19.0403270">
    <ele>461.2</ele>
    <time>2025-02-28T15:28:26Z</time>
    <extensions>
     <gpxtpx:TrackPointExtension>
      <gpxtpx:hr>137</gpxtpx:hr>
     </gpxtpx:TrackPointExtension>
    </extensions>
   </trkpt>
   <trkpt lat="69.6576490" lon="19.0403300">
    <ele>461.2</ele>
    <time>2025-02-28T15:28:27Z</time>
    <extensions>
     <gpxtpx:TrackPointExtension>
      <gpxtpx:hr>137</gpxtpx:hr>
     </gpxtpx:TrackPointExtension>
    </extensions>
   </trkpt>
   <trkpt lat="69.6576490" lon="19.0403320">
    <ele>461.2</ele>
    <time>2025-02-28T15:28:28Z</time>
    <extensions>
     <gpxtpx:TrackPointExtension>
      <gpxtpx:hr>137</gpxtpx:hr>
     </gpxtpx:TrackPointExtension>
    </extensions>
   </trkpt>
   <trkpt lat="69.6576480" lon="19.0403350">
    <ele>461.2</ele>
    <time>2025-02-28T15:28:29Z</time>
    <extensions>
     <gpxtpx:TrackPointExtension>
      <gpxtpx:hr>137</gpxtpx:hr>
     </gpxtpx:TrackPointExtension>
    </extensions>
   </trkpt>
   <trkpt lat="69.6576480" lon="19.0403380">
    <ele>461.7</ele>
    <time>2025-02-28T15:28:30Z</time>
    <extensions>
     <gpxtpx:TrackPointExtension>
      <gpxtpx:hr>137</gpxtpx:hr>
     </gpxtpx:TrackPointExtension>
    </extensions>
   </trkpt>
   <trkpt lat="69.6576470" lon="19.0403410">
    <ele>461.7</ele>
    <time>2025-02-28T15:28:31Z</time>
    <extensions>
     <gpxtpx:TrackPointExtension>
      <gpxtpx:hr>132</gpxtpx:hr>
     </gpxtpx:TrackPointExtension>
    </extensions>
   </trkpt>
   <trkpt lat="69.6576470" lon="19.0403440">
    <ele>461.7</ele>
    <time>2025-02-28T15:28:32Z</time>
    <extensions>
     <gpxtpx:TrackPointExtension>
      <gpxtpx:hr>132</gpxtpx:hr>
     </gpxtpx:TrackPointExtension>
    </extensions>
   </trkpt>
   <trkpt lat="69.6576470" lon="19.0403460">
    <ele>461.7</ele>
    <time>2025-02-28T15:28:33Z</time>
    <extensions>
     <gpxtpx:TrackPointExtension>
      <gpxtpx:hr>132</gpxtpx:hr>
     </gpxtpx:TrackPointExtension>
    </extensions>
   </trkpt>
   <trkpt lat="69.6576460" lon="19.0403490">
    <ele>461.7</ele>
    <time>2025-02-28T15:28:34Z</time>
    <extensions>
     <gpxtpx:TrackPointExtension>
      <gpxtpx:hr>132</gpxtpx:hr>
     </gpxtpx:TrackPointExtension>
    </extensions>
   </trkpt>
   <trkpt lat="69.6576460" lon="19.0403520">
    <ele>461.7</ele>
    <time>2025-02-28T15:28:35Z</time>
    <extensions>
     <gpxtpx:TrackPointExtension>
      <gpxtpx:hr>132</gpxtpx:hr>
     </gpxtpx:TrackPointExtension>
    </extensions>
   </trkpt>
   <trkpt lat="69.6576450" lon="19.0403550">
    <ele>461.7</ele>
    <time>2025-02-28T15:28:36Z</time>
    <extensions>
     <gpxtpx:TrackPointExtension>
      <gpxtpx:hr>132</gpxtpx:hr>
     </gpxtpx:TrackPointExtension>
    </extensions>
   </trkpt>
   <trkpt lat="69.6576450" lon="19.0403580">
    <ele>461.7</ele>
    <time>2025-02-28T15:28:37Z</time>
    <extensions>
     <gpxtpx:TrackPointExtension>
      <gpxtpx:hr>132</gpxtpx:hr>
     </gpxtpx:TrackPointExtension>
    </extensions>
   </trkpt>
   <trkpt lat="69.6576450" lon="19.0403610">
    <ele>461.7</ele>
    <time>2025-02-28T15:28:38Z</time>
    <extensions>
     <gpxtpx:TrackPointExtension>
      <gpxtpx:hr>132</gpxtpx:hr>
     </gpxtpx:TrackPointExtension>
    </extensions>
   </trkpt>
   <trkpt lat="69.6576440" lon="19.0403630">
    <ele>461.7</ele>
    <time>2025-02-28T15:28:39Z</time>
    <extensions>
     <gpxtpx:TrackPointExtension>
      <gpxtpx:hr>132</gpxtpx:hr>
     </gpxtpx:TrackPointExtension>
    </extensions>
   </trkpt>
   <trkpt lat="69.6576440" lon="19.0403660">
    <ele>461.7</ele>
    <time>2025-02-28T15:28:40Z</time>
    <extensions>
     <gpxtpx:TrackPointExtension>
      <gpxtpx:hr>111</gpxtpx:hr>
     </gpxtpx:TrackPointExtension>
    </extensions>
   </trkpt>
   <trkpt lat="69.6576440" lon="19.0403690">
    <ele>461.7</ele>
    <time>2025-02-28T15:28:45Z</time>
    <extensions>
     <gpxtpx:TrackPointExtension>
      <gpxtpx:hr>109</gpxtpx:hr>
     </gpxtpx:TrackPointExtension>
    </extensions>
   </trkpt>
   <trkpt lat="69.6576430" lon="19.0403720">
    <ele>461.7</ele>
    <time>2025-02-28T15:28:46Z</time>
    <extensions>
     <gpxtpx:TrackPointExtension>
      <gpxtpx:hr>109</gpxtpx:hr>
     </gpxtpx:TrackPointExtension>
    </extensions>
   </trkpt>
   <trkpt lat="69.6576430" lon="19.0403750">
    <ele>461.7</ele>
    <time>2025-02-28T15:28:53Z</time>
    <extensions>
     <gpxtpx:TrackPointExtension>
      <gpxtpx:hr>108</gpxtpx:hr>
     </gpxtpx:TrackPointExtension>
    </extensions>
   </trkpt>
   <trkpt lat="69.6576420" lon="19.0403770">
    <ele>461.7</ele>
    <time>2025-02-28T15:28:57Z</time>
    <extensions>
     <gpxtpx:TrackPointExtension>
      <gpxtpx:hr>108</gpxtpx:hr>
     </gpxtpx:TrackPointExtension>
    </extensions>
   </trkpt>
   <trkpt lat="69.6576420" lon="19.0403800">
    <ele>462.2</ele>
    <time>2025-02-28T15:28:58Z</time>
    <extensions>
     <gpxtpx:TrackPointExtension>
      <gpxtpx:hr>108</gpxtpx:hr>
     </gpxtpx:TrackPointExtension>
    </extensions>
   </trkpt>
   <trkpt lat="69.6576420" lon="19.0403830">
    <ele>462.2</ele>
    <time>2025-02-28T15:28:59Z</time>
    <extensions>
     <gpxtpx:TrackPointExtension>
      <gpxtpx:hr>108</gpxtpx:hr>
     </gpxtpx:TrackPointExtension>
    </extensions>
   </trkpt>
   <trkpt lat="69.6576410" lon="19.0403860">
    <ele>462.2</ele>
    <time>2025-02-28T15:29:00Z</time>
    <extensions>
     <gpxtpx:TrackPointExtension>
      <gpxtpx:hr>115</gpxtpx:hr>
     </gpxtpx:TrackPointExtension>
    </extensions>
   </trkpt>
   <trkpt lat="69.6576410" lon="19.0403890">
    <ele>462.2</ele>
    <time>2025-02-28T15:29:01Z</time>
    <extensions>
     <gpxtpx:TrackPointExtension>
      <gpxtpx:hr>115</gpxtpx:hr>
     </gpxtpx:TrackPointExtension>
    </extensions>
   </trkpt>
   <trkpt lat="69.6576410" lon="19.0403920">
    <ele>462.2</ele>
    <time>2025-02-28T15:29:02Z</time>
    <extensions>
     <gpxtpx:TrackPointExtension>
      <gpxtpx:hr>115</gpxtpx:hr>
     </gpxtpx:TrackPointExtension>
    </extensions>
   </trkpt>
   <trkpt lat="69.6576400" lon="19.0403940">
    <ele>462.2</ele>
    <time>2025-02-28T15:29:03Z</time>
    <extensions>
     <gpxtpx:TrackPointExtension>
      <gpxtpx:hr>115</gpxtpx:hr>
     </gpxtpx:TrackPointExtension>
    </extensions>
   </trkpt>
   <trkpt lat="69.6576400" lon="19.0403970">
    <ele>462.2</ele>
    <time>2025-02-28T15:29:04Z</time>
    <extensions>
     <gpxtpx:TrackPointExtension>
      <gpxtpx:hr>117</gpxtpx:hr>
     </gpxtpx:TrackPointExtension>
    </extensions>
   </trkpt>
   <trkpt lat="69.6576390" lon="19.0404000">
    <ele>462.2</ele>
    <time>2025-02-28T15:29:05Z</time>
    <extensions>
     <gpxtpx:TrackPointExtension>
      <gpxtpx:hr>117</gpxtpx:hr>
     </gpxtpx:TrackPointExtension>
    </extensions>
   </trkpt>
   <trkpt lat="69.6576390" lon="19.0404030">
    <ele>462.2</ele>
    <time>2025-02-28T15:29:06Z</time>
    <extensions>
     <gpxtpx:TrackPointExtension>
      <gpxtpx:hr>117</gpxtpx:hr>
     </gpxtpx:TrackPointExtension>
    </extensions>
   </trkpt>
   <trkpt lat="69.6576390" lon="19.0404060">
    <ele>462.2</ele>
    <time>2025-02-28T15:29:07Z</time>
    <extensions>
     <gpxtpx:TrackPointExtension>
      <gpxtpx:hr>117</gpxtpx:hr>
     </gpxtpx:TrackPointExtension>
    </extensions>
   </trkpt>
   <trkpt lat="69.6576380" lon="19.0404080">
    <ele>462.4</ele>
    <time>2025-02-28T15:29:08Z</time>
    <extensions>
     <gpxtpx:TrackPointExtension>
      <gpxtpx:hr>117</gpxtpx:hr>
     </gpxtpx:TrackPointExtension>
    </extensions>
   </trkpt>
   <trkpt lat="69.6576380" lon="19.0404110">
    <ele>462.4</ele>
    <time>2025-02-28T15:29:09Z</time>
    <extensions>
     <gpxtpx:TrackPointExtension>
      <gpxtpx:hr>117</gpxtpx:hr>
     </gpxtpx:TrackPointExtension>
    </extensions>
   </trkpt>
   <trkpt lat="69.6576370" lon="19.0404140">
    <ele>462.4</ele>
    <time>2025-02-28T15:29:10Z</time>
    <extensions>
     <gpxtpx:TrackPointExtension>
      <gpxtpx:hr>117</gpxtpx:hr>
     </gpxtpx:TrackPointExtension>
    </extensions>
   </trkpt>
   <trkpt lat="69.6576370" lon="19.0404170">
    <ele>462.4</ele>
    <time>2025-02-28T15:29:11Z</time>
    <extensions>
     <gpxtpx:TrackPointExtension>
      <gpxtpx:hr>117</gpxtpx:hr>
     </gpxtpx:TrackPointExtension>
    </extensions>
   </trkpt>
   <trkpt lat="69.6576370" lon="19.0404200">
    <ele>462.4</ele>
    <time>2025-02-28T15:29:12Z</time>
    <extensions>
     <gpxtpx:TrackPointExtension>
      <gpxtpx:hr>117</gpxtpx:hr>
     </gpxtpx:TrackPointExtension>
    </extensions>
   </trkpt>
   <trkpt lat="69.6576360" lon="19.0404220">
    <ele>462.4</ele>
    <time>2025-02-28T15:29:13Z</time>
    <extensions>
     <gpxtpx:TrackPointExtension>
      <gpxtpx:hr>113</gpxtpx:hr>
     </gpxtpx:TrackPointExtension>
    </extensions>
   </trkpt>
   <trkpt lat="69.6576360" lon="19.0404250">
    <ele>462.8</ele>
    <time>2025-02-28T15:29:14Z</time>
    <extensions>
     <gpxtpx:TrackPointExtension>
      <gpxtpx:hr>113</gpxtpx:hr>
     </gpxtpx:TrackPointExtension>
    </extensions>
   </trkpt>
   <trkpt lat="69.6576360" lon="19.0404280">
    <ele>462.8</ele>
    <time>2025-02-28T15:29:15Z</time>
    <extensions>
     <gpxtpx:TrackPointExtension>
      <gpxtpx:hr>113</gpxtpx:hr>
     </gpxtpx:TrackPointExtension>
    </extensions>
   </trkpt>
   <trkpt lat="69.6576350" lon="19.0404310">
    <ele>462.8</ele>
    <time>2025-02-28T15:29:16Z</time>
    <extensions>
     <gpxtpx:TrackPointExtension>
      <gpxtpx:hr>113</gpxtpx:hr>
     </gpxtpx:TrackPointExtension>
    </extensions>
   </trkpt>
   <trkpt lat="69.6576350" lon="19.0404340">
    <ele>462.8</ele>
    <time>2025-02-28T15:29:17Z</time>
    <extensions>
     <gpxtpx:TrackPointExtension>
      <gpxtpx:hr>113</gpxtpx:hr>
     </gpxtpx:TrackPointExtension>
    </extensions>
   </trkpt>
   <trkpt lat="69.6576340" lon="19.0404370">
    <ele>462.8</ele>
    <time>2025-02-28T15:29:18Z</time>
    <extensions>
     <gpxtpx:TrackPointExtension>
      <gpxtpx:hr>113</gpxtpx:hr>
     </gpxtpx:TrackPointExtension>
    </extensions>
   </trkpt>
   <trkpt lat="69.6576340" lon="19.0404390">
    <ele>462.8</ele>
    <time>2025-02-28T15:29:19Z</time>
    <extensions>
     <gpxtpx:TrackPointExtension>
      <gpxtpx:hr>113</gpxtpx:hr>
     </gpxtpx:TrackPointExtension>
    </extensions>
   </trkpt>
   <trkpt lat="69.6576340" lon="19.0404420">
    <ele>462.8</ele>
    <time>2025-02-28T15:29:20Z</time>
    <extensions>
     <gpxtpx:TrackPointExtension>
      <gpxtpx:hr>109</gpxtpx:hr>
     </gpxtpx:TrackPointExtension>
    </extensions>
   </trkpt>
   <trkpt lat="69.6576330" lon="19.0404450">
    <ele>462.8</ele>
    <time>2025-02-28T15:29:21Z</time>
    <extensions>
     <gpxtpx:TrackPointExtension>
      <gpxtpx:hr>109</gpxtpx:hr>
     </gpxtpx:TrackPointExtension>
    </extensions>
   </trkpt>
   <trkpt lat="69.6576330" lon="19.0404480">
    <ele>462.8</ele>
    <time>2025-02-28T15:29:22Z</time>
    <extensions>
     <gpxtpx:TrackPointExtension>
      <gpxtpx:hr>109</gpxtpx:hr>
     </gpxtpx:TrackPointExtension>
    </extensions>
   </trkpt>
   <trkpt lat="69.6576320" lon="19.0404510">
    <ele>462.9</ele>
    <time>2025-02-28T15:29:23Z</time>
    <extensions>
     <gpxtpx:TrackPointExtension>
      <gpxtpx:hr>109</gpxtpx:hr>
     </gpxtpx:TrackPointExtension>
    </extensions>
   </trkpt>
   <trkpt lat="69.6576320" lon="19.0404530">
    <ele>462.9</ele>
    <time>2025-02-28T15:29:24Z</time>
    <extensions>
     <gpxtpx:TrackPointExtension>
      <gpxtpx:hr>109</gpxtpx:hr>
     </gpxtpx:TrackPointExtension>
    </extensions>
   </trkpt>
   <trkpt lat="69.6576320" lon="19.0404560">
    <ele>462.9</ele>
    <time>2025-02-28T15:29:25Z</time>
    <extensions>
     <gpxtpx:TrackPointExtension>
      <gpxtpx:hr>108</gpxtpx:hr>
     </gpxtpx:TrackPointExtension>
    </extensions>
   </trkpt>
   <trkpt lat="69.6576310" lon="19.0404590">
    <ele>462.9</ele>
    <time>2025-02-28T15:29:26Z</time>
    <extensions>
     <gpxtpx:TrackPointExtension>
      <gpxtpx:hr>105</gpxtpx:hr>
     </gpxtpx:TrackPointExtension>
    </extensions>
   </trkpt>
   <trkpt lat="69.6576310" lon="19.0404620">
    <ele>462.9</ele>
    <time>2025-02-28T15:29:27Z</time>
    <extensions>
     <gpxtpx:TrackPointExtension>
      <gpxtpx:hr>105</gpxtpx:hr>
     </gpxtpx:TrackPointExtension>
    </extensions>
   </trkpt>
   <trkpt lat="69.6576310" lon="19.0404650">
    <ele>462.9</ele>
    <time>2025-02-28T15:29:28Z</time>
    <extensions>
     <gpxtpx:TrackPointExtension>
      <gpxtpx:hr>105</gpxtpx:hr>
     </gpxtpx:TrackPointExtension>
    </extensions>
   </trkpt>
   <trkpt lat="69.6576300" lon="19.0404680">
    <ele>463.2</ele>
    <time>2025-02-28T15:29:29Z</time>
    <extensions>
     <gpxtpx:TrackPointExtension>
      <gpxtpx:hr>105</gpxtpx:hr>
     </gpxtpx:TrackPointExtension>
    </extensions>
   </trkpt>
   <trkpt lat="69.6576300" lon="19.0404700">
    <ele>463.2</ele>
    <time>2025-02-28T15:29:30Z</time>
    <extensions>
     <gpxtpx:TrackPointExtension>
      <gpxtpx:hr>105</gpxtpx:hr>
     </gpxtpx:TrackPointExtension>
    </extensions>
   </trkpt>
   <trkpt lat="69.6576290" lon="19.0404730">
    <ele>463.2</ele>
    <time>2025-02-28T15:29:31Z</time>
    <extensions>
     <gpxtpx:TrackPointExtension>
      <gpxtpx:hr>105</gpxtpx:hr>
     </gpxtpx:TrackPointExtension>
    </extensions>
   </trkpt>
   <trkpt lat="69.6576290" lon="19.0404760">
    <ele>463.2</ele>
    <time>2025-02-28T15:29:32Z</time>
    <extensions>
     <gpxtpx:TrackPointExtension>
      <gpxtpx:hr>105</gpxtpx:hr>
     </gpxtpx:TrackPointExtension>
    </extensions>
   </trkpt>
   <trkpt lat="69.6576300" lon="19.0404850">
    <ele>463.2</ele>
    <time>2025-02-28T15:29:33Z</time>
    <extensions>
     <gpxtpx:TrackPointExtension>
      <gpxtpx:hr>105</gpxtpx:hr>
     </gpxtpx:TrackPointExtension>
    </extensions>
   </trkpt>
   <trkpt lat="69.6576310" lon="19.0404870">
    <ele>463.2</ele>
    <time>2025-02-28T15:29:34Z</time>
    <extensions>
     <gpxtpx:TrackPointExtension>
      <gpxtpx:hr>105</gpxtpx:hr>
     </gpxtpx:TrackPointExtension>
    </extensions>
   </trkpt>
   <trkpt lat="69.6576310" lon="19.0404880">
    <ele>463.2</ele>
    <time>2025-02-28T15:29:35Z</time>
    <extensions>
     <gpxtpx:TrackPointExtension>
      <gpxtpx:hr>106</gpxtpx:hr>
     </gpxtpx:TrackPointExtension>
    </extensions>
   </trkpt>
   <trkpt lat="69.6576330" lon="19.0404790">
    <ele>463.2</ele>
    <time>2025-02-28T15:29:36Z</time>
    <extensions>
     <gpxtpx:TrackPointExtension>
      <gpxtpx:hr>105</gpxtpx:hr>
     </gpxtpx:TrackPointExtension>
    </extensions>
   </trkpt>
   <trkpt lat="69.6576320" lon="19.0404790">
    <ele>463.2</ele>
    <time>2025-02-28T15:29:37Z</time>
    <extensions>
     <gpxtpx:TrackPointExtension>
      <gpxtpx:hr>105</gpxtpx:hr>
     </gpxtpx:TrackPointExtension>
    </extensions>
   </trkpt>
   <trkpt lat="69.6576320" lon="19.0404780">
    <ele>463.2</ele>
    <time>2025-02-28T15:29:38Z</time>
    <extensions>
     <gpxtpx:TrackPointExtension>
      <gpxtpx:hr>105</gpxtpx:hr>
     </gpxtpx:TrackPointExtension>
    </extensions>
   </trkpt>
   <trkpt lat="69.6576320" lon="19.0404780">
    <ele>463.2</ele>
    <time>2025-02-28T15:29:39Z</time>
    <extensions>
     <gpxtpx:TrackPointExtension>
      <gpxtpx:hr>105</gpxtpx:hr>
     </gpxtpx:TrackPointExtension>
    </extensions>
   </trkpt>
   <trkpt lat="69.6576320" lon="19.0404770">
    <ele>463.2</ele>
    <time>2025-02-28T15:29:40Z</time>
    <extensions>
     <gpxtpx:TrackPointExtension>
      <gpxtpx:hr>105</gpxtpx:hr>
     </gpxtpx:TrackPointExtension>
    </extensions>
   </trkpt>
   <trkpt lat="69.6576310" lon="19.0404770">
    <ele>463.3</ele>
    <time>2025-02-28T15:29:41Z</time>
    <extensions>
     <gpxtpx:TrackPointExtension>
      <gpxtpx:hr>102</gpxtpx:hr>
     </gpxtpx:TrackPointExtension>
    </extensions>
   </trkpt>
   <trkpt lat="69.6576310" lon="19.0404760">
    <ele>463.3</ele>
    <time>2025-02-28T15:29:42Z</time>
    <extensions>
     <gpxtpx:TrackPointExtension>
      <gpxtpx:hr>102</gpxtpx:hr>
     </gpxtpx:TrackPointExtension>
    </extensions>
   </trkpt>
   <trkpt lat="69.6576310" lon="19.0404760">
    <ele>463.3</ele>
    <time>2025-02-28T15:29:43Z</time>
    <extensions>
     <gpxtpx:TrackPointExtension>
      <gpxtpx:hr>102</gpxtpx:hr>
     </gpxtpx:TrackPointExtension>
    </extensions>
   </trkpt>
   <trkpt lat="69.6576300" lon="19.0404750">
    <ele>463.3</ele>
    <time>2025-02-28T15:29:44Z</time>
    <extensions>
     <gpxtpx:TrackPointExtension>
      <gpxtpx:hr>102</gpxtpx:hr>
     </gpxtpx:TrackPointExtension>
    </extensions>
   </trkpt>
   <trkpt lat="69.6576300" lon="19.0404750">
    <ele>463.3</ele>
    <time>2025-02-28T15:29:45Z</time>
    <extensions>
     <gpxtpx:TrackPointExtension>
      <gpxtpx:hr>102</gpxtpx:hr>
     </gpxtpx:TrackPointExtension>
    </extensions>
   </trkpt>
   <trkpt lat="69.6576220" lon="19.0404460">
    <ele>463.1</ele>
    <time>2025-02-28T15:29:46Z</time>
    <extensions>
     <gpxtpx:TrackPointExtension>
      <gpxtpx:hr>107</gpxtpx:hr>
     </gpxtpx:TrackPointExtension>
    </extensions>
   </trkpt>
   <trkpt lat="69.6576160" lon="19.0404400">
    <ele>463.1</ele>
    <time>2025-02-28T15:29:47Z</time>
    <extensions>
     <gpxtpx:TrackPointExtension>
      <gpxtpx:hr>107</gpxtpx:hr>
     </gpxtpx:TrackPointExtension>
    </extensions>
   </trkpt>
   <trkpt lat="69.6576190" lon="19.0404440">
    <ele>463.1</ele>
    <time>2025-02-28T15:29:48Z</time>
    <extensions>
     <gpxtpx:TrackPointExtension>
      <gpxtpx:hr>107</gpxtpx:hr>
     </gpxtpx:TrackPointExtension>
    </extensions>
   </trkpt>
   <trkpt lat="69.6576180" lon="19.0404410">
    <ele>463.1</ele>
    <time>2025-02-28T15:29:49Z</time>
    <extensions>
     <gpxtpx:TrackPointExtension>
      <gpxtpx:hr>107</gpxtpx:hr>
     </gpxtpx:TrackPointExtension>
    </extensions>
   </trkpt>
   <trkpt lat="69.6576200" lon="19.0404410">
    <ele>463.1</ele>
    <time>2025-02-28T15:29:50Z</time>
    <extensions>
     <gpxtpx:TrackPointExtension>
      <gpxtpx:hr>107</gpxtpx:hr>
     </gpxtpx:TrackPointExtension>
    </extensions>
   </trkpt>
   <trkpt lat="69.6576180" lon="19.0404390">
    <ele>463.1</ele>
    <time>2025-02-28T15:29:51Z</time>
    <extensions>
     <gpxtpx:TrackPointExtension>
      <gpxtpx:hr>107</gpxtpx:hr>
     </gpxtpx:TrackPointExtension>
    </extensions>
   </trkpt>
   <trkpt lat="69.6576210" lon="19.0404400">
    <ele>463.1</ele>
    <time>2025-02-28T15:29:52Z</time>
    <extensions>
     <gpxtpx:TrackPointExtension>
      <gpxtpx:hr>107</gpxtpx:hr>
     </gpxtpx:TrackPointExtension>
    </extensions>
   </trkpt>
   <trkpt lat="69.6576270" lon="19.0404560">
    <ele>462.9</ele>
    <time>2025-02-28T15:29:53Z</time>
    <extensions>
     <gpxtpx:TrackPointExtension>
      <gpxtpx:hr>107</gpxtpx:hr>
     </gpxtpx:TrackPointExtension>
    </extensions>
   </trkpt>
   <trkpt lat="69.6576260" lon="19.0404730">
    <ele>463.3</ele>
    <time>2025-02-28T15:29:54Z</time>
    <extensions>
     <gpxtpx:TrackPointExtension>
      <gpxtpx:hr>107</gpxtpx:hr>
     </gpxtpx:TrackPointExtension>
    </extensions>
   </trkpt>
   <trkpt lat="69.6576290" lon="19.0404740">
    <ele>463.3</ele>
    <time>2025-02-28T15:29:55Z</time>
    <extensions>
     <gpxtpx:TrackPointExtension>
      <gpxtpx:hr>105</gpxtpx:hr>
     </gpxtpx:TrackPointExtension>
    </extensions>
   </trkpt>
   <trkpt lat="69.6576290" lon="19.0404780">
    <ele>463.3</ele>
    <time>2025-02-28T15:29:56Z</time>
    <extensions>
     <gpxtpx:TrackPointExtension>
      <gpxtpx:hr>105</gpxtpx:hr>
     </gpxtpx:TrackPointExtension>
    </extensions>
   </trkpt>
   <trkpt lat="69.6576310" lon="19.0404820">
    <ele>463.3</ele>
    <time>2025-02-28T15:29:57Z</time>
    <extensions>
     <gpxtpx:TrackPointExtension>
      <gpxtpx:hr>105</gpxtpx:hr>
     </gpxtpx:TrackPointExtension>
    </extensions>
   </trkpt>
   <trkpt lat="69.6576300" lon="19.0404860">
    <ele>463.3</ele>
    <time>2025-02-28T15:29:58Z</time>
    <extensions>
     <gpxtpx:TrackPointExtension>
      <gpxtpx:hr>105</gpxtpx:hr>
     </gpxtpx:TrackPointExtension>
    </extensions>
   </trkpt>
   <trkpt lat="69.6576300" lon="19.0404850">
    <ele>463.3</ele>
    <time>2025-02-28T15:29:59Z</time>
    <extensions>
     <gpxtpx:TrackPointExtension>
      <gpxtpx:hr>105</gpxtpx:hr>
     </gpxtpx:TrackPointExtension>
    </extensions>
   </trkpt>
   <trkpt lat="69.6576290" lon="19.0404850">
    <ele>463.3</ele>
    <time>2025-02-28T15:30:00Z</time>
    <extensions>
     <gpxtpx:TrackPointExtension>
      <gpxtpx:hr>105</gpxtpx:hr>
     </gpxtpx:TrackPointExtension>
    </extensions>
   </trkpt>
   <trkpt lat="69.6576290" lon="19.0404840">
    <ele>463.3</ele>
    <time>2025-02-28T15:30:01Z</time>
    <extensions>
     <gpxtpx:TrackPointExtension>
      <gpxtpx:hr>105</gpxtpx:hr>
     </gpxtpx:TrackPointExtension>
    </extensions>
   </trkpt>
   <trkpt lat="69.6576290" lon="19.0404840">
    <ele>463.3</ele>
    <time>2025-02-28T15:30:02Z</time>
    <extensions>
     <gpxtpx:TrackPointExtension>
      <gpxtpx:hr>107</gpxtpx:hr>
     </gpxtpx:TrackPointExtension>
    </extensions>
   </trkpt>
   <trkpt lat="69.6576290" lon="19.0404860">
    <ele>463.3</ele>
    <time>2025-02-28T15:30:03Z</time>
    <extensions>
     <gpxtpx:TrackPointExtension>
      <gpxtpx:hr>107</gpxtpx:hr>
     </gpxtpx:TrackPointExtension>
    </extensions>
   </trkpt>
   <trkpt lat="69.6576290" lon="19.0404860">
    <ele>463.3</ele>
    <time>2025-02-28T15:30:04Z</time>
    <extensions>
     <gpxtpx:TrackPointExtension>
      <gpxtpx:hr>107</gpxtpx:hr>
     </gpxtpx:TrackPointExtension>
    </extensions>
   </trkpt>
   <trkpt lat="69.6576290" lon="19.0404850">
    <ele>463.3</ele>
    <time>2025-02-28T15:30:05Z</time>
    <extensions>
     <gpxtpx:TrackPointExtension>
      <gpxtpx:hr>107</gpxtpx:hr>
     </gpxtpx:TrackPointExtension>
    </extensions>
   </trkpt>
   <trkpt lat="69.6576290" lon="19.0404850">
    <ele>463.3</ele>
    <time>2025-02-28T15:30:06Z</time>
    <extensions>
     <gpxtpx:TrackPointExtension>
      <gpxtpx:hr>107</gpxtpx:hr>
     </gpxtpx:TrackPointExtension>
    </extensions>
   </trkpt>
   <trkpt lat="69.6576280" lon="19.0404850">
    <ele>463.3</ele>
    <time>2025-02-28T15:30:07Z</time>
    <extensions>
     <gpxtpx:TrackPointExtension>
      <gpxtpx:hr>107</gpxtpx:hr>
     </gpxtpx:TrackPointExtension>
    </extensions>
   </trkpt>
   <trkpt lat="69.6576280" lon="19.0404850">
    <ele>463.3</ele>
    <time>2025-02-28T15:30:08Z</time>
    <extensions>
     <gpxtpx:TrackPointExtension>
      <gpxtpx:hr>107</gpxtpx:hr>
     </gpxtpx:TrackPointExtension>
    </extensions>
   </trkpt>
   <trkpt lat="69.6576280" lon="19.0404850">
    <ele>463.3</ele>
    <time>2025-02-28T15:30:09Z</time>
    <extensions>
     <gpxtpx:TrackPointExtension>
      <gpxtpx:hr>107</gpxtpx:hr>
     </gpxtpx:TrackPointExtension>
    </extensions>
   </trkpt>
   <trkpt lat="69.6576280" lon="19.0404840">
    <ele>463.3</ele>
    <time>2025-02-28T15:30:10Z</time>
    <extensions>
     <gpxtpx:TrackPointExtension>
      <gpxtpx:hr>104</gpxtpx:hr>
     </gpxtpx:TrackPointExtension>
    </extensions>
   </trkpt>
   <trkpt lat="69.6576280" lon="19.0404840">
    <ele>463.3</ele>
    <time>2025-02-28T15:30:11Z</time>
    <extensions>
     <gpxtpx:TrackPointExtension>
      <gpxtpx:hr>104</gpxtpx:hr>
     </gpxtpx:TrackPointExtension>
    </extensions>
   </trkpt>
   <trkpt lat="69.6576280" lon="19.0404840">
    <ele>463.3</ele>
    <time>2025-02-28T15:30:12Z</time>
    <extensions>
     <gpxtpx:TrackPointExtension>
      <gpxtpx:hr>104</gpxtpx:hr>
     </gpxtpx:TrackPointExtension>
    </extensions>
   </trkpt>
   <trkpt lat="69.6576280" lon="19.0404840">
    <ele>463.3</ele>
    <time>2025-02-28T15:30:13Z</time>
    <extensions>
     <gpxtpx:TrackPointExtension>
      <gpxtpx:hr>104</gpxtpx:hr>
     </gpxtpx:TrackPointExtension>
    </extensions>
   </trkpt>
   <trkpt lat="69.6576280" lon="19.0404840">
    <ele>463.3</ele>
    <time>2025-02-28T15:30:14Z</time>
    <extensions>
     <gpxtpx:TrackPointExtension>
      <gpxtpx:hr>104</gpxtpx:hr>
     </gpxtpx:TrackPointExtension>
    </extensions>
   </trkpt>
   <trkpt lat="69.6576280" lon="19.0404830">
    <ele>463.3</ele>
    <time>2025-02-28T15:30:15Z</time>
    <extensions>
     <gpxtpx:TrackPointExtension>
      <gpxtpx:hr>104</gpxtpx:hr>
     </gpxtpx:TrackPointExtension>
    </extensions>
   </trkpt>
   <trkpt lat="69.6576270" lon="19.0404830">
    <ele>463.3</ele>
    <time>2025-02-28T15:30:16Z</time>
    <extensions>
     <gpxtpx:TrackPointExtension>
      <gpxtpx:hr>104</gpxtpx:hr>
     </gpxtpx:TrackPointExtension>
    </extensions>
   </trkpt>
   <trkpt lat="69.6576270" lon="19.0404830">
    <ele>463.3</ele>
    <time>2025-02-28T15:30:17Z</time>
    <extensions>
     <gpxtpx:TrackPointExtension>
      <gpxtpx:hr>104</gpxtpx:hr>
     </gpxtpx:TrackPointExtension>
    </extensions>
   </trkpt>
   <trkpt lat="69.6576270" lon="19.0404830">
    <ele>463.3</ele>
    <time>2025-02-28T15:30:18Z</time>
    <extensions>
     <gpxtpx:TrackPointExtension>
      <gpxtpx:hr>104</gpxtpx:hr>
     </gpxtpx:TrackPointExtension>
    </extensions>
   </trkpt>
   <trkpt lat="69.6576270" lon="19.0404830">
    <ele>463.3</ele>
    <time>2025-02-28T15:30:19Z</time>
    <extensions>
     <gpxtpx:TrackPointExtension>
      <gpxtpx:hr>93</gpxtpx:hr>
     </gpxtpx:TrackPointExtension>
    </extensions>
   </trkpt>
   <trkpt lat="69.6576270" lon="19.0404820">
    <ele>463.4</ele>
    <time>2025-02-28T15:30:20Z</time>
    <extensions>
     <gpxtpx:TrackPointExtension>
      <gpxtpx:hr>93</gpxtpx:hr>
     </gpxtpx:TrackPointExtension>
    </extensions>
   </trkpt>
   <trkpt lat="69.6576270" lon="19.0404820">
    <ele>463.4</ele>
    <time>2025-02-28T15:30:21Z</time>
    <extensions>
     <gpxtpx:TrackPointExtension>
      <gpxtpx:hr>93</gpxtpx:hr>
     </gpxtpx:TrackPointExtension>
    </extensions>
   </trkpt>
   <trkpt lat="69.6576270" lon="19.0404820">
    <ele>463.4</ele>
    <time>2025-02-28T15:30:22Z</time>
    <extensions>
     <gpxtpx:TrackPointExtension>
      <gpxtpx:hr>93</gpxtpx:hr>
     </gpxtpx:TrackPointExtension>
    </extensions>
   </trkpt>
   <trkpt lat="69.6576270" lon="19.0404820">
    <ele>463.4</ele>
    <time>2025-02-28T15:30:23Z</time>
    <extensions>
     <gpxtpx:TrackPointExtension>
      <gpxtpx:hr>93</gpxtpx:hr>
     </gpxtpx:TrackPointExtension>
    </extensions>
   </trkpt>
   <trkpt lat="69.6576270" lon="19.0404820">
    <ele>463.4</ele>
    <time>2025-02-28T15:30:24Z</time>
    <extensions>
     <gpxtpx:TrackPointExtension>
      <gpxtpx:hr>93</gpxtpx:hr>
     </gpxtpx:TrackPointExtension>
    </extensions>
   </trkpt>
   <trkpt lat="69.6576270" lon="19.0404810">
    <ele>463.4</ele>
    <time>2025-02-28T15:30:25Z</time>
    <extensions>
     <gpxtpx:TrackPointExtension>
      <gpxtpx:hr>87</gpxtpx:hr>
     </gpxtpx:TrackPointExtension>
    </extensions>
   </trkpt>
   <trkpt lat="69.6576260" lon="19.0404810">
    <ele>463.4</ele>
    <time>2025-02-28T15:30:26Z</time>
    <extensions>
     <gpxtpx:TrackPointExtension>
      <gpxtpx:hr>87</gpxtpx:hr>
     </gpxtpx:TrackPointExtension>
    </extensions>
   </trkpt>
   <trkpt lat="69.6576260" lon="19.0404810">
    <ele>463.4</ele>
    <time>2025-02-28T15:30:27Z</time>
    <extensions>
     <gpxtpx:TrackPointExtension>
      <gpxtpx:hr>87</gpxtpx:hr>
     </gpxtpx:TrackPointExtension>
    </extensions>
   </trkpt>
   <trkpt lat="69.6576260" lon="19.0404810">
    <ele>463.4</ele>
    <time>2025-02-28T15:30:28Z</time>
    <extensions>
     <gpxtpx:TrackPointExtension>
      <gpxtpx:hr>86</gpxtpx:hr>
     </gpxtpx:TrackPointExtension>
    </extensions>
   </trkpt>
   <trkpt lat="69.6576260" lon="19.0404810">
    <ele>463.4</ele>
    <time>2025-02-28T15:30:29Z</time>
    <extensions>
     <gpxtpx:TrackPointExtension>
      <gpxtpx:hr>86</gpxtpx:hr>
     </gpxtpx:TrackPointExtension>
    </extensions>
   </trkpt>
   <trkpt lat="69.6576260" lon="19.0404810">
    <ele>463.4</ele>
    <time>2025-02-28T15:30:30Z</time>
    <extensions>
     <gpxtpx:TrackPointExtension>
      <gpxtpx:hr>86</gpxtpx:hr>
     </gpxtpx:TrackPointExtension>
    </extensions>
   </trkpt>
   <trkpt lat="69.6576260" lon="19.0404800">
    <ele>463.4</ele>
    <time>2025-02-28T15:30:31Z</time>
    <extensions>
     <gpxtpx:TrackPointExtension>
      <gpxtpx:hr>85</gpxtpx:hr>
     </gpxtpx:TrackPointExtension>
    </extensions>
   </trkpt>
   <trkpt lat="69.6576260" lon="19.0404800">
    <ele>463.4</ele>
    <time>2025-02-28T15:30:32Z</time>
    <extensions>
     <gpxtpx:TrackPointExtension>
      <gpxtpx:hr>85</gpxtpx:hr>
     </gpxtpx:TrackPointExtension>
    </extensions>
   </trkpt>
   <trkpt lat="69.6576260" lon="19.0404800">
    <ele>463.4</ele>
    <time>2025-02-28T15:30:33Z</time>
    <extensions>
     <gpxtpx:TrackPointExtension>
      <gpxtpx:hr>85</gpxtpx:hr>
     </gpxtpx:TrackPointExtension>
    </extensions>
   </trkpt>
   <trkpt lat="69.6576260" lon="19.0404800">
    <ele>463.4</ele>
    <time>2025-02-28T15:30:34Z</time>
    <extensions>
     <gpxtpx:TrackPointExtension>
      <gpxtpx:hr>85</gpxtpx:hr>
     </gpxtpx:TrackPointExtension>
    </extensions>
   </trkpt>
   <trkpt lat="69.6576250" lon="19.0404800">
    <ele>463.4</ele>
    <time>2025-02-28T15:30:35Z</time>
    <extensions>
     <gpxtpx:TrackPointExtension>
      <gpxtpx:hr>85</gpxtpx:hr>
     </gpxtpx:TrackPointExtension>
    </extensions>
   </trkpt>
   <trkpt lat="69.6576250" lon="19.0404790">
    <ele>463.4</ele>
    <time>2025-02-28T15:30:36Z</time>
    <extensions>
     <gpxtpx:TrackPointExtension>
      <gpxtpx:hr>85</gpxtpx:hr>
     </gpxtpx:TrackPointExtension>
    </extensions>
   </trkpt>
   <trkpt lat="69.6576250" lon="19.0404790">
    <ele>463.4</ele>
    <time>2025-02-28T15:30:37Z</time>
    <extensions>
     <gpxtpx:TrackPointExtension>
      <gpxtpx:hr>85</gpxtpx:hr>
     </gpxtpx:TrackPointExtension>
    </extensions>
   </trkpt>
   <trkpt lat="69.6576250" lon="19.0404790">
    <ele>463.4</ele>
    <time>2025-02-28T15:30:38Z</time>
    <extensions>
     <gpxtpx:TrackPointExtension>
      <gpxtpx:hr>85</gpxtpx:hr>
     </gpxtpx:TrackPointExtension>
    </extensions>
   </trkpt>
   <trkpt lat="69.6576250" lon="19.0404790">
    <ele>463.4</ele>
    <time>2025-02-28T15:30:39Z</time>
    <extensions>
     <gpxtpx:TrackPointExtension>
      <gpxtpx:hr>85</gpxtpx:hr>
     </gpxtpx:TrackPointExtension>
    </extensions>
   </trkpt>
   <trkpt lat="69.6576250" lon="19.0404790">
    <ele>463.4</ele>
    <time>2025-02-28T15:30:40Z</time>
    <extensions>
     <gpxtpx:TrackPointExtension>
      <gpxtpx:hr>86</gpxtpx:hr>
     </gpxtpx:TrackPointExtension>
    </extensions>
   </trkpt>
   <trkpt lat="69.6576250" lon="19.0404780">
    <ele>463.4</ele>
    <time>2025-02-28T15:30:41Z</time>
    <extensions>
     <gpxtpx:TrackPointExtension>
      <gpxtpx:hr>86</gpxtpx:hr>
     </gpxtpx:TrackPointExtension>
    </extensions>
   </trkpt>
   <trkpt lat="69.6576250" lon="19.0404780">
    <ele>463.4</ele>
    <time>2025-02-28T15:30:42Z</time>
    <extensions>
     <gpxtpx:TrackPointExtension>
      <gpxtpx:hr>86</gpxtpx:hr>
     </gpxtpx:TrackPointExtension>
    </extensions>
   </trkpt>
   <trkpt lat="69.6576250" lon="19.0404780">
    <ele>463.4</ele>
    <time>2025-02-28T15:30:43Z</time>
    <extensions>
     <gpxtpx:TrackPointExtension>
      <gpxtpx:hr>86</gpxtpx:hr>
     </gpxtpx:TrackPointExtension>
    </extensions>
   </trkpt>
   <trkpt lat="69.6576240" lon="19.0404780">
    <ele>463.4</ele>
    <time>2025-02-28T15:30:44Z</time>
    <extensions>
     <gpxtpx:TrackPointExtension>
      <gpxtpx:hr>86</gpxtpx:hr>
     </gpxtpx:TrackPointExtension>
    </extensions>
   </trkpt>
   <trkpt lat="69.6576240" lon="19.0404780">
    <ele>463.4</ele>
    <time>2025-02-28T15:30:45Z</time>
    <extensions>
     <gpxtpx:TrackPointExtension>
      <gpxtpx:hr>86</gpxtpx:hr>
     </gpxtpx:TrackPointExtension>
    </extensions>
   </trkpt>
   <trkpt lat="69.6576240" lon="19.0404770">
    <ele>463.4</ele>
    <time>2025-02-28T15:30:46Z</time>
    <extensions>
     <gpxtpx:TrackPointExtension>
      <gpxtpx:hr>93</gpxtpx:hr>
     </gpxtpx:TrackPointExtension>
    </extensions>
   </trkpt>
   <trkpt lat="69.6576240" lon="19.0404770">
    <ele>463.4</ele>
    <time>2025-02-28T15:30:47Z</time>
    <extensions>
     <gpxtpx:TrackPointExtension>
      <gpxtpx:hr>93</gpxtpx:hr>
     </gpxtpx:TrackPointExtension>
    </extensions>
   </trkpt>
   <trkpt lat="69.6576240" lon="19.0404770">
    <ele>463.4</ele>
    <time>2025-02-28T15:30:48Z</time>
    <extensions>
     <gpxtpx:TrackPointExtension>
      <gpxtpx:hr>93</gpxtpx:hr>
     </gpxtpx:TrackPointExtension>
    </extensions>
   </trkpt>
   <trkpt lat="69.6576240" lon="19.0404770">
    <ele>463.4</ele>
    <time>2025-02-28T15:30:49Z</time>
    <extensions>
     <gpxtpx:TrackPointExtension>
      <gpxtpx:hr>93</gpxtpx:hr>
     </gpxtpx:TrackPointExtension>
    </extensions>
   </trkpt>
   <trkpt lat="69.6576240" lon="19.0404770">
    <ele>463.4</ele>
    <time>2025-02-28T15:30:50Z</time>
    <extensions>
     <gpxtpx:TrackPointExtension>
      <gpxtpx:hr>93</gpxtpx:hr>
     </gpxtpx:TrackPointExtension>
    </extensions>
   </trkpt>
   <trkpt lat="69.6576240" lon="19.0404770">
    <ele>463.4</ele>
    <time>2025-02-28T15:30:51Z</time>
    <extensions>
     <gpxtpx:TrackPointExtension>
      <gpxtpx:hr>93</gpxtpx:hr>
     </gpxtpx:TrackPointExtension>
    </extensions>
   </trkpt>
   <trkpt lat="69.6576240" lon="19.0404770">
    <ele>463.4</ele>
    <time>2025-02-28T15:30:52Z</time>
    <extensions>
     <gpxtpx:TrackPointExtension>
      <gpxtpx:hr>93</gpxtpx:hr>
     </gpxtpx:TrackPointExtension>
    </extensions>
   </trkpt>
   <trkpt lat="69.6576240" lon="19.0404770">
    <ele>463.4</ele>
    <time>2025-02-28T15:30:53Z</time>
    <extensions>
     <gpxtpx:TrackPointExtension>
      <gpxtpx:hr>93</gpxtpx:hr>
     </gpxtpx:TrackPointExtension>
    </extensions>
   </trkpt>
   <trkpt lat="69.6576240" lon="19.0404770">
    <ele>463.4</ele>
    <time>2025-02-28T15:30:54Z</time>
    <extensions>
     <gpxtpx:TrackPointExtension>
      <gpxtpx:hr>93</gpxtpx:hr>
     </gpxtpx:TrackPointExtension>
    </extensions>
   </trkpt>
   <trkpt lat="69.6576240" lon="19.0404770">
    <ele>463.4</ele>
    <time>2025-02-28T15:30:55Z</time>
    <extensions>
     <gpxtpx:TrackPointExtension>
      <gpxtpx:hr>112</gpxtpx:hr>
     </gpxtpx:TrackPointExtension>
    </extensions>
   </trkpt>
   <trkpt lat="69.6576240" lon="19.0404770">
    <ele>463.4</ele>
    <time>2025-02-28T15:30:56Z</time>
    <extensions>
     <gpxtpx:TrackPointExtension>
      <gpxtpx:hr>113</gpxtpx:hr>
     </gpxtpx:TrackPointExtension>
    </extensions>
   </trkpt>
   <trkpt lat="69.6576240" lon="19.0404770">
    <ele>463.4</ele>
    <time>2025-02-28T15:30:57Z</time>
    <extensions>
     <gpxtpx:TrackPointExtension>
      <gpxtpx:hr>113</gpxtpx:hr>
     </gpxtpx:TrackPointExtension>
    </extensions>
   </trkpt>
   <trkpt lat="69.6576240" lon="19.0404770">
    <ele>463.4</ele>
    <time>2025-02-28T15:30:58Z</time>
    <extensions>
     <gpxtpx:TrackPointExtension>
      <gpxtpx:hr>113</gpxtpx:hr>
     </gpxtpx:TrackPointExtension>
    </extensions>
   </trkpt>
   <trkpt lat="69.6576240" lon="19.0404770">
    <ele>463.4</ele>
    <time>2025-02-28T15:30:59Z</time>
    <extensions>
     <gpxtpx:TrackPointExtension>
      <gpxtpx:hr>113</gpxtpx:hr>
     </gpxtpx:TrackPointExtension>
    </extensions>
   </trkpt>
   <trkpt lat="69.6576240" lon="19.0404770">
    <ele>463.5</ele>
    <time>2025-02-28T15:31:00Z</time>
    <extensions>
     <gpxtpx:TrackPointExtension>
      <gpxtpx:hr>113</gpxtpx:hr>
     </gpxtpx:TrackPointExtension>
    </extensions>
   </trkpt>
   <trkpt lat="69.6576240" lon="19.0404770">
    <ele>463.5</ele>
    <time>2025-02-28T15:31:01Z</time>
    <extensions>
     <gpxtpx:TrackPointExtension>
      <gpxtpx:hr>113</gpxtpx:hr>
     </gpxtpx:TrackPointExtension>
    </extensions>
   </trkpt>
   <trkpt lat="69.6576240" lon="19.0404770">
    <ele>463.5</ele>
    <time>2025-02-28T15:31:02Z</time>
    <extensions>
     <gpxtpx:TrackPointExtension>
      <gpxtpx:hr>113</gpxtpx:hr>
     </gpxtpx:TrackPointExtension>
    </extensions>
   </trkpt>
   <trkpt lat="69.6576240" lon="19.0404770">
    <ele>463.5</ele>
    <time>2025-02-28T15:31:03Z</time>
    <extensions>
     <gpxtpx:TrackPointExtension>
      <gpxtpx:hr>113</gpxtpx:hr>
     </gpxtpx:TrackPointExtension>
    </extensions>
   </trkpt>
   <trkpt lat="69.6576240" lon="19.0404770">
    <ele>463.5</ele>
    <time>2025-02-28T15:31:05Z</time>
    <extensions>
     <gpxtpx:TrackPointExtension>
      <gpxtpx:hr>117</gpxtpx:hr>
     </gpxtpx:TrackPointExtension>
    </extensions>
   </trkpt>
   <trkpt lat="69.6576240" lon="19.0404770">
    <ele>463.5</ele>
    <time>2025-02-28T15:31:08Z</time>
    <extensions>
     <gpxtpx:TrackPointExtension>
      <gpxtpx:hr>116</gpxtpx:hr>
     </gpxtpx:TrackPointExtension>
    </extensions>
   </trkpt>
   <trkpt lat="69.6576240" lon="19.0404770">
    <ele>463.5</ele>
    <time>2025-02-28T15:31:11Z</time>
    <extensions>
     <gpxtpx:TrackPointExtension>
      <gpxtpx:hr>117</gpxtpx:hr>
     </gpxtpx:TrackPointExtension>
    </extensions>
   </trkpt>
   <trkpt lat="69.6576240" lon="19.0404770">
    <ele>463.5</ele>
    <time>2025-02-28T15:31:14Z</time>
    <extensions>
     <gpxtpx:TrackPointExtension>
      <gpxtpx:hr>117</gpxtpx:hr>
     </gpxtpx:TrackPointExtension>
    </extensions>
   </trkpt>
   <trkpt lat="69.6576240" lon="19.0404770">
    <ele>463.5</ele>
    <time>2025-02-28T15:31:16Z</time>
    <extensions>
     <gpxtpx:TrackPointExtension>
      <gpxtpx:hr>122</gpxtpx:hr>
     </gpxtpx:TrackPointExtension>
    </extensions>
   </trkpt>
   <trkpt lat="69.6576630" lon="19.0405740">
    <ele>463.7</ele>
    <time>2025-02-28T15:31:19Z</time>
    <extensions>
     <gpxtpx:TrackPointExtension>
      <gpxtpx:hr>122</gpxtpx:hr>
     </gpxtpx:TrackPointExtension>
    </extensions>
   </trkpt>
   <trkpt lat="69.6576560" lon="19.0405920">
    <ele>463.7</ele>
    <time>2025-02-28T15:31:20Z</time>
    <extensions>
     <gpxtpx:TrackPointExtension>
      <gpxtpx:hr>122</gpxtpx:hr>
     </gpxtpx:TrackPointExtension>
    </extensions>
   </trkpt>
   <trkpt lat="69.6576490" lon="19.0406110">
    <ele>464.3</ele>
    <time>2025-02-28T15:31:21Z</time>
    <extensions>
     <gpxtpx:TrackPointExtension>
      <gpxtpx:hr>122</gpxtpx:hr>
     </gpxtpx:TrackPointExtension>
    </extensions>
   </trkpt>
   <trkpt lat="69.6576450" lon="19.0406300">
    <ele>464.3</ele>
    <time>2025-02-28T15:31:22Z</time>
    <extensions>
     <gpxtpx:TrackPointExtension>
      <gpxtpx:hr>122</gpxtpx:hr>
     </gpxtpx:TrackPointExtension>
    </extensions>
   </trkpt>
   <trkpt lat="69.6576250" lon="19.0406580">
    <ele>464.8</ele>
    <time>2025-02-28T15:31:23Z</time>
    <extensions>
     <gpxtpx:TrackPointExtension>
      <gpxtpx:hr>122</gpxtpx:hr>
     </gpxtpx:TrackPointExtension>
    </extensions>
   </trkpt>
   <trkpt lat="69.6576280" lon="19.0406410">
    <ele>464.8</ele>
    <time>2025-02-28T15:31:24Z</time>
    <extensions>
     <gpxtpx:TrackPointExtension>
      <gpxtpx:hr>131</gpxtpx:hr>
     </gpxtpx:TrackPointExtension>
    </extensions>
   </trkpt>
   <trkpt lat="69.6576280" lon="19.0406410">
    <ele>464.8</ele>
    <time>2025-02-28T15:31:26Z</time>
    <extensions>
     <gpxtpx:TrackPointExtension>
      <gpxtpx:hr>131</gpxtpx:hr>
     </gpxtpx:TrackPointExtension>
    </extensions>
   </trkpt>
   <trkpt lat="69.6576330" lon="19.0405970">
    <ele>464.5</ele>
    <time>2025-02-28T15:31:27Z</time>
    <extensions>
     <gpxtpx:TrackPointExtension>
      <gpxtpx:hr>131</gpxtpx:hr>
     </gpxtpx:TrackPointExtension>
    </extensions>
   </trkpt>
   <trkpt lat="69.6576360" lon="19.0405400">
    <ele>463.8</ele>
    <time>2025-02-28T15:31:28Z</time>
    <extensions>
     <gpxtpx:TrackPointExtension>
      <gpxtpx:hr>131</gpxtpx:hr>
     </gpxtpx:TrackPointExtension>
    </extensions>
   </trkpt>
   <trkpt lat="69.6576460" lon="19.0404590">
    <ele>462.9</ele>
    <time>2025-02-28T15:31:29Z</time>
    <extensions>
     <gpxtpx:TrackPointExtension>
      <gpxtpx:hr>131</gpxtpx:hr>
     </gpxtpx:TrackPointExtension>
    </extensions>
   </trkpt>
   <trkpt lat="69.6576500" lon="19.0403250">
    <ele>461.6</ele>
    <time>2025-02-28T15:31:30Z</time>
    <extensions>
     <gpxtpx:TrackPointExtension>
      <gpxtpx:hr>136</gpxtpx:hr>
     </gpxtpx:TrackPointExtension>
    </extensions>
   </trkpt>
   <trkpt lat="69.6576500" lon="19.0403250">
    <ele>461.6</ele>
    <time>2025-02-28T15:31:31Z</time>
    <extensions>
     <gpxtpx:TrackPointExtension>
      <gpxtpx:hr>136</gpxtpx:hr>
     </gpxtpx:TrackPointExtension>
    </extensions>
   </trkpt>
   <trkpt lat="69.6576550" lon="19.0403030">
    <ele>461.3</ele>
    <time>2025-02-28T15:31:32Z</time>
    <extensions>
     <gpxtpx:TrackPointExtension>
      <gpxtpx:hr>137</gpxtpx:hr>
     </gpxtpx:TrackPointExtension>
    </extensions>
   </trkpt>
   <trkpt lat="69.6576550" lon="19.0403030">
    <ele>461.3</ele>
    <time>2025-02-28T15:31:34Z</time>
    <extensions>
     <gpxtpx:TrackPointExtension>
      <gpxtpx:hr>137</gpxtpx:hr>
     </gpxtpx:TrackPointExtension>
    </extensions>
   </trkpt>
   <trkpt lat="69.6576550" lon="19.0403030">
    <ele>461.3</ele>
    <time>2025-02-28T15:31:36Z</time>
    <extensions>
     <gpxtpx:TrackPointExtension>
      <gpxtpx:hr>137</gpxtpx:hr>
     </gpxtpx:TrackPointExtension>
    </extensions>
   </trkpt>
   <trkpt lat="69.6576550" lon="19.0403030">
    <ele>461.3</ele>
    <time>2025-02-28T15:31:39Z</time>
    <extensions>
     <gpxtpx:TrackPointExtension>
      <gpxtpx:hr>139</gpxtpx:hr>
     </gpxtpx:TrackPointExtension>
    </extensions>
   </trkpt>
   <trkpt lat="69.6576510" lon="19.0405010">
    <ele>463.3</ele>
    <time>2025-02-28T15:31:42Z</time>
    <extensions>
     <gpxtpx:TrackPointExtension>
      <gpxtpx:hr>139</gpxtpx:hr>
     </gpxtpx:TrackPointExtension>
    </extensions>
   </trkpt>
   <trkpt lat="69.6576530" lon="19.0405010">
    <ele>463.3</ele>
    <time>2025-02-28T15:31:44Z</time>
    <extensions>
     <gpxtpx:TrackPointExtension>
      <gpxtpx:hr>137</gpxtpx:hr>
     </gpxtpx:TrackPointExtension>
    </extensions>
   </trkpt>
   <trkpt lat="69.6576520" lon="19.0405020">
    <ele>463.3</ele>
    <time>2025-02-28T15:31:45Z</time>
    <extensions>
     <gpxtpx:TrackPointExtension>
      <gpxtpx:hr>137</gpxtpx:hr>
     </gpxtpx:TrackPointExtension>
    </extensions>
   </trkpt>
   <trkpt lat="69.6576510" lon="19.0405040">
    <ele>463.3</ele>
    <time>2025-02-28T15:31:46Z</time>
    <extensions>
     <gpxtpx:TrackPointExtension>
      <gpxtpx:hr>137</gpxtpx:hr>
     </gpxtpx:TrackPointExtension>
    </extensions>
   </trkpt>
   <trkpt lat="69.6576500" lon="19.0405050">
    <ele>463.3</ele>
    <time>2025-02-28T15:31:47Z</time>
    <extensions>
     <gpxtpx:TrackPointExtension>
      <gpxtpx:hr>137</gpxtpx:hr>
     </gpxtpx:TrackPointExtension>
    </extensions>
   </trkpt>
   <trkpt lat="69.6576490" lon="19.0405070">
    <ele>463.3</ele>
    <time>2025-02-28T15:31:48Z</time>
    <extensions>
     <gpxtpx:TrackPointExtension>
      <gpxtpx:hr>137</gpxtpx:hr>
     </gpxtpx:TrackPointExtension>
    </extensions>
   </trkpt>
   <trkpt lat="69.6576480" lon="19.0405080">
    <ele>463.3</ele>
    <time>2025-02-28T15:31:49Z</time>
    <extensions>
     <gpxtpx:TrackPointExtension>
      <gpxtpx:hr>137</gpxtpx:hr>
     </gpxtpx:TrackPointExtension>
    </extensions>
   </trkpt>
   <trkpt lat="69.6576470" lon="19.0405100">
    <ele>463.7</ele>
    <time>2025-02-28T15:31:50Z</time>
    <extensions>
     <gpxtpx:TrackPointExtension>
      <gpxtpx:hr>138</gpxtpx:hr>
     </gpxtpx:TrackPointExtension>
    </extensions>
   </trkpt>
   <trkpt lat="69.6576460" lon="19.0405110">
    <ele>463.7</ele>
    <time>2025-02-28T15:31:51Z</time>
    <extensions>
     <gpxtpx:TrackPointExtension>
      <gpxtpx:hr>138</gpxtpx:hr>
     </gpxtpx:TrackPointExtension>
    </extensions>
   </trkpt>
   <trkpt lat="69.6576450" lon="19.0405130">
    <ele>463.7</ele>
    <time>2025-02-28T15:31:52Z</time>
    <extensions>
     <gpxtpx:TrackPointExtension>
      <gpxtpx:hr>138</gpxtpx:hr>
     </gpxtpx:TrackPointExtension>
    </extensions>
   </trkpt>
   <trkpt lat="69.6576430" lon="19.0405140">
    <ele>463.7</ele>
    <time>2025-02-28T15:31:53Z</time>
    <extensions>
     <gpxtpx:TrackPointExtension>
      <gpxtpx:hr>138</gpxtpx:hr>
     </gpxtpx:TrackPointExtension>
    </extensions>
   </trkpt>
   <trkpt lat="69.6576420" lon="19.0405160">
    <ele>463.7</ele>
    <time>2025-02-28T15:31:54Z</time>
    <extensions>
     <gpxtpx:TrackPointExtension>
      <gpxtpx:hr>138</gpxtpx:hr>
     </gpxtpx:TrackPointExtension>
    </extensions>
   </trkpt>
   <trkpt lat="69.6576410" lon="19.0405170">
    <ele>463.7</ele>
    <time>2025-02-28T15:31:55Z</time>
    <extensions>
     <gpxtpx:TrackPointExtension>
      <gpxtpx:hr>138</gpxtpx:hr>
     </gpxtpx:TrackPointExtension>
    </extensions>
   </trkpt>
   <trkpt lat="69.6576400" lon="19.0405190">
    <ele>463.7</ele>
    <time>2025-02-28T15:31:56Z</time>
    <extensions>
     <gpxtpx:TrackPointExtension>
      <gpxtpx:hr>138</gpxtpx:hr>
     </gpxtpx:TrackPointExtension>
    </extensions>
   </trkpt>
   <trkpt lat="69.6576390" lon="19.0405210">
    <ele>463.7</ele>
    <time>2025-02-28T15:31:57Z</time>
    <extensions>
     <gpxtpx:TrackPointExtension>
      <gpxtpx:hr>138</gpxtpx:hr>
     </gpxtpx:TrackPointExtension>
    </extensions>
   </trkpt>
   <trkpt lat="69.6576380" lon="19.0405220">
    <ele>463.9</ele>
    <time>2025-02-28T15:31:58Z</time>
    <extensions>
     <gpxtpx:TrackPointExtension>
      <gpxtpx:hr>138</gpxtpx:hr>
     </gpxtpx:TrackPointExtension>
    </extensions>
   </trkpt>
   <trkpt lat="69.6576370" lon="19.0405240">
    <ele>463.9</ele>
    <time>2025-02-28T15:31:59Z</time>
    <extensions>
     <gpxtpx:TrackPointExtension>
      <gpxtpx:hr>138</gpxtpx:hr>
     </gpxtpx:TrackPointExtension>
    </extensions>
   </trkpt>
   <trkpt lat="69.6576360" lon="19.0405250">
    <ele>463.9</ele>
    <time>2025-02-28T15:32:00Z</time>
    <extensions>
     <gpxtpx:TrackPointExtension>
      <gpxtpx:hr>136</gpxtpx:hr>
     </gpxtpx:TrackPointExtension>
    </extensions>
   </trkpt>
   <trkpt lat="69.6576350" lon="19.0405270">
    <ele>463.9</ele>
    <time>2025-02-28T15:32:01Z</time>
    <extensions>
     <gpxtpx:TrackPointExtension>
      <gpxtpx:hr>136</gpxtpx:hr>
     </gpxtpx:TrackPointExtension>
    </extensions>
   </trkpt>
   <trkpt lat="69.6576340" lon="19.0405280">
    <ele>463.9</ele>
    <time>2025-02-28T15:32:02Z</time>
    <extensions>
     <gpxtpx:TrackPointExtension>
      <gpxtpx:hr>137</gpxtpx:hr>
     </gpxtpx:TrackPointExtension>
    </extensions>
   </trkpt>
   <trkpt lat="69.6576330" lon="19.0405300">
    <ele>463.9</ele>
    <time>2025-02-28T15:32:03Z</time>
    <extensions>
     <gpxtpx:TrackPointExtension>
      <gpxtpx:hr>137</gpxtpx:hr>
     </gpxtpx:TrackPointExtension>
    </extensions>
   </trkpt>
   <trkpt lat="69.6576320" lon="19.0405310">
    <ele>463.9</ele>
    <time>2025-02-28T15:32:04Z</time>
    <extensions>
     <gpxtpx:TrackPointExtension>
      <gpxtpx:hr>137</gpxtpx:hr>
     </gpxtpx:TrackPointExtension>
    </extensions>
   </trkpt>
   <trkpt lat="69.6576310" lon="19.0405330">
    <ele>463.9</ele>
    <time>2025-02-28T15:32:05Z</time>
    <extensions>
     <gpxtpx:TrackPointExtension>
      <gpxtpx:hr>137</gpxtpx:hr>
     </gpxtpx:TrackPointExtension>
    </extensions>
   </trkpt>
   <trkpt lat="69.6576300" lon="19.0405340">
    <ele>463.9</ele>
    <time>2025-02-28T15:32:06Z</time>
    <extensions>
     <gpxtpx:TrackPointExtension>
      <gpxtpx:hr>137</gpxtpx:hr>
     </gpxtpx:TrackPointExtension>
    </extensions>
   </trkpt>
   <trkpt lat="69.6576290" lon="19.0405360">
    <ele>463.9</ele>
    <time>2025-02-28T15:32:07Z</time>
    <extensions>
     <gpxtpx:TrackPointExtension>
      <gpxtpx:hr>137</gpxtpx:hr>
     </gpxtpx:TrackPointExtension>
    </extensions>
   </trkpt>
   <trkpt lat="69.6576280" lon="19.0405380">
    <ele>463.9</ele>
    <time>2025-02-28T15:32:08Z</time>
    <extensions>
     <gpxtpx:TrackPointExtension>
      <gpxtpx:hr>137</gpxtpx:hr>
     </gpxtpx:TrackPointExtension>
    </extensions>
   </trkpt>
   <trkpt lat="69.6576270" lon="19.0405390">
    <ele>463.9</ele>
    <time>2025-02-28T15:32:09Z</time>
    <extensions>
     <gpxtpx:TrackPointExtension>
      <gpxtpx:hr>137</gpxtpx:hr>
     </gpxtpx:TrackPointExtension>
    </extensions>
   </trkpt>
   <trkpt lat="69.6576260" lon="19.0405410">
    <ele>463.9</ele>
    <time>2025-02-28T15:32:10Z</time>
    <extensions>
     <gpxtpx:TrackPointExtension>
      <gpxtpx:hr>137</gpxtpx:hr>
     </gpxtpx:TrackPointExtension>
    </extensions>
   </trkpt>
   <trkpt lat="69.6576240" lon="19.0405420">
    <ele>463.9</ele>
    <time>2025-02-28T15:32:11Z</time>
    <extensions>
     <gpxtpx:TrackPointExtension>
      <gpxtpx:hr>137</gpxtpx:hr>
     </gpxtpx:TrackPointExtension>
    </extensions>
   </trkpt>
   <trkpt lat="69.6576230" lon="19.0405440">
    <ele>464.1</ele>
    <time>2025-02-28T15:32:12Z</time>
    <extensions>
     <gpxtpx:TrackPointExtension>
      <gpxtpx:hr>137</gpxtpx:hr>
     </gpxtpx:TrackPointExtension>
    </extensions>
   </trkpt>
   <trkpt lat="69.6576220" lon="19.0405450">
    <ele>464.1</ele>
    <time>2025-02-28T15:32:13Z</time>
    <extensions>
     <gpxtpx:TrackPointExtension>
      <gpxtpx:hr>137</gpxtpx:hr>
     </gpxtpx:TrackPointExtension>
    </extensions>
   </trkpt>
   <trkpt lat="69.6576210" lon="19.0405470">
    <ele>464.1</ele>
    <time>2025-02-28T15:32:14Z</time>
    <extensions>
     <gpxtpx:TrackPointExtension>
      <gpxtpx:hr>137</gpxtpx:hr>
     </gpxtpx:TrackPointExtension>
    </extensions>
   </trkpt>
   <trkpt lat="69.6576200" lon="19.0405480">
    <ele>464.1</ele>
    <time>2025-02-28T15:32:15Z</time>
    <extensions>
     <gpxtpx:TrackPointExtension>
      <gpxtpx:hr>137</gpxtpx:hr>
     </gpxtpx:TrackPointExtension>
    </extensions>
   </trkpt>
   <trkpt lat="69.6576190" lon="19.0405500">
    <ele>464.1</ele>
    <time>2025-02-28T15:32:16Z</time>
    <extensions>
     <gpxtpx:TrackPointExtension>
      <gpxtpx:hr>137</gpxtpx:hr>
     </gpxtpx:TrackPointExtension>
    </extensions>
   </trkpt>
   <trkpt lat="69.6576180" lon="19.0405510">
    <ele>464.1</ele>
    <time>2025-02-28T15:32:17Z</time>
    <extensions>
     <gpxtpx:TrackPointExtension>
      <gpxtpx:hr>137</gpxtpx:hr>
     </gpxtpx:TrackPointExtension>
    </extensions>
   </trkpt>
   <trkpt lat="69.6576170" lon="19.0405530">
    <ele>464.4</ele>
    <time>2025-02-28T15:32:18Z</time>
    <extensions>
     <gpxtpx:TrackPointExtension>
      <gpxtpx:hr>135</gpxtpx:hr>
     </gpxtpx:TrackPointExtension>
    </extensions>
   </trkpt>
   <trkpt lat="69.6576160" lon="19.0405540">
    <ele>464.4</ele>
    <time>2025-02-28T15:32:19Z</time>
    <extensions>
     <gpxtpx:TrackPointExtension>
      <gpxtpx:hr>135</gpxtpx:hr>
     </gpxtpx:TrackPointExtension>
    </extensions>
   </trkpt>
   <trkpt lat="69.6576150" lon="19.0405560">
    <ele>464.4</ele>
    <time>2025-02-28T15:32:20Z</time>
    <extensions>
     <gpxtpx:TrackPointExtension>
      <gpxtpx:hr>135</gpxtpx:hr>
     </gpxtpx:TrackPointExtension>
    </extensions>
   </trkpt>
   <trkpt lat="69.6576150" lon="19.0405450">
    <ele>464.1</ele>
    <time>2025-02-28T15:32:21Z</time>
    <extensions>
     <gpxtpx:TrackPointExtension>
      <gpxtpx:hr>133</gpxtpx:hr>
     </gpxtpx:TrackPointExtension>
    </extensions>
   </trkpt>
   <trkpt lat="69.6576150" lon="19.0405510">
    <ele>464.1</ele>
    <time>2025-02-28T15:32:22Z</time>
    <extensions>
     <gpxtpx:TrackPointExtension>
      <gpxtpx:hr>133</gpxtpx:hr>
     </gpxtpx:TrackPointExtension>
    </extensions>
   </trkpt>
   <trkpt lat="69.6576130" lon="19.0405470">
    <ele>464.1</ele>
    <time>2025-02-28T15:32:23Z</time>
    <extensions>
     <gpxtpx:TrackPointExtension>
      <gpxtpx:hr>133</gpxtpx:hr>
     </gpxtpx:TrackPointExtension>
    </extensions>
   </trkpt>
   <trkpt lat="69.6576140" lon="19.0405380">
    <ele>464.1</ele>
    <time>2025-02-28T15:32:24Z</time>
    <extensions>
     <gpxtpx:TrackPointExtension>
      <gpxtpx:hr>133</gpxtpx:hr>
     </gpxtpx:TrackPointExtension>
    </extensions>
   </trkpt>
   <trkpt lat="69.6576160" lon="19.0405380">
    <ele>464.1</ele>
    <time>2025-02-28T15:32:25Z</time>
    <extensions>
     <gpxtpx:TrackPointExtension>
      <gpxtpx:hr>133</gpxtpx:hr>
     </gpxtpx:TrackPointExtension>
    </extensions>
   </trkpt>
   <trkpt lat="69.6576160" lon="19.0405340">
    <ele>464.1</ele>
    <time>2025-02-28T15:32:26Z</time>
    <extensions>
     <gpxtpx:TrackPointExtension>
      <gpxtpx:hr>128</gpxtpx:hr>
     </gpxtpx:TrackPointExtension>
    </extensions>
   </trkpt>
   <trkpt lat="69.6576160" lon="19.0405340">
    <ele>464.1</ele>
    <time>2025-02-28T15:32:27Z</time>
    <extensions>
     <gpxtpx:TrackPointExtension>
      <gpxtpx:hr>128</gpxtpx:hr>
     </gpxtpx:TrackPointExtension>
    </extensions>
   </trkpt>
   <trkpt lat="69.6576160" lon="19.0405330">
    <ele>464.1</ele>
    <time>2025-02-28T15:32:28Z</time>
    <extensions>
     <gpxtpx:TrackPointExtension>
      <gpxtpx:hr>128</gpxtpx:hr>
     </gpxtpx:TrackPointExtension>
    </extensions>
   </trkpt>
   <trkpt lat="69.6576160" lon="19.0405330">
    <ele>464.2</ele>
    <time>2025-02-28T15:32:29Z</time>
    <extensions>
     <gpxtpx:TrackPointExtension>
      <gpxtpx:hr>128</gpxtpx:hr>
     </gpxtpx:TrackPointExtension>
    </extensions>
   </trkpt>
   <trkpt lat="69.6576160" lon="19.0405340">
    <ele>464.2</ele>
    <time>2025-02-28T15:32:30Z</time>
    <extensions>
     <gpxtpx:TrackPointExtension>
      <gpxtpx:hr>128</gpxtpx:hr>
     </gpxtpx:TrackPointExtension>
    </extensions>
   </trkpt>
   <trkpt lat="69.6576160" lon="19.0405330">
    <ele>464.2</ele>
    <time>2025-02-28T15:32:31Z</time>
    <extensions>
     <gpxtpx:TrackPointExtension>
      <gpxtpx:hr>122</gpxtpx:hr>
     </gpxtpx:TrackPointExtension>
    </extensions>
   </trkpt>
   <trkpt lat="69.6576150" lon="19.0405290">
    <ele>464.2</ele>
    <time>2025-02-28T15:32:32Z</time>
    <extensions>
     <gpxtpx:TrackPointExtension>
      <gpxtpx:hr>122</gpxtpx:hr>
     </gpxtpx:TrackPointExtension>
    </extensions>
   </trkpt>
   <trkpt lat="69.6576150" lon="19.0405290">
    <ele>464.2</ele>
    <time>2025-02-28T15:32:33Z</time>
    <extensions>
     <gpxtpx:TrackPointExtension>
      <gpxtpx:hr>122</gpxtpx:hr>
     </gpxtpx:TrackPointExtension>
    </extensions>
   </trkpt>
   <trkpt lat="69.6576150" lon="19.0405290">
    <ele>464.2</ele>
    <time>2025-02-28T15:32:34Z</time>
    <extensions>
     <gpxtpx:TrackPointExtension>
      <gpxtpx:hr>122</gpxtpx:hr>
     </gpxtpx:TrackPointExtension>
    </extensions>
   </trkpt>
   <trkpt lat="69.6576150" lon="19.0405290">
    <ele>464.2</ele>
    <time>2025-02-28T15:32:35Z</time>
    <extensions>
     <gpxtpx:TrackPointExtension>
      <gpxtpx:hr>122</gpxtpx:hr>
     </gpxtpx:TrackPointExtension>
    </extensions>
   </trkpt>
   <trkpt lat="69.6576150" lon="19.0405190">
    <ele>464.2</ele>
    <time>2025-02-28T15:32:36Z</time>
    <extensions>
     <gpxtpx:TrackPointExtension>
      <gpxtpx:hr>118</gpxtpx:hr>
     </gpxtpx:TrackPointExtension>
    </extensions>
   </trkpt>
   <trkpt lat="69.6576140" lon="19.0405160">
    <ele>464.2</ele>
    <time>2025-02-28T15:32:37Z</time>
    <extensions>
     <gpxtpx:TrackPointExtension>
      <gpxtpx:hr>118</gpxtpx:hr>
     </gpxtpx:TrackPointExtension>
    </extensions>
   </trkpt>
   <trkpt lat="69.6576140" lon="19.0405160">
    <ele>464.2</ele>
    <time>2025-02-28T15:32:38Z</time>
    <extensions>
     <gpxtpx:TrackPointExtension>
      <gpxtpx:hr>118</gpxtpx:hr>
     </gpxtpx:TrackPointExtension>
    </extensions>
   </trkpt>
   <trkpt lat="69.6576140" lon="19.0405160">
    <ele>464.2</ele>
    <time>2025-02-28T15:32:39Z</time>
    <extensions>
     <gpxtpx:TrackPointExtension>
      <gpxtpx:hr>118</gpxtpx:hr>
     </gpxtpx:TrackPointExtension>
    </extensions>
   </trkpt>
   <trkpt lat="69.6576140" lon="19.0405120">
    <ele>464.2</ele>
    <time>2025-02-28T15:32:40Z</time>
    <extensions>
     <gpxtpx:TrackPointExtension>
      <gpxtpx:hr>118</gpxtpx:hr>
     </gpxtpx:TrackPointExtension>
    </extensions>
   </trkpt>
   <trkpt lat="69.6576130" lon="19.0405110">
    <ele>464.2</ele>
    <time>2025-02-28T15:32:41Z</time>
    <extensions>
     <gpxtpx:TrackPointExtension>
      <gpxtpx:hr>118</gpxtpx:hr>
     </gpxtpx:TrackPointExtension>
    </extensions>
   </trkpt>
   <trkpt lat="69.6576090" lon="19.0405210">
    <ele>464.2</ele>
    <time>2025-02-28T15:32:42Z</time>
    <extensions>
     <gpxtpx:TrackPointExtension>
      <gpxtpx:hr>118</gpxtpx:hr>
     </gpxtpx:TrackPointExtension>
    </extensions>
   </trkpt>
   <trkpt lat="69.6575990" lon="19.0405320">
    <ele>464.4</ele>
    <time>2025-02-28T15:32:43Z</time>
    <extensions>
     <gpxtpx:TrackPointExtension>
      <gpxtpx:hr>118</gpxtpx:hr>
     </gpxtpx:TrackPointExtension>
    </extensions>
   </trkpt>
   <trkpt lat="69.6575920" lon="19.0405680">
    <ele>464.9</ele>
    <time>2025-02-28T15:32:44Z</time>
    <extensions>
     <gpxtpx:TrackPointExtension>
      <gpxtpx:hr>110</gpxtpx:hr>
     </gpxtpx:TrackPointExtension>
    </extensions>
   </trkpt>
   <trkpt lat="69.6575880" lon="19.0405770">
    <ele>464.9</ele>
    <time>2025-02-28T15:32:45Z</time>
    <extensions>
     <gpxtpx:TrackPointExtension>
      <gpxtpx:hr>110</gpxtpx:hr>
     </gpxtpx:TrackPointExtension>
    </extensions>
   </trkpt>
   <trkpt lat="69.6575840" lon="19.0406100">
    <ele>465.2</ele>
    <time>2025-02-28T15:32:46Z</time>
    <extensions>
     <gpxtpx:TrackPointExtension>
      <gpxtpx:hr>110</gpxtpx:hr>
     </gpxtpx:TrackPointExtension>
    </extensions>
   </trkpt>
   <trkpt lat="69.6575810" lon="19.0406260">
    <ele>465.2</ele>
    <time>2025-02-28T15:32:47Z</time>
    <extensions>
     <gpxtpx:TrackPointExtension>
      <gpxtpx:hr>110</gpxtpx:hr>
     </gpxtpx:TrackPointExtension>
    </extensions>
   </trkpt>
   <trkpt lat="69.6575760" lon="19.0406590">
    <ele>465.7</ele>
    <time>2025-02-28T15:32:48Z</time>
    <extensions>
     <gpxtpx:TrackPointExtension>
      <gpxtpx:hr>110</gpxtpx:hr>
     </gpxtpx:TrackPointExtension>
    </extensions>
   </trkpt>
   <trkpt lat="69.6575770" lon="19.0406850">
    <ele>466.0</ele>
    <time>2025-02-28T15:32:49Z</time>
    <extensions>
     <gpxtpx:TrackPointExtension>
      <gpxtpx:hr>110</gpxtpx:hr>
     </gpxtpx:TrackPointExtension>
    </extensions>
   </trkpt>
   <trkpt lat="69.6575780" lon="19.0407040">
    <ele>466.0</ele>
    <time>2025-02-28T15:32:50Z</time>
    <extensions>
     <gpxtpx:TrackPointExtension>
      <gpxtpx:hr>110</gpxtpx:hr>
     </gpxtpx:TrackPointExtension>
    </extensions>
   </trkpt>
   <trkpt lat="69.6575790" lon="19.0407720">
    <ele>466.4</ele>
    <time>2025-02-28T15:32:51Z</time>
    <extensions>
     <gpxtpx:TrackPointExtension>
      <gpxtpx:hr>110</gpxtpx:hr>
     </gpxtpx:TrackPointExtension>
    </extensions>
   </trkpt>
   <trkpt lat="69.6575750" lon="19.0408060">
    <ele>466.7</ele>
    <time>2025-02-28T15:32:52Z</time>
    <extensions>
     <gpxtpx:TrackPointExtension>
      <gpxtpx:hr>108</gpxtpx:hr>
     </gpxtpx:TrackPointExtension>
    </extensions>
   </trkpt>
   <trkpt lat="69.6575800" lon="19.0408640">
    <ele>467.1</ele>
    <time>2025-02-28T15:32:53Z</time>
    <extensions>
     <gpxtpx:TrackPointExtension>
      <gpxtpx:hr>108</gpxtpx:hr>
     </gpxtpx:TrackPointExtension>
    </extensions>
   </trkpt>
   <trkpt lat="69.6575710" lon="19.0409360">
    <ele>467.7</ele>
    <time>2025-02-28T15:32:54Z</time>
    <extensions>
     <gpxtpx:TrackPointExtension>
      <gpxtpx:hr>108</gpxtpx:hr>
     </gpxtpx:TrackPointExtension>
    </extensions>
   </trkpt>
   <trkpt lat="69.6575630" lon="19.0409830">
    <ele>468.8</ele>
    <time>2025-02-28T15:32:55Z</time>
    <extensions>
     <gpxtpx:TrackPointExtension>
      <gpxtpx:hr>108</gpxtpx:hr>
     </gpxtpx:TrackPointExtension>
    </extensions>
   </trkpt>
   <trkpt lat="69.6575480" lon="19.0409890">
    <ele>469.1</ele>
    <time>2025-02-28T15:32:56Z</time>
    <extensions>
     <gpxtpx:TrackPointExtension>
      <gpxtpx:hr>108</gpxtpx:hr>
     </gpxtpx:TrackPointExtension>
    </extensions>
   </trkpt>
   <trkpt lat="69.6575450" lon="19.0410090">
    <ele>469.1</ele>
    <time>2025-02-28T15:32:57Z</time>
    <extensions>
     <gpxtpx:TrackPointExtension>
      <gpxtpx:hr>108</gpxtpx:hr>
     </gpxtpx:TrackPointExtension>
    </extensions>
   </trkpt>
   <trkpt lat="69.6575420" lon="19.0410280">
    <ele>469.6</ele>
    <time>2025-02-28T15:32:58Z</time>
    <extensions>
     <gpxtpx:TrackPointExtension>
      <gpxtpx:hr>108</gpxtpx:hr>
     </gpxtpx:TrackPointExtension>
    </extensions>
   </trkpt>
   <trkpt lat="69.6575350" lon="19.0410630">
    <ele>469.6</ele>
    <time>2025-02-28T15:32:59Z</time>
    <extensions>
     <gpxtpx:TrackPointExtension>
      <gpxtpx:hr>108</gpxtpx:hr>
     </gpxtpx:TrackPointExtension>
    </extensions>
   </trkpt>
   <trkpt lat="69.6575320" lon="19.0410780">
    <ele>470.4</ele>
    <time>2025-02-28T15:33:00Z</time>
    <extensions>
     <gpxtpx:TrackPointExtension>
      <gpxtpx:hr>108</gpxtpx:hr>
     </gpxtpx:TrackPointExtension>
    </extensions>
   </trkpt>
   <trkpt lat="69.6575250" lon="19.0411140">
    <ele>471.0</ele>
    <time>2025-02-28T15:33:01Z</time>
    <extensions>
     <gpxtpx:TrackPointExtension>
      <gpxtpx:hr>108</gpxtpx:hr>
     </gpxtpx:TrackPointExtension>
    </extensions>
   </trkpt>
   <trkpt lat="69.6575230" lon="19.0411270">
    <ele>471.0</ele>
    <time>2025-02-28T15:33:02Z</time>
    <extensions>
     <gpxtpx:TrackPointExtension>
      <gpxtpx:hr>108</gpxtpx:hr>
     </gpxtpx:TrackPointExtension>
    </extensions>
   </trkpt>
   <trkpt lat="69.6575220" lon="19.0411560">
    <ele>471.6</ele>
    <time>2025-02-28T15:33:03Z</time>
    <extensions>
     <gpxtpx:TrackPointExtension>
      <gpxtpx:hr>108</gpxtpx:hr>
     </gpxtpx:TrackPointExtension>
    </extensions>
   </trkpt>
   <trkpt lat="69.6575270" lon="19.0411760">
    <ele>471.6</ele>
    <time>2025-02-28T15:33:04Z</time>
    <extensions>
     <gpxtpx:TrackPointExtension>
      <gpxtpx:hr>108</gpxtpx:hr>
     </gpxtpx:TrackPointExtension>
    </extensions>
   </trkpt>
   <trkpt lat="69.6575290" lon="19.0412100">
    <ele>472.2</ele>
    <time>2025-02-28T15:33:05Z</time>
    <extensions>
     <gpxtpx:TrackPointExtension>
      <gpxtpx:hr>111</gpxtpx:hr>
     </gpxtpx:TrackPointExtension>
    </extensions>
   </trkpt>
   <trkpt lat="69.6575300" lon="19.0412370">
    <ele>472.2</ele>
    <time>2025-02-28T15:33:06Z</time>
    <extensions>
     <gpxtpx:TrackPointExtension>
      <gpxtpx:hr>111</gpxtpx:hr>
     </gpxtpx:TrackPointExtension>
    </extensions>
   </trkpt>
   <trkpt lat="69.6575290" lon="19.0412540">
    <ele>472.8</ele>
    <time>2025-02-28T15:33:07Z</time>
    <extensions>
     <gpxtpx:TrackPointExtension>
      <gpxtpx:hr>111</gpxtpx:hr>
     </gpxtpx:TrackPointExtension>
    </extensions>
   </trkpt>
   <trkpt lat="69.6575200" lon="19.0412770">
    <ele>472.8</ele>
    <time>2025-02-28T15:33:08Z</time>
    <extensions>
     <gpxtpx:TrackPointExtension>
      <gpxtpx:hr>111</gpxtpx:hr>
     </gpxtpx:TrackPointExtension>
    </extensions>
   </trkpt>
   <trkpt lat="69.6575160" lon="19.0412890">
    <ele>473.8</ele>
    <time>2025-02-28T15:33:09Z</time>
    <extensions>
     <gpxtpx:TrackPointExtension>
      <gpxtpx:hr>111</gpxtpx:hr>
     </gpxtpx:TrackPointExtension>
    </extensions>
   </trkpt>
   <trkpt lat="69.6575120" lon="19.0412980">
    <ele>473.8</ele>
    <time>2025-02-28T15:33:10Z</time>
    <extensions>
     <gpxtpx:TrackPointExtension>
      <gpxtpx:hr>111</gpxtpx:hr>
     </gpxtpx:TrackPointExtension>
    </extensions>
   </trkpt>
   <trkpt lat="69.6575080" lon="19.0413020">
    <ele>473.8</ele>
    <time>2025-02-28T15:33:11Z</time>
    <extensions>
     <gpxtpx:TrackPointExtension>
      <gpxtpx:hr>111</gpxtpx:hr>
     </gpxtpx:TrackPointExtension>
    </extensions>
   </trkpt>
   <trkpt lat="69.6574990" lon="19.0413170">
    <ele>474.2</ele>
    <time>2025-02-28T15:33:12Z</time>
    <extensions>
     <gpxtpx:TrackPointExtension>
      <gpxtpx:hr>119</gpxtpx:hr>
     </gpxtpx:TrackPointExtension>
    </extensions>
   </trkpt>
   <trkpt lat="69.6574920" lon="19.0413260">
    <ele>474.8</ele>
    <time>2025-02-28T15:33:13Z</time>
    <extensions>
     <gpxtpx:TrackPointExtension>
      <gpxtpx:hr>119</gpxtpx:hr>
     </gpxtpx:TrackPointExtension>
    </extensions>
   </trkpt>
   <trkpt lat="69.6574910" lon="19.0413360">
    <ele>474.8</ele>
    <time>2025-02-28T15:33:14Z</time>
    <extensions>
     <gpxtpx:TrackPointExtension>
      <gpxtpx:hr>119</gpxtpx:hr>
     </gpxtpx:TrackPointExtension>
    </extensions>
   </trkpt>
   <trkpt lat="69.6574890" lon="19.0413470">
    <ele>475.2</ele>
    <time>2025-02-28T15:33:15Z</time>
    <extensions>
     <gpxtpx:TrackPointExtension>
      <gpxtpx:hr>119</gpxtpx:hr>
     </gpxtpx:TrackPointExtension>
    </extensions>
   </trkpt>
   <trkpt lat="69.6574850" lon="19.0413550">
    <ele>475.2</ele>
    <time>2025-02-28T15:33:16Z</time>
    <extensions>
     <gpxtpx:TrackPointExtension>
      <gpxtpx:hr>119</gpxtpx:hr>
     </gpxtpx:TrackPointExtension>
    </extensions>
   </trkpt>
   <trkpt lat="69.6574820" lon="19.0413600">
    <ele>475.2</ele>
    <time>2025-02-28T15:33:17Z</time>
    <extensions>
     <gpxtpx:TrackPointExtension>
      <gpxtpx:hr>119</gpxtpx:hr>
     </gpxtpx:TrackPointExtension>
    </extensions>
   </trkpt>
   <trkpt lat="69.6574810" lon="19.0413710">
    <ele>475.8</ele>
    <time>2025-02-28T15:33:18Z</time>
    <extensions>
     <gpxtpx:TrackPointExtension>
      <gpxtpx:hr>119</gpxtpx:hr>
     </gpxtpx:TrackPointExtension>
    </extensions>
   </trkpt>
   <trkpt lat="69.6574700" lon="19.0414010">
    <ele>476.1</ele>
    <time>2025-02-28T15:33:19Z</time>
    <extensions>
     <gpxtpx:TrackPointExtension>
      <gpxtpx:hr>119</gpxtpx:hr>
     </gpxtpx:TrackPointExtension>
    </extensions>
   </trkpt>
   <trkpt lat="69.6574660" lon="19.0414240">
    <ele>476.7</ele>
    <time>2025-02-28T15:33:20Z</time>
    <extensions>
     <gpxtpx:TrackPointExtension>
      <gpxtpx:hr>125</gpxtpx:hr>
     </gpxtpx:TrackPointExtension>
    </extensions>
   </trkpt>
   <trkpt lat="69.6574650" lon="19.0414330">
    <ele>476.7</ele>
    <time>2025-02-28T15:33:21Z</time>
    <extensions>
     <gpxtpx:TrackPointExtension>
      <gpxtpx:hr>125</gpxtpx:hr>
     </gpxtpx:TrackPointExtension>
    </extensions>
   </trkpt>
   <trkpt lat="69.6574670" lon="19.0414410">
    <ele>476.7</ele>
    <time>2025-02-28T15:33:22Z</time>
    <extensions>
     <gpxtpx:TrackPointExtension>
      <gpxtpx:hr>125</gpxtpx:hr>
     </gpxtpx:TrackPointExtension>
    </extensions>
   </trkpt>
   <trkpt lat="69.6574670" lon="19.0414510">
    <ele>476.7</ele>
    <time>2025-02-28T15:33:23Z</time>
    <extensions>
     <gpxtpx:TrackPointExtension>
      <gpxtpx:hr>125</gpxtpx:hr>
     </gpxtpx:TrackPointExtension>
    </extensions>
   </trkpt>
   <trkpt lat="69.6574610" lon="19.0414520">
    <ele>476.7</ele>
    <time>2025-02-28T15:33:24Z</time>
    <extensions>
     <gpxtpx:TrackPointExtension>
      <gpxtpx:hr>125</gpxtpx:hr>
     </gpxtpx:TrackPointExtension>
    </extensions>
   </trkpt>
   <trkpt lat="69.6574540" lon="19.0414520">
    <ele>477.0</ele>
    <time>2025-02-28T15:33:25Z</time>
    <extensions>
     <gpxtpx:TrackPointExtension>
      <gpxtpx:hr>129</gpxtpx:hr>
     </gpxtpx:TrackPointExtension>
    </extensions>
   </trkpt>
   <trkpt lat="69.6574480" lon="19.0414530">
    <ele>477.6</ele>
    <time>2025-02-28T15:33:26Z</time>
    <extensions>
     <gpxtpx:TrackPointExtension>
      <gpxtpx:hr>129</gpxtpx:hr>
     </gpxtpx:TrackPointExtension>
    </extensions>
   </trkpt>
   <trkpt lat="69.6574420" lon="19.0414530">
    <ele>477.9</ele>
    <time>2025-02-28T15:33:27Z</time>
    <extensions>
     <gpxtpx:TrackPointExtension>
      <gpxtpx:hr>129</gpxtpx:hr>
     </gpxtpx:TrackPointExtension>
    </extensions>
   </trkpt>
   <trkpt lat="69.6574360" lon="19.0414540">
    <ele>477.9</ele>
    <time>2025-02-28T15:33:28Z</time>
    <extensions>
     <gpxtpx:TrackPointExtension>
      <gpxtpx:hr>129</gpxtpx:hr>
     </gpxtpx:TrackPointExtension>
    </extensions>
   </trkpt>
   <trkpt lat="69.6574290" lon="19.0414540">
    <ele>478.2</ele>
    <time>2025-02-28T15:33:29Z</time>
    <extensions>
     <gpxtpx:TrackPointExtension>
      <gpxtpx:hr>129</gpxtpx:hr>
     </gpxtpx:TrackPointExtension>
    </extensions>
   </trkpt>
   <trkpt lat="69.6574230" lon="19.0414550">
    <ele>478.2</ele>
    <time>2025-02-28T15:33:30Z</time>
    <extensions>
     <gpxtpx:TrackPointExtension>
      <gpxtpx:hr>129</gpxtpx:hr>
     </gpxtpx:TrackPointExtension>
    </extensions>
   </trkpt>
   <trkpt lat="69.6574170" lon="19.0414550">
    <ele>478.2</ele>
    <time>2025-02-28T15:33:31Z</time>
    <extensions>
     <gpxtpx:TrackPointExtension>
      <gpxtpx:hr>128</gpxtpx:hr>
     </gpxtpx:TrackPointExtension>
    </extensions>
   </trkpt>
   <trkpt lat="69.6574100" lon="19.0414560">
    <ele>478.4</ele>
    <time>2025-02-28T15:33:32Z</time>
    <extensions>
     <gpxtpx:TrackPointExtension>
      <gpxtpx:hr>128</gpxtpx:hr>
     </gpxtpx:TrackPointExtension>
    </extensions>
   </trkpt>
   <trkpt lat="69.6574040" lon="19.0414560">
    <ele>478.4</ele>
    <time>2025-02-28T15:33:33Z</time>
    <extensions>
     <gpxtpx:TrackPointExtension>
      <gpxtpx:hr>128</gpxtpx:hr>
     </gpxtpx:TrackPointExtension>
    </extensions>
   </trkpt>
   <trkpt lat="69.6573970" lon="19.0414670">
    <ele>478.7</ele>
    <time>2025-02-28T15:33:34Z</time>
    <extensions>
     <gpxtpx:TrackPointExtension>
      <gpxtpx:hr>128</gpxtpx:hr>
     </gpxtpx:TrackPointExtension>
    </extensions>
   </trkpt>
   <trkpt lat="69.6574010" lon="19.0414950">
    <ele>478.4</ele>
    <time>2025-02-28T15:33:35Z</time>
    <extensions>
     <gpxtpx:TrackPointExtension>
      <gpxtpx:hr>128</gpxtpx:hr>
     </gpxtpx:TrackPointExtension>
    </extensions>
   </trkpt>
   <trkpt lat="69.6573990" lon="19.0415120">
    <ele>479.1</ele>
    <time>2025-02-28T15:33:36Z</time>
    <extensions>
     <gpxtpx:TrackPointExtension>
      <gpxtpx:hr>128</gpxtpx:hr>
     </gpxtpx:TrackPointExtension>
    </extensions>
   </trkpt>
   <trkpt lat="69.6573950" lon="19.0415220">
    <ele>479.1</ele>
    <time>2025-02-28T15:33:37Z</time>
    <extensions>
     <gpxtpx:TrackPointExtension>
      <gpxtpx:hr>128</gpxtpx:hr>
     </gpxtpx:TrackPointExtension>
    </extensions>
   </trkpt>
   <trkpt lat="69.6573820" lon="19.0415280">
    <ele>479.4</ele>
    <time>2025-02-28T15:33:38Z</time>
    <extensions>
     <gpxtpx:TrackPointExtension>
      <gpxtpx:hr>128</gpxtpx:hr>
     </gpxtpx:TrackPointExtension>
    </extensions>
   </trkpt>
   <trkpt lat="69.6573770" lon="19.0415180">
    <ele>479.4</ele>
    <time>2025-02-28T15:33:39Z</time>
    <extensions>
     <gpxtpx:TrackPointExtension>
      <gpxtpx:hr>128</gpxtpx:hr>
     </gpxtpx:TrackPointExtension>
    </extensions>
   </trkpt>
   <trkpt lat="69.6573670" lon="19.0415290">
    <ele>479.6</ele>
    <time>2025-02-28T15:33:40Z</time>
    <extensions>
     <gpxtpx:TrackPointExtension>
      <gpxtpx:hr>128</gpxtpx:hr>
     </gpxtpx:TrackPointExtension>
    </extensions>
   </trkpt>
   <trkpt lat="69.6573650" lon="19.0415400">
    <ele>480.0</ele>
    <time>2025-02-28T15:33:41Z</time>
    <extensions>
     <gpxtpx:TrackPointExtension>
      <gpxtpx:hr>132</gpxtpx:hr>
     </gpxtpx:TrackPointExtension>
    </extensions>
   </trkpt>
   <trkpt lat="69.6573600" lon="19.0415340">
    <ele>479.6</ele>
    <time>2025-02-28T15:33:42Z</time>
    <extensions>
     <gpxtpx:TrackPointExtension>
      <gpxtpx:hr>132</gpxtpx:hr>
     </gpxtpx:TrackPointExtension>
    </extensions>
   </trkpt>
   <trkpt lat="69.6573510" lon="19.0415480">
    <ele>480.2</ele>
    <time>2025-02-28T15:33:43Z</time>
    <extensions>
     <gpxtpx:TrackPointExtension>
      <gpxtpx:hr>132</gpxtpx:hr>
     </gpxtpx:TrackPointExtension>
    </extensions>
   </trkpt>
   <trkpt lat="69.6573460" lon="19.0415510">
    <ele>480.2</ele>
    <time>2025-02-28T15:33:44Z</time>
    <extensions>
     <gpxtpx:TrackPointExtension>
      <gpxtpx:hr>132</gpxtpx:hr>
     </gpxtpx:TrackPointExtension>
    </extensions>
   </trkpt>
   <trkpt lat="69.6573410" lon="19.0415650">
    <ele>480.2</ele>
    <time>2025-02-28T15:33:45Z</time>
    <extensions>
     <gpxtpx:TrackPointExtension>
      <gpxtpx:hr>132</gpxtpx:hr>
     </gpxtpx:TrackPointExtension>
    </extensions>
   </trkpt>
   <trkpt lat="69.6573340" lon="19.0415800">
    <ele>480.4</ele>
    <time>2025-02-28T15:33:46Z</time>
    <extensions>
     <gpxtpx:TrackPointExtension>
      <gpxtpx:hr>132</gpxtpx:hr>
     </gpxtpx:TrackPointExtension>
    </extensions>
   </trkpt>
   <trkpt lat="69.6573150" lon="19.0416050">
    <ele>481.0</ele>
    <time>2025-02-28T15:33:47Z</time>
    <extensions>
     <gpxtpx:TrackPointExtension>
      <gpxtpx:hr>131</gpxtpx:hr>
     </gpxtpx:TrackPointExtension>
    </extensions>
   </trkpt>
   <trkpt lat="69.6573070" lon="19.0416090">
    <ele>481.1</ele>
    <time>2025-02-28T15:33:48Z</time>
    <extensions>
     <gpxtpx:TrackPointExtension>
      <gpxtpx:hr>131</gpxtpx:hr>
     </gpxtpx:TrackPointExtension>
    </extensions>
   </trkpt>
   <trkpt lat="69.6572940" lon="19.0416030">
    <ele>481.3</ele>
    <time>2025-02-28T15:33:49Z</time>
    <extensions>
     <gpxtpx:TrackPointExtension>
      <gpxtpx:hr>131</gpxtpx:hr>
     </gpxtpx:TrackPointExtension>
    </extensions>
   </trkpt>
   <trkpt lat="69.6572840" lon="19.0415980">
    <ele>481.3</ele>
    <time>2025-02-28T15:33:50Z</time>
    <extensions>
     <gpxtpx:TrackPointExtension>
      <gpxtpx:hr>131</gpxtpx:hr>
     </gpxtpx:TrackPointExtension>
    </extensions>
   </trkpt>
   <trkpt lat="69.6572820" lon="19.0416040">
    <ele>481.3</ele>
    <time>2025-02-28T15:33:51Z</time>
    <extensions>
     <gpxtpx:TrackPointExtension>
      <gpxtpx:hr>131</gpxtpx:hr>
     </gpxtpx:TrackPointExtension>
    </extensions>
   </trkpt>
   <trkpt lat="69.6572720" lon="19.0416320">
    <ele>481.9</ele>
    <time>2025-02-28T15:33:52Z</time>
    <extensions>
     <gpxtpx:TrackPointExtension>
      <gpxtpx:hr>131</gpxtpx:hr>
     </gpxtpx:TrackPointExtension>
    </extensions>
   </trkpt>
   <trkpt lat="69.6572640" lon="19.0416640">
    <ele>482.1</ele>
    <time>2025-02-28T15:33:53Z</time>
    <extensions>
     <gpxtpx:TrackPointExtension>
      <gpxtpx:hr>131</gpxtpx:hr>
     </gpxtpx:TrackPointExtension>
    </extensions>
   </trkpt>
   <trkpt lat="69.6572560" lon="19.0416890">
    <ele>482.4</ele>
    <time>2025-02-28T15:33:54Z</time>
    <extensions>
     <gpxtpx:TrackPointExtension>
      <gpxtpx:hr>131</gpxtpx:hr>
     </gpxtpx:TrackPointExtension>
    </extensions>
   </trkpt>
   <trkpt lat="69.6572570" lon="19.0417070">
    <ele>482.4</ele>
    <time>2025-02-28T15:33:55Z</time>
    <extensions>
     <gpxtpx:TrackPointExtension>
      <gpxtpx:hr>135</gpxtpx:hr>
     </gpxtpx:TrackPointExtension>
    </extensions>
   </trkpt>
   <trkpt lat="69.6572550" lon="19.0417300">
    <ele>482.8</ele>
    <time>2025-02-28T15:33:56Z</time>
    <extensions>
     <gpxtpx:TrackPointExtension>
      <gpxtpx:hr>135</gpxtpx:hr>
     </gpxtpx:TrackPointExtension>
    </extensions>
   </trkpt>
   <trkpt lat="69.6572480" lon="19.0417590">
    <ele>483.3</ele>
    <time>2025-02-28T15:33:57Z</time>
    <extensions>
     <gpxtpx:TrackPointExtension>
      <gpxtpx:hr>135</gpxtpx:hr>
     </gpxtpx:TrackPointExtension>
    </extensions>
   </trkpt>
   <trkpt lat="69.6572380" lon="19.0417940">
    <ele>483.3</ele>
    <time>2025-02-28T15:33:58Z</time>
    <extensions>
     <gpxtpx:TrackPointExtension>
      <gpxtpx:hr>135</gpxtpx:hr>
     </gpxtpx:TrackPointExtension>
    </extensions>
   </trkpt>
   <trkpt lat="69.6572310" lon="19.0418340">
    <ele>483.7</ele>
    <time>2025-02-28T15:33:59Z</time>
    <extensions>
     <gpxtpx:TrackPointExtension>
      <gpxtpx:hr>134</gpxtpx:hr>
     </gpxtpx:TrackPointExtension>
    </extensions>
   </trkpt>
   <trkpt lat="69.6572280" lon="19.0418640">
    <ele>484.0</ele>
    <time>2025-02-28T15:34:00Z</time>
    <extensions>
     <gpxtpx:TrackPointExtension>
      <gpxtpx:hr>134</gpxtpx:hr>
     </gpxtpx:TrackPointExtension>
    </extensions>
   </trkpt>
   <trkpt lat="69.6572260" lon="19.0418770">
    <ele>484.0</ele>
    <time>2025-02-28T15:34:01Z</time>
    <extensions>
     <gpxtpx:TrackPointExtension>
      <gpxtpx:hr>134</gpxtpx:hr>
     </gpxtpx:TrackPointExtension>
    </extensions>
   </trkpt>
   <trkpt lat="69.6572210" lon="19.0419040">
    <ele>484.3</ele>
    <time>2025-02-28T15:34:02Z</time>
    <extensions>
     <gpxtpx:TrackPointExtension>
      <gpxtpx:hr>134</gpxtpx:hr>
     </gpxtpx:TrackPointExtension>
    </extensions>
   </trkpt>
   <trkpt lat="69.6572170" lon="19.0419130">
    <ele>484.4</ele>
    <time>2025-02-28T15:34:03Z</time>
    <extensions>
     <gpxtpx:TrackPointExtension>
      <gpxtpx:hr>134</gpxtpx:hr>
     </gpxtpx:TrackPointExtension>
    </extensions>
   </trkpt>
   <trkpt lat="69.6572100" lon="19.0419340">
    <ele>484.7</ele>
    <time>2025-02-28T15:34:04Z</time>
    <extensions>
     <gpxtpx:TrackPointExtension>
      <gpxtpx:hr>134</gpxtpx:hr>
     </gpxtpx:TrackPointExtension>
    </extensions>
   </trkpt>
   <trkpt lat="69.6572030" lon="19.0419540">
    <ele>484.8</ele>
    <time>2025-02-28T15:34:05Z</time>
    <extensions>
     <gpxtpx:TrackPointExtension>
      <gpxtpx:hr>134</gpxtpx:hr>
     </gpxtpx:TrackPointExtension>
    </extensions>
   </trkpt>
   <trkpt lat="69.6571930" lon="19.0419880">
    <ele>485.1</ele>
    <time>2025-02-28T15:34:06Z</time>
    <extensions>
     <gpxtpx:TrackPointExtension>
      <gpxtpx:hr>134</gpxtpx:hr>
     </gpxtpx:TrackPointExtension>
    </extensions>
   </trkpt>
   <trkpt lat="69.6571930" lon="19.0420170">
    <ele>485.4</ele>
    <time>2025-02-28T15:34:07Z</time>
    <extensions>
     <gpxtpx:TrackPointExtension>
      <gpxtpx:hr>134</gpxtpx:hr>
     </gpxtpx:TrackPointExtension>
    </extensions>
   </trkpt>
   <trkpt lat="69.6571950" lon="19.0420670">
    <ele>485.6</ele>
    <time>2025-02-28T15:34:08Z</time>
    <extensions>
     <gpxtpx:TrackPointExtension>
      <gpxtpx:hr>134</gpxtpx:hr>
     </gpxtpx:TrackPointExtension>
    </extensions>
   </trkpt>
   <trkpt lat="69.6571940" lon="19.0420800">
    <ele>485.6</ele>
    <time>2025-02-28T15:34:09Z</time>
    <extensions>
     <gpxtpx:TrackPointExtension>
      <gpxtpx:hr>134</gpxtpx:hr>
     </gpxtpx:TrackPointExtension>
    </extensions>
   </trkpt>
   <trkpt lat="69.6571930" lon="19.0420880">
    <ele>485.6</ele>
    <time>2025-02-28T15:34:10Z</time>
    <extensions>
     <gpxtpx:TrackPointExtension>
      <gpxtpx:hr>134</gpxtpx:hr>
     </gpxtpx:TrackPointExtension>
    </extensions>
   </trkpt>
   <trkpt lat="69.6571850" lon="19.0421070">
    <ele>485.9</ele>
    <time>2025-02-28T15:34:11Z</time>
    <extensions>
     <gpxtpx:TrackPointExtension>
      <gpxtpx:hr>134</gpxtpx:hr>
     </gpxtpx:TrackPointExtension>
    </extensions>
   </trkpt>
   <trkpt lat="69.6571790" lon="19.0421380">
    <ele>485.9</ele>
    <time>2025-02-28T15:34:12Z</time>
    <extensions>
     <gpxtpx:TrackPointExtension>
      <gpxtpx:hr>134</gpxtpx:hr>
     </gpxtpx:TrackPointExtension>
    </extensions>
   </trkpt>
   <trkpt lat="69.6571720" lon="19.0421680">
    <ele>486.1</ele>
    <time>2025-02-28T15:34:13Z</time>
    <extensions>
     <gpxtpx:TrackPointExtension>
      <gpxtpx:hr>134</gpxtpx:hr>
     </gpxtpx:TrackPointExtension>
    </extensions>
   </trkpt>
   <trkpt lat="69.6571670" lon="19.0421820">
    <ele>486.4</ele>
    <time>2025-02-28T15:34:14Z</time>
    <extensions>
     <gpxtpx:TrackPointExtension>
      <gpxtpx:hr>134</gpxtpx:hr>
     </gpxtpx:TrackPointExtension>
    </extensions>
   </trkpt>
   <trkpt lat="69.6571620" lon="19.0422200">
    <ele>486.4</ele>
    <time>2025-02-28T15:34:15Z</time>
    <extensions>
     <gpxtpx:TrackPointExtension>
      <gpxtpx:hr>134</gpxtpx:hr>
     </gpxtpx:TrackPointExtension>
    </extensions>
   </trkpt>
   <trkpt lat="69.6571570" lon="19.0422460">
    <ele>486.6</ele>
    <time>2025-02-28T15:34:16Z</time>
    <extensions>
     <gpxtpx:TrackPointExtension>
      <gpxtpx:hr>134</gpxtpx:hr>
     </gpxtpx:TrackPointExtension>
    </extensions>
   </trkpt>
   <trkpt lat="69.6571560" lon="19.0422750">
    <ele>486.8</ele>
    <time>2025-02-28T15:34:17Z</time>
    <extensions>
     <gpxtpx:TrackPointExtension>
      <gpxtpx:hr>134</gpxtpx:hr>
     </gpxtpx:TrackPointExtension>
    </extensions>
   </trkpt>
   <trkpt lat="69.6571520" lon="19.0423000">
    <ele>486.8</ele>
    <time>2025-02-28T15:34:18Z</time>
    <extensions>
     <gpxtpx:TrackPointExtension>
      <gpxtpx:hr>134</gpxtpx:hr>
     </gpxtpx:TrackPointExtension>
    </extensions>
   </trkpt>
   <trkpt lat="69.6571440" lon="19.0423160">
    <ele>486.9</ele>
    <time>2025-02-28T15:34:19Z</time>
    <extensions>
     <gpxtpx:TrackPointExtension>
      <gpxtpx:hr>134</gpxtpx:hr>
     </gpxtpx:TrackPointExtension>
    </extensions>
   </trkpt>
   <trkpt lat="69.6571370" lon="19.0423420">
    <ele>486.9</ele>
    <time>2025-02-28T15:34:20Z</time>
    <extensions>
     <gpxtpx:TrackPointExtension>
      <gpxtpx:hr>134</gpxtpx:hr>
     </gpxtpx:TrackPointExtension>
    </extensions>
   </trkpt>
   <trkpt lat="69.6571340" lon="19.0423570">
    <ele>487.1</ele>
    <time>2025-02-28T15:34:21Z</time>
    <extensions>
     <gpxtpx:TrackPointExtension>
      <gpxtpx:hr>134</gpxtpx:hr>
     </gpxtpx:TrackPointExtension>
    </extensions>
   </trkpt>
   <trkpt lat="69.6571270" lon="19.0423800">
    <ele>487.0</ele>
    <time>2025-02-28T15:34:22Z</time>
    <extensions>
     <gpxtpx:TrackPointExtension>
      <gpxtpx:hr>134</gpxtpx:hr>
     </gpxtpx:TrackPointExtension>
    </extensions>
   </trkpt>
   <trkpt lat="69.6571230" lon="19.0423860">
    <ele>487.0</ele>
    <time>2025-02-28T15:34:23Z</time>
    <extensions>
     <gpxtpx:TrackPointExtension>
      <gpxtpx:hr>134</gpxtpx:hr>
     </gpxtpx:TrackPointExtension>
    </extensions>
   </trkpt>
   <trkpt lat="69.6571140" lon="19.0423820">
    <ele>486.9</ele>
    <time>2025-02-28T15:34:24Z</time>
    <extensions>
     <gpxtpx:TrackPointExtension>
      <gpxtpx:hr>134</gpxtpx:hr>
     </gpxtpx:TrackPointExtension>
    </extensions>
   </trkpt>
   <trkpt lat="69.6571020" lon="19.0423860">
    <ele>486.9</ele>
    <time>2025-02-28T15:34:25Z</time>
    <extensions>
     <gpxtpx:TrackPointExtension>
      <gpxtpx:hr>134</gpxtpx:hr>
     </gpxtpx:TrackPointExtension>
    </extensions>
   </trkpt>
   <trkpt lat="69.6570980" lon="19.0423960">
    <ele>486.9</ele>
    <time>2025-02-28T15:34:26Z</time>
    <extensions>
     <gpxtpx:TrackPointExtension>
      <gpxtpx:hr>134</gpxtpx:hr>
     </gpxtpx:TrackPointExtension>
    </extensions>
   </trkpt>
   <trkpt lat="69.6570970" lon="19.0424100">
    <ele>487.0</ele>
    <time>2025-02-28T15:34:27Z</time>
    <extensions>
     <gpxtpx:TrackPointExtension>
      <gpxtpx:hr>134</gpxtpx:hr>
     </gpxtpx:TrackPointExtension>
    </extensions>
   </trkpt>
   <trkpt lat="69.6570920" lon="19.0424190">
    <ele>487.0</ele>
    <time>2025-02-28T15:34:28Z</time>
    <extensions>
     <gpxtpx:TrackPointExtension>
      <gpxtpx:hr>134</gpxtpx:hr>
     </gpxtpx:TrackPointExtension>
    </extensions>
   </trkpt>
   <trkpt lat="69.6570840" lon="19.0424390">
    <ele>486.9</ele>
    <time>2025-02-28T15:34:29Z</time>
    <extensions>
     <gpxtpx:TrackPointExtension>
      <gpxtpx:hr>134</gpxtpx:hr>
     </gpxtpx:TrackPointExtension>
    </extensions>
   </trkpt>
   <trkpt lat="69.6570710" lon="19.0424520">
    <ele>486.9</ele>
    <time>2025-02-28T15:34:30Z</time>
    <extensions>
     <gpxtpx:TrackPointExtension>
      <gpxtpx:hr>134</gpxtpx:hr>
     </gpxtpx:TrackPointExtension>
    </extensions>
   </trkpt>
   <trkpt lat="69.6570610" lon="19.0424670">
    <ele>486.9</ele>
    <time>2025-02-28T15:34:31Z</time>
    <extensions>
     <gpxtpx:TrackPointExtension>
      <gpxtpx:hr>134</gpxtpx:hr>
     </gpxtpx:TrackPointExtension>
    </extensions>
   </trkpt>
   <trkpt lat="69.6570520" lon="19.0425020">
    <ele>486.9</ele>
    <time>2025-02-28T15:34:32Z</time>
    <extensions>
     <gpxtpx:TrackPointExtension>
      <gpxtpx:hr>134</gpxtpx:hr>
     </gpxtpx:TrackPointExtension>
    </extensions>
   </trkpt>
   <trkpt lat="69.6570490" lon="19.0425170">
    <ele>486.9</ele>
    <time>2025-02-28T15:34:33Z</time>
    <extensions>
     <gpxtpx:TrackPointExtension>
      <gpxtpx:hr>134</gpxtpx:hr>
     </gpxtpx:TrackPointExtension>
    </extensions>
   </trkpt>
   <trkpt lat="69.6570530" lon="19.0425210">
    <ele>486.9</ele>
    <time>2025-02-28T15:34:34Z</time>
    <extensions>
     <gpxtpx:TrackPointExtension>
      <gpxtpx:hr>134</gpxtpx:hr>
     </gpxtpx:TrackPointExtension>
    </extensions>
   </trkpt>
   <trkpt lat="69.6570550" lon="19.0425320">
    <ele>487.0</ele>
    <time>2025-02-28T15:34:35Z</time>
    <extensions>
     <gpxtpx:TrackPointExtension>
      <gpxtpx:hr>137</gpxtpx:hr>
     </gpxtpx:TrackPointExtension>
    </extensions>
   </trkpt>
   <trkpt lat="69.6570540" lon="19.0425330">
    <ele>487.0</ele>
    <time>2025-02-28T15:34:36Z</time>
    <extensions>
     <gpxtpx:TrackPointExtension>
      <gpxtpx:hr>137</gpxtpx:hr>
     </gpxtpx:TrackPointExtension>
    </extensions>
   </trkpt>
   <trkpt lat="69.6570540" lon="19.0425330">
    <ele>487.0</ele>
    <time>2025-02-28T15:34:37Z</time>
    <extensions>
     <gpxtpx:TrackPointExtension>
      <gpxtpx:hr>137</gpxtpx:hr>
     </gpxtpx:TrackPointExtension>
    </extensions>
   </trkpt>
   <trkpt lat="69.6570530" lon="19.0425340">
    <ele>487.0</ele>
    <time>2025-02-28T15:34:38Z</time>
    <extensions>
     <gpxtpx:TrackPointExtension>
      <gpxtpx:hr>137</gpxtpx:hr>
     </gpxtpx:TrackPointExtension>
    </extensions>
   </trkpt>
   <trkpt lat="69.6570530" lon="19.0425340">
    <ele>487.0</ele>
    <time>2025-02-28T15:34:39Z</time>
    <extensions>
     <gpxtpx:TrackPointExtension>
      <gpxtpx:hr>137</gpxtpx:hr>
     </gpxtpx:TrackPointExtension>
    </extensions>
   </trkpt>
   <trkpt lat="69.6570520" lon="19.0425350">
    <ele>487.0</ele>
    <time>2025-02-28T15:34:40Z</time>
    <extensions>
     <gpxtpx:TrackPointExtension>
      <gpxtpx:hr>132</gpxtpx:hr>
     </gpxtpx:TrackPointExtension>
    </extensions>
   </trkpt>
   <trkpt lat="69.6570520" lon="19.0425350">
    <ele>487.0</ele>
    <time>2025-02-28T15:34:41Z</time>
    <extensions>
     <gpxtpx:TrackPointExtension>
      <gpxtpx:hr>132</gpxtpx:hr>
     </gpxtpx:TrackPointExtension>
    </extensions>
   </trkpt>
   <trkpt lat="69.6570510" lon="19.0425350">
    <ele>487.0</ele>
    <time>2025-02-28T15:34:42Z</time>
    <extensions>
     <gpxtpx:TrackPointExtension>
      <gpxtpx:hr>131</gpxtpx:hr>
     </gpxtpx:TrackPointExtension>
    </extensions>
   </trkpt>
   <trkpt lat="69.6570510" lon="19.0425360">
    <ele>487.0</ele>
    <time>2025-02-28T15:34:43Z</time>
    <extensions>
     <gpxtpx:TrackPointExtension>
      <gpxtpx:hr>131</gpxtpx:hr>
     </gpxtpx:TrackPointExtension>
    </extensions>
   </trkpt>
   <trkpt lat="69.6570500" lon="19.0425360">
    <ele>487.0</ele>
    <time>2025-02-28T15:34:44Z</time>
    <extensions>
     <gpxtpx:TrackPointExtension>
      <gpxtpx:hr>131</gpxtpx:hr>
     </gpxtpx:TrackPointExtension>
    </extensions>
   </trkpt>
   <trkpt lat="69.6570500" lon="19.0425370">
    <ele>487.0</ele>
    <time>2025-02-28T15:34:45Z</time>
    <extensions>
     <gpxtpx:TrackPointExtension>
      <gpxtpx:hr>131</gpxtpx:hr>
     </gpxtpx:TrackPointExtension>
    </extensions>
   </trkpt>
   <trkpt lat="69.6570490" lon="19.0425370">
    <ele>487.0</ele>
    <time>2025-02-28T15:34:46Z</time>
    <extensions>
     <gpxtpx:TrackPointExtension>
      <gpxtpx:hr>131</gpxtpx:hr>
     </gpxtpx:TrackPointExtension>
    </extensions>
   </trkpt>
   <trkpt lat="69.6570490" lon="19.0425380">
    <ele>487.0</ele>
    <time>2025-02-28T15:34:47Z</time>
    <extensions>
     <gpxtpx:TrackPointExtension>
      <gpxtpx:hr>129</gpxtpx:hr>
     </gpxtpx:TrackPointExtension>
    </extensions>
   </trkpt>
   <trkpt lat="69.6570480" lon="19.0425380">
    <ele>487.0</ele>
    <time>2025-02-28T15:34:48Z</time>
    <extensions>
     <gpxtpx:TrackPointExtension>
      <gpxtpx:hr>129</gpxtpx:hr>
     </gpxtpx:TrackPointExtension>
    </extensions>
   </trkpt>
   <trkpt lat="69.6570480" lon="19.0425380">
    <ele>487.1</ele>
    <time>2025-02-28T15:34:49Z</time>
    <extensions>
     <gpxtpx:TrackPointExtension>
      <gpxtpx:hr>129</gpxtpx:hr>
     </gpxtpx:TrackPointExtension>
    </extensions>
   </trkpt>
   <trkpt lat="69.6570470" lon="19.0425390">
    <ele>487.1</ele>
    <time>2025-02-28T15:34:50Z</time>
    <extensions>
     <gpxtpx:TrackPointExtension>
      <gpxtpx:hr>129</gpxtpx:hr>
     </gpxtpx:TrackPointExtension>
    </extensions>
   </trkpt>
   <trkpt lat="69.6570470" lon="19.0425390">
    <ele>487.1</ele>
    <time>2025-02-28T15:34:51Z</time>
    <extensions>
     <gpxtpx:TrackPointExtension>
      <gpxtpx:hr>128</gpxtpx:hr>
     </gpxtpx:TrackPointExtension>
    </extensions>
   </trkpt>
   <trkpt lat="69.6570460" lon="19.0425400">
    <ele>487.1</ele>
    <time>2025-02-28T15:34:52Z</time>
    <extensions>
     <gpxtpx:TrackPointExtension>
      <gpxtpx:hr>128</gpxtpx:hr>
     </gpxtpx:TrackPointExtension>
    </extensions>
   </trkpt>
   <trkpt lat="69.6570460" lon="19.0425400">
    <ele>487.1</ele>
    <time>2025-02-28T15:34:53Z</time>
    <extensions>
     <gpxtpx:TrackPointExtension>
      <gpxtpx:hr>128</gpxtpx:hr>
     </gpxtpx:TrackPointExtension>
    </extensions>
   </trkpt>
   <trkpt lat="69.6570450" lon="19.0425410">
    <ele>487.1</ele>
    <time>2025-02-28T15:34:54Z</time>
    <extensions>
     <gpxtpx:TrackPointExtension>
      <gpxtpx:hr>128</gpxtpx:hr>
     </gpxtpx:TrackPointExtension>
    </extensions>
   </trkpt>
   <trkpt lat="69.6570450" lon="19.0425410">
    <ele>487.1</ele>
    <time>2025-02-28T15:34:55Z</time>
    <extensions>
     <gpxtpx:TrackPointExtension>
      <gpxtpx:hr>128</gpxtpx:hr>
     </gpxtpx:TrackPointExtension>
    </extensions>
   </trkpt>
   <trkpt lat="69.6570460" lon="19.0425430">
    <ele>487.1</ele>
    <time>2025-02-28T15:34:56Z</time>
    <extensions>
     <gpxtpx:TrackPointExtension>
      <gpxtpx:hr>125</gpxtpx:hr>
     </gpxtpx:TrackPointExtension>
    </extensions>
   </trkpt>
   <trkpt lat="69.6570460" lon="19.0425440">
    <ele>487.1</ele>
    <time>2025-02-28T15:34:57Z</time>
    <extensions>
     <gpxtpx:TrackPointExtension>
      <gpxtpx:hr>125</gpxtpx:hr>
     </gpxtpx:TrackPointExtension>
    </extensions>
   </trkpt>
   <trkpt lat="69.6570460" lon="19.0425500">
    <ele>487.1</ele>
    <time>2025-02-28T15:34:58Z</time>
    <extensions>
     <gpxtpx:TrackPointExtension>
      <gpxtpx:hr>125</gpxtpx:hr>
     </gpxtpx:TrackPointExtension>
    </extensions>
   </trkpt>
   <trkpt lat="69.6570460" lon="19.0425500">
    <ele>487.1</ele>
    <time>2025-02-28T15:34:59Z</time>
    <extensions>
     <gpxtpx:TrackPointExtension>
      <gpxtpx:hr>125</gpxtpx:hr>
     </gpxtpx:TrackPointExtension>
    </extensions>
   </trkpt>
   <trkpt lat="69.6570460" lon="19.0425500">
    <ele>487.1</ele>
    <time>2025-02-28T15:35:00Z</time>
    <extensions>
     <gpxtpx:TrackPointExtension>
      <gpxtpx:hr>125</gpxtpx:hr>
     </gpxtpx:TrackPointExtension>
    </extensions>
   </trkpt>
   <trkpt lat="69.6570430" lon="19.0425450">
    <ele>487.1</ele>
    <time>2025-02-28T15:35:01Z</time>
    <extensions>
     <gpxtpx:TrackPointExtension>
      <gpxtpx:hr>122</gpxtpx:hr>
     </gpxtpx:TrackPointExtension>
    </extensions>
   </trkpt>
   <trkpt lat="69.6570400" lon="19.0425360">
    <ele>486.9</ele>
    <time>2025-02-28T15:35:02Z</time>
    <extensions>
     <gpxtpx:TrackPointExtension>
      <gpxtpx:hr>122</gpxtpx:hr>
     </gpxtpx:TrackPointExtension>
    </extensions>
   </trkpt>
   <trkpt lat="69.6570400" lon="19.0425290">
    <ele>486.9</ele>
    <time>2025-02-28T15:35:03Z</time>
    <extensions>
     <gpxtpx:TrackPointExtension>
      <gpxtpx:hr>122</gpxtpx:hr>
     </gpxtpx:TrackPointExtension>
    </extensions>
   </trkpt>
   <trkpt lat="69.6570400" lon="19.0425290">
    <ele>486.9</ele>
    <time>2025-02-28T15:35:04Z</time>
    <extensions>
     <gpxtpx:TrackPointExtension>
      <gpxtpx:hr>122</gpxtpx:hr>
     </gpxtpx:TrackPointExtension>
    </extensions>
   </trkpt>
   <trkpt lat="69.6570400" lon="19.0425260">
    <ele>486.9</ele>
    <time>2025-02-28T15:35:05Z</time>
    <extensions>
     <gpxtpx:TrackPointExtension>
      <gpxtpx:hr>122</gpxtpx:hr>
     </gpxtpx:TrackPointExtension>
    </extensions>
   </trkpt>
   <trkpt lat="69.6570390" lon="19.0425220">
    <ele>486.8</ele>
    <time>2025-02-28T15:35:06Z</time>
    <extensions>
     <gpxtpx:TrackPointExtension>
      <gpxtpx:hr>118</gpxtpx:hr>
     </gpxtpx:TrackPointExtension>
    </extensions>
   </trkpt>
   <trkpt lat="69.6570370" lon="19.0425230">
    <ele>486.8</ele>
    <time>2025-02-28T15:35:07Z</time>
    <extensions>
     <gpxtpx:TrackPointExtension>
      <gpxtpx:hr>118</gpxtpx:hr>
     </gpxtpx:TrackPointExtension>
    </extensions>
   </trkpt>
   <trkpt lat="69.6570360" lon="19.0425260">
    <ele>486.9</ele>
    <time>2025-02-28T15:35:08Z</time>
    <extensions>
     <gpxtpx:TrackPointExtension>
      <gpxtpx:hr>118</gpxtpx:hr>
     </gpxtpx:TrackPointExtension>
    </extensions>
   </trkpt>
   <trkpt lat="69.6570310" lon="19.0425150">
    <ele>486.8</ele>
    <time>2025-02-28T15:35:09Z</time>
    <extensions>
     <gpxtpx:TrackPointExtension>
      <gpxtpx:hr>118</gpxtpx:hr>
     </gpxtpx:TrackPointExtension>
    </extensions>
   </trkpt>
   <trkpt lat="69.6569950" lon="19.0425170">
    <ele>486.3</ele>
    <time>2025-02-28T15:35:10Z</time>
    <extensions>
     <gpxtpx:TrackPointExtension>
      <gpxtpx:hr>118</gpxtpx:hr>
     </gpxtpx:TrackPointExtension>
    </extensions>
   </trkpt>
   <trkpt lat="69.6569250" lon="19.0425030">
    <ele>485.6</ele>
    <time>2025-02-28T15:35:11Z</time>
    <extensions>
     <gpxtpx:TrackPointExtension>
      <gpxtpx:hr>116</gpxtpx:hr>
     </gpxtpx:TrackPointExtension>
    </extensions>
   </trkpt>
   <trkpt lat="69.6568960" lon="19.0424900">
    <ele>485.3</ele>
    <time>2025-02-28T15:35:12Z</time>
    <extensions>
     <gpxtpx:TrackPointExtension>
      <gpxtpx:hr>116</gpxtpx:hr>
     </gpxtpx:TrackPointExtension>
    </extensions>
   </trkpt>
   <trkpt lat="69.6568680" lon="19.0424760">
    <ele>484.8</ele>
    <time>2025-02-28T15:35:13Z</time>
    <extensions>
     <gpxtpx:TrackPointExtension>
      <gpxtpx:hr>116</gpxtpx:hr>
     </gpxtpx:TrackPointExtension>
    </extensions>
   </trkpt>
   <trkpt lat="69.6568390" lon="19.0424630">
    <ele>484.5</ele>
    <time>2025-02-28T15:35:14Z</time>
    <extensions>
     <gpxtpx:TrackPointExtension>
      <gpxtpx:hr>116</gpxtpx:hr>
     </gpxtpx:TrackPointExtension>
    </extensions>
   </trkpt>
   <trkpt lat="69.6568110" lon="19.0424490">
    <ele>484.2</ele>
    <time>2025-02-28T15:35:15Z</time>
    <extensions>
     <gpxtpx:TrackPointExtension>
      <gpxtpx:hr>116</gpxtpx:hr>
     </gpxtpx:TrackPointExtension>
    </extensions>
   </trkpt>
   <trkpt lat="69.6567630" lon="19.0425190">
    <ele>483.7</ele>
    <time>2025-02-28T15:35:16Z</time>
    <extensions>
     <gpxtpx:TrackPointExtension>
      <gpxtpx:hr>116</gpxtpx:hr>
     </gpxtpx:TrackPointExtension>
    </extensions>
   </trkpt>
   <trkpt lat="69.6567440" lon="19.0425370">
    <ele>483.6</ele>
    <time>2025-02-28T15:35:17Z</time>
    <extensions>
     <gpxtpx:TrackPointExtension>
      <gpxtpx:hr>116</gpxtpx:hr>
     </gpxtpx:TrackPointExtension>
    </extensions>
   </trkpt>
   <trkpt lat="69.6566960" lon="19.0425560">
    <ele>482.5</ele>
    <time>2025-02-28T15:35:18Z</time>
    <extensions>
     <gpxtpx:TrackPointExtension>
      <gpxtpx:hr>116</gpxtpx:hr>
     </gpxtpx:TrackPointExtension>
    </extensions>
   </trkpt>
   <trkpt lat="69.6566750" lon="19.0425660">
    <ele>482.2</ele>
    <time>2025-02-28T15:35:19Z</time>
    <extensions>
     <gpxtpx:TrackPointExtension>
      <gpxtpx:hr>116</gpxtpx:hr>
     </gpxtpx:TrackPointExtension>
    </extensions>
   </trkpt>
   <trkpt lat="69.6566550" lon="19.0425750">
    <ele>481.9</ele>
    <time>2025-02-28T15:35:20Z</time>
    <extensions>
     <gpxtpx:TrackPointExtension>
      <gpxtpx:hr>118</gpxtpx:hr>
     </gpxtpx:TrackPointExtension>
    </extensions>
   </trkpt>
   <trkpt lat="69.6565990" lon="19.0425580">
    <ele>480.7</ele>
    <time>2025-02-28T15:35:21Z</time>
    <extensions>
     <gpxtpx:TrackPointExtension>
      <gpxtpx:hr>118</gpxtpx:hr>
     </gpxtpx:TrackPointExtension>
    </extensions>
   </trkpt>
   <trkpt lat="69.6565790" lon="19.0425350">
    <ele>480.2</ele>
    <time>2025-02-28T15:35:22Z</time>
    <extensions>
     <gpxtpx:TrackPointExtension>
      <gpxtpx:hr>118</gpxtpx:hr>
     </gpxtpx:TrackPointExtension>
    </extensions>
   </trkpt>
   <trkpt lat="69.6565580" lon="19.0425120">
    <ele>480.0</ele>
    <time>2025-02-28T15:35:23Z</time>
    <extensions>
     <gpxtpx:TrackPointExtension>
      <gpxtpx:hr>118</gpxtpx:hr>
     </gpxtpx:TrackPointExtension>
    </extensions>
   </trkpt>
   <trkpt lat="69.6565110" lon="19.0424670">
    <ele>479.2</ele>
    <time>2025-02-28T15:35:24Z</time>
    <extensions>
     <gpxtpx:TrackPointExtension>
      <gpxtpx:hr>118</gpxtpx:hr>
     </gpxtpx:TrackPointExtension>
    </extensions>
   </trkpt>
   <trkpt lat="69.6564960" lon="19.0424490">
    <ele>479.0</ele>
    <time>2025-02-28T15:35:25Z</time>
    <extensions>
     <gpxtpx:TrackPointExtension>
      <gpxtpx:hr>118</gpxtpx:hr>
     </gpxtpx:TrackPointExtension>
    </extensions>
   </trkpt>
   <trkpt lat="69.6564400" lon="19.0423510">
    <ele>477.8</ele>
    <time>2025-02-28T15:35:26Z</time>
    <extensions>
     <gpxtpx:TrackPointExtension>
      <gpxtpx:hr>121</gpxtpx:hr>
     </gpxtpx:TrackPointExtension>
    </extensions>
   </trkpt>
   <trkpt lat="69.6564240" lon="19.0423030">
    <ele>477.4</ele>
    <time>2025-02-28T15:35:27Z</time>
    <extensions>
     <gpxtpx:TrackPointExtension>
      <gpxtpx:hr>121</gpxtpx:hr>
     </gpxtpx:TrackPointExtension>
    </extensions>
   </trkpt>
   <trkpt lat="69.6564070" lon="19.0422560">
    <ele>477.0</ele>
    <time>2025-02-28T15:35:28Z</time>
    <extensions>
     <gpxtpx:TrackPointExtension>
      <gpxtpx:hr>121</gpxtpx:hr>
     </gpxtpx:TrackPointExtension>
    </extensions>
   </trkpt>
   <trkpt lat="69.6563590" lon="19.0421590">
    <ele>476.0</ele>
    <time>2025-02-28T15:35:29Z</time>
    <extensions>
     <gpxtpx:TrackPointExtension>
      <gpxtpx:hr>121</gpxtpx:hr>
     </gpxtpx:TrackPointExtension>
    </extensions>
   </trkpt>
   <trkpt lat="69.6563400" lon="19.0421340">
    <ele>475.5</ele>
    <time>2025-02-28T15:35:30Z</time>
    <extensions>
     <gpxtpx:TrackPointExtension>
      <gpxtpx:hr>121</gpxtpx:hr>
     </gpxtpx:TrackPointExtension>
    </extensions>
   </trkpt>
   <trkpt lat="69.6562990" lon="19.0420310">
    <ele>474.8</ele>
    <time>2025-02-28T15:35:31Z</time>
    <extensions>
     <gpxtpx:TrackPointExtension>
      <gpxtpx:hr>121</gpxtpx:hr>
     </gpxtpx:TrackPointExtension>
    </extensions>
   </trkpt>
   <trkpt lat="69.6562880" lon="19.0419890">
    <ele>474.4</ele>
    <time>2025-02-28T15:35:32Z</time>
    <extensions>
     <gpxtpx:TrackPointExtension>
      <gpxtpx:hr>121</gpxtpx:hr>
     </gpxtpx:TrackPointExtension>
    </extensions>
   </trkpt>
   <trkpt lat="69.6562780" lon="19.0419470">
    <ele>474.1</ele>
    <time>2025-02-28T15:35:33Z</time>
    <extensions>
     <gpxtpx:TrackPointExtension>
      <gpxtpx:hr>121</gpxtpx:hr>
     </gpxtpx:TrackPointExtension>
    </extensions>
   </trkpt>
   <trkpt lat="69.6562440" lon="19.0418490">
    <ele>473.3</ele>
    <time>2025-02-28T15:35:34Z</time>
    <extensions>
     <gpxtpx:TrackPointExtension>
      <gpxtpx:hr>128</gpxtpx:hr>
     </gpxtpx:TrackPointExtension>
    </extensions>
   </trkpt>
   <trkpt lat="69.6562290" lon="19.0418200">
    <ele>472.9</ele>
    <time>2025-02-28T15:35:35Z</time>
    <extensions>
     <gpxtpx:TrackPointExtension>
      <gpxtpx:hr>128</gpxtpx:hr>
     </gpxtpx:TrackPointExtension>
    </extensions>
   </trkpt>
   <trkpt lat="69.6561930" lon="19.0417280">
    <ele>472.0</ele>
    <time>2025-02-28T15:35:36Z</time>
    <extensions>
     <gpxtpx:TrackPointExtension>
      <gpxtpx:hr>128</gpxtpx:hr>
     </gpxtpx:TrackPointExtension>
    </extensions>
   </trkpt>
   <trkpt lat="69.6561800" lon="19.0416940">
    <ele>471.6</ele>
    <time>2025-02-28T15:35:37Z</time>
    <extensions>
     <gpxtpx:TrackPointExtension>
      <gpxtpx:hr>128</gpxtpx:hr>
     </gpxtpx:TrackPointExtension>
    </extensions>
   </trkpt>
   <trkpt lat="69.6561680" lon="19.0416610">
    <ele>471.2</ele>
    <time>2025-02-28T15:35:38Z</time>
    <extensions>
     <gpxtpx:TrackPointExtension>
      <gpxtpx:hr>128</gpxtpx:hr>
     </gpxtpx:TrackPointExtension>
    </extensions>
   </trkpt>
   <trkpt lat="69.6561470" lon="19.0415930">
    <ele>470.7</ele>
    <time>2025-02-28T15:35:39Z</time>
    <extensions>
     <gpxtpx:TrackPointExtension>
      <gpxtpx:hr>128</gpxtpx:hr>
     </gpxtpx:TrackPointExtension>
    </extensions>
   </trkpt>
   <trkpt lat="69.6561390" lon="19.0415710">
    <ele>470.3</ele>
    <time>2025-02-28T15:35:40Z</time>
    <extensions>
     <gpxtpx:TrackPointExtension>
      <gpxtpx:hr>132</gpxtpx:hr>
     </gpxtpx:TrackPointExtension>
    </extensions>
   </trkpt>
   <trkpt lat="69.6561340" lon="19.0415410">
    <ele>470.3</ele>
    <time>2025-02-28T15:35:41Z</time>
    <extensions>
     <gpxtpx:TrackPointExtension>
      <gpxtpx:hr>132</gpxtpx:hr>
     </gpxtpx:TrackPointExtension>
    </extensions>
   </trkpt>
   <trkpt lat="69.6561320" lon="19.0415330">
    <ele>470.0</ele>
    <time>2025-02-28T15:35:42Z</time>
    <extensions>
     <gpxtpx:TrackPointExtension>
      <gpxtpx:hr>132</gpxtpx:hr>
     </gpxtpx:TrackPointExtension>
    </extensions>
   </trkpt>
   <trkpt lat="69.6561310" lon="19.0415240">
    <ele>469.9</ele>
    <time>2025-02-28T15:35:43Z</time>
    <extensions>
     <gpxtpx:TrackPointExtension>
      <gpxtpx:hr>134</gpxtpx:hr>
     </gpxtpx:TrackPointExtension>
    </extensions>
   </trkpt>
   <trkpt lat="69.6561420" lon="19.0415450">
    <ele>470.3</ele>
    <time>2025-02-28T15:35:44Z</time>
    <extensions>
     <gpxtpx:TrackPointExtension>
      <gpxtpx:hr>134</gpxtpx:hr>
     </gpxtpx:TrackPointExtension>
    </extensions>
   </trkpt>
   <trkpt lat="69.6561410" lon="19.0415450">
    <ele>470.3</ele>
    <time>2025-02-28T15:35:45Z</time>
    <extensions>
     <gpxtpx:TrackPointExtension>
      <gpxtpx:hr>134</gpxtpx:hr>
     </gpxtpx:TrackPointExtension>
    </extensions>
   </trkpt>
   <trkpt lat="69.6561220" lon="19.0414440">
    <ele>469.3</ele>
    <time>2025-02-28T15:35:46Z</time>
    <extensions>
     <gpxtpx:TrackPointExtension>
      <gpxtpx:hr>134</gpxtpx:hr>
     </gpxtpx:TrackPointExtension>
    </extensions>
   </trkpt>
   <trkpt lat="69.6561120" lon="19.0413750">
    <ele>468.8</ele>
    <time>2025-02-28T15:35:47Z</time>
    <extensions>
     <gpxtpx:TrackPointExtension>
      <gpxtpx:hr>134</gpxtpx:hr>
     </gpxtpx:TrackPointExtension>
    </extensions>
   </trkpt>
   <trkpt lat="69.6561020" lon="19.0413070">
    <ele>468.2</ele>
    <time>2025-02-28T15:35:48Z</time>
    <extensions>
     <gpxtpx:TrackPointExtension>
      <gpxtpx:hr>130</gpxtpx:hr>
     </gpxtpx:TrackPointExtension>
    </extensions>
   </trkpt>
   <trkpt lat="69.6560920" lon="19.0412380">
    <ele>467.7</ele>
    <time>2025-02-28T15:35:49Z</time>
    <extensions>
     <gpxtpx:TrackPointExtension>
      <gpxtpx:hr>130</gpxtpx:hr>
     </gpxtpx:TrackPointExtension>
    </extensions>
   </trkpt>
   <trkpt lat="69.6560810" lon="19.0411700">
    <ele>466.9</ele>
    <time>2025-02-28T15:35:50Z</time>
    <extensions>
     <gpxtpx:TrackPointExtension>
      <gpxtpx:hr>130</gpxtpx:hr>
     </gpxtpx:TrackPointExtension>
    </extensions>
   </trkpt>
   <trkpt lat="69.6560710" lon="19.0411020">
    <ele>466.2</ele>
    <time>2025-02-28T15:35:51Z</time>
    <extensions>
     <gpxtpx:TrackPointExtension>
      <gpxtpx:hr>130</gpxtpx:hr>
     </gpxtpx:TrackPointExtension>
    </extensions>
   </trkpt>
   <trkpt lat="69.6560610" lon="19.0410330">
    <ele>466.0</ele>
    <time>2025-02-28T15:35:52Z</time>
    <extensions>
     <gpxtpx:TrackPointExtension>
      <gpxtpx:hr>130</gpxtpx:hr>
     </gpxtpx:TrackPointExtension>
    </extensions>
   </trkpt>
   <trkpt lat="69.6560510" lon="19.0409650">
    <ele>465.3</ele>
    <time>2025-02-28T15:35:53Z</time>
    <extensions>
     <gpxtpx:TrackPointExtension>
      <gpxtpx:hr>130</gpxtpx:hr>
     </gpxtpx:TrackPointExtension>
    </extensions>
   </trkpt>
   <trkpt lat="69.6560240" lon="19.0408530">
    <ele>464.3</ele>
    <time>2025-02-28T15:35:54Z</time>
    <extensions>
     <gpxtpx:TrackPointExtension>
      <gpxtpx:hr>130</gpxtpx:hr>
     </gpxtpx:TrackPointExtension>
    </extensions>
   </trkpt>
   <trkpt lat="69.6560170" lon="19.0408170">
    <ele>464.1</ele>
    <time>2025-02-28T15:35:55Z</time>
    <extensions>
     <gpxtpx:TrackPointExtension>
      <gpxtpx:hr>132</gpxtpx:hr>
     </gpxtpx:TrackPointExtension>
    </extensions>
   </trkpt>
   <trkpt lat="69.6560110" lon="19.0407800">
    <ele>463.6</ele>
    <time>2025-02-28T15:35:56Z</time>
    <extensions>
     <gpxtpx:TrackPointExtension>
      <gpxtpx:hr>132</gpxtpx:hr>
     </gpxtpx:TrackPointExtension>
    </extensions>
   </trkpt>
   <trkpt lat="69.6559940" lon="19.0406980">
    <ele>462.9</ele>
    <time>2025-02-28T15:35:57Z</time>
    <extensions>
     <gpxtpx:TrackPointExtension>
      <gpxtpx:hr>132</gpxtpx:hr>
     </gpxtpx:TrackPointExtension>
    </extensions>
   </trkpt>
   <trkpt lat="69.6559880" lon="19.0406730">
    <ele>462.7</ele>
    <time>2025-02-28T15:35:58Z</time>
    <extensions>
     <gpxtpx:TrackPointExtension>
      <gpxtpx:hr>132</gpxtpx:hr>
     </gpxtpx:TrackPointExtension>
    </extensions>
   </trkpt>
   <trkpt lat="69.6559560" lon="19.0405570">
    <ele>461.8</ele>
    <time>2025-02-28T15:35:59Z</time>
    <extensions>
     <gpxtpx:TrackPointExtension>
      <gpxtpx:hr>132</gpxtpx:hr>
     </gpxtpx:TrackPointExtension>
    </extensions>
   </trkpt>
   <trkpt lat="69.6559360" lon="19.0405040">
    <ele>461.0</ele>
    <time>2025-02-28T15:36:00Z</time>
    <extensions>
     <gpxtpx:TrackPointExtension>
      <gpxtpx:hr>132</gpxtpx:hr>
     </gpxtpx:TrackPointExtension>
    </extensions>
   </trkpt>
   <trkpt lat="69.6559170" lon="19.0404520">
    <ele>460.6</ele>
    <time>2025-02-28T15:36:01Z</time>
    <extensions>
     <gpxtpx:TrackPointExtension>
      <gpxtpx:hr>136</gpxtpx:hr>
     </gpxtpx:TrackPointExtension>
    </extensions>
   </trkpt>
   <trkpt lat="69.6558860" lon="19.0403410">
    <ele>460.0</ele>
    <time>2025-02-28T15:36:02Z</time>
    <extensions>
     <gpxtpx:TrackPointExtension>
      <gpxtpx:hr>136</gpxtpx:hr>
     </gpxtpx:TrackPointExtension>
    </extensions>
   </trkpt>
   <trkpt lat="69.6558770" lon="19.0403070">
    <ele>459.6</ele>
    <time>2025-02-28T15:36:03Z</time>
    <extensions>
     <gpxtpx:TrackPointExtension>
      <gpxtpx:hr>136</gpxtpx:hr>
     </gpxtpx:TrackPointExtension>
    </extensions>
   </trkpt>
   <trkpt lat="69.6558570" lon="19.0402520">
    <ele>459.3</ele>
    <time>2025-02-28T15:36:04Z</time>
    <extensions>
     <gpxtpx:TrackPointExtension>
      <gpxtpx:hr>136</gpxtpx:hr>
     </gpxtpx:TrackPointExtension>
    </extensions>
   </trkpt>
   <trkpt lat="69.6558530" lon="19.0402440">
    <ele>459.1</ele>
    <time>2025-02-28T15:36:05Z</time>
    <extensions>
     <gpxtpx:TrackPointExtension>
      <gpxtpx:hr>136</gpxtpx:hr>
     </gpxtpx:TrackPointExtension>
    </extensions>
   </trkpt>
   <trkpt lat="69.6558480" lon="19.0402350">
    <ele>459.1</ele>
    <time>2025-02-28T15:36:06Z</time>
    <extensions>
     <gpxtpx:TrackPointExtension>
      <gpxtpx:hr>136</gpxtpx:hr>
     </gpxtpx:TrackPointExtension>
    </extensions>
   </trkpt>
   <trkpt lat="69.6558490" lon="19.0402520">
    <ele>459.3</ele>
    <time>2025-02-28T15:36:07Z</time>
    <extensions>
     <gpxtpx:TrackPointExtension>
      <gpxtpx:hr>140</gpxtpx:hr>
     </gpxtpx:TrackPointExtension>
    </extensions>
   </trkpt>
   <trkpt lat="69.6558490" lon="19.0402580">
    <ele>459.3</ele>
    <time>2025-02-28T15:36:08Z</time>
    <extensions>
     <gpxtpx:TrackPointExtension>
      <gpxtpx:hr>140</gpxtpx:hr>
     </gpxtpx:TrackPointExtension>
    </extensions>
   </trkpt>
   <trkpt lat="69.6558470" lon="19.0402590">
    <ele>459.2</ele>
    <time>2025-02-28T15:36:09Z</time>
    <extensions>
     <gpxtpx:TrackPointExtension>
      <gpxtpx:hr>140</gpxtpx:hr>
     </gpxtpx:TrackPointExtension>
    </extensions>
   </trkpt>
   <trkpt lat="69.6558470" lon="19.0402560">
    <ele>459.2</ele>
    <time>2025-02-28T15:36:10Z</time>
    <extensions>
     <gpxtpx:TrackPointExtension>
      <gpxtpx:hr>140</gpxtpx:hr>
     </gpxtpx:TrackPointExtension>
    </extensions>
   </trkpt>
   <trkpt lat="69.6558450" lon="19.0402550">
    <ele>459.2</ele>
    <time>2025-02-28T15:36:11Z</time>
    <extensions>
     <gpxtpx:TrackPointExtension>
      <gpxtpx:hr>140</gpxtpx:hr>
     </gpxtpx:TrackPointExtension>
    </extensions>
   </trkpt>
   <trkpt lat="69.6558460" lon="19.0402590">
    <ele>459.2</ele>
    <time>2025-02-28T15:36:12Z</time>
    <extensions>
     <gpxtpx:TrackPointExtension>
      <gpxtpx:hr>143</gpxtpx:hr>
     </gpxtpx:TrackPointExtension>
    </extensions>
   </trkpt>
   <trkpt lat="69.6558450" lon="19.0402580">
    <ele>459.2</ele>
    <time>2025-02-28T15:36:13Z</time>
    <extensions>
     <gpxtpx:TrackPointExtension>
      <gpxtpx:hr>143</gpxtpx:hr>
     </gpxtpx:TrackPointExtension>
    </extensions>
   </trkpt>
   <trkpt lat="69.6558400" lon="19.0402510">
    <ele>459.2</ele>
    <time>2025-02-28T15:36:14Z</time>
    <extensions>
     <gpxtpx:TrackPointExtension>
      <gpxtpx:hr>143</gpxtpx:hr>
     </gpxtpx:TrackPointExtension>
    </extensions>
   </trkpt>
   <trkpt lat="69.6558400" lon="19.0402520">
    <ele>459.2</ele>
    <time>2025-02-28T15:36:15Z</time>
    <extensions>
     <gpxtpx:TrackPointExtension>
      <gpxtpx:hr>143</gpxtpx:hr>
     </gpxtpx:TrackPointExtension>
    </extensions>
   </trkpt>
   <trkpt lat="69.6558370" lon="19.0402450">
    <ele>459.0</ele>
    <time>2025-02-28T15:36:16Z</time>
    <extensions>
     <gpxtpx:TrackPointExtension>
      <gpxtpx:hr>143</gpxtpx:hr>
     </gpxtpx:TrackPointExtension>
    </extensions>
   </trkpt>
   <trkpt lat="69.6558380" lon="19.0402500">
    <ele>459.0</ele>
    <time>2025-02-28T15:36:17Z</time>
    <extensions>
     <gpxtpx:TrackPointExtension>
      <gpxtpx:hr>143</gpxtpx:hr>
     </gpxtpx:TrackPointExtension>
    </extensions>
   </trkpt>
   <trkpt lat="69.6558390" lon="19.0402520">
    <ele>459.2</ele>
    <time>2025-02-28T15:36:18Z</time>
    <extensions>
     <gpxtpx:TrackPointExtension>
      <gpxtpx:hr>143</gpxtpx:hr>
     </gpxtpx:TrackPointExtension>
    </extensions>
   </trkpt>
   <trkpt lat="69.6558370" lon="19.0402520">
    <ele>459.2</ele>
    <time>2025-02-28T15:36:19Z</time>
    <extensions>
     <gpxtpx:TrackPointExtension>
      <gpxtpx:hr>143</gpxtpx:hr>
     </gpxtpx:TrackPointExtension>
    </extensions>
   </trkpt>
   <trkpt lat="69.6558350" lon="19.0402500">
    <ele>459.0</ele>
    <time>2025-02-28T15:36:20Z</time>
    <extensions>
     <gpxtpx:TrackPointExtension>
      <gpxtpx:hr>143</gpxtpx:hr>
     </gpxtpx:TrackPointExtension>
    </extensions>
   </trkpt>
   <trkpt lat="69.6558360" lon="19.0402480">
    <ele>459.0</ele>
    <time>2025-02-28T15:36:21Z</time>
    <extensions>
     <gpxtpx:TrackPointExtension>
      <gpxtpx:hr>143</gpxtpx:hr>
     </gpxtpx:TrackPointExtension>
    </extensions>
   </trkpt>
   <trkpt lat="69.6558360" lon="19.0402490">
    <ele>459.0</ele>
    <time>2025-02-28T15:36:22Z</time>
    <extensions>
     <gpxtpx:TrackPointExtension>
      <gpxtpx:hr>143</gpxtpx:hr>
     </gpxtpx:TrackPointExtension>
    </extensions>
   </trkpt>
   <trkpt lat="69.6558360" lon="19.0402490">
    <ele>459.0</ele>
    <time>2025-02-28T15:36:23Z</time>
    <extensions>
     <gpxtpx:TrackPointExtension>
      <gpxtpx:hr>143</gpxtpx:hr>
     </gpxtpx:TrackPointExtension>
    </extensions>
   </trkpt>
   <trkpt lat="69.6558340" lon="19.0402450">
    <ele>459.0</ele>
    <time>2025-02-28T15:36:24Z</time>
    <extensions>
     <gpxtpx:TrackPointExtension>
      <gpxtpx:hr>143</gpxtpx:hr>
     </gpxtpx:TrackPointExtension>
    </extensions>
   </trkpt>
   <trkpt lat="69.6558340" lon="19.0402450">
    <ele>459.0</ele>
    <time>2025-02-28T15:36:25Z</time>
    <extensions>
     <gpxtpx:TrackPointExtension>
      <gpxtpx:hr>143</gpxtpx:hr>
     </gpxtpx:TrackPointExtension>
    </extensions>
   </trkpt>
   <trkpt lat="69.6558330" lon="19.0402430">
    <ele>458.9</ele>
    <time>2025-02-28T15:36:26Z</time>
    <extensions>
     <gpxtpx:TrackPointExtension>
      <gpxtpx:hr>143</gpxtpx:hr>
     </gpxtpx:TrackPointExtension>
    </extensions>
   </trkpt>
   <trkpt lat="69.6558320" lon="19.0402450">
    <ele>458.9</ele>
    <time>2025-02-28T15:36:27Z</time>
    <extensions>
     <gpxtpx:TrackPointExtension>
      <gpxtpx:hr>143</gpxtpx:hr>
     </gpxtpx:TrackPointExtension>
    </extensions>
   </trkpt>
   <trkpt lat="69.6558320" lon="19.0402440">
    <ele>458.9</ele>
    <time>2025-02-28T15:36:28Z</time>
    <extensions>
     <gpxtpx:TrackPointExtension>
      <gpxtpx:hr>143</gpxtpx:hr>
     </gpxtpx:TrackPointExtension>
    </extensions>
   </trkpt>
   <trkpt lat="69.6558300" lon="19.0402410">
    <ele>458.9</ele>
    <time>2025-02-28T15:36:29Z</time>
    <extensions>
     <gpxtpx:TrackPointExtension>
      <gpxtpx:hr>143</gpxtpx:hr>
     </gpxtpx:TrackPointExtension>
    </extensions>
   </trkpt>
   <trkpt lat="69.6558250" lon="19.0402260">
    <ele>458.9</ele>
    <time>2025-02-28T15:36:30Z</time>
    <extensions>
     <gpxtpx:TrackPointExtension>
      <gpxtpx:hr>143</gpxtpx:hr>
     </gpxtpx:TrackPointExtension>
    </extensions>
   </trkpt>
   <trkpt lat="69.6558190" lon="19.0402090">
    <ele>458.9</ele>
    <time>2025-02-28T15:36:31Z</time>
    <extensions>
     <gpxtpx:TrackPointExtension>
      <gpxtpx:hr>143</gpxtpx:hr>
     </gpxtpx:TrackPointExtension>
    </extensions>
   </trkpt>
   <trkpt lat="69.6558150" lon="19.0401700">
    <ele>458.6</ele>
    <time>2025-02-28T15:36:32Z</time>
    <extensions>
     <gpxtpx:TrackPointExtension>
      <gpxtpx:hr>143</gpxtpx:hr>
     </gpxtpx:TrackPointExtension>
    </extensions>
   </trkpt>
   <trkpt lat="69.6558360" lon="19.0402030">
    <ele>458.8</ele>
    <time>2025-02-28T15:36:34Z</time>
    <extensions>
     <gpxtpx:TrackPointExtension>
      <gpxtpx:hr>143</gpxtpx:hr>
     </gpxtpx:TrackPointExtension>
    </extensions>
   </trkpt>
   <trkpt lat="69.6558530" lon="19.0402330">
    <ele>459.2</ele>
    <time>2025-02-28T15:36:35Z</time>
    <extensions>
     <gpxtpx:TrackPointExtension>
      <gpxtpx:hr>143</gpxtpx:hr>
     </gpxtpx:TrackPointExtension>
    </extensions>
   </trkpt>
   <trkpt lat="69.6558650" lon="19.0402500">
    <ele>459.3</ele>
    <time>2025-02-28T15:36:36Z</time>
    <extensions>
     <gpxtpx:TrackPointExtension>
      <gpxtpx:hr>143</gpxtpx:hr>
     </gpxtpx:TrackPointExtension>
    </extensions>
   </trkpt>
   <trkpt lat="69.6558610" lon="19.0402300">
    <ele>459.2</ele>
    <time>2025-02-28T15:36:37Z</time>
    <extensions>
     <gpxtpx:TrackPointExtension>
      <gpxtpx:hr>143</gpxtpx:hr>
     </gpxtpx:TrackPointExtension>
    </extensions>
   </trkpt>
   <trkpt lat="69.6558550" lon="19.0401730">
    <ele>459.0</ele>
    <time>2025-02-28T15:36:38Z</time>
    <extensions>
     <gpxtpx:TrackPointExtension>
      <gpxtpx:hr>135</gpxtpx:hr>
     </gpxtpx:TrackPointExtension>
    </extensions>
   </trkpt>
   <trkpt lat="69.6558290" lon="19.0400800">
    <ele>458.2</ele>
    <time>2025-02-28T15:36:39Z</time>
    <extensions>
     <gpxtpx:TrackPointExtension>
      <gpxtpx:hr>135</gpxtpx:hr>
     </gpxtpx:TrackPointExtension>
    </extensions>
   </trkpt>
   <trkpt lat="69.6557800" lon="19.0399580">
    <ele>457.0</ele>
    <time>2025-02-28T15:36:40Z</time>
    <extensions>
     <gpxtpx:TrackPointExtension>
      <gpxtpx:hr>135</gpxtpx:hr>
     </gpxtpx:TrackPointExtension>
    </extensions>
   </trkpt>
   <trkpt lat="69.6557590" lon="19.0399110">
    <ele>456.6</ele>
    <time>2025-02-28T15:36:41Z</time>
    <extensions>
     <gpxtpx:TrackPointExtension>
      <gpxtpx:hr>135</gpxtpx:hr>
     </gpxtpx:TrackPointExtension>
    </extensions>
   </trkpt>
   <trkpt lat="69.6557060" lon="19.0398150">
    <ele>455.3</ele>
    <time>2025-02-28T15:36:42Z</time>
    <extensions>
     <gpxtpx:TrackPointExtension>
      <gpxtpx:hr>135</gpxtpx:hr>
     </gpxtpx:TrackPointExtension>
    </extensions>
   </trkpt>
   <trkpt lat="69.6556890" lon="19.0397770">
    <ele>454.9</ele>
    <time>2025-02-28T15:36:43Z</time>
    <extensions>
     <gpxtpx:TrackPointExtension>
      <gpxtpx:hr>135</gpxtpx:hr>
     </gpxtpx:TrackPointExtension>
    </extensions>
   </trkpt>
   <trkpt lat="69.6556730" lon="19.0397400">
    <ele>454.7</ele>
    <time>2025-02-28T15:36:44Z</time>
    <extensions>
     <gpxtpx:TrackPointExtension>
      <gpxtpx:hr>135</gpxtpx:hr>
     </gpxtpx:TrackPointExtension>
    </extensions>
   </trkpt>
   <trkpt lat="69.6556290" lon="19.0396760">
    <ele>453.7</ele>
    <time>2025-02-28T15:36:45Z</time>
    <extensions>
     <gpxtpx:TrackPointExtension>
      <gpxtpx:hr>135</gpxtpx:hr>
     </gpxtpx:TrackPointExtension>
    </extensions>
   </trkpt>
   <trkpt lat="69.6556140" lon="19.0396420">
    <ele>453.3</ele>
    <time>2025-02-28T15:36:46Z</time>
    <extensions>
     <gpxtpx:TrackPointExtension>
      <gpxtpx:hr>135</gpxtpx:hr>
     </gpxtpx:TrackPointExtension>
    </extensions>
   </trkpt>
   <trkpt lat="69.6555720" lon="19.0395450">
    <ele>452.3</ele>
    <time>2025-02-28T15:36:47Z</time>
    <extensions>
     <gpxtpx:TrackPointExtension>
      <gpxtpx:hr>135</gpxtpx:hr>
     </gpxtpx:TrackPointExtension>
    </extensions>
   </trkpt>
   <trkpt lat="69.6555550" lon="19.0394950">
    <ele>451.9</ele>
    <time>2025-02-28T15:36:48Z</time>
    <extensions>
     <gpxtpx:TrackPointExtension>
      <gpxtpx:hr>135</gpxtpx:hr>
     </gpxtpx:TrackPointExtension>
    </extensions>
   </trkpt>
   <trkpt lat="69.6555380" lon="19.0394450">
    <ele>451.6</ele>
    <time>2025-02-28T15:36:49Z</time>
    <extensions>
     <gpxtpx:TrackPointExtension>
      <gpxtpx:hr>135</gpxtpx:hr>
     </gpxtpx:TrackPointExtension>
    </extensions>
   </trkpt>
   <trkpt lat="69.6554920" lon="19.0393530">
    <ele>450.8</ele>
    <time>2025-02-28T15:36:50Z</time>
    <extensions>
     <gpxtpx:TrackPointExtension>
      <gpxtpx:hr>135</gpxtpx:hr>
     </gpxtpx:TrackPointExtension>
    </extensions>
   </trkpt>
   <trkpt lat="69.6554840" lon="19.0393150">
    <ele>450.5</ele>
    <time>2025-02-28T15:36:51Z</time>
    <extensions>
     <gpxtpx:TrackPointExtension>
      <gpxtpx:hr>135</gpxtpx:hr>
     </gpxtpx:TrackPointExtension>
    </extensions>
   </trkpt>
   <trkpt lat="69.6554580" lon="19.0392320">
    <ele>449.9</ele>
    <time>2025-02-28T15:36:52Z</time>
    <extensions>
     <gpxtpx:TrackPointExtension>
      <gpxtpx:hr>136</gpxtpx:hr>
     </gpxtpx:TrackPointExtension>
    </extensions>
   </trkpt>
   <trkpt lat="69.6554440" lon="19.0392040">
    <ele>449.6</ele>
    <time>2025-02-28T15:36:53Z</time>
    <extensions>
     <gpxtpx:TrackPointExtension>
      <gpxtpx:hr>136</gpxtpx:hr>
     </gpxtpx:TrackPointExtension>
    </extensions>
   </trkpt>
   <trkpt lat="69.6554300" lon="19.0391770">
    <ele>449.3</ele>
    <time>2025-02-28T15:36:54Z</time>
    <extensions>
     <gpxtpx:TrackPointExtension>
      <gpxtpx:hr>136</gpxtpx:hr>
     </gpxtpx:TrackPointExtension>
    </extensions>
   </trkpt>
   <trkpt lat="69.6553930" lon="19.0391270">
    <ele>449.0</ele>
    <time>2025-02-28T15:36:55Z</time>
    <extensions>
     <gpxtpx:TrackPointExtension>
      <gpxtpx:hr>136</gpxtpx:hr>
     </gpxtpx:TrackPointExtension>
    </extensions>
   </trkpt>
   <trkpt lat="69.6553770" lon="19.0391160">
    <ele>448.9</ele>
    <time>2025-02-28T15:36:56Z</time>
    <extensions>
     <gpxtpx:TrackPointExtension>
      <gpxtpx:hr>136</gpxtpx:hr>
     </gpxtpx:TrackPointExtension>
    </extensions>
   </trkpt>
   <trkpt lat="69.6553380" lon="19.0390360">
    <ele>447.9</ele>
    <time>2025-02-28T15:36:57Z</time>
    <extensions>
     <gpxtpx:TrackPointExtension>
      <gpxtpx:hr>137</gpxtpx:hr>
     </gpxtpx:TrackPointExtension>
    </extensions>
   </trkpt>
   <trkpt lat="69.6553290" lon="19.0389940">
    <ele>447.5</ele>
    <time>2025-02-28T15:36:58Z</time>
    <extensions>
     <gpxtpx:TrackPointExtension>
      <gpxtpx:hr>137</gpxtpx:hr>
     </gpxtpx:TrackPointExtension>
    </extensions>
   </trkpt>
   <trkpt lat="69.6553200" lon="19.0389520">
    <ele>446.9</ele>
    <time>2025-02-28T15:36:59Z</time>
    <extensions>
     <gpxtpx:TrackPointExtension>
      <gpxtpx:hr>137</gpxtpx:hr>
     </gpxtpx:TrackPointExtension>
    </extensions>
   </trkpt>
   <trkpt lat="69.6553000" lon="19.0388330">
    <ele>445.4</ele>
    <time>2025-02-28T15:37:00Z</time>
    <extensions>
     <gpxtpx:TrackPointExtension>
      <gpxtpx:hr>137</gpxtpx:hr>
     </gpxtpx:TrackPointExtension>
    </extensions>
   </trkpt>
   <trkpt lat="69.6552910" lon="19.0387820">
    <ele>444.8</ele>
    <time>2025-02-28T15:37:01Z</time>
    <extensions>
     <gpxtpx:TrackPointExtension>
      <gpxtpx:hr>138</gpxtpx:hr>
     </gpxtpx:TrackPointExtension>
    </extensions>
   </trkpt>
   <trkpt lat="69.6552810" lon="19.0387300">
    <ele>444.5</ele>
    <time>2025-02-28T15:37:02Z</time>
    <extensions>
     <gpxtpx:TrackPointExtension>
      <gpxtpx:hr>138</gpxtpx:hr>
     </gpxtpx:TrackPointExtension>
    </extensions>
   </trkpt>
   <trkpt lat="69.6552550" lon="19.0386430">
    <ele>443.3</ele>
    <time>2025-02-28T15:37:03Z</time>
    <extensions>
     <gpxtpx:TrackPointExtension>
      <gpxtpx:hr>138</gpxtpx:hr>
     </gpxtpx:TrackPointExtension>
    </extensions>
   </trkpt>
   <trkpt lat="69.6552490" lon="19.0386150">
    <ele>442.7</ele>
    <time>2025-02-28T15:37:04Z</time>
    <extensions>
     <gpxtpx:TrackPointExtension>
      <gpxtpx:hr>138</gpxtpx:hr>
     </gpxtpx:TrackPointExtension>
    </extensions>
   </trkpt>
   <trkpt lat="69.6552220" lon="19.0385030">
    <ele>441.8</ele>
    <time>2025-02-28T15:37:05Z</time>
    <extensions>
     <gpxtpx:TrackPointExtension>
      <gpxtpx:hr>138</gpxtpx:hr>
     </gpxtpx:TrackPointExtension>
    </extensions>
   </trkpt>
   <trkpt lat="69.6552120" lon="19.0384590">
    <ele>441.3</ele>
    <time>2025-02-28T15:37:06Z</time>
    <extensions>
     <gpxtpx:TrackPointExtension>
      <gpxtpx:hr>138</gpxtpx:hr>
     </gpxtpx:TrackPointExtension>
    </extensions>
   </trkpt>
   <trkpt lat="69.6552010" lon="19.0384160">
    <ele>440.7</ele>
    <time>2025-02-28T15:37:07Z</time>
    <extensions>
     <gpxtpx:TrackPointExtension>
      <gpxtpx:hr>138</gpxtpx:hr>
     </gpxtpx:TrackPointExtension>
    </extensions>
   </trkpt>
   <trkpt lat="69.6551810" lon="19.0382930">
    <ele>439.6</ele>
    <time>2025-02-28T15:37:08Z</time>
    <extensions>
     <gpxtpx:TrackPointExtension>
      <gpxtpx:hr>138</gpxtpx:hr>
     </gpxtpx:TrackPointExtension>
    </extensions>
   </trkpt>
   <trkpt lat="69.6551760" lon="19.0382620">
    <ele>439.0</ele>
    <time>2025-02-28T15:37:09Z</time>
    <extensions>
     <gpxtpx:TrackPointExtension>
      <gpxtpx:hr>138</gpxtpx:hr>
     </gpxtpx:TrackPointExtension>
    </extensions>
   </trkpt>
   <trkpt lat="69.6551400" lon="19.0381740">
    <ele>437.9</ele>
    <time>2025-02-28T15:37:10Z</time>
    <extensions>
     <gpxtpx:TrackPointExtension>
      <gpxtpx:hr>138</gpxtpx:hr>
     </gpxtpx:TrackPointExtension>
    </extensions>
   </trkpt>
   <trkpt lat="69.6551230" lon="19.0381470">
    <ele>437.3</ele>
    <time>2025-02-28T15:37:11Z</time>
    <extensions>
     <gpxtpx:TrackPointExtension>
      <gpxtpx:hr>138</gpxtpx:hr>
     </gpxtpx:TrackPointExtension>
    </extensions>
   </trkpt>
   <trkpt lat="69.6551050" lon="19.0381200">
    <ele>437.0</ele>
    <time>2025-02-28T15:37:12Z</time>
    <extensions>
     <gpxtpx:TrackPointExtension>
      <gpxtpx:hr>138</gpxtpx:hr>
     </gpxtpx:TrackPointExtension>
    </extensions>
   </trkpt>
   <trkpt lat="69.6550780" lon="19.0380530">
    <ele>435.9</ele>
    <time>2025-02-28T15:37:13Z</time>
    <extensions>
     <gpxtpx:TrackPointExtension>
      <gpxtpx:hr>138</gpxtpx:hr>
     </gpxtpx:TrackPointExtension>
    </extensions>
   </trkpt>
   <trkpt lat="69.6550690" lon="19.0380320">
    <ele>435.7</ele>
    <time>2025-02-28T15:37:14Z</time>
    <extensions>
     <gpxtpx:TrackPointExtension>
      <gpxtpx:hr>138</gpxtpx:hr>
     </gpxtpx:TrackPointExtension>
    </extensions>
   </trkpt>
   <trkpt lat="69.6550320" lon="19.0379150">
    <ele>434.4</ele>
    <time>2025-02-28T15:37:15Z</time>
    <extensions>
     <gpxtpx:TrackPointExtension>
      <gpxtpx:hr>138</gpxtpx:hr>
     </gpxtpx:TrackPointExtension>
    </extensions>
   </trkpt>
   <trkpt lat="69.6550170" lon="19.0378670">
    <ele>433.9</ele>
    <time>2025-02-28T15:37:16Z</time>
    <extensions>
     <gpxtpx:TrackPointExtension>
      <gpxtpx:hr>138</gpxtpx:hr>
     </gpxtpx:TrackPointExtension>
    </extensions>
   </trkpt>
   <trkpt lat="69.6550030" lon="19.0378180">
    <ele>433.4</ele>
    <time>2025-02-28T15:37:17Z</time>
    <extensions>
     <gpxtpx:TrackPointExtension>
      <gpxtpx:hr>138</gpxtpx:hr>
     </gpxtpx:TrackPointExtension>
    </extensions>
   </trkpt>
   <trkpt lat="69.6549860" lon="19.0377240">
    <ele>432.6</ele>
    <time>2025-02-28T15:37:18Z</time>
    <extensions>
     <gpxtpx:TrackPointExtension>
      <gpxtpx:hr>138</gpxtpx:hr>
     </gpxtpx:TrackPointExtension>
    </extensions>
   </trkpt>
   <trkpt lat="69.6549780" lon="19.0376930">
    <ele>432.1</ele>
    <time>2025-02-28T15:37:19Z</time>
    <extensions>
     <gpxtpx:TrackPointExtension>
      <gpxtpx:hr>138</gpxtpx:hr>
     </gpxtpx:TrackPointExtension>
    </extensions>
   </trkpt>
   <trkpt lat="69.6549360" lon="19.0376030">
    <ele>430.9</ele>
    <time>2025-02-28T15:37:20Z</time>
    <extensions>
     <gpxtpx:TrackPointExtension>
      <gpxtpx:hr>138</gpxtpx:hr>
     </gpxtpx:TrackPointExtension>
    </extensions>
   </trkpt>
   <trkpt lat="69.6549180" lon="19.0375680">
    <ele>430.5</ele>
    <time>2025-02-28T15:37:21Z</time>
    <extensions>
     <gpxtpx:TrackPointExtension>
      <gpxtpx:hr>138</gpxtpx:hr>
     </gpxtpx:TrackPointExtension>
    </extensions>
   </trkpt>
   <trkpt lat="69.6549000" lon="19.0375330">
    <ele>430.0</ele>
    <time>2025-02-28T15:37:22Z</time>
    <extensions>
     <gpxtpx:TrackPointExtension>
      <gpxtpx:hr>138</gpxtpx:hr>
     </gpxtpx:TrackPointExtension>
    </extensions>
   </trkpt>
   <trkpt lat="69.6548770" lon="19.0374250">
    <ele>429.1</ele>
    <time>2025-02-28T15:37:23Z</time>
    <extensions>
     <gpxtpx:TrackPointExtension>
      <gpxtpx:hr>138</gpxtpx:hr>
     </gpxtpx:TrackPointExtension>
    </extensions>
   </trkpt>
   <trkpt lat="69.6548700" lon="19.0373880">
    <ele>428.8</ele>
    <time>2025-02-28T15:37:24Z</time>
    <extensions>
     <gpxtpx:TrackPointExtension>
      <gpxtpx:hr>138</gpxtpx:hr>
     </gpxtpx:TrackPointExtension>
    </extensions>
   </trkpt>
   <trkpt lat="69.6548310" lon="19.0372890">
    <ele>427.5</ele>
    <time>2025-02-28T15:37:25Z</time>
    <extensions>
     <gpxtpx:TrackPointExtension>
      <gpxtpx:hr>138</gpxtpx:hr>
     </gpxtpx:TrackPointExtension>
    </extensions>
   </trkpt>
   <trkpt lat="69.6548140" lon="19.0372500">
    <ele>427.4</ele>
    <time>2025-02-28T15:37:26Z</time>
    <extensions>
     <gpxtpx:TrackPointExtension>
      <gpxtpx:hr>138</gpxtpx:hr>
     </gpxtpx:TrackPointExtension>
    </extensions>
   </trkpt>
   <trkpt lat="69.6547980" lon="19.0372110">
    <ele>427.0</ele>
    <time>2025-02-28T15:37:27Z</time>
    <extensions>
     <gpxtpx:TrackPointExtension>
      <gpxtpx:hr>138</gpxtpx:hr>
     </gpxtpx:TrackPointExtension>
    </extensions>
   </trkpt>
   <trkpt lat="69.6547720" lon="19.0370850">
    <ele>425.8</ele>
    <time>2025-02-28T15:37:28Z</time>
    <extensions>
     <gpxtpx:TrackPointExtension>
      <gpxtpx:hr>138</gpxtpx:hr>
     </gpxtpx:TrackPointExtension>
    </extensions>
   </trkpt>
   <trkpt lat="69.6547570" lon="19.0370330">
    <ele>425.4</ele>
    <time>2025-02-28T15:37:29Z</time>
    <extensions>
     <gpxtpx:TrackPointExtension>
      <gpxtpx:hr>138</gpxtpx:hr>
     </gpxtpx:TrackPointExtension>
    </extensions>
   </trkpt>
   <trkpt lat="69.6547430" lon="19.0369820">
    <ele>424.5</ele>
    <time>2025-02-28T15:37:30Z</time>
    <extensions>
     <gpxtpx:TrackPointExtension>
      <gpxtpx:hr>138</gpxtpx:hr>
     </gpxtpx:TrackPointExtension>
    </extensions>
   </trkpt>
   <trkpt lat="69.6547100" lon="19.0368850">
    <ele>423.5</ele>
    <time>2025-02-28T15:37:31Z</time>
    <extensions>
     <gpxtpx:TrackPointExtension>
      <gpxtpx:hr>138</gpxtpx:hr>
     </gpxtpx:TrackPointExtension>
    </extensions>
   </trkpt>
   <trkpt lat="69.6547000" lon="19.0368560">
    <ele>423.1</ele>
    <time>2025-02-28T15:37:32Z</time>
    <extensions>
     <gpxtpx:TrackPointExtension>
      <gpxtpx:hr>138</gpxtpx:hr>
     </gpxtpx:TrackPointExtension>
    </extensions>
   </trkpt>
   <trkpt lat="69.6546710" lon="19.0367200">
    <ele>421.6</ele>
    <time>2025-02-28T15:37:33Z</time>
    <extensions>
     <gpxtpx:TrackPointExtension>
      <gpxtpx:hr>138</gpxtpx:hr>
     </gpxtpx:TrackPointExtension>
    </extensions>
   </trkpt>
   <trkpt lat="69.6546620" lon="19.0366710">
    <ele>421.2</ele>
    <time>2025-02-28T15:37:34Z</time>
    <extensions>
     <gpxtpx:TrackPointExtension>
      <gpxtpx:hr>138</gpxtpx:hr>
     </gpxtpx:TrackPointExtension>
    </extensions>
   </trkpt>
   <trkpt lat="69.6546520" lon="19.0366230">
    <ele>420.7</ele>
    <time>2025-02-28T15:37:35Z</time>
    <extensions>
     <gpxtpx:TrackPointExtension>
      <gpxtpx:hr>138</gpxtpx:hr>
     </gpxtpx:TrackPointExtension>
    </extensions>
   </trkpt>
   <trkpt lat="69.6546240" lon="19.0365090">
    <ele>419.6</ele>
    <time>2025-02-28T15:37:36Z</time>
    <extensions>
     <gpxtpx:TrackPointExtension>
      <gpxtpx:hr>138</gpxtpx:hr>
     </gpxtpx:TrackPointExtension>
    </extensions>
   </trkpt>
   <trkpt lat="69.6546150" lon="19.0364730">
    <ele>419.2</ele>
    <time>2025-02-28T15:37:37Z</time>
    <extensions>
     <gpxtpx:TrackPointExtension>
      <gpxtpx:hr>138</gpxtpx:hr>
     </gpxtpx:TrackPointExtension>
    </extensions>
   </trkpt>
   <trkpt lat="69.6545880" lon="19.0363540">
    <ele>418.3</ele>
    <time>2025-02-28T15:37:38Z</time>
    <extensions>
     <gpxtpx:TrackPointExtension>
      <gpxtpx:hr>138</gpxtpx:hr>
     </gpxtpx:TrackPointExtension>
    </extensions>
   </trkpt>
   <trkpt lat="69.6545790" lon="19.0363030">
    <ele>417.9</ele>
    <time>2025-02-28T15:37:39Z</time>
    <extensions>
     <gpxtpx:TrackPointExtension>
      <gpxtpx:hr>138</gpxtpx:hr>
     </gpxtpx:TrackPointExtension>
    </extensions>
   </trkpt>
   <trkpt lat="69.6545700" lon="19.0362510">
    <ele>417.3</ele>
    <time>2025-02-28T15:37:40Z</time>
    <extensions>
     <gpxtpx:TrackPointExtension>
      <gpxtpx:hr>138</gpxtpx:hr>
     </gpxtpx:TrackPointExtension>
    </extensions>
   </trkpt>
   <trkpt lat="69.6545250" lon="19.0361580">
    <ele>415.8</ele>
    <time>2025-02-28T15:37:41Z</time>
    <extensions>
     <gpxtpx:TrackPointExtension>
      <gpxtpx:hr>138</gpxtpx:hr>
     </gpxtpx:TrackPointExtension>
    </extensions>
   </trkpt>
   <trkpt lat="69.6545090" lon="19.0361220">
    <ele>415.2</ele>
    <time>2025-02-28T15:37:42Z</time>
    <extensions>
     <gpxtpx:TrackPointExtension>
      <gpxtpx:hr>138</gpxtpx:hr>
     </gpxtpx:TrackPointExtension>
    </extensions>
   </trkpt>
   <trkpt lat="69.6544730" lon="19.0360290">
    <ele>413.9</ele>
    <time>2025-02-28T15:37:43Z</time>
    <extensions>
     <gpxtpx:TrackPointExtension>
      <gpxtpx:hr>138</gpxtpx:hr>
     </gpxtpx:TrackPointExtension>
    </extensions>
   </trkpt>
   <trkpt lat="69.6544600" lon="19.0359860">
    <ele>413.4</ele>
    <time>2025-02-28T15:37:44Z</time>
    <extensions>
     <gpxtpx:TrackPointExtension>
      <gpxtpx:hr>138</gpxtpx:hr>
     </gpxtpx:TrackPointExtension>
    </extensions>
   </trkpt>
   <trkpt lat="69.6544470" lon="19.0359440">
    <ele>412.9</ele>
    <time>2025-02-28T15:37:45Z</time>
    <extensions>
     <gpxtpx:TrackPointExtension>
      <gpxtpx:hr>138</gpxtpx:hr>
     </gpxtpx:TrackPointExtension>
    </extensions>
   </trkpt>
   <trkpt lat="69.6544190" lon="19.0358560">
    <ele>411.8</ele>
    <time>2025-02-28T15:37:46Z</time>
    <extensions>
     <gpxtpx:TrackPointExtension>
      <gpxtpx:hr>138</gpxtpx:hr>
     </gpxtpx:TrackPointExtension>
    </extensions>
   </trkpt>
   <trkpt lat="69.6544050" lon="19.0358180">
    <ele>411.3</ele>
    <time>2025-02-28T15:37:47Z</time>
    <extensions>
     <gpxtpx:TrackPointExtension>
      <gpxtpx:hr>138</gpxtpx:hr>
     </gpxtpx:TrackPointExtension>
    </extensions>
   </trkpt>
   <trkpt lat="69.6543730" lon="19.0357280">
    <ele>410.2</ele>
    <time>2025-02-28T15:37:48Z</time>
    <extensions>
     <gpxtpx:TrackPointExtension>
      <gpxtpx:hr>138</gpxtpx:hr>
     </gpxtpx:TrackPointExtension>
    </extensions>
   </trkpt>
   <trkpt lat="69.6543610" lon="19.0356910">
    <ele>409.8</ele>
    <time>2025-02-28T15:37:49Z</time>
    <extensions>
     <gpxtpx:TrackPointExtension>
      <gpxtpx:hr>138</gpxtpx:hr>
     </gpxtpx:TrackPointExtension>
    </extensions>
   </trkpt>
   <trkpt lat="69.6543490" lon="19.0356540">
    <ele>409.3</ele>
    <time>2025-02-28T15:37:50Z</time>
    <extensions>
     <gpxtpx:TrackPointExtension>
      <gpxtpx:hr>138</gpxtpx:hr>
     </gpxtpx:TrackPointExtension>
    </extensions>
   </trkpt>
   <trkpt lat="69.6543250" lon="19.0355670">
    <ele>408.3</ele>
    <time>2025-02-28T15:37:51Z</time>
    <extensions>
     <gpxtpx:TrackPointExtension>
      <gpxtpx:hr>138</gpxtpx:hr>
     </gpxtpx:TrackPointExtension>
    </extensions>
   </trkpt>
   <trkpt lat="69.6543220" lon="19.0355290">
    <ele>408.0</ele>
    <time>2025-02-28T15:37:52Z</time>
    <extensions>
     <gpxtpx:TrackPointExtension>
      <gpxtpx:hr>138</gpxtpx:hr>
     </gpxtpx:TrackPointExtension>
    </extensions>
   </trkpt>
   <trkpt lat="69.6542850" lon="19.0354390">
    <ele>406.9</ele>
    <time>2025-02-28T15:37:53Z</time>
    <extensions>
     <gpxtpx:TrackPointExtension>
      <gpxtpx:hr>138</gpxtpx:hr>
     </gpxtpx:TrackPointExtension>
    </extensions>
   </trkpt>
   <trkpt lat="69.6542720" lon="19.0354080">
    <ele>406.5</ele>
    <time>2025-02-28T15:37:54Z</time>
    <extensions>
     <gpxtpx:TrackPointExtension>
      <gpxtpx:hr>138</gpxtpx:hr>
     </gpxtpx:TrackPointExtension>
    </extensions>
   </trkpt>
   <trkpt lat="69.6542600" lon="19.0353770">
    <ele>406.1</ele>
    <time>2025-02-28T15:37:55Z</time>
    <extensions>
     <gpxtpx:TrackPointExtension>
      <gpxtpx:hr>138</gpxtpx:hr>
     </gpxtpx:TrackPointExtension>
    </extensions>
   </trkpt>
   <trkpt lat="69.6542310" lon="19.0352740">
    <ele>405.1</ele>
    <time>2025-02-28T15:37:56Z</time>
    <extensions>
     <gpxtpx:TrackPointExtension>
      <gpxtpx:hr>138</gpxtpx:hr>
     </gpxtpx:TrackPointExtension>
    </extensions>
   </trkpt>
   <trkpt lat="69.6542190" lon="19.0352370">
    <ele>404.7</ele>
    <time>2025-02-28T15:37:57Z</time>
    <extensions>
     <gpxtpx:TrackPointExtension>
      <gpxtpx:hr>138</gpxtpx:hr>
     </gpxtpx:TrackPointExtension>
    </extensions>
   </trkpt>
   <trkpt lat="69.6541920" lon="19.0351520">
    <ele>403.9</ele>
    <time>2025-02-28T15:37:58Z</time>
    <extensions>
     <gpxtpx:TrackPointExtension>
      <gpxtpx:hr>138</gpxtpx:hr>
     </gpxtpx:TrackPointExtension>
    </extensions>
   </trkpt>
   <trkpt lat="69.6541810" lon="19.0351150">
    <ele>403.5</ele>
    <time>2025-02-28T15:37:59Z</time>
    <extensions>
     <gpxtpx:TrackPointExtension>
      <gpxtpx:hr>138</gpxtpx:hr>
     </gpxtpx:TrackPointExtension>
    </extensions>
   </trkpt>
   <trkpt lat="69.6541710" lon="19.0350770">
    <ele>403.2</ele>
    <time>2025-02-28T15:38:00Z</time>
    <extensions>
     <gpxtpx:TrackPointExtension>
      <gpxtpx:hr>138</gpxtpx:hr>
     </gpxtpx:TrackPointExtension>
    </extensions>
   </trkpt>
   <trkpt lat="69.6541390" lon="19.0349890">
    <ele>402.3</ele>
    <time>2025-02-28T15:38:01Z</time>
    <extensions>
     <gpxtpx:TrackPointExtension>
      <gpxtpx:hr>138</gpxtpx:hr>
     </gpxtpx:TrackPointExtension>
    </extensions>
   </trkpt>
   <trkpt lat="69.6541270" lon="19.0349520">
    <ele>401.9</ele>
    <time>2025-02-28T15:38:02Z</time>
    <extensions>
     <gpxtpx:TrackPointExtension>
      <gpxtpx:hr>138</gpxtpx:hr>
     </gpxtpx:TrackPointExtension>
    </extensions>
   </trkpt>
   <trkpt lat="69.6541140" lon="19.0349150">
    <ele>401.6</ele>
    <time>2025-02-28T15:38:03Z</time>
    <extensions>
     <gpxtpx:TrackPointExtension>
      <gpxtpx:hr>138</gpxtpx:hr>
     </gpxtpx:TrackPointExtension>
    </extensions>
   </trkpt>
   <trkpt lat="69.6540840" lon="19.0348360">
    <ele>400.8</ele>
    <time>2025-02-28T15:38:04Z</time>
    <extensions>
     <gpxtpx:TrackPointExtension>
      <gpxtpx:hr>138</gpxtpx:hr>
     </gpxtpx:TrackPointExtension>
    </extensions>
   </trkpt>
   <trkpt lat="69.6540750" lon="19.0348100">
    <ele>400.6</ele>
    <time>2025-02-28T15:38:05Z</time>
    <extensions>
     <gpxtpx:TrackPointExtension>
      <gpxtpx:hr>138</gpxtpx:hr>
     </gpxtpx:TrackPointExtension>
    </extensions>
   </trkpt>
   <trkpt lat="69.6540360" lon="19.0347090">
    <ele>399.6</ele>
    <time>2025-02-28T15:38:06Z</time>
    <extensions>
     <gpxtpx:TrackPointExtension>
      <gpxtpx:hr>138</gpxtpx:hr>
     </gpxtpx:TrackPointExtension>
    </extensions>
   </trkpt>
   <trkpt lat="69.6540250" lon="19.0346650">
    <ele>399.3</ele>
    <time>2025-02-28T15:38:07Z</time>
    <extensions>
     <gpxtpx:TrackPointExtension>
      <gpxtpx:hr>138</gpxtpx:hr>
     </gpxtpx:TrackPointExtension>
    </extensions>
   </trkpt>
   <trkpt lat="69.6540150" lon="19.0346200">
    <ele>399.0</ele>
    <time>2025-02-28T15:38:08Z</time>
    <extensions>
     <gpxtpx:TrackPointExtension>
      <gpxtpx:hr>138</gpxtpx:hr>
     </gpxtpx:TrackPointExtension>
    </extensions>
   </trkpt>
   <trkpt lat="69.6539970" lon="19.0345200">
    <ele>398.4</ele>
    <time>2025-02-28T15:38:09Z</time>
    <extensions>
     <gpxtpx:TrackPointExtension>
      <gpxtpx:hr>138</gpxtpx:hr>
     </gpxtpx:TrackPointExtension>
    </extensions>
   </trkpt>
   <trkpt lat="69.6539930" lon="19.0344850">
    <ele>398.2</ele>
    <time>2025-02-28T15:38:10Z</time>
    <extensions>
     <gpxtpx:TrackPointExtension>
      <gpxtpx:hr>138</gpxtpx:hr>
     </gpxtpx:TrackPointExtension>
    </extensions>
   </trkpt>
   <trkpt lat="69.6539780" lon="19.0343880">
    <ele>397.6</ele>
    <time>2025-02-28T15:38:11Z</time>
    <extensions>
     <gpxtpx:TrackPointExtension>
      <gpxtpx:hr>138</gpxtpx:hr>
     </gpxtpx:TrackPointExtension>
    </extensions>
   </trkpt>
   <trkpt lat="69.6539680" lon="19.0343480">
    <ele>397.4</ele>
    <time>2025-02-28T15:38:12Z</time>
    <extensions>
     <gpxtpx:TrackPointExtension>
      <gpxtpx:hr>138</gpxtpx:hr>
     </gpxtpx:TrackPointExtension>
    </extensions>
   </trkpt>
   <trkpt lat="69.6539590" lon="19.0343090">
    <ele>397.2</ele>
    <time>2025-02-28T15:38:13Z</time>
    <extensions>
     <gpxtpx:TrackPointExtension>
      <gpxtpx:hr>138</gpxtpx:hr>
     </gpxtpx:TrackPointExtension>
    </extensions>
   </trkpt>
   <trkpt lat="69.6539390" lon="19.0342110">
    <ele>396.6</ele>
    <time>2025-02-28T15:38:14Z</time>
    <extensions>
     <gpxtpx:TrackPointExtension>
      <gpxtpx:hr>138</gpxtpx:hr>
     </gpxtpx:TrackPointExtension>
    </extensions>
   </trkpt>
   <trkpt lat="69.6539310" lon="19.0341820">
    <ele>396.4</ele>
    <time>2025-02-28T15:38:15Z</time>
    <extensions>
     <gpxtpx:TrackPointExtension>
      <gpxtpx:hr>138</gpxtpx:hr>
     </gpxtpx:TrackPointExtension>
    </extensions>
   </trkpt>
   <trkpt lat="69.6539010" lon="19.0340960">
    <ele>395.8</ele>
    <time>2025-02-28T15:38:16Z</time>
    <extensions>
     <gpxtpx:TrackPointExtension>
      <gpxtpx:hr>138</gpxtpx:hr>
     </gpxtpx:TrackPointExtension>
    </extensions>
   </trkpt>
   <trkpt lat="69.6538930" lon="19.0340650">
    <ele>395.6</ele>
    <time>2025-02-28T15:38:17Z</time>
    <extensions>
     <gpxtpx:TrackPointExtension>
      <gpxtpx:hr>138</gpxtpx:hr>
     </gpxtpx:TrackPointExtension>
    </extensions>
   </trkpt>
   <trkpt lat="69.6538840" lon="19.0340330">
    <ele>395.4</ele>
    <time>2025-02-28T15:38:18Z</time>
    <extensions>
     <gpxtpx:TrackPointExtension>
      <gpxtpx:hr>138</gpxtpx:hr>
     </gpxtpx:TrackPointExtension>
    </extensions>
   </trkpt>
   <trkpt lat="69.6538680" lon="19.0339510">
    <ele>394.8</ele>
    <time>2025-02-28T15:38:19Z</time>
    <extensions>
     <gpxtpx:TrackPointExtension>
      <gpxtpx:hr>138</gpxtpx:hr>
     </gpxtpx:TrackPointExtension>
    </extensions>
   </trkpt>
   <trkpt lat="69.6538600" lon="19.0339340">
    <ele>394.6</ele>
    <time>2025-02-28T15:38:20Z</time>
    <extensions>
     <gpxtpx:TrackPointExtension>
      <gpxtpx:hr>138</gpxtpx:hr>
     </gpxtpx:TrackPointExtension>
    </extensions>
   </trkpt>
   <trkpt lat="69.6538450" lon="19.0338910">
    <ele>394.2</ele>
    <time>2025-02-28T15:38:21Z</time>
    <extensions>
     <gpxtpx:TrackPointExtension>
      <gpxtpx:hr>138</gpxtpx:hr>
     </gpxtpx:TrackPointExtension>
    </extensions>
   </trkpt>
   <trkpt lat="69.6538380" lon="19.0338710">
    <ele>394.0</ele>
    <time>2025-02-28T15:38:22Z</time>
    <extensions>
     <gpxtpx:TrackPointExtension>
      <gpxtpx:hr>138</gpxtpx:hr>
     </gpxtpx:TrackPointExtension>
    </extensions>
   </trkpt>
   <trkpt lat="69.6538320" lon="19.0338520">
    <ele>393.9</ele>
    <time>2025-02-28T15:38:23Z</time>
    <extensions>
     <gpxtpx:TrackPointExtension>
      <gpxtpx:hr>138</gpxtpx:hr>
     </gpxtpx:TrackPointExtension>
    </extensions>
   </trkpt>
   <trkpt lat="69.6538220" lon="19.0338540">
    <ele>393.7</ele>
    <time>2025-02-28T15:38:24Z</time>
    <extensions>
     <gpxtpx:TrackPointExtension>
      <gpxtpx:hr>138</gpxtpx:hr>
     </gpxtpx:TrackPointExtension>
    </extensions>
   </trkpt>
   <trkpt lat="69.6538080" lon="19.0338230">
    <ele>393.3</ele>
    <time>2025-02-28T15:38:25Z</time>
    <extensions>
     <gpxtpx:TrackPointExtension>
      <gpxtpx:hr>138</gpxtpx:hr>
     </gpxtpx:TrackPointExtension>
    </extensions>
   </trkpt>
   <trkpt lat="69.6537960" lon="19.0337840">
    <ele>392.9</ele>
    <time>2025-02-28T15:38:26Z</time>
    <extensions>
     <gpxtpx:TrackPointExtension>
      <gpxtpx:hr>138</gpxtpx:hr>
     </gpxtpx:TrackPointExtension>
    </extensions>
   </trkpt>
   <trkpt lat="69.6537700" lon="19.0337640">
    <ele>392.3</ele>
    <time>2025-02-28T15:38:27Z</time>
    <extensions>
     <gpxtpx:TrackPointExtension>
      <gpxtpx:hr>138</gpxtpx:hr>
     </gpxtpx:TrackPointExtension>
    </extensions>
   </trkpt>
   <trkpt lat="69.6537600" lon="19.0337660">
    <ele>392.1</ele>
    <time>2025-02-28T15:38:28Z</time>
    <extensions>
     <gpxtpx:TrackPointExtension>
      <gpxtpx:hr>138</gpxtpx:hr>
     </gpxtpx:TrackPointExtension>
    </extensions>
   </trkpt>
   <trkpt lat="69.6537240" lon="19.0336900">
    <ele>391.0</ele>
    <time>2025-02-28T15:38:29Z</time>
    <extensions>
     <gpxtpx:TrackPointExtension>
      <gpxtpx:hr>138</gpxtpx:hr>
     </gpxtpx:TrackPointExtension>
    </extensions>
   </trkpt>
   <trkpt lat="69.6537120" lon="19.0336640">
    <ele>390.7</ele>
    <time>2025-02-28T15:38:30Z</time>
    <extensions>
     <gpxtpx:TrackPointExtension>
      <gpxtpx:hr>138</gpxtpx:hr>
     </gpxtpx:TrackPointExtension>
    </extensions>
   </trkpt>
   <trkpt lat="69.6537000" lon="19.0336380">
    <ele>390.4</ele>
    <time>2025-02-28T15:38:31Z</time>
    <extensions>
     <gpxtpx:TrackPointExtension>
      <gpxtpx:hr>138</gpxtpx:hr>
     </gpxtpx:TrackPointExtension>
    </extensions>
   </trkpt>
   <trkpt lat="69.6536760" lon="19.0336290">
    <ele>389.8</ele>
    <time>2025-02-28T15:38:32Z</time>
    <extensions>
     <gpxtpx:TrackPointExtension>
      <gpxtpx:hr>138</gpxtpx:hr>
     </gpxtpx:TrackPointExtension>
    </extensions>
   </trkpt>
   <trkpt lat="69.6536710" lon="19.0336200">
    <ele>389.7</ele>
    <time>2025-02-28T15:38:33Z</time>
    <extensions>
     <gpxtpx:TrackPointExtension>
      <gpxtpx:hr>138</gpxtpx:hr>
     </gpxtpx:TrackPointExtension>
    </extensions>
   </trkpt>
   <trkpt lat="69.6536570" lon="19.0335260">
    <ele>388.8</ele>
    <time>2025-02-28T15:38:34Z</time>
    <extensions>
     <gpxtpx:TrackPointExtension>
      <gpxtpx:hr>138</gpxtpx:hr>
     </gpxtpx:TrackPointExtension>
    </extensions>
   </trkpt>
   <trkpt lat="69.6536500" lon="19.0334860">
    <ele>388.5</ele>
    <time>2025-02-28T15:38:35Z</time>
    <extensions>
     <gpxtpx:TrackPointExtension>
      <gpxtpx:hr>138</gpxtpx:hr>
     </gpxtpx:TrackPointExtension>
    </extensions>
   </trkpt>
   <trkpt lat="69.6536440" lon="19.0334450">
    <ele>388.1</ele>
    <time>2025-02-28T15:38:36Z</time>
    <extensions>
     <gpxtpx:TrackPointExtension>
      <gpxtpx:hr>138</gpxtpx:hr>
     </gpxtpx:TrackPointExtension>
    </extensions>
   </trkpt>
   <trkpt lat="69.6536270" lon="19.0334000">
    <ele>387.5</ele>
    <time>2025-02-28T15:38:37Z</time>
    <extensions>
     <gpxtpx:TrackPointExtension>
      <gpxtpx:hr>138</gpxtpx:hr>
     </gpxtpx:TrackPointExtension>
    </extensions>
   </trkpt>
   <trkpt lat="69.6536230" lon="19.0333950">
    <ele>387.4</ele>
    <time>2025-02-28T15:38:38Z</time>
    <extensions>
     <gpxtpx:TrackPointExtension>
      <gpxtpx:hr>138</gpxtpx:hr>
     </gpxtpx:TrackPointExtension>
    </extensions>
   </trkpt>
   <trkpt lat="69.6535960" lon="19.0333170">
    <ele>386.4</ele>
    <time>2025-02-28T15:38:39Z</time>
    <extensions>
     <gpxtpx:TrackPointExtension>
      <gpxtpx:hr>138</gpxtpx:hr>
     </gpxtpx:TrackPointExtension>
    </extensions>
   </trkpt>
   <trkpt lat="69.6535830" lon="19.0332890">
    <ele>386.0</ele>
    <time>2025-02-28T15:38:40Z</time>
    <extensions>
     <gpxtpx:TrackPointExtension>
      <gpxtpx:hr>138</gpxtpx:hr>
     </gpxtpx:TrackPointExtension>
    </extensions>
   </trkpt>
   <trkpt lat="69.6535700" lon="19.0332620">
    <ele>385.6</ele>
    <time>2025-02-28T15:38:41Z</time>
    <extensions>
     <gpxtpx:TrackPointExtension>
      <gpxtpx:hr>138</gpxtpx:hr>
     </gpxtpx:TrackPointExtension>
    </extensions>
   </trkpt>
   <trkpt lat="69.6535700" lon="19.0332090">
    <ele>385.1</ele>
    <time>2025-02-28T15:38:42Z</time>
    <extensions>
     <gpxtpx:TrackPointExtension>
      <gpxtpx:hr>138</gpxtpx:hr>
     </gpxtpx:TrackPointExtension>
    </extensions>
   </trkpt>
   <trkpt lat="69.6535710" lon="19.0331860">
    <ele>384.8</ele>
    <time>2025-02-28T15:38:43Z</time>
    <extensions>
     <gpxtpx:TrackPointExtension>
      <gpxtpx:hr>138</gpxtpx:hr>
     </gpxtpx:TrackPointExtension>
    </extensions>
   </trkpt>
   <trkpt lat="69.6535530" lon="19.0331270">
    <ele>384.1</ele>
    <time>2025-02-28T15:38:44Z</time>
    <extensions>
     <gpxtpx:TrackPointExtension>
      <gpxtpx:hr>138</gpxtpx:hr>
     </gpxtpx:TrackPointExtension>
    </extensions>
   </trkpt>
   <trkpt lat="69.6535450" lon="19.0331080">
    <ele>383.8</ele>
    <time>2025-02-28T15:38:45Z</time>
    <extensions>
     <gpxtpx:TrackPointExtension>
      <gpxtpx:hr>138</gpxtpx:hr>
     </gpxtpx:TrackPointExtension>
    </extensions>
   </trkpt>
   <trkpt lat="69.6535370" lon="19.0330880">
    <ele>383.6</ele>
    <time>2025-02-28T15:38:46Z</time>
    <extensions>
     <gpxtpx:TrackPointExtension>
      <gpxtpx:hr>138</gpxtpx:hr>
     </gpxtpx:TrackPointExtension>
    </extensions>
   </trkpt>
   <trkpt lat="69.6535230" lon="19.0329930">
    <ele>382.6</ele>
    <time>2025-02-28T15:38:47Z</time>
    <extensions>
     <gpxtpx:TrackPointExtension>
      <gpxtpx:hr>138</gpxtpx:hr>
     </gpxtpx:TrackPointExtension>
    </extensions>
   </trkpt>
   <trkpt lat="69.6535180" lon="19.0329640">
    <ele>382.3</ele>
    <time>2025-02-28T15:38:48Z</time>
    <extensions>
     <gpxtpx:TrackPointExtension>
      <gpxtpx:hr>138</gpxtpx:hr>
     </gpxtpx:TrackPointExtension>
    </extensions>
   </trkpt>
   <trkpt lat="69.6534930" lon="19.0329100">
    <ele>381.5</ele>
    <time>2025-02-28T15:38:49Z</time>
    <extensions>
     <gpxtpx:TrackPointExtension>
      <gpxtpx:hr>138</gpxtpx:hr>
     </gpxtpx:TrackPointExtension>
    </extensions>
   </trkpt>
   <trkpt lat="69.6534760" lon="19.0328940">
    <ele>381.0</ele>
    <time>2025-02-28T15:38:50Z</time>
    <extensions>
     <gpxtpx:TrackPointExtension>
      <gpxtpx:hr>138</gpxtpx:hr>
     </gpxtpx:TrackPointExtension>
    </extensions>
   </trkpt>
   <trkpt lat="69.6534600" lon="19.0328790">
    <ele>380.6</ele>
    <time>2025-02-28T15:38:51Z</time>
    <extensions>
     <gpxtpx:TrackPointExtension>
      <gpxtpx:hr>138</gpxtpx:hr>
     </gpxtpx:TrackPointExtension>
    </extensions>
   </trkpt>
   <trkpt lat="69.6534220" lon="19.0328390">
    <ele>379.6</ele>
    <time>2025-02-28T15:38:52Z</time>
    <extensions>
     <gpxtpx:TrackPointExtension>
      <gpxtpx:hr>138</gpxtpx:hr>
     </gpxtpx:TrackPointExtension>
    </extensions>
   </trkpt>
   <trkpt lat="69.6534120" lon="19.0328300">
    <ele>379.3</ele>
    <time>2025-02-28T15:38:53Z</time>
    <extensions>
     <gpxtpx:TrackPointExtension>
      <gpxtpx:hr>138</gpxtpx:hr>
     </gpxtpx:TrackPointExtension>
    </extensions>
   </trkpt>
   <trkpt lat="69.6533830" lon="19.0327890">
    <ele>378.5</ele>
    <time>2025-02-28T15:38:54Z</time>
    <extensions>
     <gpxtpx:TrackPointExtension>
      <gpxtpx:hr>138</gpxtpx:hr>
     </gpxtpx:TrackPointExtension>
    </extensions>
   </trkpt>
   <trkpt lat="69.6533700" lon="19.0327870">
    <ele>378.2</ele>
    <time>2025-02-28T15:38:55Z</time>
    <extensions>
     <gpxtpx:TrackPointExtension>
      <gpxtpx:hr>138</gpxtpx:hr>
     </gpxtpx:TrackPointExtension>
    </extensions>
   </trkpt>
   <trkpt lat="69.6533580" lon="19.0327850">
    <ele>377.9</ele>
    <time>2025-02-28T15:38:56Z</time>
    <extensions>
     <gpxtpx:TrackPointExtension>
      <gpxtpx:hr>138</gpxtpx:hr>
     </gpxtpx:TrackPointExtension>
    </extensions>
   </trkpt>
   <trkpt lat="69.6533270" lon="19.0328000">
    <ele>377.1</ele>
    <time>2025-02-28T15:38:57Z</time>
    <extensions>
     <gpxtpx:TrackPointExtension>
      <gpxtpx:hr>138</gpxtpx:hr>
     </gpxtpx:TrackPointExtension>
    </extensions>
   </trkpt>
   <trkpt lat="69.6533160" lon="19.0328000">
    <ele>376.9</ele>
    <time>2025-02-28T15:38:58Z</time>
    <extensions>
     <gpxtpx:TrackPointExtension>
      <gpxtpx:hr>138</gpxtpx:hr>
     </gpxtpx:TrackPointExtension>
    </extensions>
   </trkpt>
   <trkpt lat="69.6532860" lon="19.0327660">
    <ele>376.1</ele>
    <time>2025-02-28T15:38:59Z</time>
    <extensions>
     <gpxtpx:TrackPointExtension>
      <gpxtpx:hr>138</gpxtpx:hr>
     </gpxtpx:TrackPointExtension>
    </extensions>
   </trkpt>
   <trkpt lat="69.6532700" lon="19.0327690">
    <ele>375.7</ele>
    <time>2025-02-28T15:39:00Z</time>
    <extensions>
     <gpxtpx:TrackPointExtension>
      <gpxtpx:hr>138</gpxtpx:hr>
     </gpxtpx:TrackPointExtension>
    </extensions>
   </trkpt>
   <trkpt lat="69.6532550" lon="19.0327710">
    <ele>375.4</ele>
    <time>2025-02-28T15:39:01Z</time>
    <extensions>
     <gpxtpx:TrackPointExtension>
      <gpxtpx:hr>138</gpxtpx:hr>
     </gpxtpx:TrackPointExtension>
    </extensions>
   </trkpt>
   <trkpt lat="69.6532160" lon="19.0327690">
    <ele>374.4</ele>
    <time>2025-02-28T15:39:02Z</time>
    <extensions>
     <gpxtpx:TrackPointExtension>
      <gpxtpx:hr>138</gpxtpx:hr>
     </gpxtpx:TrackPointExtension>
    </extensions>
   </trkpt>
   <trkpt lat="69.6531990" lon="19.0327670">
    <ele>374.0</ele>
    <time>2025-02-28T15:39:03Z</time>
    <extensions>
     <gpxtpx:TrackPointExtension>
      <gpxtpx:hr>138</gpxtpx:hr>
     </gpxtpx:TrackPointExtension>
    </extensions>
   </trkpt>
   <trkpt lat="69.6531830" lon="19.0327650">
    <ele>373.6</ele>
    <time>2025-02-28T15:39:04Z</time>
    <extensions>
     <gpxtpx:TrackPointExtension>
      <gpxtpx:hr>138</gpxtpx:hr>
     </gpxtpx:TrackPointExtension>
    </extensions>
   </trkpt>
   <trkpt lat="69.6531430" lon="19.0326980">
    <ele>372.6</ele>
    <time>2025-02-28T15:39:05Z</time>
    <extensions>
     <gpxtpx:TrackPointExtension>
      <gpxtpx:hr>138</gpxtpx:hr>
     </gpxtpx:TrackPointExtension>
    </extensions>
   </trkpt>
   <trkpt lat="69.6531290" lon="19.0326820">
    <ele>372.3</ele>
    <time>2025-02-28T15:39:06Z</time>
    <extensions>
     <gpxtpx:TrackPointExtension>
      <gpxtpx:hr>138</gpxtpx:hr>
     </gpxtpx:TrackPointExtension>
    </extensions>
   </trkpt>
   <trkpt lat="69.6530820" lon="19.0326070">
    <ele>371.2</ele>
    <time>2025-02-28T15:39:07Z</time>
    <extensions>
     <gpxtpx:TrackPointExtension>
      <gpxtpx:hr>138</gpxtpx:hr>
     </gpxtpx:TrackPointExtension>
    </extensions>
   </trkpt>
   <trkpt lat="69.6530630" lon="19.0325860">
    <ele>370.8</ele>
    <time>2025-02-28T15:39:08Z</time>
    <extensions>
     <gpxtpx:TrackPointExtension>
      <gpxtpx:hr>138</gpxtpx:hr>
     </gpxtpx:TrackPointExtension>
    </extensions>
   </trkpt>
   <trkpt lat="69.6530440" lon="19.0325640">
    <ele>370.4</ele>
    <time>2025-02-28T15:39:09Z</time>
    <extensions>
     <gpxtpx:TrackPointExtension>
      <gpxtpx:hr>138</gpxtpx:hr>
     </gpxtpx:TrackPointExtension>
    </extensions>
   </trkpt>
   <trkpt lat="69.6530140" lon="19.0325310">
    <ele>369.9</ele>
    <time>2025-02-28T15:39:10Z</time>
    <extensions>
     <gpxtpx:TrackPointExtension>
      <gpxtpx:hr>138</gpxtpx:hr>
     </gpxtpx:TrackPointExtension>
    </extensions>
   </trkpt>
   <trkpt lat="69.6530050" lon="19.0325230">
    <ele>369.7</ele>
    <time>2025-02-28T15:39:11Z</time>
    <extensions>
     <gpxtpx:TrackPointExtension>
      <gpxtpx:hr>138</gpxtpx:hr>
     </gpxtpx:TrackPointExtension>
    </extensions>
   </trkpt>
   <trkpt lat="69.6529920" lon="19.0325570">
    <ele>369.4</ele>
    <time>2025-02-28T15:39:12Z</time>
    <extensions>
     <gpxtpx:TrackPointExtension>
      <gpxtpx:hr>138</gpxtpx:hr>
     </gpxtpx:TrackPointExtension>
    </extensions>
   </trkpt>
   <trkpt lat="69.6529920" lon="19.0325650">
    <ele>369.3</ele>
    <time>2025-02-28T15:39:13Z</time>
    <extensions>
     <gpxtpx:TrackPointExtension>
      <gpxtpx:hr>138</gpxtpx:hr>
     </gpxtpx:TrackPointExtension>
    </extensions>
   </trkpt>
   <trkpt lat="69.6529910" lon="19.0325730">
    <ele>369.3</ele>
    <time>2025-02-28T15:39:14Z</time>
    <extensions>
     <gpxtpx:TrackPointExtension>
      <gpxtpx:hr>138</gpxtpx:hr>
     </gpxtpx:TrackPointExtension>
    </extensions>
   </trkpt>
   <trkpt lat="69.6529910" lon="19.0325650">
    <ele>369.2</ele>
    <time>2025-02-28T15:39:15Z</time>
    <extensions>
     <gpxtpx:TrackPointExtension>
      <gpxtpx:hr>138</gpxtpx:hr>
     </gpxtpx:TrackPointExtension>
    </extensions>
   </trkpt>
   <trkpt lat="69.6529900" lon="19.0325690">
    <ele>369.2</ele>
    <time>2025-02-28T15:39:16Z</time>
    <extensions>
     <gpxtpx:TrackPointExtension>
      <gpxtpx:hr>138</gpxtpx:hr>
     </gpxtpx:TrackPointExtension>
    </extensions>
   </trkpt>
   <trkpt lat="69.6529900" lon="19.0325640">
    <ele>369.2</ele>
    <time>2025-02-28T15:39:17Z</time>
    <extensions>
     <gpxtpx:TrackPointExtension>
      <gpxtpx:hr>138</gpxtpx:hr>
     </gpxtpx:TrackPointExtension>
    </extensions>
   </trkpt>
   <trkpt lat="69.6529920" lon="19.0325540">
    <ele>369.1</ele>
    <time>2025-02-28T15:39:18Z</time>
    <extensions>
     <gpxtpx:TrackPointExtension>
      <gpxtpx:hr>138</gpxtpx:hr>
     </gpxtpx:TrackPointExtension>
    </extensions>
   </trkpt>
   <trkpt lat="69.6529920" lon="19.0325540">
    <ele>369.1</ele>
    <time>2025-02-28T15:39:19Z</time>
    <extensions>
     <gpxtpx:TrackPointExtension>
      <gpxtpx:hr>138</gpxtpx:hr>
     </gpxtpx:TrackPointExtension>
    </extensions>
   </trkpt>
   <trkpt lat="69.6529920" lon="19.0325540">
    <ele>369.1</ele>
    <time>2025-02-28T15:39:20Z</time>
    <extensions>
     <gpxtpx:TrackPointExtension>
      <gpxtpx:hr>126</gpxtpx:hr>
     </gpxtpx:TrackPointExtension>
    </extensions>
   </trkpt>
   <trkpt lat="69.6529920" lon="19.0325540">
    <ele>369.1</ele>
    <time>2025-02-28T15:39:21Z</time>
    <extensions>
     <gpxtpx:TrackPointExtension>
      <gpxtpx:hr>126</gpxtpx:hr>
     </gpxtpx:TrackPointExtension>
    </extensions>
   </trkpt>
   <trkpt lat="69.6529920" lon="19.0325540">
    <ele>369.1</ele>
    <time>2025-02-28T15:39:22Z</time>
    <extensions>
     <gpxtpx:TrackPointExtension>
      <gpxtpx:hr>126</gpxtpx:hr>
     </gpxtpx:TrackPointExtension>
    </extensions>
   </trkpt>
   <trkpt lat="69.6529920" lon="19.0325540">
    <ele>369.1</ele>
    <time>2025-02-28T15:39:23Z</time>
    <extensions>
     <gpxtpx:TrackPointExtension>
      <gpxtpx:hr>126</gpxtpx:hr>
     </gpxtpx:TrackPointExtension>
    </extensions>
   </trkpt>
   <trkpt lat="69.6529920" lon="19.0325540">
    <ele>369.1</ele>
    <time>2025-02-28T15:39:24Z</time>
    <extensions>
     <gpxtpx:TrackPointExtension>
      <gpxtpx:hr>126</gpxtpx:hr>
     </gpxtpx:TrackPointExtension>
    </extensions>
   </trkpt>
   <trkpt lat="69.6530050" lon="19.0325380">
    <ele>368.9</ele>
    <time>2025-02-28T15:39:25Z</time>
    <extensions>
     <gpxtpx:TrackPointExtension>
      <gpxtpx:hr>115</gpxtpx:hr>
     </gpxtpx:TrackPointExtension>
    </extensions>
   </trkpt>
   <trkpt lat="69.6530050" lon="19.0325370">
    <ele>368.8</ele>
    <time>2025-02-28T15:39:26Z</time>
    <extensions>
     <gpxtpx:TrackPointExtension>
      <gpxtpx:hr>115</gpxtpx:hr>
     </gpxtpx:TrackPointExtension>
    </extensions>
   </trkpt>
   <trkpt lat="69.6530060" lon="19.0325280">
    <ele>368.8</ele>
    <time>2025-02-28T15:39:27Z</time>
    <extensions>
     <gpxtpx:TrackPointExtension>
      <gpxtpx:hr>115</gpxtpx:hr>
     </gpxtpx:TrackPointExtension>
    </extensions>
   </trkpt>
   <trkpt lat="69.6530070" lon="19.0325210">
    <ele>368.7</ele>
    <time>2025-02-28T15:39:28Z</time>
    <extensions>
     <gpxtpx:TrackPointExtension>
      <gpxtpx:hr>111</gpxtpx:hr>
     </gpxtpx:TrackPointExtension>
    </extensions>
   </trkpt>
   <trkpt lat="69.6530040" lon="19.0325210">
    <ele>368.7</ele>
    <time>2025-02-28T15:39:29Z</time>
    <extensions>
     <gpxtpx:TrackPointExtension>
      <gpxtpx:hr>111</gpxtpx:hr>
     </gpxtpx:TrackPointExtension>
    </extensions>
   </trkpt>
   <trkpt lat="69.6529830" lon="19.0325020">
    <ele>368.3</ele>
    <time>2025-02-28T15:39:30Z</time>
    <extensions>
     <gpxtpx:TrackPointExtension>
      <gpxtpx:hr>111</gpxtpx:hr>
     </gpxtpx:TrackPointExtension>
    </extensions>
   </trkpt>
   <trkpt lat="69.6529770" lon="19.0324920">
    <ele>368.2</ele>
    <time>2025-02-28T15:39:31Z</time>
    <extensions>
     <gpxtpx:TrackPointExtension>
      <gpxtpx:hr>113</gpxtpx:hr>
     </gpxtpx:TrackPointExtension>
    </extensions>
   </trkpt>
   <trkpt lat="69.6529720" lon="19.0324830">
    <ele>368.1</ele>
    <time>2025-02-28T15:39:32Z</time>
    <extensions>
     <gpxtpx:TrackPointExtension>
      <gpxtpx:hr>113</gpxtpx:hr>
     </gpxtpx:TrackPointExtension>
    </extensions>
   </trkpt>
   <trkpt lat="69.6529660" lon="19.0324730">
    <ele>367.9</ele>
    <time>2025-02-28T15:39:33Z</time>
    <extensions>
     <gpxtpx:TrackPointExtension>
      <gpxtpx:hr>113</gpxtpx:hr>
     </gpxtpx:TrackPointExtension>
    </extensions>
   </trkpt>
   <trkpt lat="69.6529610" lon="19.0324630">
    <ele>367.8</ele>
    <time>2025-02-28T15:39:34Z</time>
    <extensions>
     <gpxtpx:TrackPointExtension>
      <gpxtpx:hr>113</gpxtpx:hr>
     </gpxtpx:TrackPointExtension>
    </extensions>
   </trkpt>
   <trkpt lat="69.6529600" lon="19.0324570">
    <ele>367.8</ele>
    <time>2025-02-28T15:39:35Z</time>
    <extensions>
     <gpxtpx:TrackPointExtension>
      <gpxtpx:hr>113</gpxtpx:hr>
     </gpxtpx:TrackPointExtension>
    </extensions>
   </trkpt>
   <trkpt lat="69.6529630" lon="19.0324680">
    <ele>367.7</ele>
    <time>2025-02-28T15:39:36Z</time>
    <extensions>
     <gpxtpx:TrackPointExtension>
      <gpxtpx:hr>114</gpxtpx:hr>
     </gpxtpx:TrackPointExtension>
    </extensions>
   </trkpt>
   <trkpt lat="69.6529640" lon="19.0324700">
    <ele>367.7</ele>
    <time>2025-02-28T15:39:37Z</time>
    <extensions>
     <gpxtpx:TrackPointExtension>
      <gpxtpx:hr>114</gpxtpx:hr>
     </gpxtpx:TrackPointExtension>
    </extensions>
   </trkpt>
   <trkpt lat="69.6529610" lon="19.0324680">
    <ele>367.6</ele>
    <time>2025-02-28T15:39:38Z</time>
    <extensions>
     <gpxtpx:TrackPointExtension>
      <gpxtpx:hr>114</gpxtpx:hr>
     </gpxtpx:TrackPointExtension>
    </extensions>
   </trkpt>
   <trkpt lat="69.6529610" lon="19.0324670">
    <ele>367.6</ele>
    <time>2025-02-28T15:39:39Z</time>
    <extensions>
     <gpxtpx:TrackPointExtension>
      <gpxtpx:hr>114</gpxtpx:hr>
     </gpxtpx:TrackPointExtension>
    </extensions>
   </trkpt>
   <trkpt lat="69.6529620" lon="19.0324730">
    <ele>367.6</ele>
    <time>2025-02-28T15:39:40Z</time>
    <extensions>
     <gpxtpx:TrackPointExtension>
      <gpxtpx:hr>114</gpxtpx:hr>
     </gpxtpx:TrackPointExtension>
    </extensions>
   </trkpt>
   <trkpt lat="69.6529600" lon="19.0324720">
    <ele>367.5</ele>
    <time>2025-02-28T15:39:41Z</time>
    <extensions>
     <gpxtpx:TrackPointExtension>
      <gpxtpx:hr>113</gpxtpx:hr>
     </gpxtpx:TrackPointExtension>
    </extensions>
   </trkpt>
   <trkpt lat="69.6529600" lon="19.0324720">
    <ele>367.5</ele>
    <time>2025-02-28T15:39:42Z</time>
    <extensions>
     <gpxtpx:TrackPointExtension>
      <gpxtpx:hr>113</gpxtpx:hr>
     </gpxtpx:TrackPointExtension>
    </extensions>
   </trkpt>
   <trkpt lat="69.6529600" lon="19.0324720">
    <ele>367.5</ele>
    <time>2025-02-28T15:39:43Z</time>
    <extensions>
     <gpxtpx:TrackPointExtension>
      <gpxtpx:hr>113</gpxtpx:hr>
     </gpxtpx:TrackPointExtension>
    </extensions>
   </trkpt>
   <trkpt lat="69.6529600" lon="19.0324720">
    <ele>367.5</ele>
    <time>2025-02-28T15:39:44Z</time>
    <extensions>
     <gpxtpx:TrackPointExtension>
      <gpxtpx:hr>113</gpxtpx:hr>
     </gpxtpx:TrackPointExtension>
    </extensions>
   </trkpt>
   <trkpt lat="69.6529570" lon="19.0324750">
    <ele>367.5</ele>
    <time>2025-02-28T15:39:45Z</time>
    <extensions>
     <gpxtpx:TrackPointExtension>
      <gpxtpx:hr>113</gpxtpx:hr>
     </gpxtpx:TrackPointExtension>
    </extensions>
   </trkpt>
   <trkpt lat="69.6529550" lon="19.0324770">
    <ele>367.4</ele>
    <time>2025-02-28T15:39:46Z</time>
    <extensions>
     <gpxtpx:TrackPointExtension>
      <gpxtpx:hr>111</gpxtpx:hr>
     </gpxtpx:TrackPointExtension>
    </extensions>
   </trkpt>
   <trkpt lat="69.6529520" lon="19.0324800">
    <ele>367.4</ele>
    <time>2025-02-28T15:39:47Z</time>
    <extensions>
     <gpxtpx:TrackPointExtension>
      <gpxtpx:hr>111</gpxtpx:hr>
     </gpxtpx:TrackPointExtension>
    </extensions>
   </trkpt>
   <trkpt lat="69.6529520" lon="19.0324800">
    <ele>367.4</ele>
    <time>2025-02-28T15:39:48Z</time>
    <extensions>
     <gpxtpx:TrackPointExtension>
      <gpxtpx:hr>111</gpxtpx:hr>
     </gpxtpx:TrackPointExtension>
    </extensions>
   </trkpt>
   <trkpt lat="69.6529520" lon="19.0324800">
    <ele>367.4</ele>
    <time>2025-02-28T15:39:49Z</time>
    <extensions>
     <gpxtpx:TrackPointExtension>
      <gpxtpx:hr>111</gpxtpx:hr>
     </gpxtpx:TrackPointExtension>
    </extensions>
   </trkpt>
   <trkpt lat="69.6529510" lon="19.0324760">
    <ele>367.3</ele>
    <time>2025-02-28T15:39:50Z</time>
    <extensions>
     <gpxtpx:TrackPointExtension>
      <gpxtpx:hr>111</gpxtpx:hr>
     </gpxtpx:TrackPointExtension>
    </extensions>
   </trkpt>
   <trkpt lat="69.6529420" lon="19.0324640">
    <ele>367.1</ele>
    <time>2025-02-28T15:39:51Z</time>
    <extensions>
     <gpxtpx:TrackPointExtension>
      <gpxtpx:hr>111</gpxtpx:hr>
     </gpxtpx:TrackPointExtension>
    </extensions>
   </trkpt>
   <trkpt lat="69.6529370" lon="19.0324570">
    <ele>367.0</ele>
    <time>2025-02-28T15:39:52Z</time>
    <extensions>
     <gpxtpx:TrackPointExtension>
      <gpxtpx:hr>108</gpxtpx:hr>
     </gpxtpx:TrackPointExtension>
    </extensions>
   </trkpt>
   <trkpt lat="69.6529360" lon="19.0324520">
    <ele>367.0</ele>
    <time>2025-02-28T15:39:53Z</time>
    <extensions>
     <gpxtpx:TrackPointExtension>
      <gpxtpx:hr>108</gpxtpx:hr>
     </gpxtpx:TrackPointExtension>
    </extensions>
   </trkpt>
   <trkpt lat="69.6529260" lon="19.0324390">
    <ele>366.8</ele>
    <time>2025-02-28T15:39:54Z</time>
    <extensions>
     <gpxtpx:TrackPointExtension>
      <gpxtpx:hr>108</gpxtpx:hr>
     </gpxtpx:TrackPointExtension>
    </extensions>
   </trkpt>
   <trkpt lat="69.6529160" lon="19.0324210">
    <ele>366.5</ele>
    <time>2025-02-28T15:39:55Z</time>
    <extensions>
     <gpxtpx:TrackPointExtension>
      <gpxtpx:hr>108</gpxtpx:hr>
     </gpxtpx:TrackPointExtension>
    </extensions>
   </trkpt>
   <trkpt lat="69.6528990" lon="19.0323980">
    <ele>366.2</ele>
    <time>2025-02-28T15:39:56Z</time>
    <extensions>
     <gpxtpx:TrackPointExtension>
      <gpxtpx:hr>106</gpxtpx:hr>
     </gpxtpx:TrackPointExtension>
    </extensions>
   </trkpt>
   <trkpt lat="69.6528740" lon="19.0323780">
    <ele>365.6</ele>
    <time>2025-02-28T15:39:57Z</time>
    <extensions>
     <gpxtpx:TrackPointExtension>
      <gpxtpx:hr>106</gpxtpx:hr>
     </gpxtpx:TrackPointExtension>
    </extensions>
   </trkpt>
   <trkpt lat="69.6528390" lon="19.0323310">
    <ele>364.8</ele>
    <time>2025-02-28T15:39:58Z</time>
    <extensions>
     <gpxtpx:TrackPointExtension>
      <gpxtpx:hr>106</gpxtpx:hr>
     </gpxtpx:TrackPointExtension>
    </extensions>
   </trkpt>
   <trkpt lat="69.6528270" lon="19.0323080">
    <ele>364.5</ele>
    <time>2025-02-28T15:39:59Z</time>
    <extensions>
     <gpxtpx:TrackPointExtension>
      <gpxtpx:hr>106</gpxtpx:hr>
     </gpxtpx:TrackPointExtension>
    </extensions>
   </trkpt>
   <trkpt lat="69.6528160" lon="19.0322430">
    <ele>363.9</ele>
    <time>2025-02-28T15:40:00Z</time>
    <extensions>
     <gpxtpx:TrackPointExtension>
      <gpxtpx:hr>106</gpxtpx:hr>
     </gpxtpx:TrackPointExtension>
    </extensions>
   </trkpt>
   <trkpt lat="69.6528030" lon="19.0322240">
    <ele>363.6</ele>
    <time>2025-02-28T15:40:01Z</time>
    <extensions>
     <gpxtpx:TrackPointExtension>
      <gpxtpx:hr>106</gpxtpx:hr>
     </gpxtpx:TrackPointExtension>
    </extensions>
   </trkpt>
   <trkpt lat="69.6527820" lon="19.0322160">
    <ele>363.1</ele>
    <time>2025-02-28T15:40:02Z</time>
    <extensions>
     <gpxtpx:TrackPointExtension>
      <gpxtpx:hr>106</gpxtpx:hr>
     </gpxtpx:TrackPointExtension>
    </extensions>
   </trkpt>
   <trkpt lat="69.6527670" lon="19.0322270">
    <ele>362.8</ele>
    <time>2025-02-28T15:40:03Z</time>
    <extensions>
     <gpxtpx:TrackPointExtension>
      <gpxtpx:hr>106</gpxtpx:hr>
     </gpxtpx:TrackPointExtension>
    </extensions>
   </trkpt>
   <trkpt lat="69.6527610" lon="19.0322280">
    <ele>362.6</ele>
    <time>2025-02-28T15:40:04Z</time>
    <extensions>
     <gpxtpx:TrackPointExtension>
      <gpxtpx:hr>113</gpxtpx:hr>
     </gpxtpx:TrackPointExtension>
    </extensions>
   </trkpt>
   <trkpt lat="69.6527280" lon="19.0322140">
    <ele>361.9</ele>
    <time>2025-02-28T15:40:05Z</time>
    <extensions>
     <gpxtpx:TrackPointExtension>
      <gpxtpx:hr>113</gpxtpx:hr>
     </gpxtpx:TrackPointExtension>
    </extensions>
   </trkpt>
   <trkpt lat="69.6526940" lon="19.0322030">
    <ele>361.1</ele>
    <time>2025-02-28T15:40:06Z</time>
    <extensions>
     <gpxtpx:TrackPointExtension>
      <gpxtpx:hr>115</gpxtpx:hr>
     </gpxtpx:TrackPointExtension>
    </extensions>
   </trkpt>
   <trkpt lat="69.6526660" lon="19.0321850">
    <ele>360.4</ele>
    <time>2025-02-28T15:40:07Z</time>
    <extensions>
     <gpxtpx:TrackPointExtension>
      <gpxtpx:hr>115</gpxtpx:hr>
     </gpxtpx:TrackPointExtension>
    </extensions>
   </trkpt>
   <trkpt lat="69.6526110" lon="19.0321360">
    <ele>359.1</ele>
    <time>2025-02-28T15:40:08Z</time>
    <extensions>
     <gpxtpx:TrackPointExtension>
      <gpxtpx:hr>115</gpxtpx:hr>
     </gpxtpx:TrackPointExtension>
    </extensions>
   </trkpt>
   <trkpt lat="69.6525930" lon="19.0321110">
    <ele>358.6</ele>
    <time>2025-02-28T15:40:09Z</time>
    <extensions>
     <gpxtpx:TrackPointExtension>
      <gpxtpx:hr>115</gpxtpx:hr>
     </gpxtpx:TrackPointExtension>
    </extensions>
   </trkpt>
   <trkpt lat="69.6525740" lon="19.0320850">
    <ele>358.1</ele>
    <time>2025-02-28T15:40:10Z</time>
    <extensions>
     <gpxtpx:TrackPointExtension>
      <gpxtpx:hr>115</gpxtpx:hr>
     </gpxtpx:TrackPointExtension>
    </extensions>
   </trkpt>
   <trkpt lat="69.6525560" lon="19.0319850">
    <ele>357.1</ele>
    <time>2025-02-28T15:40:11Z</time>
    <extensions>
     <gpxtpx:TrackPointExtension>
      <gpxtpx:hr>115</gpxtpx:hr>
     </gpxtpx:TrackPointExtension>
    </extensions>
   </trkpt>
   <trkpt lat="69.6525520" lon="19.0319540">
    <ele>356.8</ele>
    <time>2025-02-28T15:40:12Z</time>
    <extensions>
     <gpxtpx:TrackPointExtension>
      <gpxtpx:hr>115</gpxtpx:hr>
     </gpxtpx:TrackPointExtension>
    </extensions>
   </trkpt>
   <trkpt lat="69.6525310" lon="19.0318610">
    <ele>355.8</ele>
    <time>2025-02-28T15:40:13Z</time>
    <extensions>
     <gpxtpx:TrackPointExtension>
      <gpxtpx:hr>115</gpxtpx:hr>
     </gpxtpx:TrackPointExtension>
    </extensions>
   </trkpt>
   <trkpt lat="69.6525230" lon="19.0318260">
    <ele>355.4</ele>
    <time>2025-02-28T15:40:14Z</time>
    <extensions>
     <gpxtpx:TrackPointExtension>
      <gpxtpx:hr>115</gpxtpx:hr>
     </gpxtpx:TrackPointExtension>
    </extensions>
   </trkpt>
   <trkpt lat="69.6525150" lon="19.0317910">
    <ele>355.0</ele>
    <time>2025-02-28T15:40:15Z</time>
    <extensions>
     <gpxtpx:TrackPointExtension>
      <gpxtpx:hr>122</gpxtpx:hr>
     </gpxtpx:TrackPointExtension>
    </extensions>
   </trkpt>
   <trkpt lat="69.6524840" lon="19.0317170">
    <ele>353.9</ele>
    <time>2025-02-28T15:40:16Z</time>
    <extensions>
     <gpxtpx:TrackPointExtension>
      <gpxtpx:hr>122</gpxtpx:hr>
     </gpxtpx:TrackPointExtension>
    </extensions>
   </trkpt>
   <trkpt lat="69.6524730" lon="19.0316940">
    <ele>353.5</ele>
    <time>2025-02-28T15:40:17Z</time>
    <extensions>
     <gpxtpx:TrackPointExtension>
      <gpxtpx:hr>122</gpxtpx:hr>
     </gpxtpx:TrackPointExtension>
    </extensions>
   </trkpt>
   <trkpt lat="69.6524430" lon="19.0316090">
    <ele>352.4</ele>
    <time>2025-02-28T15:40:18Z</time>
    <extensions>
     <gpxtpx:TrackPointExtension>
      <gpxtpx:hr>122</gpxtpx:hr>
     </gpxtpx:TrackPointExtension>
    </extensions>
   </trkpt>
   <trkpt lat="69.6524380" lon="19.0315730">
    <ele>352.0</ele>
    <time>2025-02-28T15:40:19Z</time>
    <extensions>
     <gpxtpx:TrackPointExtension>
      <gpxtpx:hr>122</gpxtpx:hr>
     </gpxtpx:TrackPointExtension>
    </extensions>
   </trkpt>
   <trkpt lat="69.6524330" lon="19.0315380">
    <ele>351.6</ele>
    <time>2025-02-28T15:40:20Z</time>
    <extensions>
     <gpxtpx:TrackPointExtension>
      <gpxtpx:hr>122</gpxtpx:hr>
     </gpxtpx:TrackPointExtension>
    </extensions>
   </trkpt>
   <trkpt lat="69.6524380" lon="19.0314500">
    <ele>350.8</ele>
    <time>2025-02-28T15:40:21Z</time>
    <extensions>
     <gpxtpx:TrackPointExtension>
      <gpxtpx:hr>122</gpxtpx:hr>
     </gpxtpx:TrackPointExtension>
    </extensions>
   </trkpt>
   <trkpt lat="69.6524420" lon="19.0314180">
    <ele>350.4</ele>
    <time>2025-02-28T15:40:22Z</time>
    <extensions>
     <gpxtpx:TrackPointExtension>
      <gpxtpx:hr>122</gpxtpx:hr>
     </gpxtpx:TrackPointExtension>
    </extensions>
   </trkpt>
   <trkpt lat="69.6524410" lon="19.0313480">
    <ele>349.8</ele>
    <time>2025-02-28T15:40:23Z</time>
    <extensions>
     <gpxtpx:TrackPointExtension>
      <gpxtpx:hr>122</gpxtpx:hr>
     </gpxtpx:TrackPointExtension>
    </extensions>
   </trkpt>
   <trkpt lat="69.6524300" lon="19.0313190">
    <ele>349.3</ele>
    <time>2025-02-28T15:40:24Z</time>
    <extensions>
     <gpxtpx:TrackPointExtension>
      <gpxtpx:hr>122</gpxtpx:hr>
     </gpxtpx:TrackPointExtension>
    </extensions>
   </trkpt>
   <trkpt lat="69.6524200" lon="19.0312910">
    <ele>348.9</ele>
    <time>2025-02-28T15:40:25Z</time>
    <extensions>
     <gpxtpx:TrackPointExtension>
      <gpxtpx:hr>122</gpxtpx:hr>
     </gpxtpx:TrackPointExtension>
    </extensions>
   </trkpt>
   <trkpt lat="69.6523710" lon="19.0312270">
    <ele>347.4</ele>
    <time>2025-02-28T15:40:26Z</time>
    <extensions>
     <gpxtpx:TrackPointExtension>
      <gpxtpx:hr>122</gpxtpx:hr>
     </gpxtpx:TrackPointExtension>
    </extensions>
   </trkpt>
   <trkpt lat="69.6523570" lon="19.0312130">
    <ele>347.0</ele>
    <time>2025-02-28T15:40:27Z</time>
    <extensions>
     <gpxtpx:TrackPointExtension>
      <gpxtpx:hr>122</gpxtpx:hr>
     </gpxtpx:TrackPointExtension>
    </extensions>
   </trkpt>
   <trkpt lat="69.6523280" lon="19.0312070">
    <ele>346.2</ele>
    <time>2025-02-28T15:40:28Z</time>
    <extensions>
     <gpxtpx:TrackPointExtension>
      <gpxtpx:hr>122</gpxtpx:hr>
     </gpxtpx:TrackPointExtension>
    </extensions>
   </trkpt>
   <trkpt lat="69.6523160" lon="19.0311910">
    <ele>345.8</ele>
    <time>2025-02-28T15:40:29Z</time>
    <extensions>
     <gpxtpx:TrackPointExtension>
      <gpxtpx:hr>122</gpxtpx:hr>
     </gpxtpx:TrackPointExtension>
    </extensions>
   </trkpt>
   <trkpt lat="69.6523030" lon="19.0311740">
    <ele>345.4</ele>
    <time>2025-02-28T15:40:30Z</time>
    <extensions>
     <gpxtpx:TrackPointExtension>
      <gpxtpx:hr>122</gpxtpx:hr>
     </gpxtpx:TrackPointExtension>
    </extensions>
   </trkpt>
   <trkpt lat="69.6522850" lon="19.0311200">
    <ele>344.7</ele>
    <time>2025-02-28T15:40:31Z</time>
    <extensions>
     <gpxtpx:TrackPointExtension>
      <gpxtpx:hr>122</gpxtpx:hr>
     </gpxtpx:TrackPointExtension>
    </extensions>
   </trkpt>
   <trkpt lat="69.6522780" lon="19.0311010">
    <ele>344.4</ele>
    <time>2025-02-28T15:40:32Z</time>
    <extensions>
     <gpxtpx:TrackPointExtension>
      <gpxtpx:hr>122</gpxtpx:hr>
     </gpxtpx:TrackPointExtension>
    </extensions>
   </trkpt>
   <trkpt lat="69.6522480" lon="19.0310370">
    <ele>343.3</ele>
    <time>2025-02-28T15:40:33Z</time>
    <extensions>
     <gpxtpx:TrackPointExtension>
      <gpxtpx:hr>122</gpxtpx:hr>
     </gpxtpx:TrackPointExtension>
    </extensions>
   </trkpt>
   <trkpt lat="69.6522350" lon="19.0310100">
    <ele>342.8</ele>
    <time>2025-02-28T15:40:34Z</time>
    <extensions>
     <gpxtpx:TrackPointExtension>
      <gpxtpx:hr>122</gpxtpx:hr>
     </gpxtpx:TrackPointExtension>
    </extensions>
   </trkpt>
   <trkpt lat="69.6522210" lon="19.0309830">
    <ele>342.3</ele>
    <time>2025-02-28T15:40:35Z</time>
    <extensions>
     <gpxtpx:TrackPointExtension>
      <gpxtpx:hr>122</gpxtpx:hr>
     </gpxtpx:TrackPointExtension>
    </extensions>
   </trkpt>
   <trkpt lat="69.6522010" lon="19.0309250">
    <ele>341.4</ele>
    <time>2025-02-28T15:40:36Z</time>
    <extensions>
     <gpxtpx:TrackPointExtension>
      <gpxtpx:hr>122</gpxtpx:hr>
     </gpxtpx:TrackPointExtension>
    </extensions>
   </trkpt>
   <trkpt lat="69.6521980" lon="19.0309040">
    <ele>341.1</ele>
    <time>2025-02-28T15:40:37Z</time>
    <extensions>
     <gpxtpx:TrackPointExtension>
      <gpxtpx:hr>122</gpxtpx:hr>
     </gpxtpx:TrackPointExtension>
    </extensions>
   </trkpt>
   <trkpt lat="69.6521980" lon="19.0308050">
    <ele>340.0</ele>
    <time>2025-02-28T15:40:38Z</time>
    <extensions>
     <gpxtpx:TrackPointExtension>
      <gpxtpx:hr>122</gpxtpx:hr>
     </gpxtpx:TrackPointExtension>
    </extensions>
   </trkpt>
   <trkpt lat="69.6522000" lon="19.0307660">
    <ele>339.5</ele>
    <time>2025-02-28T15:40:39Z</time>
    <extensions>
     <gpxtpx:TrackPointExtension>
      <gpxtpx:hr>122</gpxtpx:hr>
     </gpxtpx:TrackPointExtension>
    </extensions>
   </trkpt>
   <trkpt lat="69.6522020" lon="19.0307270">
    <ele>339.0</ele>
    <time>2025-02-28T15:40:40Z</time>
    <extensions>
     <gpxtpx:TrackPointExtension>
      <gpxtpx:hr>122</gpxtpx:hr>
     </gpxtpx:TrackPointExtension>
    </extensions>
   </trkpt>
   <trkpt lat="69.6521820" lon="19.0306650">
    <ele>338.0</ele>
    <time>2025-02-28T15:40:41Z</time>
    <extensions>
     <gpxtpx:TrackPointExtension>
      <gpxtpx:hr>122</gpxtpx:hr>
     </gpxtpx:TrackPointExtension>
    </extensions>
   </trkpt>
   <trkpt lat="69.6521730" lon="19.0306420">
    <ele>337.6</ele>
    <time>2025-02-28T15:40:42Z</time>
    <extensions>
     <gpxtpx:TrackPointExtension>
      <gpxtpx:hr>122</gpxtpx:hr>
     </gpxtpx:TrackPointExtension>
    </extensions>
   </trkpt>
   <trkpt lat="69.6521630" lon="19.0306200">
    <ele>337.2</ele>
    <time>2025-02-28T15:40:43Z</time>
    <extensions>
     <gpxtpx:TrackPointExtension>
      <gpxtpx:hr>122</gpxtpx:hr>
     </gpxtpx:TrackPointExtension>
    </extensions>
   </trkpt>
   <trkpt lat="69.6521540" lon="19.0305950">
    <ele>336.8</ele>
    <time>2025-02-28T15:40:44Z</time>
    <extensions>
     <gpxtpx:TrackPointExtension>
      <gpxtpx:hr>122</gpxtpx:hr>
     </gpxtpx:TrackPointExtension>
    </extensions>
   </trkpt>
   <trkpt lat="69.6521590" lon="19.0305380">
    <ele>336.0</ele>
    <time>2025-02-28T15:40:45Z</time>
    <extensions>
     <gpxtpx:TrackPointExtension>
      <gpxtpx:hr>122</gpxtpx:hr>
     </gpxtpx:TrackPointExtension>
    </extensions>
   </trkpt>
   <trkpt lat="69.6521450" lon="19.0304890">
    <ele>335.3</ele>
    <time>2025-02-28T15:40:46Z</time>
    <extensions>
     <gpxtpx:TrackPointExtension>
      <gpxtpx:hr>122</gpxtpx:hr>
     </gpxtpx:TrackPointExtension>
    </extensions>
   </trkpt>
   <trkpt lat="69.6521340" lon="19.0304810">
    <ele>334.9</ele>
    <time>2025-02-28T15:40:47Z</time>
    <extensions>
     <gpxtpx:TrackPointExtension>
      <gpxtpx:hr>122</gpxtpx:hr>
     </gpxtpx:TrackPointExtension>
    </extensions>
   </trkpt>
   <trkpt lat="69.6521220" lon="19.0304720">
    <ele>334.5</ele>
    <time>2025-02-28T15:40:48Z</time>
    <extensions>
     <gpxtpx:TrackPointExtension>
      <gpxtpx:hr>132</gpxtpx:hr>
     </gpxtpx:TrackPointExtension>
    </extensions>
   </trkpt>
   <trkpt lat="69.6521140" lon="19.0304590">
    <ele>334.2</ele>
    <time>2025-02-28T15:40:49Z</time>
    <extensions>
     <gpxtpx:TrackPointExtension>
      <gpxtpx:hr>132</gpxtpx:hr>
     </gpxtpx:TrackPointExtension>
    </extensions>
   </trkpt>
   <trkpt lat="69.6521040" lon="19.0304290">
    <ele>333.7</ele>
    <time>2025-02-28T15:40:50Z</time>
    <extensions>
     <gpxtpx:TrackPointExtension>
      <gpxtpx:hr>132</gpxtpx:hr>
     </gpxtpx:TrackPointExtension>
    </extensions>
   </trkpt>
   <trkpt lat="69.6520940" lon="19.0303840">
    <ele>333.0</ele>
    <time>2025-02-28T15:40:51Z</time>
    <extensions>
     <gpxtpx:TrackPointExtension>
      <gpxtpx:hr>132</gpxtpx:hr>
     </gpxtpx:TrackPointExtension>
    </extensions>
   </trkpt>
   <trkpt lat="69.6520740" lon="19.0303630">
    <ele>332.3</ele>
    <time>2025-02-28T15:40:52Z</time>
    <extensions>
     <gpxtpx:TrackPointExtension>
      <gpxtpx:hr>132</gpxtpx:hr>
     </gpxtpx:TrackPointExtension>
    </extensions>
   </trkpt>
   <trkpt lat="69.6520630" lon="19.0303390">
    <ele>331.9</ele>
    <time>2025-02-28T15:40:53Z</time>
    <extensions>
     <gpxtpx:TrackPointExtension>
      <gpxtpx:hr>132</gpxtpx:hr>
     </gpxtpx:TrackPointExtension>
    </extensions>
   </trkpt>
   <trkpt lat="69.6520390" lon="19.0303120">
    <ele>331.0</ele>
    <time>2025-02-28T15:40:54Z</time>
    <extensions>
     <gpxtpx:TrackPointExtension>
      <gpxtpx:hr>132</gpxtpx:hr>
     </gpxtpx:TrackPointExtension>
    </extensions>
   </trkpt>
   <trkpt lat="69.6520300" lon="19.0303010">
    <ele>330.7</ele>
    <time>2025-02-28T15:40:55Z</time>
    <extensions>
     <gpxtpx:TrackPointExtension>
      <gpxtpx:hr>132</gpxtpx:hr>
     </gpxtpx:TrackPointExtension>
    </extensions>
   </trkpt>
   <trkpt lat="69.6519980" lon="19.0302370">
    <ele>329.4</ele>
    <time>2025-02-28T15:40:56Z</time>
    <extensions>
     <gpxtpx:TrackPointExtension>
      <gpxtpx:hr>132</gpxtpx:hr>
     </gpxtpx:TrackPointExtension>
    </extensions>
   </trkpt>
   <trkpt lat="69.6519870" lon="19.0302250">
    <ele>329.0</ele>
    <time>2025-02-28T15:40:57Z</time>
    <extensions>
     <gpxtpx:TrackPointExtension>
      <gpxtpx:hr>132</gpxtpx:hr>
     </gpxtpx:TrackPointExtension>
    </extensions>
   </trkpt>
   <trkpt lat="69.6519760" lon="19.0302120">
    <ele>328.6</ele>
    <time>2025-02-28T15:40:58Z</time>
    <extensions>
     <gpxtpx:TrackPointExtension>
      <gpxtpx:hr>132</gpxtpx:hr>
     </gpxtpx:TrackPointExtension>
    </extensions>
   </trkpt>
   <trkpt lat="69.6519480" lon="19.0301900">
    <ele>327.6</ele>
    <time>2025-02-28T15:40:59Z</time>
    <extensions>
     <gpxtpx:TrackPointExtension>
      <gpxtpx:hr>132</gpxtpx:hr>
     </gpxtpx:TrackPointExtension>
    </extensions>
   </trkpt>
   <trkpt lat="69.6519340" lon="19.0301800">
    <ele>327.2</ele>
    <time>2025-02-28T15:41:00Z</time>
    <extensions>
     <gpxtpx:TrackPointExtension>
      <gpxtpx:hr>132</gpxtpx:hr>
     </gpxtpx:TrackPointExtension>
    </extensions>
   </trkpt>
   <trkpt lat="69.6519000" lon="19.0301680">
    <ele>326.1</ele>
    <time>2025-02-28T15:41:01Z</time>
    <extensions>
     <gpxtpx:TrackPointExtension>
      <gpxtpx:hr>132</gpxtpx:hr>
     </gpxtpx:TrackPointExtension>
    </extensions>
   </trkpt>
   <trkpt lat="69.6518860" lon="19.0301580">
    <ele>325.6</ele>
    <time>2025-02-28T15:41:02Z</time>
    <extensions>
     <gpxtpx:TrackPointExtension>
      <gpxtpx:hr>132</gpxtpx:hr>
     </gpxtpx:TrackPointExtension>
    </extensions>
   </trkpt>
   <trkpt lat="69.6518730" lon="19.0301490">
    <ele>325.2</ele>
    <time>2025-02-28T15:41:03Z</time>
    <extensions>
     <gpxtpx:TrackPointExtension>
      <gpxtpx:hr>132</gpxtpx:hr>
     </gpxtpx:TrackPointExtension>
    </extensions>
   </trkpt>
   <trkpt lat="69.6518430" lon="19.0301350">
    <ele>324.2</ele>
    <time>2025-02-28T15:41:04Z</time>
    <extensions>
     <gpxtpx:TrackPointExtension>
      <gpxtpx:hr>132</gpxtpx:hr>
     </gpxtpx:TrackPointExtension>
    </extensions>
   </trkpt>
   <trkpt lat="69.6518310" lon="19.0301300">
    <ele>323.8</ele>
    <time>2025-02-28T15:41:05Z</time>
    <extensions>
     <gpxtpx:TrackPointExtension>
      <gpxtpx:hr>132</gpxtpx:hr>
     </gpxtpx:TrackPointExtension>
    </extensions>
   </trkpt>
   <trkpt lat="69.6518160" lon="19.0300630">
    <ele>323.0</ele>
    <time>2025-02-28T15:41:06Z</time>
    <extensions>
     <gpxtpx:TrackPointExtension>
      <gpxtpx:hr>132</gpxtpx:hr>
     </gpxtpx:TrackPointExtension>
    </extensions>
   </trkpt>
   <trkpt lat="69.6518140" lon="19.0300320">
    <ele>322.6</ele>
    <time>2025-02-28T15:41:07Z</time>
    <extensions>
     <gpxtpx:TrackPointExtension>
      <gpxtpx:hr>132</gpxtpx:hr>
     </gpxtpx:TrackPointExtension>
    </extensions>
   </trkpt>
   <trkpt lat="69.6518130" lon="19.0300020">
    <ele>322.3</ele>
    <time>2025-02-28T15:41:08Z</time>
    <extensions>
     <gpxtpx:TrackPointExtension>
      <gpxtpx:hr>132</gpxtpx:hr>
     </gpxtpx:TrackPointExtension>
    </extensions>
   </trkpt>
   <trkpt lat="69.6518100" lon="19.0299610">
    <ele>321.8</ele>
    <time>2025-02-28T15:41:09Z</time>
    <extensions>
     <gpxtpx:TrackPointExtension>
      <gpxtpx:hr>132</gpxtpx:hr>
     </gpxtpx:TrackPointExtension>
    </extensions>
   </trkpt>
   <trkpt lat="69.6518170" lon="19.0299290">
    <ele>321.4</ele>
    <time>2025-02-28T15:41:10Z</time>
    <extensions>
     <gpxtpx:TrackPointExtension>
      <gpxtpx:hr>132</gpxtpx:hr>
     </gpxtpx:TrackPointExtension>
    </extensions>
   </trkpt>
   <trkpt lat="69.6518120" lon="19.0299000">
    <ele>321.1</ele>
    <time>2025-02-28T15:41:11Z</time>
    <extensions>
     <gpxtpx:TrackPointExtension>
      <gpxtpx:hr>132</gpxtpx:hr>
     </gpxtpx:TrackPointExtension>
    </extensions>
   </trkpt>
   <trkpt lat="69.6518000" lon="19.0298560">
    <ele>320.5</ele>
    <time>2025-02-28T15:41:12Z</time>
    <extensions>
     <gpxtpx:TrackPointExtension>
      <gpxtpx:hr>132</gpxtpx:hr>
     </gpxtpx:TrackPointExtension>
    </extensions>
   </trkpt>
   <trkpt lat="69.6517860" lon="19.0298180">
    <ele>319.8</ele>
    <time>2025-02-28T15:41:13Z</time>
    <extensions>
     <gpxtpx:TrackPointExtension>
      <gpxtpx:hr>132</gpxtpx:hr>
     </gpxtpx:TrackPointExtension>
    </extensions>
   </trkpt>
   <trkpt lat="69.6517610" lon="19.0297940">
    <ele>319.0</ele>
    <time>2025-02-28T15:41:14Z</time>
    <extensions>
     <gpxtpx:TrackPointExtension>
      <gpxtpx:hr>132</gpxtpx:hr>
     </gpxtpx:TrackPointExtension>
    </extensions>
   </trkpt>
   <trkpt lat="69.6517370" lon="19.0297750">
    <ele>318.2</ele>
    <time>2025-02-28T15:41:15Z</time>
    <extensions>
     <gpxtpx:TrackPointExtension>
      <gpxtpx:hr>132</gpxtpx:hr>
     </gpxtpx:TrackPointExtension>
    </extensions>
   </trkpt>
   <trkpt lat="69.6517050" lon="19.0297890">
    <ele>317.2</ele>
    <time>2025-02-28T15:41:16Z</time>
    <extensions>
     <gpxtpx:TrackPointExtension>
      <gpxtpx:hr>132</gpxtpx:hr>
     </gpxtpx:TrackPointExtension>
    </extensions>
   </trkpt>
   <trkpt lat="69.6516770" lon="19.0297530">
    <ele>316.3</ele>
    <time>2025-02-28T15:41:17Z</time>
    <extensions>
     <gpxtpx:TrackPointExtension>
      <gpxtpx:hr>132</gpxtpx:hr>
     </gpxtpx:TrackPointExtension>
    </extensions>
   </trkpt>
   <trkpt lat="69.6516680" lon="19.0297340">
    <ele>315.9</ele>
    <time>2025-02-28T15:41:18Z</time>
    <extensions>
     <gpxtpx:TrackPointExtension>
      <gpxtpx:hr>132</gpxtpx:hr>
     </gpxtpx:TrackPointExtension>
    </extensions>
   </trkpt>
   <trkpt lat="69.6516710" lon="19.0296680">
    <ele>315.2</ele>
    <time>2025-02-28T15:41:19Z</time>
    <extensions>
     <gpxtpx:TrackPointExtension>
      <gpxtpx:hr>132</gpxtpx:hr>
     </gpxtpx:TrackPointExtension>
    </extensions>
   </trkpt>
   <trkpt lat="69.6516780" lon="19.0296280">
    <ele>314.7</ele>
    <time>2025-02-28T15:41:20Z</time>
    <extensions>
     <gpxtpx:TrackPointExtension>
      <gpxtpx:hr>132</gpxtpx:hr>
     </gpxtpx:TrackPointExtension>
    </extensions>
   </trkpt>
   <trkpt lat="69.6516860" lon="19.0295890">
    <ele>314.2</ele>
    <time>2025-02-28T15:41:21Z</time>
    <extensions>
     <gpxtpx:TrackPointExtension>
      <gpxtpx:hr>132</gpxtpx:hr>
     </gpxtpx:TrackPointExtension>
    </extensions>
   </trkpt>
   <trkpt lat="69.6516920" lon="19.0295380">
    <ele>313.6</ele>
    <time>2025-02-28T15:41:22Z</time>
    <extensions>
     <gpxtpx:TrackPointExtension>
      <gpxtpx:hr>132</gpxtpx:hr>
     </gpxtpx:TrackPointExtension>
    </extensions>
   </trkpt>
   <trkpt lat="69.6516840" lon="19.0294700">
    <ele>312.8</ele>
    <time>2025-02-28T15:41:23Z</time>
    <extensions>
     <gpxtpx:TrackPointExtension>
      <gpxtpx:hr>132</gpxtpx:hr>
     </gpxtpx:TrackPointExtension>
    </extensions>
   </trkpt>
   <trkpt lat="69.6516700" lon="19.0294120">
    <ele>312.0</ele>
    <time>2025-02-28T15:41:24Z</time>
    <extensions>
     <gpxtpx:TrackPointExtension>
      <gpxtpx:hr>132</gpxtpx:hr>
     </gpxtpx:TrackPointExtension>
    </extensions>
   </trkpt>
   <trkpt lat="69.6516600" lon="19.0293850">
    <ele>311.5</ele>
    <time>2025-02-28T15:41:25Z</time>
    <extensions>
     <gpxtpx:TrackPointExtension>
      <gpxtpx:hr>132</gpxtpx:hr>
     </gpxtpx:TrackPointExtension>
    </extensions>
   </trkpt>
   <trkpt lat="69.6516510" lon="19.0293580">
    <ele>311.1</ele>
    <time>2025-02-28T15:41:26Z</time>
    <extensions>
     <gpxtpx:TrackPointExtension>
      <gpxtpx:hr>132</gpxtpx:hr>
     </gpxtpx:TrackPointExtension>
    </extensions>
   </trkpt>
   <trkpt lat="69.6516350" lon="19.0292820">
    <ele>310.1</ele>
    <time>2025-02-28T15:41:27Z</time>
    <extensions>
     <gpxtpx:TrackPointExtension>
      <gpxtpx:hr>132</gpxtpx:hr>
     </gpxtpx:TrackPointExtension>
    </extensions>
   </trkpt>
   <trkpt lat="69.6516320" lon="19.0292520">
    <ele>309.7</ele>
    <time>2025-02-28T15:41:28Z</time>
    <extensions>
     <gpxtpx:TrackPointExtension>
      <gpxtpx:hr>132</gpxtpx:hr>
     </gpxtpx:TrackPointExtension>
    </extensions>
   </trkpt>
   <trkpt lat="69.6516420" lon="19.0291740">
    <ele>308.7</ele>
    <time>2025-02-28T15:41:29Z</time>
    <extensions>
     <gpxtpx:TrackPointExtension>
      <gpxtpx:hr>132</gpxtpx:hr>
     </gpxtpx:TrackPointExtension>
    </extensions>
   </trkpt>
   <trkpt lat="69.6516520" lon="19.0291450">
    <ele>308.2</ele>
    <time>2025-02-28T15:41:30Z</time>
    <extensions>
     <gpxtpx:TrackPointExtension>
      <gpxtpx:hr>132</gpxtpx:hr>
     </gpxtpx:TrackPointExtension>
    </extensions>
   </trkpt>
   <trkpt lat="69.6516610" lon="19.0291170">
    <ele>307.7</ele>
    <time>2025-02-28T15:41:31Z</time>
    <extensions>
     <gpxtpx:TrackPointExtension>
      <gpxtpx:hr>132</gpxtpx:hr>
     </gpxtpx:TrackPointExtension>
    </extensions>
   </trkpt>
   <trkpt lat="69.6516600" lon="19.0290820">
    <ele>307.3</ele>
    <time>2025-02-28T15:41:32Z</time>
    <extensions>
     <gpxtpx:TrackPointExtension>
      <gpxtpx:hr>132</gpxtpx:hr>
     </gpxtpx:TrackPointExtension>
    </extensions>
   </trkpt>
   <trkpt lat="69.6516430" lon="19.0290490">
    <ele>306.6</ele>
    <time>2025-02-28T15:41:33Z</time>
    <extensions>
     <gpxtpx:TrackPointExtension>
      <gpxtpx:hr>132</gpxtpx:hr>
     </gpxtpx:TrackPointExtension>
    </extensions>
   </trkpt>
   <trkpt lat="69.6516070" lon="19.0289910">
    <ele>305.1</ele>
    <time>2025-02-28T15:41:34Z</time>
    <extensions>
     <gpxtpx:TrackPointExtension>
      <gpxtpx:hr>132</gpxtpx:hr>
     </gpxtpx:TrackPointExtension>
    </extensions>
   </trkpt>
   <trkpt lat="69.6516000" lon="19.0289610">
    <ele>304.6</ele>
    <time>2025-02-28T15:41:35Z</time>
    <extensions>
     <gpxtpx:TrackPointExtension>
      <gpxtpx:hr>132</gpxtpx:hr>
     </gpxtpx:TrackPointExtension>
    </extensions>
   </trkpt>
   <trkpt lat="69.6515920" lon="19.0289300">
    <ele>304.1</ele>
    <time>2025-02-28T15:41:36Z</time>
    <extensions>
     <gpxtpx:TrackPointExtension>
      <gpxtpx:hr>132</gpxtpx:hr>
     </gpxtpx:TrackPointExtension>
    </extensions>
   </trkpt>
   <trkpt lat="69.6515790" lon="19.0288980">
    <ele>303.5</ele>
    <time>2025-02-28T15:41:37Z</time>
    <extensions>
     <gpxtpx:TrackPointExtension>
      <gpxtpx:hr>132</gpxtpx:hr>
     </gpxtpx:TrackPointExtension>
    </extensions>
   </trkpt>
   <trkpt lat="69.6515740" lon="19.0288970">
    <ele>303.3</ele>
    <time>2025-02-28T15:41:38Z</time>
    <extensions>
     <gpxtpx:TrackPointExtension>
      <gpxtpx:hr>132</gpxtpx:hr>
     </gpxtpx:TrackPointExtension>
    </extensions>
   </trkpt>
   <trkpt lat="69.6515820" lon="19.0288380">
    <ele>302.5</ele>
    <time>2025-02-28T15:41:39Z</time>
    <extensions>
     <gpxtpx:TrackPointExtension>
      <gpxtpx:hr>136</gpxtpx:hr>
     </gpxtpx:TrackPointExtension>
    </extensions>
   </trkpt>
   <trkpt lat="69.6515900" lon="19.0288120">
    <ele>302.0</ele>
    <time>2025-02-28T15:41:40Z</time>
    <extensions>
     <gpxtpx:TrackPointExtension>
      <gpxtpx:hr>136</gpxtpx:hr>
     </gpxtpx:TrackPointExtension>
    </extensions>
   </trkpt>
   <trkpt lat="69.6515970" lon="19.0287860">
    <ele>301.6</ele>
    <time>2025-02-28T15:41:41Z</time>
    <extensions>
     <gpxtpx:TrackPointExtension>
      <gpxtpx:hr>136</gpxtpx:hr>
     </gpxtpx:TrackPointExtension>
    </extensions>
   </trkpt>
   <trkpt lat="69.6515980" lon="19.0286980">
    <ele>300.4</ele>
    <time>2025-02-28T15:41:42Z</time>
    <extensions>
     <gpxtpx:TrackPointExtension>
      <gpxtpx:hr>136</gpxtpx:hr>
     </gpxtpx:TrackPointExtension>
    </extensions>
   </trkpt>
   <trkpt lat="69.6516010" lon="19.0286620">
    <ele>300.0</ele>
    <time>2025-02-28T15:41:43Z</time>
    <extensions>
     <gpxtpx:TrackPointExtension>
      <gpxtpx:hr>136</gpxtpx:hr>
     </gpxtpx:TrackPointExtension>
    </extensions>
   </trkpt>
   <trkpt lat="69.6516030" lon="19.0286250">
    <ele>299.5</ele>
    <time>2025-02-28T15:41:44Z</time>
    <extensions>
     <gpxtpx:TrackPointExtension>
      <gpxtpx:hr>136</gpxtpx:hr>
     </gpxtpx:TrackPointExtension>
    </extensions>
   </trkpt>
   <trkpt lat="69.6516060" lon="19.0285890">
    <ele>299.0</ele>
    <time>2025-02-28T15:41:45Z</time>
    <extensions>
     <gpxtpx:TrackPointExtension>
      <gpxtpx:hr>136</gpxtpx:hr>
     </gpxtpx:TrackPointExtension>
    </extensions>
   </trkpt>
   <trkpt lat="69.6516080" lon="19.0285530">
    <ele>298.5</ele>
    <time>2025-02-28T15:41:46Z</time>
    <extensions>
     <gpxtpx:TrackPointExtension>
      <gpxtpx:hr>136</gpxtpx:hr>
     </gpxtpx:TrackPointExtension>
    </extensions>
   </trkpt>
   <trkpt lat="69.6516100" lon="19.0284800">
    <ele>297.5</ele>
    <time>2025-02-28T15:41:47Z</time>
    <extensions>
     <gpxtpx:TrackPointExtension>
      <gpxtpx:hr>136</gpxtpx:hr>
     </gpxtpx:TrackPointExtension>
    </extensions>
   </trkpt>
   <trkpt lat="69.6516180" lon="19.0284470">
    <ele>296.9</ele>
    <time>2025-02-28T15:41:48Z</time>
    <extensions>
     <gpxtpx:TrackPointExtension>
      <gpxtpx:hr>136</gpxtpx:hr>
     </gpxtpx:TrackPointExtension>
    </extensions>
   </trkpt>
   <trkpt lat="69.6516250" lon="19.0284130">
    <ele>296.4</ele>
    <time>2025-02-28T15:41:49Z</time>
    <extensions>
     <gpxtpx:TrackPointExtension>
      <gpxtpx:hr>136</gpxtpx:hr>
     </gpxtpx:TrackPointExtension>
    </extensions>
   </trkpt>
   <trkpt lat="69.6516110" lon="19.0283660">
    <ele>295.5</ele>
    <time>2025-02-28T15:41:50Z</time>
    <extensions>
     <gpxtpx:TrackPointExtension>
      <gpxtpx:hr>136</gpxtpx:hr>
     </gpxtpx:TrackPointExtension>
    </extensions>
   </trkpt>
   <trkpt lat="69.6516100" lon="19.0283530">
    <ele>295.3</ele>
    <time>2025-02-28T15:41:51Z</time>
    <extensions>
     <gpxtpx:TrackPointExtension>
      <gpxtpx:hr>136</gpxtpx:hr>
     </gpxtpx:TrackPointExtension>
    </extensions>
   </trkpt>
   <trkpt lat="69.6516120" lon="19.0282900">
    <ele>294.5</ele>
    <time>2025-02-28T15:41:52Z</time>
    <extensions>
     <gpxtpx:TrackPointExtension>
      <gpxtpx:hr>136</gpxtpx:hr>
     </gpxtpx:TrackPointExtension>
    </extensions>
   </trkpt>
   <trkpt lat="69.6516070" lon="19.0282620">
    <ele>294.0</ele>
    <time>2025-02-28T15:41:53Z</time>
    <extensions>
     <gpxtpx:TrackPointExtension>
      <gpxtpx:hr>136</gpxtpx:hr>
     </gpxtpx:TrackPointExtension>
    </extensions>
   </trkpt>
   <trkpt lat="69.6516030" lon="19.0282340">
    <ele>293.6</ele>
    <time>2025-02-28T15:41:54Z</time>
    <extensions>
     <gpxtpx:TrackPointExtension>
      <gpxtpx:hr>136</gpxtpx:hr>
     </gpxtpx:TrackPointExtension>
    </extensions>
   </trkpt>
   <trkpt lat="69.6515870" lon="19.0281840">
    <ele>292.6</ele>
    <time>2025-02-28T15:41:55Z</time>
    <extensions>
     <gpxtpx:TrackPointExtension>
      <gpxtpx:hr>136</gpxtpx:hr>
     </gpxtpx:TrackPointExtension>
    </extensions>
   </trkpt>
   <trkpt lat="69.6515710" lon="19.0281590">
    <ele>291.9</ele>
    <time>2025-02-28T15:41:56Z</time>
    <extensions>
     <gpxtpx:TrackPointExtension>
      <gpxtpx:hr>136</gpxtpx:hr>
     </gpxtpx:TrackPointExtension>
    </extensions>
   </trkpt>
   <trkpt lat="69.6515350" lon="19.0281530">
    <ele>290.4</ele>
    <time>2025-02-28T15:41:57Z</time>
    <extensions>
     <gpxtpx:TrackPointExtension>
      <gpxtpx:hr>136</gpxtpx:hr>
     </gpxtpx:TrackPointExtension>
    </extensions>
   </trkpt>
   <trkpt lat="69.6515240" lon="19.0281520">
    <ele>289.9</ele>
    <time>2025-02-28T15:41:58Z</time>
    <extensions>
     <gpxtpx:TrackPointExtension>
      <gpxtpx:hr>136</gpxtpx:hr>
     </gpxtpx:TrackPointExtension>
    </extensions>
   </trkpt>
   <trkpt lat="69.6515120" lon="19.0281520">
    <ele>289.4</ele>
    <time>2025-02-28T15:41:59Z</time>
    <extensions>
     <gpxtpx:TrackPointExtension>
      <gpxtpx:hr>136</gpxtpx:hr>
     </gpxtpx:TrackPointExtension>
    </extensions>
   </trkpt>
   <trkpt lat="69.6514820" lon="19.0281090">
    <ele>288.0</ele>
    <time>2025-02-28T15:42:00Z</time>
    <extensions>
     <gpxtpx:TrackPointExtension>
      <gpxtpx:hr>136</gpxtpx:hr>
     </gpxtpx:TrackPointExtension>
    </extensions>
   </trkpt>
   <trkpt lat="69.6514790" lon="19.0280940">
    <ele>287.8</ele>
    <time>2025-02-28T15:42:01Z</time>
    <extensions>
     <gpxtpx:TrackPointExtension>
      <gpxtpx:hr>136</gpxtpx:hr>
     </gpxtpx:TrackPointExtension>
    </extensions>
   </trkpt>
   <trkpt lat="69.6514530" lon="19.0280590">
    <ele>286.6</ele>
    <time>2025-02-28T15:42:02Z</time>
    <extensions>
     <gpxtpx:TrackPointExtension>
      <gpxtpx:hr>136</gpxtpx:hr>
     </gpxtpx:TrackPointExtension>
    </extensions>
   </trkpt>
   <trkpt lat="69.6514420" lon="19.0280480">
    <ele>286.1</ele>
    <time>2025-02-28T15:42:03Z</time>
    <extensions>
     <gpxtpx:TrackPointExtension>
      <gpxtpx:hr>136</gpxtpx:hr>
     </gpxtpx:TrackPointExtension>
    </extensions>
   </trkpt>
   <trkpt lat="69.6514320" lon="19.0280360">
    <ele>285.6</ele>
    <time>2025-02-28T15:42:04Z</time>
    <extensions>
     <gpxtpx:TrackPointExtension>
      <gpxtpx:hr>136</gpxtpx:hr>
     </gpxtpx:TrackPointExtension>
    </extensions>
   </trkpt>
   <trkpt lat="69.6514130" lon="19.0280370">
    <ele>284.8</ele>
    <time>2025-02-28T15:42:05Z</time>
    <extensions>
     <gpxtpx:TrackPointExtension>
      <gpxtpx:hr>136</gpxtpx:hr>
     </gpxtpx:TrackPointExtension>
    </extensions>
   </trkpt>
   <trkpt lat="69.6514080" lon="19.0280390">
    <ele>284.6</ele>
    <time>2025-02-28T15:42:06Z</time>
    <extensions>
     <gpxtpx:TrackPointExtension>
      <gpxtpx:hr>136</gpxtpx:hr>
     </gpxtpx:TrackPointExtension>
    </extensions>
   </trkpt>
   <trkpt lat="69.6514090" lon="19.0280170">
    <ele>284.3</ele>
    <time>2025-02-28T15:42:07Z</time>
    <extensions>
     <gpxtpx:TrackPointExtension>
      <gpxtpx:hr>136</gpxtpx:hr>
     </gpxtpx:TrackPointExtension>
    </extensions>
   </trkpt>
   <trkpt lat="69.6514190" lon="19.0280100">
    <ele>283.8</ele>
    <time>2025-02-28T15:42:08Z</time>
    <extensions>
     <gpxtpx:TrackPointExtension>
      <gpxtpx:hr>136</gpxtpx:hr>
     </gpxtpx:TrackPointExtension>
    </extensions>
   </trkpt>
   <trkpt lat="69.6514250" lon="19.0279980">
    <ele>283.5</ele>
    <time>2025-02-28T15:42:09Z</time>
    <extensions>
     <gpxtpx:TrackPointExtension>
      <gpxtpx:hr>136</gpxtpx:hr>
     </gpxtpx:TrackPointExtension>
    </extensions>
   </trkpt>
   <trkpt lat="69.6514070" lon="19.0279580">
    <ele>282.5</ele>
    <time>2025-02-28T15:42:10Z</time>
    <extensions>
     <gpxtpx:TrackPointExtension>
      <gpxtpx:hr>136</gpxtpx:hr>
     </gpxtpx:TrackPointExtension>
    </extensions>
   </trkpt>
   <trkpt lat="69.6513930" lon="19.0279340">
    <ele>281.8</ele>
    <time>2025-02-28T15:42:11Z</time>
    <extensions>
     <gpxtpx:TrackPointExtension>
      <gpxtpx:hr>136</gpxtpx:hr>
     </gpxtpx:TrackPointExtension>
    </extensions>
   </trkpt>
   <trkpt lat="69.6513790" lon="19.0279290">
    <ele>281.2</ele>
    <time>2025-02-28T15:42:12Z</time>
    <extensions>
     <gpxtpx:TrackPointExtension>
      <gpxtpx:hr>136</gpxtpx:hr>
     </gpxtpx:TrackPointExtension>
    </extensions>
   </trkpt>
   <trkpt lat="69.6513640" lon="19.0279120">
    <ele>280.5</ele>
    <time>2025-02-28T15:42:13Z</time>
    <extensions>
     <gpxtpx:TrackPointExtension>
      <gpxtpx:hr>136</gpxtpx:hr>
     </gpxtpx:TrackPointExtension>
    </extensions>
   </trkpt>
   <trkpt lat="69.6513540" lon="19.0279130">
    <ele>280.0</ele>
    <time>2025-02-28T15:42:14Z</time>
    <extensions>
     <gpxtpx:TrackPointExtension>
      <gpxtpx:hr>136</gpxtpx:hr>
     </gpxtpx:TrackPointExtension>
    </extensions>
   </trkpt>
   <trkpt lat="69.6513400" lon="19.0278800">
    <ele>279.2</ele>
    <time>2025-02-28T15:42:15Z</time>
    <extensions>
     <gpxtpx:TrackPointExtension>
      <gpxtpx:hr>136</gpxtpx:hr>
     </gpxtpx:TrackPointExtension>
    </extensions>
   </trkpt>
   <trkpt lat="69.6513260" lon="19.0279010">
    <ele>278.5</ele>
    <time>2025-02-28T15:42:16Z</time>
    <extensions>
     <gpxtpx:TrackPointExtension>
      <gpxtpx:hr>136</gpxtpx:hr>
     </gpxtpx:TrackPointExtension>
    </extensions>
   </trkpt>
   <trkpt lat="69.6513170" lon="19.0279090">
    <ele>278.1</ele>
    <time>2025-02-28T15:42:17Z</time>
    <extensions>
     <gpxtpx:TrackPointExtension>
      <gpxtpx:hr>136</gpxtpx:hr>
     </gpxtpx:TrackPointExtension>
    </extensions>
   </trkpt>
   <trkpt lat="69.6513200" lon="19.0278980">
    <ele>277.9</ele>
    <time>2025-02-28T15:42:18Z</time>
    <extensions>
     <gpxtpx:TrackPointExtension>
      <gpxtpx:hr>136</gpxtpx:hr>
     </gpxtpx:TrackPointExtension>
    </extensions>
   </trkpt>
   <trkpt lat="69.6513100" lon="19.0278950">
    <ele>277.4</ele>
    <time>2025-02-28T15:42:19Z</time>
    <extensions>
     <gpxtpx:TrackPointExtension>
      <gpxtpx:hr>136</gpxtpx:hr>
     </gpxtpx:TrackPointExtension>
    </extensions>
   </trkpt>
   <trkpt lat="69.6513100" lon="19.0278950">
    <ele>277.4</ele>
    <time>2025-02-28T15:42:21Z</time>
    <extensions>
     <gpxtpx:TrackPointExtension>
      <gpxtpx:hr>135</gpxtpx:hr>
     </gpxtpx:TrackPointExtension>
    </extensions>
   </trkpt>
   <trkpt lat="69.6513020" lon="19.0278220">
    <ele>276.2</ele>
    <time>2025-02-28T15:42:22Z</time>
    <extensions>
     <gpxtpx:TrackPointExtension>
      <gpxtpx:hr>135</gpxtpx:hr>
     </gpxtpx:TrackPointExtension>
    </extensions>
   </trkpt>
   <trkpt lat="69.6513070" lon="19.0277890">
    <ele>275.6</ele>
    <time>2025-02-28T15:42:23Z</time>
    <extensions>
     <gpxtpx:TrackPointExtension>
      <gpxtpx:hr>135</gpxtpx:hr>
     </gpxtpx:TrackPointExtension>
    </extensions>
   </trkpt>
   <trkpt lat="69.6513080" lon="19.0277850">
    <ele>275.6</ele>
    <time>2025-02-28T15:42:24Z</time>
    <extensions>
     <gpxtpx:TrackPointExtension>
      <gpxtpx:hr>135</gpxtpx:hr>
     </gpxtpx:TrackPointExtension>
    </extensions>
   </trkpt>
   <trkpt lat="69.6512950" lon="19.0277770">
    <ele>275.0</ele>
    <time>2025-02-28T15:42:25Z</time>
    <extensions>
     <gpxtpx:TrackPointExtension>
      <gpxtpx:hr>135</gpxtpx:hr>
     </gpxtpx:TrackPointExtension>
    </extensions>
   </trkpt>
   <trkpt lat="69.6512810" lon="19.0277590">
    <ele>274.2</ele>
    <time>2025-02-28T15:42:26Z</time>
    <extensions>
     <gpxtpx:TrackPointExtension>
      <gpxtpx:hr>135</gpxtpx:hr>
     </gpxtpx:TrackPointExtension>
    </extensions>
   </trkpt>
   <trkpt lat="69.6512740" lon="19.0277770">
    <ele>273.8</ele>
    <time>2025-02-28T15:42:27Z</time>
    <extensions>
     <gpxtpx:TrackPointExtension>
      <gpxtpx:hr>135</gpxtpx:hr>
     </gpxtpx:TrackPointExtension>
    </extensions>
   </trkpt>
   <trkpt lat="69.6512600" lon="19.0277770">
    <ele>273.2</ele>
    <time>2025-02-28T15:42:28Z</time>
    <extensions>
     <gpxtpx:TrackPointExtension>
      <gpxtpx:hr>135</gpxtpx:hr>
     </gpxtpx:TrackPointExtension>
    </extensions>
   </trkpt>
   <trkpt lat="69.6512600" lon="19.0277770">
    <ele>273.2</ele>
    <time>2025-02-28T15:42:29Z</time>
    <extensions>
     <gpxtpx:TrackPointExtension>
      <gpxtpx:hr>135</gpxtpx:hr>
     </gpxtpx:TrackPointExtension>
    </extensions>
   </trkpt>
   <trkpt lat="69.6512640" lon="19.0277250">
    <ele>272.3</ele>
    <time>2025-02-28T15:42:30Z</time>
    <extensions>
     <gpxtpx:TrackPointExtension>
      <gpxtpx:hr>135</gpxtpx:hr>
     </gpxtpx:TrackPointExtension>
    </extensions>
   </trkpt>
   <trkpt lat="69.6512720" lon="19.0276980">
    <ele>271.7</ele>
    <time>2025-02-28T15:42:31Z</time>
    <extensions>
     <gpxtpx:TrackPointExtension>
      <gpxtpx:hr>135</gpxtpx:hr>
     </gpxtpx:TrackPointExtension>
    </extensions>
   </trkpt>
   <trkpt lat="69.6512730" lon="19.0276650">
    <ele>271.2</ele>
    <time>2025-02-28T15:42:32Z</time>
    <extensions>
     <gpxtpx:TrackPointExtension>
      <gpxtpx:hr>135</gpxtpx:hr>
     </gpxtpx:TrackPointExtension>
    </extensions>
   </trkpt>
   <trkpt lat="69.6512800" lon="19.0276570">
    <ele>270.9</ele>
    <time>2025-02-28T15:42:33Z</time>
    <extensions>
     <gpxtpx:TrackPointExtension>
      <gpxtpx:hr>135</gpxtpx:hr>
     </gpxtpx:TrackPointExtension>
    </extensions>
   </trkpt>
   <trkpt lat="69.6512810" lon="19.0276410">
    <ele>270.6</ele>
    <time>2025-02-28T15:42:34Z</time>
    <extensions>
     <gpxtpx:TrackPointExtension>
      <gpxtpx:hr>135</gpxtpx:hr>
     </gpxtpx:TrackPointExtension>
    </extensions>
   </trkpt>
   <trkpt lat="69.6512810" lon="19.0276410">
    <ele>270.6</ele>
    <time>2025-02-28T15:42:36Z</time>
    <extensions>
     <gpxtpx:TrackPointExtension>
      <gpxtpx:hr>135</gpxtpx:hr>
     </gpxtpx:TrackPointExtension>
    </extensions>
   </trkpt>
   <trkpt lat="69.6512810" lon="19.0276410">
    <ele>270.6</ele>
    <time>2025-02-28T15:42:37Z</time>
    <extensions>
     <gpxtpx:TrackPointExtension>
      <gpxtpx:hr>135</gpxtpx:hr>
     </gpxtpx:TrackPointExtension>
    </extensions>
   </trkpt>
   <trkpt lat="69.6512680" lon="19.0275820">
    <ele>269.5</ele>
    <time>2025-02-28T15:42:38Z</time>
    <extensions>
     <gpxtpx:TrackPointExtension>
      <gpxtpx:hr>135</gpxtpx:hr>
     </gpxtpx:TrackPointExtension>
    </extensions>
   </trkpt>
   <trkpt lat="69.6512630" lon="19.0275430">
    <ele>268.8</ele>
    <time>2025-02-28T15:42:39Z</time>
    <extensions>
     <gpxtpx:TrackPointExtension>
      <gpxtpx:hr>135</gpxtpx:hr>
     </gpxtpx:TrackPointExtension>
    </extensions>
   </trkpt>
   <trkpt lat="69.6512710" lon="19.0275040">
    <ele>268.1</ele>
    <time>2025-02-28T15:42:40Z</time>
    <extensions>
     <gpxtpx:TrackPointExtension>
      <gpxtpx:hr>135</gpxtpx:hr>
     </gpxtpx:TrackPointExtension>
    </extensions>
   </trkpt>
   <trkpt lat="69.6512640" lon="19.0275470">
    <ele>267.3</ele>
    <time>2025-02-28T15:42:41Z</time>
    <extensions>
     <gpxtpx:TrackPointExtension>
      <gpxtpx:hr>135</gpxtpx:hr>
     </gpxtpx:TrackPointExtension>
    </extensions>
   </trkpt>
   <trkpt lat="69.6512640" lon="19.0275470">
    <ele>267.3</ele>
    <time>2025-02-28T15:42:42Z</time>
    <extensions>
     <gpxtpx:TrackPointExtension>
      <gpxtpx:hr>135</gpxtpx:hr>
     </gpxtpx:TrackPointExtension>
    </extensions>
   </trkpt>
   <trkpt lat="69.6512710" lon="19.0275300">
    <ele>266.9</ele>
    <time>2025-02-28T15:42:43Z</time>
    <extensions>
     <gpxtpx:TrackPointExtension>
      <gpxtpx:hr>133</gpxtpx:hr>
     </gpxtpx:TrackPointExtension>
    </extensions>
   </trkpt>
   <trkpt lat="69.6512760" lon="19.0274630">
    <ele>265.8</ele>
    <time>2025-02-28T15:42:44Z</time>
    <extensions>
     <gpxtpx:TrackPointExtension>
      <gpxtpx:hr>133</gpxtpx:hr>
     </gpxtpx:TrackPointExtension>
    </extensions>
   </trkpt>
   <trkpt lat="69.6512720" lon="19.0274790">
    <ele>265.4</ele>
    <time>2025-02-28T15:42:45Z</time>
    <extensions>
     <gpxtpx:TrackPointExtension>
      <gpxtpx:hr>133</gpxtpx:hr>
     </gpxtpx:TrackPointExtension>
    </extensions>
   </trkpt>
   <trkpt lat="69.6512760" lon="19.0274960">
    <ele>265.1</ele>
    <time>2025-02-28T15:42:46Z</time>
    <extensions>
     <gpxtpx:TrackPointExtension>
      <gpxtpx:hr>133</gpxtpx:hr>
     </gpxtpx:TrackPointExtension>
    </extensions>
   </trkpt>
   <trkpt lat="69.6512700" lon="19.0274630">
    <ele>264.5</ele>
    <time>2025-02-28T15:42:47Z</time>
    <extensions>
     <gpxtpx:TrackPointExtension>
      <gpxtpx:hr>133</gpxtpx:hr>
     </gpxtpx:TrackPointExtension>
    </extensions>
   </trkpt>
   <trkpt lat="69.6512680" lon="19.0273930">
    <ele>263.3</ele>
    <time>2025-02-28T15:42:48Z</time>
    <extensions>
     <gpxtpx:TrackPointExtension>
      <gpxtpx:hr>133</gpxtpx:hr>
     </gpxtpx:TrackPointExtension>
    </extensions>
   </trkpt>
   <trkpt lat="69.6512670" lon="19.0273470">
    <ele>262.6</ele>
    <time>2025-02-28T15:42:49Z</time>
    <extensions>
     <gpxtpx:TrackPointExtension>
      <gpxtpx:hr>133</gpxtpx:hr>
     </gpxtpx:TrackPointExtension>
    </extensions>
   </trkpt>
   <trkpt lat="69.6512720" lon="19.0273380">
    <ele>262.3</ele>
    <time>2025-02-28T15:42:50Z</time>
    <extensions>
     <gpxtpx:TrackPointExtension>
      <gpxtpx:hr>134</gpxtpx:hr>
     </gpxtpx:TrackPointExtension>
    </extensions>
   </trkpt>
   <trkpt lat="69.6512710" lon="19.0273090">
    <ele>261.8</ele>
    <time>2025-02-28T15:42:51Z</time>
    <extensions>
     <gpxtpx:TrackPointExtension>
      <gpxtpx:hr>134</gpxtpx:hr>
     </gpxtpx:TrackPointExtension>
    </extensions>
   </trkpt>
   <trkpt lat="69.6512750" lon="19.0272490">
    <ele>260.8</ele>
    <time>2025-02-28T15:42:52Z</time>
    <extensions>
     <gpxtpx:TrackPointExtension>
      <gpxtpx:hr>134</gpxtpx:hr>
     </gpxtpx:TrackPointExtension>
    </extensions>
   </trkpt>
   <trkpt lat="69.6512800" lon="19.0271790">
    <ele>259.6</ele>
    <time>2025-02-28T15:42:53Z</time>
    <extensions>
     <gpxtpx:TrackPointExtension>
      <gpxtpx:hr>134</gpxtpx:hr>
     </gpxtpx:TrackPointExtension>
    </extensions>
   </trkpt>
   <trkpt lat="69.6512830" lon="19.0271500">
    <ele>259.0</ele>
    <time>2025-02-28T15:42:54Z</time>
    <extensions>
     <gpxtpx:TrackPointExtension>
      <gpxtpx:hr>134</gpxtpx:hr>
     </gpxtpx:TrackPointExtension>
    </extensions>
   </trkpt>
   <trkpt lat="69.6512800" lon="19.0271310">
    <ele>258.7</ele>
    <time>2025-02-28T15:42:55Z</time>
    <extensions>
     <gpxtpx:TrackPointExtension>
      <gpxtpx:hr>134</gpxtpx:hr>
     </gpxtpx:TrackPointExtension>
    </extensions>
   </trkpt>
   <trkpt lat="69.6512860" lon="19.0270790">
    <ele>257.7</ele>
    <time>2025-02-28T15:42:56Z</time>
    <extensions>
     <gpxtpx:TrackPointExtension>
      <gpxtpx:hr>134</gpxtpx:hr>
     </gpxtpx:TrackPointExtension>
    </extensions>
   </trkpt>
   <trkpt lat="69.6512860" lon="19.0270560">
    <ele>257.3</ele>
    <time>2025-02-28T15:42:57Z</time>
    <extensions>
     <gpxtpx:TrackPointExtension>
      <gpxtpx:hr>134</gpxtpx:hr>
     </gpxtpx:TrackPointExtension>
    </extensions>
   </trkpt>
   <trkpt lat="69.6512790" lon="19.0270230">
    <ele>256.6</ele>
    <time>2025-02-28T15:42:58Z</time>
    <extensions>
     <gpxtpx:TrackPointExtension>
      <gpxtpx:hr>134</gpxtpx:hr>
     </gpxtpx:TrackPointExtension>
    </extensions>
   </trkpt>
   <trkpt lat="69.6512740" lon="19.0269950">
    <ele>256.1</ele>
    <time>2025-02-28T15:42:59Z</time>
    <extensions>
     <gpxtpx:TrackPointExtension>
      <gpxtpx:hr>135</gpxtpx:hr>
     </gpxtpx:TrackPointExtension>
    </extensions>
   </trkpt>
   <trkpt lat="69.6512550" lon="19.0269770">
    <ele>255.1</ele>
    <time>2025-02-28T15:43:00Z</time>
    <extensions>
     <gpxtpx:TrackPointExtension>
      <gpxtpx:hr>135</gpxtpx:hr>
     </gpxtpx:TrackPointExtension>
    </extensions>
   </trkpt>
   <trkpt lat="69.6512530" lon="19.0269950">
    <ele>254.7</ele>
    <time>2025-02-28T15:43:01Z</time>
    <extensions>
     <gpxtpx:TrackPointExtension>
      <gpxtpx:hr>135</gpxtpx:hr>
     </gpxtpx:TrackPointExtension>
    </extensions>
   </trkpt>
   <trkpt lat="69.6512470" lon="19.0269990">
    <ele>254.4</ele>
    <time>2025-02-28T15:43:02Z</time>
    <extensions>
     <gpxtpx:TrackPointExtension>
      <gpxtpx:hr>135</gpxtpx:hr>
     </gpxtpx:TrackPointExtension>
    </extensions>
   </trkpt>
   <trkpt lat="69.6512450" lon="19.0269850">
    <ele>254.1</ele>
    <time>2025-02-28T15:43:03Z</time>
    <extensions>
     <gpxtpx:TrackPointExtension>
      <gpxtpx:hr>135</gpxtpx:hr>
     </gpxtpx:TrackPointExtension>
    </extensions>
   </trkpt>
   <trkpt lat="69.6512340" lon="19.0269850">
    <ele>253.6</ele>
    <time>2025-02-28T15:43:04Z</time>
    <extensions>
     <gpxtpx:TrackPointExtension>
      <gpxtpx:hr>135</gpxtpx:hr>
     </gpxtpx:TrackPointExtension>
    </extensions>
   </trkpt>
   <trkpt lat="69.6512320" lon="19.0269660">
    <ele>253.2</ele>
    <time>2025-02-28T15:43:05Z</time>
    <extensions>
     <gpxtpx:TrackPointExtension>
      <gpxtpx:hr>135</gpxtpx:hr>
     </gpxtpx:TrackPointExtension>
    </extensions>
   </trkpt>
   <trkpt lat="69.6512200" lon="19.0269380">
    <ele>252.4</ele>
    <time>2025-02-28T15:43:06Z</time>
    <extensions>
     <gpxtpx:TrackPointExtension>
      <gpxtpx:hr>135</gpxtpx:hr>
     </gpxtpx:TrackPointExtension>
    </extensions>
   </trkpt>
   <trkpt lat="69.6512110" lon="19.0269340">
    <ele>252.0</ele>
    <time>2025-02-28T15:43:07Z</time>
    <extensions>
     <gpxtpx:TrackPointExtension>
      <gpxtpx:hr>135</gpxtpx:hr>
     </gpxtpx:TrackPointExtension>
    </extensions>
   </trkpt>
   <trkpt lat="69.6512140" lon="19.0269170">
    <ele>251.6</ele>
    <time>2025-02-28T15:43:08Z</time>
    <extensions>
     <gpxtpx:TrackPointExtension>
      <gpxtpx:hr>135</gpxtpx:hr>
     </gpxtpx:TrackPointExtension>
    </extensions>
   </trkpt>
   <trkpt lat="69.6512060" lon="19.0268490">
    <ele>250.3</ele>
    <time>2025-02-28T15:43:09Z</time>
    <extensions>
     <gpxtpx:TrackPointExtension>
      <gpxtpx:hr>135</gpxtpx:hr>
     </gpxtpx:TrackPointExtension>
    </extensions>
   </trkpt>
   <trkpt lat="69.6512140" lon="19.0268490">
    <ele>249.9</ele>
    <time>2025-02-28T15:43:10Z</time>
    <extensions>
     <gpxtpx:TrackPointExtension>
      <gpxtpx:hr>138</gpxtpx:hr>
     </gpxtpx:TrackPointExtension>
    </extensions>
   </trkpt>
   <trkpt lat="69.6512080" lon="19.0268440">
    <ele>249.6</ele>
    <time>2025-02-28T15:43:11Z</time>
    <extensions>
     <gpxtpx:TrackPointExtension>
      <gpxtpx:hr>138</gpxtpx:hr>
     </gpxtpx:TrackPointExtension>
    </extensions>
   </trkpt>
   <trkpt lat="69.6511930" lon="19.0268190">
    <ele>248.6</ele>
    <time>2025-02-28T15:43:12Z</time>
    <extensions>
     <gpxtpx:TrackPointExtension>
      <gpxtpx:hr>138</gpxtpx:hr>
     </gpxtpx:TrackPointExtension>
    </extensions>
   </trkpt>
   <trkpt lat="69.6512000" lon="19.0268130">
    <ele>248.3</ele>
    <time>2025-02-28T15:43:13Z</time>
    <extensions>
     <gpxtpx:TrackPointExtension>
      <gpxtpx:hr>138</gpxtpx:hr>
     </gpxtpx:TrackPointExtension>
    </extensions>
   </trkpt>
   <trkpt lat="69.6512110" lon="19.0267980">
    <ele>247.6</ele>
    <time>2025-02-28T15:43:14Z</time>
    <extensions>
     <gpxtpx:TrackPointExtension>
      <gpxtpx:hr>139</gpxtpx:hr>
     </gpxtpx:TrackPointExtension>
    </extensions>
   </trkpt>
   <trkpt lat="69.6512160" lon="19.0267810">
    <ele>247.2</ele>
    <time>2025-02-28T15:43:15Z</time>
    <extensions>
     <gpxtpx:TrackPointExtension>
      <gpxtpx:hr>139</gpxtpx:hr>
     </gpxtpx:TrackPointExtension>
    </extensions>
   </trkpt>
   <trkpt lat="69.6512160" lon="19.0267810">
    <ele>247.2</ele>
    <time>2025-02-28T15:43:16Z</time>
    <extensions>
     <gpxtpx:TrackPointExtension>
      <gpxtpx:hr>140</gpxtpx:hr>
     </gpxtpx:TrackPointExtension>
    </extensions>
   </trkpt>
   <trkpt lat="69.6512080" lon="19.0266910">
    <ele>245.5</ele>
    <time>2025-02-28T15:43:17Z</time>
    <extensions>
     <gpxtpx:TrackPointExtension>
      <gpxtpx:hr>140</gpxtpx:hr>
     </gpxtpx:TrackPointExtension>
    </extensions>
   </trkpt>
   <trkpt lat="69.6512050" lon="19.0266360">
    <ele>244.5</ele>
    <time>2025-02-28T15:43:18Z</time>
    <extensions>
     <gpxtpx:TrackPointExtension>
      <gpxtpx:hr>140</gpxtpx:hr>
     </gpxtpx:TrackPointExtension>
    </extensions>
   </trkpt>
   <trkpt lat="69.6512260" lon="19.0266150">
    <ele>243.3</ele>
    <time>2025-02-28T15:43:19Z</time>
    <extensions>
     <gpxtpx:TrackPointExtension>
      <gpxtpx:hr>140</gpxtpx:hr>
     </gpxtpx:TrackPointExtension>
    </extensions>
   </trkpt>
   <trkpt lat="69.6512350" lon="19.0266060">
    <ele>242.8</ele>
    <time>2025-02-28T15:43:20Z</time>
    <extensions>
     <gpxtpx:TrackPointExtension>
      <gpxtpx:hr>140</gpxtpx:hr>
     </gpxtpx:TrackPointExtension>
    </extensions>
   </trkpt>
   <trkpt lat="69.6512380" lon="19.0265980">
    <ele>242.6</ele>
    <time>2025-02-28T15:43:21Z</time>
    <extensions>
     <gpxtpx:TrackPointExtension>
      <gpxtpx:hr>140</gpxtpx:hr>
     </gpxtpx:TrackPointExtension>
    </extensions>
   </trkpt>
   <trkpt lat="69.6512480" lon="19.0265930">
    <ele>242.1</ele>
    <time>2025-02-28T15:43:22Z</time>
    <extensions>
     <gpxtpx:TrackPointExtension>
      <gpxtpx:hr>140</gpxtpx:hr>
     </gpxtpx:TrackPointExtension>
    </extensions>
   </trkpt>
   <trkpt lat="69.6512480" lon="19.0265930">
    <ele>242.1</ele>
    <time>2025-02-28T15:43:23Z</time>
    <extensions>
     <gpxtpx:TrackPointExtension>
      <gpxtpx:hr>140</gpxtpx:hr>
     </gpxtpx:TrackPointExtension>
    </extensions>
   </trkpt>
   <trkpt lat="69.6512420" lon="19.0265500">
    <ele>241.3</ele>
    <time>2025-02-28T15:43:24Z</time>
    <extensions>
     <gpxtpx:TrackPointExtension>
      <gpxtpx:hr>140</gpxtpx:hr>
     </gpxtpx:TrackPointExtension>
    </extensions>
   </trkpt>
   <trkpt lat="69.6512380" lon="19.0264980">
    <ele>240.3</ele>
    <time>2025-02-28T15:43:25Z</time>
    <extensions>
     <gpxtpx:TrackPointExtension>
      <gpxtpx:hr>140</gpxtpx:hr>
     </gpxtpx:TrackPointExtension>
    </extensions>
   </trkpt>
   <trkpt lat="69.6512370" lon="19.0264770">
    <ele>239.9</ele>
    <time>2025-02-28T15:43:26Z</time>
    <extensions>
     <gpxtpx:TrackPointExtension>
      <gpxtpx:hr>140</gpxtpx:hr>
     </gpxtpx:TrackPointExtension>
    </extensions>
   </trkpt>
   <trkpt lat="69.6512300" lon="19.0264300">
    <ele>239.0</ele>
    <time>2025-02-28T15:43:27Z</time>
    <extensions>
     <gpxtpx:TrackPointExtension>
      <gpxtpx:hr>140</gpxtpx:hr>
     </gpxtpx:TrackPointExtension>
    </extensions>
   </trkpt>
   <trkpt lat="69.6512350" lon="19.0263900">
    <ele>238.2</ele>
    <time>2025-02-28T15:43:28Z</time>
    <extensions>
     <gpxtpx:TrackPointExtension>
      <gpxtpx:hr>139</gpxtpx:hr>
     </gpxtpx:TrackPointExtension>
    </extensions>
   </trkpt>
   <trkpt lat="69.6512330" lon="19.0264140">
    <ele>237.7</ele>
    <time>2025-02-28T15:43:29Z</time>
    <extensions>
     <gpxtpx:TrackPointExtension>
      <gpxtpx:hr>139</gpxtpx:hr>
     </gpxtpx:TrackPointExtension>
    </extensions>
   </trkpt>
   <trkpt lat="69.6512300" lon="19.0263840">
    <ele>237.2</ele>
    <time>2025-02-28T15:43:30Z</time>
    <extensions>
     <gpxtpx:TrackPointExtension>
      <gpxtpx:hr>139</gpxtpx:hr>
     </gpxtpx:TrackPointExtension>
    </extensions>
   </trkpt>
   <trkpt lat="69.6512200" lon="19.0263310">
    <ele>236.1</ele>
    <time>2025-02-28T15:43:31Z</time>
    <extensions>
     <gpxtpx:TrackPointExtension>
      <gpxtpx:hr>139</gpxtpx:hr>
     </gpxtpx:TrackPointExtension>
    </extensions>
   </trkpt>
   <trkpt lat="69.6512020" lon="19.0263030">
    <ele>235.0</ele>
    <time>2025-02-28T15:43:32Z</time>
    <extensions>
     <gpxtpx:TrackPointExtension>
      <gpxtpx:hr>139</gpxtpx:hr>
     </gpxtpx:TrackPointExtension>
    </extensions>
   </trkpt>
   <trkpt lat="69.6511790" lon="19.0262620">
    <ele>233.6</ele>
    <time>2025-02-28T15:43:33Z</time>
    <extensions>
     <gpxtpx:TrackPointExtension>
      <gpxtpx:hr>139</gpxtpx:hr>
     </gpxtpx:TrackPointExtension>
    </extensions>
   </trkpt>
   <trkpt lat="69.6511740" lon="19.0262110">
    <ele>232.6</ele>
    <time>2025-02-28T15:43:34Z</time>
    <extensions>
     <gpxtpx:TrackPointExtension>
      <gpxtpx:hr>139</gpxtpx:hr>
     </gpxtpx:TrackPointExtension>
    </extensions>
   </trkpt>
   <trkpt lat="69.6511740" lon="19.0262110">
    <ele>232.6</ele>
    <time>2025-02-28T15:43:35Z</time>
    <extensions>
     <gpxtpx:TrackPointExtension>
      <gpxtpx:hr>139</gpxtpx:hr>
     </gpxtpx:TrackPointExtension>
    </extensions>
   </trkpt>
   <trkpt lat="69.6511310" lon="19.0261420">
    <ele>230.0</ele>
    <time>2025-02-28T15:43:37Z</time>
    <extensions>
     <gpxtpx:TrackPointExtension>
      <gpxtpx:hr>139</gpxtpx:hr>
     </gpxtpx:TrackPointExtension>
    </extensions>
   </trkpt>
   <trkpt lat="69.6511320" lon="19.0261440">
    <ele>230.0</ele>
    <time>2025-02-28T15:43:38Z</time>
    <extensions>
     <gpxtpx:TrackPointExtension>
      <gpxtpx:hr>139</gpxtpx:hr>
     </gpxtpx:TrackPointExtension>
    </extensions>
   </trkpt>
   <trkpt lat="69.6511580" lon="19.0261030">
    <ele>228.4</ele>
    <time>2025-02-28T15:43:39Z</time>
    <extensions>
     <gpxtpx:TrackPointExtension>
      <gpxtpx:hr>139</gpxtpx:hr>
     </gpxtpx:TrackPointExtension>
    </extensions>
   </trkpt>
   <trkpt lat="69.6511610" lon="19.0260960">
    <ele>228.2</ele>
    <time>2025-02-28T15:43:40Z</time>
    <extensions>
     <gpxtpx:TrackPointExtension>
      <gpxtpx:hr>140</gpxtpx:hr>
     </gpxtpx:TrackPointExtension>
    </extensions>
   </trkpt>
   <trkpt lat="69.6511600" lon="19.0260620">
    <ele>227.6</ele>
    <time>2025-02-28T15:43:41Z</time>
    <extensions>
     <gpxtpx:TrackPointExtension>
      <gpxtpx:hr>140</gpxtpx:hr>
     </gpxtpx:TrackPointExtension>
    </extensions>
   </trkpt>
   <trkpt lat="69.6511500" lon="19.0260280">
    <ele>226.8</ele>
    <time>2025-02-28T15:43:42Z</time>
    <extensions>
     <gpxtpx:TrackPointExtension>
      <gpxtpx:hr>140</gpxtpx:hr>
     </gpxtpx:TrackPointExtension>
    </extensions>
   </trkpt>
   <trkpt lat="69.6511420" lon="19.0260020">
    <ele>226.2</ele>
    <time>2025-02-28T15:43:43Z</time>
    <extensions>
     <gpxtpx:TrackPointExtension>
      <gpxtpx:hr>140</gpxtpx:hr>
     </gpxtpx:TrackPointExtension>
    </extensions>
   </trkpt>
   <trkpt lat="69.6511400" lon="19.0259760">
    <ele>225.7</ele>
    <time>2025-02-28T15:43:44Z</time>
    <extensions>
     <gpxtpx:TrackPointExtension>
      <gpxtpx:hr>140</gpxtpx:hr>
     </gpxtpx:TrackPointExtension>
    </extensions>
   </trkpt>
   <trkpt lat="69.6511190" lon="19.0259760">
    <ele>224.5</ele>
    <time>2025-02-28T15:43:45Z</time>
    <extensions>
     <gpxtpx:TrackPointExtension>
      <gpxtpx:hr>142</gpxtpx:hr>
     </gpxtpx:TrackPointExtension>
    </extensions>
   </trkpt>
   <trkpt lat="69.6511160" lon="19.0259510">
    <ele>224.0</ele>
    <time>2025-02-28T15:43:46Z</time>
    <extensions>
     <gpxtpx:TrackPointExtension>
      <gpxtpx:hr>142</gpxtpx:hr>
     </gpxtpx:TrackPointExtension>
    </extensions>
   </trkpt>
   <trkpt lat="69.6511280" lon="19.0259430">
    <ele>223.4</ele>
    <time>2025-02-28T15:43:47Z</time>
    <extensions>
     <gpxtpx:TrackPointExtension>
      <gpxtpx:hr>142</gpxtpx:hr>
     </gpxtpx:TrackPointExtension>
    </extensions>
   </trkpt>
   <trkpt lat="69.6511450" lon="19.0259010">
    <ele>222.2</ele>
    <time>2025-02-28T15:43:48Z</time>
    <extensions>
     <gpxtpx:TrackPointExtension>
      <gpxtpx:hr>142</gpxtpx:hr>
     </gpxtpx:TrackPointExtension>
    </extensions>
   </trkpt>
   <trkpt lat="69.6511410" lon="19.0258710">
    <ele>221.6</ele>
    <time>2025-02-28T15:43:49Z</time>
    <extensions>
     <gpxtpx:TrackPointExtension>
      <gpxtpx:hr>142</gpxtpx:hr>
     </gpxtpx:TrackPointExtension>
    </extensions>
   </trkpt>
   <trkpt lat="69.6511370" lon="19.0258550">
    <ele>221.2</ele>
    <time>2025-02-28T15:43:50Z</time>
    <extensions>
     <gpxtpx:TrackPointExtension>
      <gpxtpx:hr>142</gpxtpx:hr>
     </gpxtpx:TrackPointExtension>
    </extensions>
   </trkpt>
   <trkpt lat="69.6511210" lon="19.0258490">
    <ele>220.3</ele>
    <time>2025-02-28T15:43:51Z</time>
    <extensions>
     <gpxtpx:TrackPointExtension>
      <gpxtpx:hr>141</gpxtpx:hr>
     </gpxtpx:TrackPointExtension>
    </extensions>
   </trkpt>
   <trkpt lat="69.6511140" lon="19.0258010">
    <ele>219.4</ele>
    <time>2025-02-28T15:43:52Z</time>
    <extensions>
     <gpxtpx:TrackPointExtension>
      <gpxtpx:hr>141</gpxtpx:hr>
     </gpxtpx:TrackPointExtension>
    </extensions>
   </trkpt>
   <trkpt lat="69.6511060" lon="19.0257880">
    <ele>218.9</ele>
    <time>2025-02-28T15:43:53Z</time>
    <extensions>
     <gpxtpx:TrackPointExtension>
      <gpxtpx:hr>141</gpxtpx:hr>
     </gpxtpx:TrackPointExtension>
    </extensions>
   </trkpt>
   <trkpt lat="69.6510910" lon="19.0257380">
    <ele>217.6</ele>
    <time>2025-02-28T15:43:54Z</time>
    <extensions>
     <gpxtpx:TrackPointExtension>
      <gpxtpx:hr>141</gpxtpx:hr>
     </gpxtpx:TrackPointExtension>
    </extensions>
   </trkpt>
   <trkpt lat="69.6510850" lon="19.0257230">
    <ele>217.2</ele>
    <time>2025-02-28T15:43:55Z</time>
    <extensions>
     <gpxtpx:TrackPointExtension>
      <gpxtpx:hr>141</gpxtpx:hr>
     </gpxtpx:TrackPointExtension>
    </extensions>
   </trkpt>
   <trkpt lat="69.6510780" lon="19.0257090">
    <ele>216.7</ele>
    <time>2025-02-28T15:43:56Z</time>
    <extensions>
     <gpxtpx:TrackPointExtension>
      <gpxtpx:hr>141</gpxtpx:hr>
     </gpxtpx:TrackPointExtension>
    </extensions>
   </trkpt>
   <trkpt lat="69.6510720" lon="19.0256940">
    <ele>216.3</ele>
    <time>2025-02-28T15:43:57Z</time>
    <extensions>
     <gpxtpx:TrackPointExtension>
      <gpxtpx:hr>142</gpxtpx:hr>
     </gpxtpx:TrackPointExtension>
    </extensions>
   </trkpt>
   <trkpt lat="69.6510660" lon="19.0256800">
    <ele>215.9</ele>
    <time>2025-02-28T15:43:58Z</time>
    <extensions>
     <gpxtpx:TrackPointExtension>
      <gpxtpx:hr>142</gpxtpx:hr>
     </gpxtpx:TrackPointExtension>
    </extensions>
   </trkpt>
   <trkpt lat="69.6510590" lon="19.0256960">
    <ele>215.4</ele>
    <time>2025-02-28T15:43:59Z</time>
    <extensions>
     <gpxtpx:TrackPointExtension>
      <gpxtpx:hr>142</gpxtpx:hr>
     </gpxtpx:TrackPointExtension>
    </extensions>
   </trkpt>
   <trkpt lat="69.6510610" lon="19.0257100">
    <ele>215.1</ele>
    <time>2025-02-28T15:44:00Z</time>
    <extensions>
     <gpxtpx:TrackPointExtension>
      <gpxtpx:hr>142</gpxtpx:hr>
     </gpxtpx:TrackPointExtension>
    </extensions>
   </trkpt>
   <trkpt lat="69.6510860" lon="19.0257200">
    <ele>213.7</ele>
    <time>2025-02-28T15:44:01Z</time>
    <extensions>
     <gpxtpx:TrackPointExtension>
      <gpxtpx:hr>142</gpxtpx:hr>
     </gpxtpx:TrackPointExtension>
    </extensions>
   </trkpt>
   <trkpt lat="69.6511010" lon="19.0256900">
    <ele>212.7</ele>
    <time>2025-02-28T15:44:02Z</time>
    <extensions>
     <gpxtpx:TrackPointExtension>
      <gpxtpx:hr>142</gpxtpx:hr>
     </gpxtpx:TrackPointExtension>
    </extensions>
   </trkpt>
   <trkpt lat="69.6510930" lon="19.0256630">
    <ele>212.0</ele>
    <time>2025-02-28T15:44:03Z</time>
    <extensions>
     <gpxtpx:TrackPointExtension>
      <gpxtpx:hr>142</gpxtpx:hr>
     </gpxtpx:TrackPointExtension>
    </extensions>
   </trkpt>
   <trkpt lat="69.6510820" lon="19.0256190">
    <ele>210.9</ele>
    <time>2025-02-28T15:44:04Z</time>
    <extensions>
     <gpxtpx:TrackPointExtension>
      <gpxtpx:hr>142</gpxtpx:hr>
     </gpxtpx:TrackPointExtension>
    </extensions>
   </trkpt>
   <trkpt lat="69.6510730" lon="19.0256050">
    <ele>210.4</ele>
    <time>2025-02-28T15:44:05Z</time>
    <extensions>
     <gpxtpx:TrackPointExtension>
      <gpxtpx:hr>142</gpxtpx:hr>
     </gpxtpx:TrackPointExtension>
    </extensions>
   </trkpt>
   <trkpt lat="69.6510650" lon="19.0255980">
    <ele>209.9</ele>
    <time>2025-02-28T15:44:06Z</time>
    <extensions>
     <gpxtpx:TrackPointExtension>
      <gpxtpx:hr>142</gpxtpx:hr>
     </gpxtpx:TrackPointExtension>
    </extensions>
   </trkpt>
   <trkpt lat="69.6510530" lon="19.0255870">
    <ele>209.2</ele>
    <time>2025-02-28T15:44:07Z</time>
    <extensions>
     <gpxtpx:TrackPointExtension>
      <gpxtpx:hr>142</gpxtpx:hr>
     </gpxtpx:TrackPointExtension>
    </extensions>
   </trkpt>
   <trkpt lat="69.6510490" lon="19.0255530">
    <ele>208.5</ele>
    <time>2025-02-28T15:44:08Z</time>
    <extensions>
     <gpxtpx:TrackPointExtension>
      <gpxtpx:hr>142</gpxtpx:hr>
     </gpxtpx:TrackPointExtension>
    </extensions>
   </trkpt>
   <trkpt lat="69.6510410" lon="19.0255610">
    <ele>208.0</ele>
    <time>2025-02-28T15:44:09Z</time>
    <extensions>
     <gpxtpx:TrackPointExtension>
      <gpxtpx:hr>142</gpxtpx:hr>
     </gpxtpx:TrackPointExtension>
    </extensions>
   </trkpt>
   <trkpt lat="69.6510350" lon="19.0255550">
    <ele>207.7</ele>
    <time>2025-02-28T15:44:10Z</time>
    <extensions>
     <gpxtpx:TrackPointExtension>
      <gpxtpx:hr>140</gpxtpx:hr>
     </gpxtpx:TrackPointExtension>
    </extensions>
   </trkpt>
   <trkpt lat="69.6510510" lon="19.0255520">
    <ele>206.8</ele>
    <time>2025-02-28T15:44:11Z</time>
    <extensions>
     <gpxtpx:TrackPointExtension>
      <gpxtpx:hr>140</gpxtpx:hr>
     </gpxtpx:TrackPointExtension>
    </extensions>
   </trkpt>
   <trkpt lat="69.6510640" lon="19.0255300">
    <ele>206.0</ele>
    <time>2025-02-28T15:44:12Z</time>
    <extensions>
     <gpxtpx:TrackPointExtension>
      <gpxtpx:hr>140</gpxtpx:hr>
     </gpxtpx:TrackPointExtension>
    </extensions>
   </trkpt>
   <trkpt lat="69.6510660" lon="19.0254890">
    <ele>205.2</ele>
    <time>2025-02-28T15:44:13Z</time>
    <extensions>
     <gpxtpx:TrackPointExtension>
      <gpxtpx:hr>140</gpxtpx:hr>
     </gpxtpx:TrackPointExtension>
    </extensions>
   </trkpt>
   <trkpt lat="69.6510580" lon="19.0254680">
    <ele>204.6</ele>
    <time>2025-02-28T15:44:14Z</time>
    <extensions>
     <gpxtpx:TrackPointExtension>
      <gpxtpx:hr>140</gpxtpx:hr>
     </gpxtpx:TrackPointExtension>
    </extensions>
   </trkpt>
   <trkpt lat="69.6510550" lon="19.0254280">
    <ele>203.8</ele>
    <time>2025-02-28T15:44:15Z</time>
    <extensions>
     <gpxtpx:TrackPointExtension>
      <gpxtpx:hr>139</gpxtpx:hr>
     </gpxtpx:TrackPointExtension>
    </extensions>
   </trkpt>
   <trkpt lat="69.6510500" lon="19.0253920">
    <ele>203.0</ele>
    <time>2025-02-28T15:44:16Z</time>
    <extensions>
     <gpxtpx:TrackPointExtension>
      <gpxtpx:hr>139</gpxtpx:hr>
     </gpxtpx:TrackPointExtension>
    </extensions>
   </trkpt>
   <trkpt lat="69.6510450" lon="19.0253470">
    <ele>202.0</ele>
    <time>2025-02-28T15:44:17Z</time>
    <extensions>
     <gpxtpx:TrackPointExtension>
      <gpxtpx:hr>139</gpxtpx:hr>
     </gpxtpx:TrackPointExtension>
    </extensions>
   </trkpt>
   <trkpt lat="69.6510490" lon="19.0253180">
    <ele>201.4</ele>
    <time>2025-02-28T15:44:18Z</time>
    <extensions>
     <gpxtpx:TrackPointExtension>
      <gpxtpx:hr>139</gpxtpx:hr>
     </gpxtpx:TrackPointExtension>
    </extensions>
   </trkpt>
   <trkpt lat="69.6510570" lon="19.0253050">
    <ele>200.9</ele>
    <time>2025-02-28T15:44:19Z</time>
    <extensions>
     <gpxtpx:TrackPointExtension>
      <gpxtpx:hr>139</gpxtpx:hr>
     </gpxtpx:TrackPointExtension>
    </extensions>
   </trkpt>
   <trkpt lat="69.6510600" lon="19.0252700">
    <ele>200.1</ele>
    <time>2025-02-28T15:44:20Z</time>
    <extensions>
     <gpxtpx:TrackPointExtension>
      <gpxtpx:hr>139</gpxtpx:hr>
     </gpxtpx:TrackPointExtension>
    </extensions>
   </trkpt>
   <trkpt lat="69.6510620" lon="19.0252500">
    <ele>199.7</ele>
    <time>2025-02-28T15:44:21Z</time>
    <extensions>
     <gpxtpx:TrackPointExtension>
      <gpxtpx:hr>139</gpxtpx:hr>
     </gpxtpx:TrackPointExtension>
    </extensions>
   </trkpt>
   <trkpt lat="69.6510590" lon="19.0252210">
    <ele>199.0</ele>
    <time>2025-02-28T15:44:22Z</time>
    <extensions>
     <gpxtpx:TrackPointExtension>
      <gpxtpx:hr>139</gpxtpx:hr>
     </gpxtpx:TrackPointExtension>
    </extensions>
   </trkpt>
   <trkpt lat="69.6510590" lon="19.0252210">
    <ele>199.0</ele>
    <time>2025-02-28T15:44:24Z</time>
    <extensions>
     <gpxtpx:TrackPointExtension>
      <gpxtpx:hr>139</gpxtpx:hr>
     </gpxtpx:TrackPointExtension>
    </extensions>
   </trkpt>
   <trkpt lat="69.6510590" lon="19.0252210">
    <ele>199.0</ele>
    <time>2025-02-28T15:44:27Z</time>
    <extensions>
     <gpxtpx:TrackPointExtension>
      <gpxtpx:hr>141</gpxtpx:hr>
     </gpxtpx:TrackPointExtension>
    </extensions>
   </trkpt>
   <trkpt lat="69.6510590" lon="19.0252210">
    <ele>199.0</ele>
    <time>2025-02-28T15:44:29Z</time>
    <extensions>
     <gpxtpx:TrackPointExtension>
      <gpxtpx:hr>141</gpxtpx:hr>
     </gpxtpx:TrackPointExtension>
    </extensions>
   </trkpt>
   <trkpt lat="69.6510590" lon="19.0252210">
    <ele>199.0</ele>
    <time>2025-02-28T15:44:31Z</time>
    <extensions>
     <gpxtpx:TrackPointExtension>
      <gpxtpx:hr>141</gpxtpx:hr>
     </gpxtpx:TrackPointExtension>
    </extensions>
   </trkpt>
   <trkpt lat="69.6510590" lon="19.0252210">
    <ele>199.0</ele>
    <time>2025-02-28T15:44:34Z</time>
    <extensions>
     <gpxtpx:TrackPointExtension>
      <gpxtpx:hr>141</gpxtpx:hr>
     </gpxtpx:TrackPointExtension>
    </extensions>
   </trkpt>
   <trkpt lat="69.6510590" lon="19.0252210">
    <ele>199.0</ele>
    <time>2025-02-28T15:44:36Z</time>
    <extensions>
     <gpxtpx:TrackPointExtension>
      <gpxtpx:hr>140</gpxtpx:hr>
     </gpxtpx:TrackPointExtension>
    </extensions>
   </trkpt>
   <trkpt lat="69.6510250" lon="19.0248340">
    <ele>190.7</ele>
    <time>2025-02-28T15:44:38Z</time>
    <extensions>
     <gpxtpx:TrackPointExtension>
      <gpxtpx:hr>140</gpxtpx:hr>
     </gpxtpx:TrackPointExtension>
    </extensions>
   </trkpt>
   <trkpt lat="69.6510250" lon="19.0248340">
    <ele>190.7</ele>
    <time>2025-02-28T15:44:39Z</time>
    <extensions>
     <gpxtpx:TrackPointExtension>
      <gpxtpx:hr>140</gpxtpx:hr>
     </gpxtpx:TrackPointExtension>
    </extensions>
   </trkpt>
   <trkpt lat="69.6510430" lon="19.0247830">
    <ele>189.3</ele>
    <time>2025-02-28T15:44:41Z</time>
    <extensions>
     <gpxtpx:TrackPointExtension>
      <gpxtpx:hr>140</gpxtpx:hr>
     </gpxtpx:TrackPointExtension>
    </extensions>
   </trkpt>
   <trkpt lat="69.6510690" lon="19.0247280">
    <ele>187.4</ele>
    <time>2025-02-28T15:44:42Z</time>
    <extensions>
     <gpxtpx:TrackPointExtension>
      <gpxtpx:hr>140</gpxtpx:hr>
     </gpxtpx:TrackPointExtension>
    </extensions>
   </trkpt>
   <trkpt lat="69.6510760" lon="19.0247160">
    <ele>186.9</ele>
    <time>2025-02-28T15:44:43Z</time>
    <extensions>
     <gpxtpx:TrackPointExtension>
      <gpxtpx:hr>140</gpxtpx:hr>
     </gpxtpx:TrackPointExtension>
    </extensions>
   </trkpt>
   <trkpt lat="69.6510830" lon="19.0247030">
    <ele>186.5</ele>
    <time>2025-02-28T15:44:44Z</time>
    <extensions>
     <gpxtpx:TrackPointExtension>
      <gpxtpx:hr>140</gpxtpx:hr>
     </gpxtpx:TrackPointExtension>
    </extensions>
   </trkpt>
   <trkpt lat="69.6510830" lon="19.0247030">
    <ele>186.5</ele>
    <time>2025-02-28T15:44:45Z</time>
    <extensions>
     <gpxtpx:TrackPointExtension>
      <gpxtpx:hr>137</gpxtpx:hr>
     </gpxtpx:TrackPointExtension>
    </extensions>
   </trkpt>
   <trkpt lat="69.6510830" lon="19.0247030">
    <ele>186.5</ele>
    <time>2025-02-28T15:44:46Z</time>
    <extensions>
     <gpxtpx:TrackPointExtension>
      <gpxtpx:hr>137</gpxtpx:hr>
     </gpxtpx:TrackPointExtension>
    </extensions>
   </trkpt>
   <trkpt lat="69.6510770" lon="19.0246990">
    <ele>186.1</ele>
    <time>2025-02-28T15:44:47Z</time>
    <extensions>
     <gpxtpx:TrackPointExtension>
      <gpxtpx:hr>137</gpxtpx:hr>
     </gpxtpx:TrackPointExtension>
    </extensions>
   </trkpt>
   <trkpt lat="69.6510810" lon="19.0246770">
    <ele>185.6</ele>
    <time>2025-02-28T15:44:48Z</time>
    <extensions>
     <gpxtpx:TrackPointExtension>
      <gpxtpx:hr>137</gpxtpx:hr>
     </gpxtpx:TrackPointExtension>
    </extensions>
   </trkpt>
   <trkpt lat="69.6510810" lon="19.0246770">
    <ele>185.6</ele>
    <time>2025-02-28T15:44:49Z</time>
    <extensions>
     <gpxtpx:TrackPointExtension>
      <gpxtpx:hr>137</gpxtpx:hr>
     </gpxtpx:TrackPointExtension>
    </extensions>
   </trkpt>
   <trkpt lat="69.6510810" lon="19.0246770">
    <ele>185.6</ele>
    <time>2025-02-28T15:44:50Z</time>
    <extensions>
     <gpxtpx:TrackPointExtension>
      <gpxtpx:hr>139</gpxtpx:hr>
     </gpxtpx:TrackPointExtension>
    </extensions>
   </trkpt>
   <trkpt lat="69.6510610" lon="19.0246380">
    <ele>184.2</ele>
    <time>2025-02-28T15:44:51Z</time>
    <extensions>
     <gpxtpx:TrackPointExtension>
      <gpxtpx:hr>139</gpxtpx:hr>
     </gpxtpx:TrackPointExtension>
    </extensions>
   </trkpt>
   <trkpt lat="69.6510640" lon="19.0246150">
    <ele>183.7</ele>
    <time>2025-02-28T15:44:52Z</time>
    <extensions>
     <gpxtpx:TrackPointExtension>
      <gpxtpx:hr>139</gpxtpx:hr>
     </gpxtpx:TrackPointExtension>
    </extensions>
   </trkpt>
   <trkpt lat="69.6510630" lon="19.0245870">
    <ele>183.2</ele>
    <time>2025-02-28T15:44:53Z</time>
    <extensions>
     <gpxtpx:TrackPointExtension>
      <gpxtpx:hr>139</gpxtpx:hr>
     </gpxtpx:TrackPointExtension>
    </extensions>
   </trkpt>
   <trkpt lat="69.6510640" lon="19.0245610">
    <ele>182.6</ele>
    <time>2025-02-28T15:44:54Z</time>
    <extensions>
     <gpxtpx:TrackPointExtension>
      <gpxtpx:hr>139</gpxtpx:hr>
     </gpxtpx:TrackPointExtension>
    </extensions>
   </trkpt>
   <trkpt lat="69.6510610" lon="19.0245460">
    <ele>182.3</ele>
    <time>2025-02-28T15:44:55Z</time>
    <extensions>
     <gpxtpx:TrackPointExtension>
      <gpxtpx:hr>140</gpxtpx:hr>
     </gpxtpx:TrackPointExtension>
    </extensions>
   </trkpt>
   <trkpt lat="69.6510580" lon="19.0245250">
    <ele>181.8</ele>
    <time>2025-02-28T15:44:56Z</time>
    <extensions>
     <gpxtpx:TrackPointExtension>
      <gpxtpx:hr>140</gpxtpx:hr>
     </gpxtpx:TrackPointExtension>
    </extensions>
   </trkpt>
   <trkpt lat="69.6510580" lon="19.0244970">
    <ele>181.3</ele>
    <time>2025-02-28T15:44:57Z</time>
    <extensions>
     <gpxtpx:TrackPointExtension>
      <gpxtpx:hr>140</gpxtpx:hr>
     </gpxtpx:TrackPointExtension>
    </extensions>
   </trkpt>
   <trkpt lat="69.6510510" lon="19.0244820">
    <ele>180.8</ele>
    <time>2025-02-28T15:44:58Z</time>
    <extensions>
     <gpxtpx:TrackPointExtension>
      <gpxtpx:hr>140</gpxtpx:hr>
     </gpxtpx:TrackPointExtension>
    </extensions>
   </trkpt>
   <trkpt lat="69.6510500" lon="19.0244650">
    <ele>180.4</ele>
    <time>2025-02-28T15:44:59Z</time>
    <extensions>
     <gpxtpx:TrackPointExtension>
      <gpxtpx:hr>140</gpxtpx:hr>
     </gpxtpx:TrackPointExtension>
    </extensions>
   </trkpt>
   <trkpt lat="69.6509740" lon="19.0244000">
    <ele>176.0</ele>
    <time>2025-02-28T15:45:00Z</time>
    <extensions>
     <gpxtpx:TrackPointExtension>
      <gpxtpx:hr>140</gpxtpx:hr>
     </gpxtpx:TrackPointExtension>
    </extensions>
   </trkpt>
   <trkpt lat="69.6509630" lon="19.0243830">
    <ele>175.3</ele>
    <time>2025-02-28T15:45:01Z</time>
    <extensions>
     <gpxtpx:TrackPointExtension>
      <gpxtpx:hr>140</gpxtpx:hr>
     </gpxtpx:TrackPointExtension>
    </extensions>
   </trkpt>
   <trkpt lat="69.6509530" lon="19.0243660">
    <ele>174.7</ele>
    <time>2025-02-28T15:45:02Z</time>
    <extensions>
     <gpxtpx:TrackPointExtension>
      <gpxtpx:hr>140</gpxtpx:hr>
     </gpxtpx:TrackPointExtension>
    </extensions>
   </trkpt>
   <trkpt lat="69.6509420" lon="19.0243490">
    <ele>174.1</ele>
    <time>2025-02-28T15:45:03Z</time>
    <extensions>
     <gpxtpx:TrackPointExtension>
      <gpxtpx:hr>140</gpxtpx:hr>
     </gpxtpx:TrackPointExtension>
    </extensions>
   </trkpt>
   <trkpt lat="69.6509310" lon="19.0243320">
    <ele>173.5</ele>
    <time>2025-02-28T15:45:04Z</time>
    <extensions>
     <gpxtpx:TrackPointExtension>
      <gpxtpx:hr>137</gpxtpx:hr>
     </gpxtpx:TrackPointExtension>
    </extensions>
   </trkpt>
   <trkpt lat="69.6509040" lon="19.0243690">
    <ele>172.0</ele>
    <time>2025-02-28T15:45:05Z</time>
    <extensions>
     <gpxtpx:TrackPointExtension>
      <gpxtpx:hr>137</gpxtpx:hr>
     </gpxtpx:TrackPointExtension>
    </extensions>
   </trkpt>
   <trkpt lat="69.6508950" lon="19.0243800">
    <ele>171.5</ele>
    <time>2025-02-28T15:45:06Z</time>
    <extensions>
     <gpxtpx:TrackPointExtension>
      <gpxtpx:hr>137</gpxtpx:hr>
     </gpxtpx:TrackPointExtension>
    </extensions>
   </trkpt>
   <trkpt lat="69.6508870" lon="19.0243910">
    <ele>171.0</ele>
    <time>2025-02-28T15:45:07Z</time>
    <extensions>
     <gpxtpx:TrackPointExtension>
      <gpxtpx:hr>137</gpxtpx:hr>
     </gpxtpx:TrackPointExtension>
    </extensions>
   </trkpt>
   <trkpt lat="69.6508720" lon="19.0243590">
    <ele>170.1</ele>
    <time>2025-02-28T15:45:08Z</time>
    <extensions>
     <gpxtpx:TrackPointExtension>
      <gpxtpx:hr>137</gpxtpx:hr>
     </gpxtpx:TrackPointExtension>
    </extensions>
   </trkpt>
   <trkpt lat="69.6508580" lon="19.0243010">
    <ele>168.8</ele>
    <time>2025-02-28T15:45:09Z</time>
    <extensions>
     <gpxtpx:TrackPointExtension>
      <gpxtpx:hr>137</gpxtpx:hr>
     </gpxtpx:TrackPointExtension>
    </extensions>
   </trkpt>
   <trkpt lat="69.6508740" lon="19.0242180">
    <ele>167.2</ele>
    <time>2025-02-28T15:45:10Z</time>
    <extensions>
     <gpxtpx:TrackPointExtension>
      <gpxtpx:hr>137</gpxtpx:hr>
     </gpxtpx:TrackPointExtension>
    </extensions>
   </trkpt>
   <trkpt lat="69.6508830" lon="19.0241950">
    <ele>166.5</ele>
    <time>2025-02-28T15:45:11Z</time>
    <extensions>
     <gpxtpx:TrackPointExtension>
      <gpxtpx:hr>137</gpxtpx:hr>
     </gpxtpx:TrackPointExtension>
    </extensions>
   </trkpt>
   <trkpt lat="69.6508930" lon="19.0241710">
    <ele>165.9</ele>
    <time>2025-02-28T15:45:12Z</time>
    <extensions>
     <gpxtpx:TrackPointExtension>
      <gpxtpx:hr>137</gpxtpx:hr>
     </gpxtpx:TrackPointExtension>
    </extensions>
   </trkpt>
   <trkpt lat="69.6509080" lon="19.0241250">
    <ele>164.8</ele>
    <time>2025-02-28T15:45:13Z</time>
    <extensions>
     <gpxtpx:TrackPointExtension>
      <gpxtpx:hr>137</gpxtpx:hr>
     </gpxtpx:TrackPointExtension>
    </extensions>
   </trkpt>
   <trkpt lat="69.6509100" lon="19.0241160">
    <ele>164.6</ele>
    <time>2025-02-28T15:45:14Z</time>
    <extensions>
     <gpxtpx:TrackPointExtension>
      <gpxtpx:hr>137</gpxtpx:hr>
     </gpxtpx:TrackPointExtension>
    </extensions>
   </trkpt>
   <trkpt lat="69.6509090" lon="19.0241110">
    <ele>164.5</ele>
    <time>2025-02-28T15:45:15Z</time>
    <extensions>
     <gpxtpx:TrackPointExtension>
      <gpxtpx:hr>137</gpxtpx:hr>
     </gpxtpx:TrackPointExtension>
    </extensions>
   </trkpt>
   <trkpt lat="69.6508800" lon="19.0241210">
    <ele>163.0</ele>
    <time>2025-02-28T15:45:16Z</time>
    <extensions>
     <gpxtpx:TrackPointExtension>
      <gpxtpx:hr>137</gpxtpx:hr>
     </gpxtpx:TrackPointExtension>
    </extensions>
   </trkpt>
   <trkpt lat="69.6508560" lon="19.0241350">
    <ele>161.7</ele>
    <time>2025-02-28T15:45:17Z</time>
    <extensions>
     <gpxtpx:TrackPointExtension>
      <gpxtpx:hr>137</gpxtpx:hr>
     </gpxtpx:TrackPointExtension>
    </extensions>
   </trkpt>
   <trkpt lat="69.6508540" lon="19.0241390">
    <ele>161.6</ele>
    <time>2025-02-28T15:45:18Z</time>
    <extensions>
     <gpxtpx:TrackPointExtension>
      <gpxtpx:hr>137</gpxtpx:hr>
     </gpxtpx:TrackPointExtension>
    </extensions>
   </trkpt>
   <trkpt lat="69.6508540" lon="19.0241390">
    <ele>161.6</ele>
    <time>2025-02-28T15:45:19Z</time>
    <extensions>
     <gpxtpx:TrackPointExtension>
      <gpxtpx:hr>137</gpxtpx:hr>
     </gpxtpx:TrackPointExtension>
    </extensions>
   </trkpt>
   <trkpt lat="69.6508460" lon="19.0241210">
    <ele>161.0</ele>
    <time>2025-02-28T15:45:20Z</time>
    <extensions>
     <gpxtpx:TrackPointExtension>
      <gpxtpx:hr>137</gpxtpx:hr>
     </gpxtpx:TrackPointExtension>
    </extensions>
   </trkpt>
   <trkpt lat="69.6508360" lon="19.0241000">
    <ele>160.4</ele>
    <time>2025-02-28T15:45:21Z</time>
    <extensions>
     <gpxtpx:TrackPointExtension>
      <gpxtpx:hr>137</gpxtpx:hr>
     </gpxtpx:TrackPointExtension>
    </extensions>
   </trkpt>
   <trkpt lat="69.6508190" lon="19.0240650">
    <ele>159.3</ele>
    <time>2025-02-28T15:45:22Z</time>
    <extensions>
     <gpxtpx:TrackPointExtension>
      <gpxtpx:hr>137</gpxtpx:hr>
     </gpxtpx:TrackPointExtension>
    </extensions>
   </trkpt>
   <trkpt lat="69.6508140" lon="19.0240650">
    <ele>159.0</ele>
    <time>2025-02-28T15:45:23Z</time>
    <extensions>
     <gpxtpx:TrackPointExtension>
      <gpxtpx:hr>137</gpxtpx:hr>
     </gpxtpx:TrackPointExtension>
    </extensions>
   </trkpt>
   <trkpt lat="69.6508060" lon="19.0241070">
    <ele>158.1</ele>
    <time>2025-02-28T15:45:24Z</time>
    <extensions>
     <gpxtpx:TrackPointExtension>
      <gpxtpx:hr>137</gpxtpx:hr>
     </gpxtpx:TrackPointExtension>
    </extensions>
   </trkpt>
   <trkpt lat="69.6507910" lon="19.0241190">
    <ele>157.3</ele>
    <time>2025-02-28T15:45:25Z</time>
    <extensions>
     <gpxtpx:TrackPointExtension>
      <gpxtpx:hr>137</gpxtpx:hr>
     </gpxtpx:TrackPointExtension>
    </extensions>
   </trkpt>
   <trkpt lat="69.6507870" lon="19.0240800">
    <ele>156.6</ele>
    <time>2025-02-28T15:45:26Z</time>
    <extensions>
     <gpxtpx:TrackPointExtension>
      <gpxtpx:hr>135</gpxtpx:hr>
     </gpxtpx:TrackPointExtension>
    </extensions>
   </trkpt>
   <trkpt lat="69.6507790" lon="19.0240400">
    <ele>155.7</ele>
    <time>2025-02-28T15:45:27Z</time>
    <extensions>
     <gpxtpx:TrackPointExtension>
      <gpxtpx:hr>135</gpxtpx:hr>
     </gpxtpx:TrackPointExtension>
    </extensions>
   </trkpt>
   <trkpt lat="69.6507710" lon="19.0240190">
    <ele>155.1</ele>
    <time>2025-02-28T15:45:28Z</time>
    <extensions>
     <gpxtpx:TrackPointExtension>
      <gpxtpx:hr>135</gpxtpx:hr>
     </gpxtpx:TrackPointExtension>
    </extensions>
   </trkpt>
   <trkpt lat="69.6507620" lon="19.0240150">
    <ele>154.6</ele>
    <time>2025-02-28T15:45:29Z</time>
    <extensions>
     <gpxtpx:TrackPointExtension>
      <gpxtpx:hr>135</gpxtpx:hr>
     </gpxtpx:TrackPointExtension>
    </extensions>
   </trkpt>
   <trkpt lat="69.6507530" lon="19.0239960">
    <ele>154.0</ele>
    <time>2025-02-28T15:45:30Z</time>
    <extensions>
     <gpxtpx:TrackPointExtension>
      <gpxtpx:hr>135</gpxtpx:hr>
     </gpxtpx:TrackPointExtension>
    </extensions>
   </trkpt>
   <trkpt lat="69.6507480" lon="19.0239550">
    <ele>153.2</ele>
    <time>2025-02-28T15:45:31Z</time>
    <extensions>
     <gpxtpx:TrackPointExtension>
      <gpxtpx:hr>135</gpxtpx:hr>
     </gpxtpx:TrackPointExtension>
    </extensions>
   </trkpt>
   <trkpt lat="69.6507490" lon="19.0239240">
    <ele>152.6</ele>
    <time>2025-02-28T15:45:32Z</time>
    <extensions>
     <gpxtpx:TrackPointExtension>
      <gpxtpx:hr>137</gpxtpx:hr>
     </gpxtpx:TrackPointExtension>
    </extensions>
   </trkpt>
   <trkpt lat="69.6507300" lon="19.0238610">
    <ele>151.1</ele>
    <time>2025-02-28T15:45:35Z</time>
    <extensions>
     <gpxtpx:TrackPointExtension>
      <gpxtpx:hr>137</gpxtpx:hr>
     </gpxtpx:TrackPointExtension>
    </extensions>
   </trkpt>
   <trkpt lat="69.6507240" lon="19.0238570">
    <ele>150.7</ele>
    <time>2025-02-28T15:45:36Z</time>
    <extensions>
     <gpxtpx:TrackPointExtension>
      <gpxtpx:hr>136</gpxtpx:hr>
     </gpxtpx:TrackPointExtension>
    </extensions>
   </trkpt>
   <trkpt lat="69.6507010" lon="19.0238560">
    <ele>149.5</ele>
    <time>2025-02-28T15:45:37Z</time>
    <extensions>
     <gpxtpx:TrackPointExtension>
      <gpxtpx:hr>136</gpxtpx:hr>
     </gpxtpx:TrackPointExtension>
    </extensions>
   </trkpt>
   <trkpt lat="69.6506770" lon="19.0238620">
    <ele>148.2</ele>
    <time>2025-02-28T15:45:38Z</time>
    <extensions>
     <gpxtpx:TrackPointExtension>
      <gpxtpx:hr>136</gpxtpx:hr>
     </gpxtpx:TrackPointExtension>
    </extensions>
   </trkpt>
   <trkpt lat="69.6506670" lon="19.0238060">
    <ele>147.0</ele>
    <time>2025-02-28T15:45:39Z</time>
    <extensions>
     <gpxtpx:TrackPointExtension>
      <gpxtpx:hr>136</gpxtpx:hr>
     </gpxtpx:TrackPointExtension>
    </extensions>
   </trkpt>
   <trkpt lat="69.6506630" lon="19.0237180">
    <ele>145.3</ele>
    <time>2025-02-28T15:45:40Z</time>
    <extensions>
     <gpxtpx:TrackPointExtension>
      <gpxtpx:hr>136</gpxtpx:hr>
     </gpxtpx:TrackPointExtension>
    </extensions>
   </trkpt>
   <trkpt lat="69.6506630" lon="19.0236340">
    <ele>143.7</ele>
    <time>2025-02-28T15:45:41Z</time>
    <extensions>
     <gpxtpx:TrackPointExtension>
      <gpxtpx:hr>136</gpxtpx:hr>
     </gpxtpx:TrackPointExtension>
    </extensions>
   </trkpt>
   <trkpt lat="69.6506630" lon="19.0236120">
    <ele>143.2</ele>
    <time>2025-02-28T15:45:42Z</time>
    <extensions>
     <gpxtpx:TrackPointExtension>
      <gpxtpx:hr>136</gpxtpx:hr>
     </gpxtpx:TrackPointExtension>
    </extensions>
   </trkpt>
   <trkpt lat="69.6506480" lon="19.0236350">
    <ele>142.3</ele>
    <time>2025-02-28T15:45:43Z</time>
    <extensions>
     <gpxtpx:TrackPointExtension>
      <gpxtpx:hr>136</gpxtpx:hr>
     </gpxtpx:TrackPointExtension>
    </extensions>
   </trkpt>
   <trkpt lat="69.6506410" lon="19.0236560">
    <ele>141.7</ele>
    <time>2025-02-28T15:45:44Z</time>
    <extensions>
     <gpxtpx:TrackPointExtension>
      <gpxtpx:hr>135</gpxtpx:hr>
     </gpxtpx:TrackPointExtension>
    </extensions>
   </trkpt>
   <trkpt lat="69.6506350" lon="19.0236780">
    <ele>141.2</ele>
    <time>2025-02-28T15:45:45Z</time>
    <extensions>
     <gpxtpx:TrackPointExtension>
      <gpxtpx:hr>135</gpxtpx:hr>
     </gpxtpx:TrackPointExtension>
    </extensions>
   </trkpt>
   <trkpt lat="69.6506110" lon="19.0236870">
    <ele>139.9</ele>
    <time>2025-02-28T15:45:46Z</time>
    <extensions>
     <gpxtpx:TrackPointExtension>
      <gpxtpx:hr>135</gpxtpx:hr>
     </gpxtpx:TrackPointExtension>
    </extensions>
   </trkpt>
   <trkpt lat="69.6506050" lon="19.0236630">
    <ele>139.3</ele>
    <time>2025-02-28T15:45:47Z</time>
    <extensions>
     <gpxtpx:TrackPointExtension>
      <gpxtpx:hr>135</gpxtpx:hr>
     </gpxtpx:TrackPointExtension>
    </extensions>
   </trkpt>
   <trkpt lat="69.6505990" lon="19.0236400">
    <ele>138.8</ele>
    <time>2025-02-28T15:45:48Z</time>
    <extensions>
     <gpxtpx:TrackPointExtension>
      <gpxtpx:hr>135</gpxtpx:hr>
     </gpxtpx:TrackPointExtension>
    </extensions>
   </trkpt>
   <trkpt lat="69.6505930" lon="19.0236160">
    <ele>138.2</ele>
    <time>2025-02-28T15:45:49Z</time>
    <extensions>
     <gpxtpx:TrackPointExtension>
      <gpxtpx:hr>135</gpxtpx:hr>
     </gpxtpx:TrackPointExtension>
    </extensions>
   </trkpt>
   <trkpt lat="69.6505870" lon="19.0235920">
    <ele>137.6</ele>
    <time>2025-02-28T15:45:50Z</time>
    <extensions>
     <gpxtpx:TrackPointExtension>
      <gpxtpx:hr>136</gpxtpx:hr>
     </gpxtpx:TrackPointExtension>
    </extensions>
   </trkpt>
   <trkpt lat="69.6505810" lon="19.0235960">
    <ele>137.3</ele>
    <time>2025-02-28T15:45:51Z</time>
    <extensions>
     <gpxtpx:TrackPointExtension>
      <gpxtpx:hr>136</gpxtpx:hr>
     </gpxtpx:TrackPointExtension>
    </extensions>
   </trkpt>
   <trkpt lat="69.6505880" lon="19.0236280">
    <ele>136.6</ele>
    <time>2025-02-28T15:45:52Z</time>
    <extensions>
     <gpxtpx:TrackPointExtension>
      <gpxtpx:hr>136</gpxtpx:hr>
     </gpxtpx:TrackPointExtension>
    </extensions>
   </trkpt>
   <trkpt lat="69.6505880" lon="19.0236400">
    <ele>136.3</ele>
    <time>2025-02-28T15:45:53Z</time>
    <extensions>
     <gpxtpx:TrackPointExtension>
      <gpxtpx:hr>136</gpxtpx:hr>
     </gpxtpx:TrackPointExtension>
    </extensions>
   </trkpt>
   <trkpt lat="69.6505680" lon="19.0236030">
    <ele>135.0</ele>
    <time>2025-02-28T15:45:54Z</time>
    <extensions>
     <gpxtpx:TrackPointExtension>
      <gpxtpx:hr>136</gpxtpx:hr>
     </gpxtpx:TrackPointExtension>
    </extensions>
   </trkpt>
   <trkpt lat="69.6505560" lon="19.0235590">
    <ele>134.0</ele>
    <time>2025-02-28T15:45:55Z</time>
    <extensions>
     <gpxtpx:TrackPointExtension>
      <gpxtpx:hr>135</gpxtpx:hr>
     </gpxtpx:TrackPointExtension>
    </extensions>
   </trkpt>
   <trkpt lat="69.6505560" lon="19.0235210">
    <ele>133.2</ele>
    <time>2025-02-28T15:45:56Z</time>
    <extensions>
     <gpxtpx:TrackPointExtension>
      <gpxtpx:hr>135</gpxtpx:hr>
     </gpxtpx:TrackPointExtension>
    </extensions>
   </trkpt>
   <trkpt lat="69.6505540" lon="19.0234940">
    <ele>132.7</ele>
    <time>2025-02-28T15:45:58Z</time>
    <extensions>
     <gpxtpx:TrackPointExtension>
      <gpxtpx:hr>135</gpxtpx:hr>
     </gpxtpx:TrackPointExtension>
    </extensions>
   </trkpt>
   <trkpt lat="69.6505440" lon="19.0234500">
    <ele>131.7</ele>
    <time>2025-02-28T15:45:59Z</time>
    <extensions>
     <gpxtpx:TrackPointExtension>
      <gpxtpx:hr>135</gpxtpx:hr>
     </gpxtpx:TrackPointExtension>
    </extensions>
   </trkpt>
   <trkpt lat="69.6505440" lon="19.0234350">
    <ele>131.4</ele>
    <time>2025-02-28T15:46:00Z</time>
    <extensions>
     <gpxtpx:TrackPointExtension>
      <gpxtpx:hr>135</gpxtpx:hr>
     </gpxtpx:TrackPointExtension>
    </extensions>
   </trkpt>
   <trkpt lat="69.6505360" lon="19.0234480">
    <ele>130.9</ele>
    <time>2025-02-28T15:46:01Z</time>
    <extensions>
     <gpxtpx:TrackPointExtension>
      <gpxtpx:hr>135</gpxtpx:hr>
     </gpxtpx:TrackPointExtension>
    </extensions>
   </trkpt>
   <trkpt lat="69.6505280" lon="19.0234210">
    <ele>130.2</ele>
    <time>2025-02-28T15:46:02Z</time>
    <extensions>
     <gpxtpx:TrackPointExtension>
      <gpxtpx:hr>135</gpxtpx:hr>
     </gpxtpx:TrackPointExtension>
    </extensions>
   </trkpt>
   <trkpt lat="69.6505360" lon="19.0233810">
    <ele>129.4</ele>
    <time>2025-02-28T15:46:03Z</time>
    <extensions>
     <gpxtpx:TrackPointExtension>
      <gpxtpx:hr>136</gpxtpx:hr>
     </gpxtpx:TrackPointExtension>
    </extensions>
   </trkpt>
   <trkpt lat="69.6505440" lon="19.0233400">
    <ele>128.5</ele>
    <time>2025-02-28T15:46:04Z</time>
    <extensions>
     <gpxtpx:TrackPointExtension>
      <gpxtpx:hr>136</gpxtpx:hr>
     </gpxtpx:TrackPointExtension>
    </extensions>
   </trkpt>
   <trkpt lat="69.6505460" lon="19.0233130">
    <ele>127.9</ele>
    <time>2025-02-28T15:46:05Z</time>
    <extensions>
     <gpxtpx:TrackPointExtension>
      <gpxtpx:hr>136</gpxtpx:hr>
     </gpxtpx:TrackPointExtension>
    </extensions>
   </trkpt>
   <trkpt lat="69.6505440" lon="19.0233400">
    <ele>127.4</ele>
    <time>2025-02-28T15:46:06Z</time>
    <extensions>
     <gpxtpx:TrackPointExtension>
      <gpxtpx:hr>136</gpxtpx:hr>
     </gpxtpx:TrackPointExtension>
    </extensions>
   </trkpt>
   <trkpt lat="69.6505460" lon="19.0233400">
    <ele>127.3</ele>
    <time>2025-02-28T15:46:07Z</time>
    <extensions>
     <gpxtpx:TrackPointExtension>
      <gpxtpx:hr>136</gpxtpx:hr>
     </gpxtpx:TrackPointExtension>
    </extensions>
   </trkpt>
   <trkpt lat="69.6505400" lon="19.0233360">
    <ele>127.0</ele>
    <time>2025-02-28T15:46:08Z</time>
    <extensions>
     <gpxtpx:TrackPointExtension>
      <gpxtpx:hr>136</gpxtpx:hr>
     </gpxtpx:TrackPointExtension>
    </extensions>
   </trkpt>
   <trkpt lat="69.6505140" lon="19.0233510">
    <ele>125.5</ele>
    <time>2025-02-28T15:46:10Z</time>
    <extensions>
     <gpxtpx:TrackPointExtension>
      <gpxtpx:hr>136</gpxtpx:hr>
     </gpxtpx:TrackPointExtension>
    </extensions>
   </trkpt>
   <trkpt lat="69.6505150" lon="19.0233260">
    <ele>125.0</ele>
    <time>2025-02-28T15:46:12Z</time>
    <extensions>
     <gpxtpx:TrackPointExtension>
      <gpxtpx:hr>136</gpxtpx:hr>
     </gpxtpx:TrackPointExtension>
    </extensions>
   </trkpt>
   <trkpt lat="69.6505150" lon="19.0233360">
    <ele>124.8</ele>
    <time>2025-02-28T15:46:13Z</time>
    <extensions>
     <gpxtpx:TrackPointExtension>
      <gpxtpx:hr>136</gpxtpx:hr>
     </gpxtpx:TrackPointExtension>
    </extensions>
   </trkpt>
   <trkpt lat="69.6505130" lon="19.0233120">
    <ele>124.3</ele>
    <time>2025-02-28T15:46:14Z</time>
    <extensions>
     <gpxtpx:TrackPointExtension>
      <gpxtpx:hr>136</gpxtpx:hr>
     </gpxtpx:TrackPointExtension>
    </extensions>
   </trkpt>
   <trkpt lat="69.6505040" lon="19.0233240">
    <ele>123.8</ele>
    <time>2025-02-28T15:46:15Z</time>
    <extensions>
     <gpxtpx:TrackPointExtension>
      <gpxtpx:hr>138</gpxtpx:hr>
     </gpxtpx:TrackPointExtension>
    </extensions>
   </trkpt>
   <trkpt lat="69.6504940" lon="19.0233440">
    <ele>123.2</ele>
    <time>2025-02-28T15:46:16Z</time>
    <extensions>
     <gpxtpx:TrackPointExtension>
      <gpxtpx:hr>138</gpxtpx:hr>
     </gpxtpx:TrackPointExtension>
    </extensions>
   </trkpt>
   <trkpt lat="69.6504780" lon="19.0233570">
    <ele>122.3</ele>
    <time>2025-02-28T15:46:17Z</time>
    <extensions>
     <gpxtpx:TrackPointExtension>
      <gpxtpx:hr>138</gpxtpx:hr>
     </gpxtpx:TrackPointExtension>
    </extensions>
   </trkpt>
   <trkpt lat="69.6504780" lon="19.0233570">
    <ele>122.3</ele>
    <time>2025-02-28T15:46:18Z</time>
    <extensions>
     <gpxtpx:TrackPointExtension>
      <gpxtpx:hr>138</gpxtpx:hr>
     </gpxtpx:TrackPointExtension>
    </extensions>
   </trkpt>
   <trkpt lat="69.6504780" lon="19.0233570">
    <ele>122.3</ele>
    <time>2025-02-28T15:46:20Z</time>
    <extensions>
     <gpxtpx:TrackPointExtension>
      <gpxtpx:hr>139</gpxtpx:hr>
     </gpxtpx:TrackPointExtension>
    </extensions>
   </trkpt>
   <trkpt lat="69.6504540" lon="19.0233290">
    <ele>121.0</ele>
    <time>2025-02-28T15:46:21Z</time>
    <extensions>
     <gpxtpx:TrackPointExtension>
      <gpxtpx:hr>139</gpxtpx:hr>
     </gpxtpx:TrackPointExtension>
    </extensions>
   </trkpt>
   <trkpt lat="69.6504500" lon="19.0232740">
    <ele>119.9</ele>
    <time>2025-02-28T15:46:23Z</time>
    <extensions>
     <gpxtpx:TrackPointExtension>
      <gpxtpx:hr>139</gpxtpx:hr>
     </gpxtpx:TrackPointExtension>
    </extensions>
   </trkpt>
   <trkpt lat="69.6504410" lon="19.0231990">
    <ele>118.5</ele>
    <time>2025-02-28T15:46:24Z</time>
    <extensions>
     <gpxtpx:TrackPointExtension>
      <gpxtpx:hr>139</gpxtpx:hr>
     </gpxtpx:TrackPointExtension>
    </extensions>
   </trkpt>
   <trkpt lat="69.6504370" lon="19.0231840">
    <ele>118.2</ele>
    <time>2025-02-28T15:46:25Z</time>
    <extensions>
     <gpxtpx:TrackPointExtension>
      <gpxtpx:hr>140</gpxtpx:hr>
     </gpxtpx:TrackPointExtension>
    </extensions>
   </trkpt>
   <trkpt lat="69.6504410" lon="19.0231140">
    <ele>116.9</ele>
    <time>2025-02-28T15:46:26Z</time>
    <extensions>
     <gpxtpx:TrackPointExtension>
      <gpxtpx:hr>140</gpxtpx:hr>
     </gpxtpx:TrackPointExtension>
    </extensions>
   </trkpt>
   <trkpt lat="69.6504410" lon="19.0230830">
    <ele>116.4</ele>
    <time>2025-02-28T15:46:27Z</time>
    <extensions>
     <gpxtpx:TrackPointExtension>
      <gpxtpx:hr>140</gpxtpx:hr>
     </gpxtpx:TrackPointExtension>
    </extensions>
   </trkpt>
   <trkpt lat="69.6504400" lon="19.0230510">
    <ele>115.8</ele>
    <time>2025-02-28T15:46:28Z</time>
    <extensions>
     <gpxtpx:TrackPointExtension>
      <gpxtpx:hr>140</gpxtpx:hr>
     </gpxtpx:TrackPointExtension>
    </extensions>
   </trkpt>
   <trkpt lat="69.6504340" lon="19.0230240">
    <ele>115.3</ele>
    <time>2025-02-28T15:46:29Z</time>
    <extensions>
     <gpxtpx:TrackPointExtension>
      <gpxtpx:hr>142</gpxtpx:hr>
     </gpxtpx:TrackPointExtension>
    </extensions>
   </trkpt>
   <trkpt lat="69.6504170" lon="19.0229820">
    <ele>114.2</ele>
    <time>2025-02-28T15:46:30Z</time>
    <extensions>
     <gpxtpx:TrackPointExtension>
      <gpxtpx:hr>142</gpxtpx:hr>
     </gpxtpx:TrackPointExtension>
    </extensions>
   </trkpt>
   <trkpt lat="69.6504190" lon="19.0229430">
    <ele>113.6</ele>
    <time>2025-02-28T15:46:31Z</time>
    <extensions>
     <gpxtpx:TrackPointExtension>
      <gpxtpx:hr>141</gpxtpx:hr>
     </gpxtpx:TrackPointExtension>
    </extensions>
   </trkpt>
   <trkpt lat="69.6504170" lon="19.0228610">
    <ele>112.2</ele>
    <time>2025-02-28T15:46:32Z</time>
    <extensions>
     <gpxtpx:TrackPointExtension>
      <gpxtpx:hr>141</gpxtpx:hr>
     </gpxtpx:TrackPointExtension>
    </extensions>
   </trkpt>
   <trkpt lat="69.6504150" lon="19.0228390">
    <ele>111.8</ele>
    <time>2025-02-28T15:46:33Z</time>
    <extensions>
     <gpxtpx:TrackPointExtension>
      <gpxtpx:hr>141</gpxtpx:hr>
     </gpxtpx:TrackPointExtension>
    </extensions>
   </trkpt>
   <trkpt lat="69.6503990" lon="19.0227900">
    <ele>110.7</ele>
    <time>2025-02-28T15:46:34Z</time>
    <extensions>
     <gpxtpx:TrackPointExtension>
      <gpxtpx:hr>141</gpxtpx:hr>
     </gpxtpx:TrackPointExtension>
    </extensions>
   </trkpt>
   <trkpt lat="69.6503940" lon="19.0227620">
    <ele>110.2</ele>
    <time>2025-02-28T15:46:35Z</time>
    <extensions>
     <gpxtpx:TrackPointExtension>
      <gpxtpx:hr>141</gpxtpx:hr>
     </gpxtpx:TrackPointExtension>
    </extensions>
   </trkpt>
   <trkpt lat="69.6503880" lon="19.0227340">
    <ele>109.7</ele>
    <time>2025-02-28T15:46:36Z</time>
    <extensions>
     <gpxtpx:TrackPointExtension>
      <gpxtpx:hr>141</gpxtpx:hr>
     </gpxtpx:TrackPointExtension>
    </extensions>
   </trkpt>
   <trkpt lat="69.6503870" lon="19.0227060">
    <ele>109.2</ele>
    <time>2025-02-28T15:46:37Z</time>
    <extensions>
     <gpxtpx:TrackPointExtension>
      <gpxtpx:hr>141</gpxtpx:hr>
     </gpxtpx:TrackPointExtension>
    </extensions>
   </trkpt>
   <trkpt lat="69.6503870" lon="19.0227060">
    <ele>109.2</ele>
    <time>2025-02-28T15:46:38Z</time>
    <extensions>
     <gpxtpx:TrackPointExtension>
      <gpxtpx:hr>143</gpxtpx:hr>
     </gpxtpx:TrackPointExtension>
    </extensions>
   </trkpt>
   <trkpt lat="69.6503650" lon="19.0227470">
    <ele>108.0</ele>
    <time>2025-02-28T15:46:39Z</time>
    <extensions>
     <gpxtpx:TrackPointExtension>
      <gpxtpx:hr>143</gpxtpx:hr>
     </gpxtpx:TrackPointExtension>
    </extensions>
   </trkpt>
   <trkpt lat="69.6503560" lon="19.0227110">
    <ele>107.2</ele>
    <time>2025-02-28T15:46:40Z</time>
    <extensions>
     <gpxtpx:TrackPointExtension>
      <gpxtpx:hr>143</gpxtpx:hr>
     </gpxtpx:TrackPointExtension>
    </extensions>
   </trkpt>
   <trkpt lat="69.6503430" lon="19.0226680">
    <ele>106.3</ele>
    <time>2025-02-28T15:46:41Z</time>
    <extensions>
     <gpxtpx:TrackPointExtension>
      <gpxtpx:hr>143</gpxtpx:hr>
     </gpxtpx:TrackPointExtension>
    </extensions>
   </trkpt>
   <trkpt lat="69.6503380" lon="19.0226530">
    <ele>105.9</ele>
    <time>2025-02-28T15:46:42Z</time>
    <extensions>
     <gpxtpx:TrackPointExtension>
      <gpxtpx:hr>143</gpxtpx:hr>
     </gpxtpx:TrackPointExtension>
    </extensions>
   </trkpt>
   <trkpt lat="69.6503260" lon="19.0226550">
    <ele>105.4</ele>
    <time>2025-02-28T15:46:43Z</time>
    <extensions>
     <gpxtpx:TrackPointExtension>
      <gpxtpx:hr>143</gpxtpx:hr>
     </gpxtpx:TrackPointExtension>
    </extensions>
   </trkpt>
   <trkpt lat="69.6503220" lon="19.0226480">
    <ele>105.1</ele>
    <time>2025-02-28T15:46:44Z</time>
    <extensions>
     <gpxtpx:TrackPointExtension>
      <gpxtpx:hr>143</gpxtpx:hr>
     </gpxtpx:TrackPointExtension>
    </extensions>
   </trkpt>
   <trkpt lat="69.6503220" lon="19.0226480">
    <ele>105.1</ele>
    <time>2025-02-28T15:46:45Z</time>
    <extensions>
     <gpxtpx:TrackPointExtension>
      <gpxtpx:hr>143</gpxtpx:hr>
     </gpxtpx:TrackPointExtension>
    </extensions>
   </trkpt>
   <trkpt lat="69.6503220" lon="19.0226480">
    <ele>105.1</ele>
    <time>2025-02-28T15:46:46Z</time>
    <extensions>
     <gpxtpx:TrackPointExtension>
      <gpxtpx:hr>143</gpxtpx:hr>
     </gpxtpx:TrackPointExtension>
    </extensions>
   </trkpt>
   <trkpt lat="69.6502950" lon="19.0226750">
    <ele>103.8</ele>
    <time>2025-02-28T15:46:47Z</time>
    <extensions>
     <gpxtpx:TrackPointExtension>
      <gpxtpx:hr>143</gpxtpx:hr>
     </gpxtpx:TrackPointExtension>
    </extensions>
   </trkpt>
   <trkpt lat="69.6502970" lon="19.0226820">
    <ele>103.6</ele>
    <time>2025-02-28T15:46:48Z</time>
    <extensions>
     <gpxtpx:TrackPointExtension>
      <gpxtpx:hr>143</gpxtpx:hr>
     </gpxtpx:TrackPointExtension>
    </extensions>
   </trkpt>
   <trkpt lat="69.6502970" lon="19.0226820">
    <ele>103.6</ele>
    <time>2025-02-28T15:46:50Z</time>
    <extensions>
     <gpxtpx:TrackPointExtension>
      <gpxtpx:hr>142</gpxtpx:hr>
     </gpxtpx:TrackPointExtension>
    </extensions>
   </trkpt>
   <trkpt lat="69.6502970" lon="19.0226820">
    <ele>103.6</ele>
    <time>2025-02-28T15:46:51Z</time>
    <extensions>
     <gpxtpx:TrackPointExtension>
      <gpxtpx:hr>142</gpxtpx:hr>
     </gpxtpx:TrackPointExtension>
    </extensions>
   </trkpt>
   <trkpt lat="69.6502740" lon="19.0225510">
    <ele>101.2</ele>
    <time>2025-02-28T15:46:52Z</time>
    <extensions>
     <gpxtpx:TrackPointExtension>
      <gpxtpx:hr>142</gpxtpx:hr>
     </gpxtpx:TrackPointExtension>
    </extensions>
   </trkpt>
   <trkpt lat="69.6502650" lon="19.0225310">
    <ele>100.7</ele>
    <time>2025-02-28T15:46:53Z</time>
    <extensions>
     <gpxtpx:TrackPointExtension>
      <gpxtpx:hr>142</gpxtpx:hr>
     </gpxtpx:TrackPointExtension>
    </extensions>
   </trkpt>
   <trkpt lat="69.6502510" lon="19.0224850">
    <ele>99.7</ele>
    <time>2025-02-28T15:46:54Z</time>
    <extensions>
     <gpxtpx:TrackPointExtension>
      <gpxtpx:hr>142</gpxtpx:hr>
     </gpxtpx:TrackPointExtension>
    </extensions>
   </trkpt>
   <trkpt lat="69.6502580" lon="19.0224830">
    <ele>99.4</ele>
    <time>2025-02-28T15:46:55Z</time>
    <extensions>
     <gpxtpx:TrackPointExtension>
      <gpxtpx:hr>144</gpxtpx:hr>
     </gpxtpx:TrackPointExtension>
    </extensions>
   </trkpt>
   <trkpt lat="69.6502580" lon="19.0224830">
    <ele>99.4</ele>
    <time>2025-02-28T15:46:56Z</time>
    <extensions>
     <gpxtpx:TrackPointExtension>
      <gpxtpx:hr>144</gpxtpx:hr>
     </gpxtpx:TrackPointExtension>
    </extensions>
   </trkpt>
   <trkpt lat="69.6502430" lon="19.0223900">
    <ele>97.7</ele>
    <time>2025-02-28T15:46:57Z</time>
    <extensions>
     <gpxtpx:TrackPointExtension>
      <gpxtpx:hr>144</gpxtpx:hr>
     </gpxtpx:TrackPointExtension>
    </extensions>
   </trkpt>
   <trkpt lat="69.6502290" lon="19.0223140">
    <ele>96.4</ele>
    <time>2025-02-28T15:46:58Z</time>
    <extensions>
     <gpxtpx:TrackPointExtension>
      <gpxtpx:hr>145</gpxtpx:hr>
     </gpxtpx:TrackPointExtension>
    </extensions>
   </trkpt>
   <trkpt lat="69.6502290" lon="19.0223060">
    <ele>96.2</ele>
    <time>2025-02-28T15:46:59Z</time>
    <extensions>
     <gpxtpx:TrackPointExtension>
      <gpxtpx:hr>145</gpxtpx:hr>
     </gpxtpx:TrackPointExtension>
    </extensions>
   </trkpt>
   <trkpt lat="69.6502310" lon="19.0222550">
    <ele>95.4</ele>
    <time>2025-02-28T15:47:00Z</time>
    <extensions>
     <gpxtpx:TrackPointExtension>
      <gpxtpx:hr>145</gpxtpx:hr>
     </gpxtpx:TrackPointExtension>
    </extensions>
   </trkpt>
   <trkpt lat="69.6502320" lon="19.0222450">
    <ele>95.2</ele>
    <time>2025-02-28T15:47:01Z</time>
    <extensions>
     <gpxtpx:TrackPointExtension>
      <gpxtpx:hr>144</gpxtpx:hr>
     </gpxtpx:TrackPointExtension>
    </extensions>
   </trkpt>
   <trkpt lat="69.6502320" lon="19.0221950">
    <ele>94.4</ele>
    <time>2025-02-28T15:47:02Z</time>
    <extensions>
     <gpxtpx:TrackPointExtension>
      <gpxtpx:hr>144</gpxtpx:hr>
     </gpxtpx:TrackPointExtension>
    </extensions>
   </trkpt>
   <trkpt lat="69.6502260" lon="19.0221580">
    <ele>93.8</ele>
    <time>2025-02-28T15:47:03Z</time>
    <extensions>
     <gpxtpx:TrackPointExtension>
      <gpxtpx:hr>144</gpxtpx:hr>
     </gpxtpx:TrackPointExtension>
    </extensions>
   </trkpt>
   <trkpt lat="69.6502240" lon="19.0221400">
    <ele>93.5</ele>
    <time>2025-02-28T15:47:04Z</time>
    <extensions>
     <gpxtpx:TrackPointExtension>
      <gpxtpx:hr>144</gpxtpx:hr>
     </gpxtpx:TrackPointExtension>
    </extensions>
   </trkpt>
   <trkpt lat="69.6502310" lon="19.0221210">
    <ele>93.0</ele>
    <time>2025-02-28T15:47:05Z</time>
    <extensions>
     <gpxtpx:TrackPointExtension>
      <gpxtpx:hr>144</gpxtpx:hr>
     </gpxtpx:TrackPointExtension>
    </extensions>
   </trkpt>
   <trkpt lat="69.6502310" lon="19.0221210">
    <ele>93.0</ele>
    <time>2025-02-28T15:47:06Z</time>
    <extensions>
     <gpxtpx:TrackPointExtension>
      <gpxtpx:hr>144</gpxtpx:hr>
     </gpxtpx:TrackPointExtension>
    </extensions>
   </trkpt>
   <trkpt lat="69.6502300" lon="19.0220710">
    <ele>92.2</ele>
    <time>2025-02-28T15:47:07Z</time>
    <extensions>
     <gpxtpx:TrackPointExtension>
      <gpxtpx:hr>144</gpxtpx:hr>
     </gpxtpx:TrackPointExtension>
    </extensions>
   </trkpt>
   <trkpt lat="69.6502200" lon="19.0220700">
    <ele>91.8</ele>
    <time>2025-02-28T15:47:08Z</time>
    <extensions>
     <gpxtpx:TrackPointExtension>
      <gpxtpx:hr>148</gpxtpx:hr>
     </gpxtpx:TrackPointExtension>
    </extensions>
   </trkpt>
   <trkpt lat="69.6502120" lon="19.0220570">
    <ele>91.3</ele>
    <time>2025-02-28T15:47:09Z</time>
    <extensions>
     <gpxtpx:TrackPointExtension>
      <gpxtpx:hr>148</gpxtpx:hr>
     </gpxtpx:TrackPointExtension>
    </extensions>
   </trkpt>
   <trkpt lat="69.6501920" lon="19.0220670">
    <ele>90.4</ele>
    <time>2025-02-28T15:47:10Z</time>
    <extensions>
     <gpxtpx:TrackPointExtension>
      <gpxtpx:hr>148</gpxtpx:hr>
     </gpxtpx:TrackPointExtension>
    </extensions>
   </trkpt>
   <trkpt lat="69.6501790" lon="19.0220140">
    <ele>89.4</ele>
    <time>2025-02-28T15:47:11Z</time>
    <extensions>
     <gpxtpx:TrackPointExtension>
      <gpxtpx:hr>148</gpxtpx:hr>
     </gpxtpx:TrackPointExtension>
    </extensions>
   </trkpt>
   <trkpt lat="69.6501720" lon="19.0219430">
    <ele>88.2</ele>
    <time>2025-02-28T15:47:12Z</time>
    <extensions>
     <gpxtpx:TrackPointExtension>
      <gpxtpx:hr>148</gpxtpx:hr>
     </gpxtpx:TrackPointExtension>
    </extensions>
   </trkpt>
   <trkpt lat="69.6501670" lon="19.0219170">
    <ele>87.7</ele>
    <time>2025-02-28T15:47:13Z</time>
    <extensions>
     <gpxtpx:TrackPointExtension>
      <gpxtpx:hr>148</gpxtpx:hr>
     </gpxtpx:TrackPointExtension>
    </extensions>
   </trkpt>
   <trkpt lat="69.6501630" lon="19.0218900">
    <ele>87.2</ele>
    <time>2025-02-28T15:47:14Z</time>
    <extensions>
     <gpxtpx:TrackPointExtension>
      <gpxtpx:hr>148</gpxtpx:hr>
     </gpxtpx:TrackPointExtension>
    </extensions>
   </trkpt>
   <trkpt lat="69.6501610" lon="19.0218320">
    <ele>86.3</ele>
    <time>2025-02-28T15:47:15Z</time>
    <extensions>
     <gpxtpx:TrackPointExtension>
      <gpxtpx:hr>148</gpxtpx:hr>
     </gpxtpx:TrackPointExtension>
    </extensions>
   </trkpt>
   <trkpt lat="69.6501660" lon="19.0217810">
    <ele>85.4</ele>
    <time>2025-02-28T15:47:16Z</time>
    <extensions>
     <gpxtpx:TrackPointExtension>
      <gpxtpx:hr>148</gpxtpx:hr>
     </gpxtpx:TrackPointExtension>
    </extensions>
   </trkpt>
   <trkpt lat="69.6501700" lon="19.0217080">
    <ele>84.3</ele>
    <time>2025-02-28T15:47:17Z</time>
    <extensions>
     <gpxtpx:TrackPointExtension>
      <gpxtpx:hr>148</gpxtpx:hr>
     </gpxtpx:TrackPointExtension>
    </extensions>
   </trkpt>
   <trkpt lat="69.6501760" lon="19.0216890">
    <ele>83.8</ele>
    <time>2025-02-28T15:47:18Z</time>
    <extensions>
     <gpxtpx:TrackPointExtension>
      <gpxtpx:hr>148</gpxtpx:hr>
     </gpxtpx:TrackPointExtension>
    </extensions>
   </trkpt>
   <trkpt lat="69.6501810" lon="19.0216710">
    <ele>83.5</ele>
    <time>2025-02-28T15:47:19Z</time>
    <extensions>
     <gpxtpx:TrackPointExtension>
      <gpxtpx:hr>148</gpxtpx:hr>
     </gpxtpx:TrackPointExtension>
    </extensions>
   </trkpt>
   <trkpt lat="69.6501740" lon="19.0216480">
    <ele>83.0</ele>
    <time>2025-02-28T15:47:20Z</time>
    <extensions>
     <gpxtpx:TrackPointExtension>
      <gpxtpx:hr>147</gpxtpx:hr>
     </gpxtpx:TrackPointExtension>
    </extensions>
   </trkpt>
   <trkpt lat="69.6501740" lon="19.0216230">
    <ele>82.6</ele>
    <time>2025-02-28T15:47:21Z</time>
    <extensions>
     <gpxtpx:TrackPointExtension>
      <gpxtpx:hr>147</gpxtpx:hr>
     </gpxtpx:TrackPointExtension>
    </extensions>
   </trkpt>
   <trkpt lat="69.6501700" lon="19.0215960">
    <ele>82.1</ele>
    <time>2025-02-28T15:47:22Z</time>
    <extensions>
     <gpxtpx:TrackPointExtension>
      <gpxtpx:hr>147</gpxtpx:hr>
     </gpxtpx:TrackPointExtension>
    </extensions>
   </trkpt>
   <trkpt lat="69.6501670" lon="19.0215660">
    <ele>81.6</ele>
    <time>2025-02-28T15:47:23Z</time>
    <extensions>
     <gpxtpx:TrackPointExtension>
      <gpxtpx:hr>147</gpxtpx:hr>
     </gpxtpx:TrackPointExtension>
    </extensions>
   </trkpt>
   <trkpt lat="69.6501710" lon="19.0215330">
    <ele>81.0</ele>
    <time>2025-02-28T15:47:24Z</time>
    <extensions>
     <gpxtpx:TrackPointExtension>
      <gpxtpx:hr>147</gpxtpx:hr>
     </gpxtpx:TrackPointExtension>
    </extensions>
   </trkpt>
   <trkpt lat="69.6501710" lon="19.0215070">
    <ele>80.6</ele>
    <time>2025-02-28T15:47:25Z</time>
    <extensions>
     <gpxtpx:TrackPointExtension>
      <gpxtpx:hr>146</gpxtpx:hr>
     </gpxtpx:TrackPointExtension>
    </extensions>
   </trkpt>
   <trkpt lat="69.6501670" lon="19.0214860">
    <ele>80.1</ele>
    <time>2025-02-28T15:47:26Z</time>
    <extensions>
     <gpxtpx:TrackPointExtension>
      <gpxtpx:hr>146</gpxtpx:hr>
     </gpxtpx:TrackPointExtension>
    </extensions>
   </trkpt>
   <trkpt lat="69.6501700" lon="19.0214600">
    <ele>79.7</ele>
    <time>2025-02-28T15:47:27Z</time>
    <extensions>
     <gpxtpx:TrackPointExtension>
      <gpxtpx:hr>145</gpxtpx:hr>
     </gpxtpx:TrackPointExtension>
    </extensions>
   </trkpt>
   <trkpt lat="69.6501690" lon="19.0214340">
    <ele>79.2</ele>
    <time>2025-02-28T15:47:28Z</time>
    <extensions>
     <gpxtpx:TrackPointExtension>
      <gpxtpx:hr>145</gpxtpx:hr>
     </gpxtpx:TrackPointExtension>
    </extensions>
   </trkpt>
   <trkpt lat="69.6501690" lon="19.0214100">
    <ele>78.8</ele>
    <time>2025-02-28T15:47:29Z</time>
    <extensions>
     <gpxtpx:TrackPointExtension>
      <gpxtpx:hr>145</gpxtpx:hr>
     </gpxtpx:TrackPointExtension>
    </extensions>
   </trkpt>
   <trkpt lat="69.6501710" lon="19.0213740">
    <ele>78.2</ele>
    <time>2025-02-28T15:47:30Z</time>
    <extensions>
     <gpxtpx:TrackPointExtension>
      <gpxtpx:hr>145</gpxtpx:hr>
     </gpxtpx:TrackPointExtension>
    </extensions>
   </trkpt>
   <trkpt lat="69.6501750" lon="19.0213200">
    <ele>77.3</ele>
    <time>2025-02-28T15:47:31Z</time>
    <extensions>
     <gpxtpx:TrackPointExtension>
      <gpxtpx:hr>145</gpxtpx:hr>
     </gpxtpx:TrackPointExtension>
    </extensions>
   </trkpt>
   <trkpt lat="69.6501730" lon="19.0212930">
    <ele>76.8</ele>
    <time>2025-02-28T15:47:32Z</time>
    <extensions>
     <gpxtpx:TrackPointExtension>
      <gpxtpx:hr>145</gpxtpx:hr>
     </gpxtpx:TrackPointExtension>
    </extensions>
   </trkpt>
   <trkpt lat="69.6501750" lon="19.0212550">
    <ele>76.1</ele>
    <time>2025-02-28T15:47:33Z</time>
    <extensions>
     <gpxtpx:TrackPointExtension>
      <gpxtpx:hr>145</gpxtpx:hr>
     </gpxtpx:TrackPointExtension>
    </extensions>
   </trkpt>
   <trkpt lat="69.6501770" lon="19.0212170">
    <ele>75.5</ele>
    <time>2025-02-28T15:47:34Z</time>
    <extensions>
     <gpxtpx:TrackPointExtension>
      <gpxtpx:hr>145</gpxtpx:hr>
     </gpxtpx:TrackPointExtension>
    </extensions>
   </trkpt>
   <trkpt lat="69.6501850" lon="19.0211930">
    <ele>74.9</ele>
    <time>2025-02-28T15:47:35Z</time>
    <extensions>
     <gpxtpx:TrackPointExtension>
      <gpxtpx:hr>144</gpxtpx:hr>
     </gpxtpx:TrackPointExtension>
    </extensions>
   </trkpt>
   <trkpt lat="69.6501960" lon="19.0211600">
    <ele>74.1</ele>
    <time>2025-02-28T15:47:36Z</time>
    <extensions>
     <gpxtpx:TrackPointExtension>
      <gpxtpx:hr>144</gpxtpx:hr>
     </gpxtpx:TrackPointExtension>
    </extensions>
   </trkpt>
   <trkpt lat="69.6502020" lon="19.0211520">
    <ele>73.8</ele>
    <time>2025-02-28T15:47:37Z</time>
    <extensions>
     <gpxtpx:TrackPointExtension>
      <gpxtpx:hr>144</gpxtpx:hr>
     </gpxtpx:TrackPointExtension>
    </extensions>
   </trkpt>
   <trkpt lat="69.6501950" lon="19.0210640">
    <ele>72.3</ele>
    <time>2025-02-28T15:47:39Z</time>
    <extensions>
     <gpxtpx:TrackPointExtension>
      <gpxtpx:hr>144</gpxtpx:hr>
     </gpxtpx:TrackPointExtension>
    </extensions>
   </trkpt>
   <trkpt lat="69.6501980" lon="19.0210380">
    <ele>71.8</ele>
    <time>2025-02-28T15:47:40Z</time>
    <extensions>
     <gpxtpx:TrackPointExtension>
      <gpxtpx:hr>144</gpxtpx:hr>
     </gpxtpx:TrackPointExtension>
    </extensions>
   </trkpt>
   <trkpt lat="69.6502020" lon="19.0210120">
    <ele>71.3</ele>
    <time>2025-02-28T15:47:41Z</time>
    <extensions>
     <gpxtpx:TrackPointExtension>
      <gpxtpx:hr>144</gpxtpx:hr>
     </gpxtpx:TrackPointExtension>
    </extensions>
   </trkpt>
   <trkpt lat="69.6502050" lon="19.0209860">
    <ele>70.9</ele>
    <time>2025-02-28T15:47:42Z</time>
    <extensions>
     <gpxtpx:TrackPointExtension>
      <gpxtpx:hr>144</gpxtpx:hr>
     </gpxtpx:TrackPointExtension>
    </extensions>
   </trkpt>
   <trkpt lat="69.6502090" lon="19.0209610">
    <ele>70.4</ele>
    <time>2025-02-28T15:47:44Z</time>
    <extensions>
     <gpxtpx:TrackPointExtension>
      <gpxtpx:hr>144</gpxtpx:hr>
     </gpxtpx:TrackPointExtension>
    </extensions>
   </trkpt>
   <trkpt lat="69.6502120" lon="19.0209350">
    <ele>69.9</ele>
    <time>2025-02-28T15:47:45Z</time>
    <extensions>
     <gpxtpx:TrackPointExtension>
      <gpxtpx:hr>144</gpxtpx:hr>
     </gpxtpx:TrackPointExtension>
    </extensions>
   </trkpt>
   <trkpt lat="69.6502160" lon="19.0209090">
    <ele>69.4</ele>
    <time>2025-02-28T15:47:46Z</time>
    <extensions>
     <gpxtpx:TrackPointExtension>
      <gpxtpx:hr>144</gpxtpx:hr>
     </gpxtpx:TrackPointExtension>
    </extensions>
   </trkpt>
   <trkpt lat="69.6502190" lon="19.0208830">
    <ele>69.0</ele>
    <time>2025-02-28T15:47:47Z</time>
    <extensions>
     <gpxtpx:TrackPointExtension>
      <gpxtpx:hr>144</gpxtpx:hr>
     </gpxtpx:TrackPointExtension>
    </extensions>
   </trkpt>
   <trkpt lat="69.6502230" lon="19.0208570">
    <ele>68.5</ele>
    <time>2025-02-28T15:47:48Z</time>
    <extensions>
     <gpxtpx:TrackPointExtension>
      <gpxtpx:hr>143</gpxtpx:hr>
     </gpxtpx:TrackPointExtension>
    </extensions>
   </trkpt>
   <trkpt lat="69.6502260" lon="19.0208310">
    <ele>68.0</ele>
    <time>2025-02-28T15:47:49Z</time>
    <extensions>
     <gpxtpx:TrackPointExtension>
      <gpxtpx:hr>143</gpxtpx:hr>
     </gpxtpx:TrackPointExtension>
    </extensions>
   </trkpt>
   <trkpt lat="69.6502280" lon="19.0208070">
    <ele>67.6</ele>
    <time>2025-02-28T15:47:50Z</time>
    <extensions>
     <gpxtpx:TrackPointExtension>
      <gpxtpx:hr>143</gpxtpx:hr>
     </gpxtpx:TrackPointExtension>
    </extensions>
   </trkpt>
   <trkpt lat="69.6502280" lon="19.0207610">
    <ele>66.8</ele>
    <time>2025-02-28T15:47:51Z</time>
    <extensions>
     <gpxtpx:TrackPointExtension>
      <gpxtpx:hr>143</gpxtpx:hr>
     </gpxtpx:TrackPointExtension>
    </extensions>
   </trkpt>
   <trkpt lat="69.6502340" lon="19.0207470">
    <ele>66.4</ele>
    <time>2025-02-28T15:47:52Z</time>
    <extensions>
     <gpxtpx:TrackPointExtension>
      <gpxtpx:hr>143</gpxtpx:hr>
     </gpxtpx:TrackPointExtension>
    </extensions>
   </trkpt>
   <trkpt lat="69.6502400" lon="19.0207410">
    <ele>66.1</ele>
    <time>2025-02-28T15:47:53Z</time>
    <extensions>
     <gpxtpx:TrackPointExtension>
      <gpxtpx:hr>143</gpxtpx:hr>
     </gpxtpx:TrackPointExtension>
    </extensions>
   </trkpt>
   <trkpt lat="69.6502460" lon="19.0207520">
    <ele>65.8</ele>
    <time>2025-02-28T15:47:54Z</time>
    <extensions>
     <gpxtpx:TrackPointExtension>
      <gpxtpx:hr>143</gpxtpx:hr>
     </gpxtpx:TrackPointExtension>
    </extensions>
   </trkpt>
   <trkpt lat="69.6502460" lon="19.0206950">
    <ele>64.8</ele>
    <time>2025-02-28T15:47:56Z</time>
    <extensions>
     <gpxtpx:TrackPointExtension>
      <gpxtpx:hr>141</gpxtpx:hr>
     </gpxtpx:TrackPointExtension>
    </extensions>
   </trkpt>
   <trkpt lat="69.6502510" lon="19.0206870">
    <ele>64.5</ele>
    <time>2025-02-28T15:47:57Z</time>
    <extensions>
     <gpxtpx:TrackPointExtension>
      <gpxtpx:hr>141</gpxtpx:hr>
     </gpxtpx:TrackPointExtension>
    </extensions>
   </trkpt>
   <trkpt lat="69.6502450" lon="19.0206490">
    <ele>63.8</ele>
    <time>2025-02-28T15:47:58Z</time>
    <extensions>
     <gpxtpx:TrackPointExtension>
      <gpxtpx:hr>141</gpxtpx:hr>
     </gpxtpx:TrackPointExtension>
    </extensions>
   </trkpt>
   <trkpt lat="69.6502460" lon="19.0206030">
    <ele>63.0</ele>
    <time>2025-02-28T15:47:59Z</time>
    <extensions>
     <gpxtpx:TrackPointExtension>
      <gpxtpx:hr>141</gpxtpx:hr>
     </gpxtpx:TrackPointExtension>
    </extensions>
   </trkpt>
   <trkpt lat="69.6502540" lon="19.0205660">
    <ele>62.3</ele>
    <time>2025-02-28T15:48:00Z</time>
    <extensions>
     <gpxtpx:TrackPointExtension>
      <gpxtpx:hr>141</gpxtpx:hr>
     </gpxtpx:TrackPointExtension>
    </extensions>
   </trkpt>
   <trkpt lat="69.6502480" lon="19.0205380">
    <ele>61.7</ele>
    <time>2025-02-28T15:48:01Z</time>
    <extensions>
     <gpxtpx:TrackPointExtension>
      <gpxtpx:hr>141</gpxtpx:hr>
     </gpxtpx:TrackPointExtension>
    </extensions>
   </trkpt>
   <trkpt lat="69.6502470" lon="19.0204920">
    <ele>61.0</ele>
    <time>2025-02-28T15:48:02Z</time>
    <extensions>
     <gpxtpx:TrackPointExtension>
      <gpxtpx:hr>141</gpxtpx:hr>
     </gpxtpx:TrackPointExtension>
    </extensions>
   </trkpt>
   <trkpt lat="69.6502580" lon="19.0204410">
    <ele>60.0</ele>
    <time>2025-02-28T15:48:03Z</time>
    <extensions>
     <gpxtpx:TrackPointExtension>
      <gpxtpx:hr>141</gpxtpx:hr>
     </gpxtpx:TrackPointExtension>
    </extensions>
   </trkpt>
   <trkpt lat="69.6502670" lon="19.0204240">
    <ele>59.5</ele>
    <time>2025-02-28T15:48:04Z</time>
    <extensions>
     <gpxtpx:TrackPointExtension>
      <gpxtpx:hr>141</gpxtpx:hr>
     </gpxtpx:TrackPointExtension>
    </extensions>
   </trkpt>
   <trkpt lat="69.6502650" lon="19.0204200">
    <ele>59.4</ele>
    <time>2025-02-28T15:48:05Z</time>
    <extensions>
     <gpxtpx:TrackPointExtension>
      <gpxtpx:hr>139</gpxtpx:hr>
     </gpxtpx:TrackPointExtension>
    </extensions>
   </trkpt>
   <trkpt lat="69.6502600" lon="19.0203930">
    <ele>58.9</ele>
    <time>2025-02-28T15:48:06Z</time>
    <extensions>
     <gpxtpx:TrackPointExtension>
      <gpxtpx:hr>139</gpxtpx:hr>
     </gpxtpx:TrackPointExtension>
    </extensions>
   </trkpt>
   <trkpt lat="69.6502580" lon="19.0203690">
    <ele>58.5</ele>
    <time>2025-02-28T15:48:07Z</time>
    <extensions>
     <gpxtpx:TrackPointExtension>
      <gpxtpx:hr>139</gpxtpx:hr>
     </gpxtpx:TrackPointExtension>
    </extensions>
   </trkpt>
   <trkpt lat="69.6502580" lon="19.0203650">
    <ele>58.4</ele>
    <time>2025-02-28T15:48:08Z</time>
    <extensions>
     <gpxtpx:TrackPointExtension>
      <gpxtpx:hr>139</gpxtpx:hr>
     </gpxtpx:TrackPointExtension>
    </extensions>
   </trkpt>
   <trkpt lat="69.6502580" lon="19.0203370">
    <ele>57.9</ele>
    <time>2025-02-28T15:48:09Z</time>
    <extensions>
     <gpxtpx:TrackPointExtension>
      <gpxtpx:hr>142</gpxtpx:hr>
     </gpxtpx:TrackPointExtension>
    </extensions>
   </trkpt>
   <trkpt lat="69.6502510" lon="19.0203250">
    <ele>57.5</ele>
    <time>2025-02-28T15:48:10Z</time>
    <extensions>
     <gpxtpx:TrackPointExtension>
      <gpxtpx:hr>142</gpxtpx:hr>
     </gpxtpx:TrackPointExtension>
    </extensions>
   </trkpt>
   <trkpt lat="69.6502530" lon="19.0203020">
    <ele>57.2</ele>
    <time>2025-02-28T15:48:11Z</time>
    <extensions>
     <gpxtpx:TrackPointExtension>
      <gpxtpx:hr>142</gpxtpx:hr>
     </gpxtpx:TrackPointExtension>
    </extensions>
   </trkpt>
   <trkpt lat="69.6502550" lon="19.0202830">
    <ele>56.8</ele>
    <time>2025-02-28T15:48:12Z</time>
    <extensions>
     <gpxtpx:TrackPointExtension>
      <gpxtpx:hr>142</gpxtpx:hr>
     </gpxtpx:TrackPointExtension>
    </extensions>
   </trkpt>
   <trkpt lat="69.6502590" lon="19.0202690">
    <ele>56.6</ele>
    <time>2025-02-28T15:48:13Z</time>
    <extensions>
     <gpxtpx:TrackPointExtension>
      <gpxtpx:hr>142</gpxtpx:hr>
     </gpxtpx:TrackPointExtension>
    </extensions>
   </trkpt>
   <trkpt lat="69.6502650" lon="19.0202220">
    <ele>55.8</ele>
    <time>2025-02-28T15:48:14Z</time>
    <extensions>
     <gpxtpx:TrackPointExtension>
      <gpxtpx:hr>142</gpxtpx:hr>
     </gpxtpx:TrackPointExtension>
    </extensions>
   </trkpt>
   <trkpt lat="69.6502640" lon="19.0202170">
    <ele>55.7</ele>
    <time>2025-02-28T15:48:15Z</time>
    <extensions>
     <gpxtpx:TrackPointExtension>
      <gpxtpx:hr>142</gpxtpx:hr>
     </gpxtpx:TrackPointExtension>
    </extensions>
   </trkpt>
   <trkpt lat="69.6502660" lon="19.0201890">
    <ele>55.2</ele>
    <time>2025-02-28T15:48:16Z</time>
    <extensions>
     <gpxtpx:TrackPointExtension>
      <gpxtpx:hr>142</gpxtpx:hr>
     </gpxtpx:TrackPointExtension>
    </extensions>
   </trkpt>
   <trkpt lat="69.6502570" lon="19.0201760">
    <ele>54.8</ele>
    <time>2025-02-28T15:48:17Z</time>
    <extensions>
     <gpxtpx:TrackPointExtension>
      <gpxtpx:hr>142</gpxtpx:hr>
     </gpxtpx:TrackPointExtension>
    </extensions>
   </trkpt>
   <trkpt lat="69.6502490" lon="19.0201870">
    <ele>54.4</ele>
    <time>2025-02-28T15:48:18Z</time>
    <extensions>
     <gpxtpx:TrackPointExtension>
      <gpxtpx:hr>142</gpxtpx:hr>
     </gpxtpx:TrackPointExtension>
    </extensions>
   </trkpt>
   <trkpt lat="69.6502310" lon="19.0201610">
    <ele>53.5</ele>
    <time>2025-02-28T15:48:19Z</time>
    <extensions>
     <gpxtpx:TrackPointExtension>
      <gpxtpx:hr>141</gpxtpx:hr>
     </gpxtpx:TrackPointExtension>
    </extensions>
   </trkpt>
   <trkpt lat="69.6502240" lon="19.0201530">
    <ele>53.2</ele>
    <time>2025-02-28T15:48:20Z</time>
    <extensions>
     <gpxtpx:TrackPointExtension>
      <gpxtpx:hr>141</gpxtpx:hr>
     </gpxtpx:TrackPointExtension>
    </extensions>
   </trkpt>
   <trkpt lat="69.6502130" lon="19.0201010">
    <ele>52.3</ele>
    <time>2025-02-28T15:48:21Z</time>
    <extensions>
     <gpxtpx:TrackPointExtension>
      <gpxtpx:hr>141</gpxtpx:hr>
     </gpxtpx:TrackPointExtension>
    </extensions>
   </trkpt>
   <trkpt lat="69.6502090" lon="19.0200460">
    <ele>51.5</ele>
    <time>2025-02-28T15:48:22Z</time>
    <extensions>
     <gpxtpx:TrackPointExtension>
      <gpxtpx:hr>141</gpxtpx:hr>
     </gpxtpx:TrackPointExtension>
    </extensions>
   </trkpt>
   <trkpt lat="69.6502130" lon="19.0199750">
    <ele>50.5</ele>
    <time>2025-02-28T15:48:23Z</time>
    <extensions>
     <gpxtpx:TrackPointExtension>
      <gpxtpx:hr>141</gpxtpx:hr>
     </gpxtpx:TrackPointExtension>
    </extensions>
   </trkpt>
   <trkpt lat="69.6502170" lon="19.0199340">
    <ele>49.9</ele>
    <time>2025-02-28T15:48:24Z</time>
    <extensions>
     <gpxtpx:TrackPointExtension>
      <gpxtpx:hr>141</gpxtpx:hr>
     </gpxtpx:TrackPointExtension>
    </extensions>
   </trkpt>
   <trkpt lat="69.6502150" lon="19.0198830">
    <ele>49.2</ele>
    <time>2025-02-28T15:48:25Z</time>
    <extensions>
     <gpxtpx:TrackPointExtension>
      <gpxtpx:hr>141</gpxtpx:hr>
     </gpxtpx:TrackPointExtension>
    </extensions>
   </trkpt>
   <trkpt lat="69.6502150" lon="19.0198060">
    <ele>48.2</ele>
    <time>2025-02-28T15:48:26Z</time>
    <extensions>
     <gpxtpx:TrackPointExtension>
      <gpxtpx:hr>143</gpxtpx:hr>
     </gpxtpx:TrackPointExtension>
    </extensions>
   </trkpt>
   <trkpt lat="69.6502100" lon="19.0197860">
    <ele>47.8</ele>
    <time>2025-02-28T15:48:27Z</time>
    <extensions>
     <gpxtpx:TrackPointExtension>
      <gpxtpx:hr>143</gpxtpx:hr>
     </gpxtpx:TrackPointExtension>
    </extensions>
   </trkpt>
   <trkpt lat="69.6502140" lon="19.0197190">
    <ele>46.9</ele>
    <time>2025-02-28T15:48:28Z</time>
    <extensions>
     <gpxtpx:TrackPointExtension>
      <gpxtpx:hr>143</gpxtpx:hr>
     </gpxtpx:TrackPointExtension>
    </extensions>
   </trkpt>
   <trkpt lat="69.6502150" lon="19.0196960">
    <ele>46.6</ele>
    <time>2025-02-28T15:48:29Z</time>
    <extensions>
     <gpxtpx:TrackPointExtension>
      <gpxtpx:hr>143</gpxtpx:hr>
     </gpxtpx:TrackPointExtension>
    </extensions>
   </trkpt>
   <trkpt lat="69.6502150" lon="19.0196740">
    <ele>46.3</ele>
    <time>2025-02-28T15:48:30Z</time>
    <extensions>
     <gpxtpx:TrackPointExtension>
      <gpxtpx:hr>143</gpxtpx:hr>
     </gpxtpx:TrackPointExtension>
    </extensions>
   </trkpt>
   <trkpt lat="69.6502170" lon="19.0196460">
    <ele>45.9</ele>
    <time>2025-02-28T15:48:31Z</time>
    <extensions>
     <gpxtpx:TrackPointExtension>
      <gpxtpx:hr>143</gpxtpx:hr>
     </gpxtpx:TrackPointExtension>
    </extensions>
   </trkpt>
   <trkpt lat="69.6502250" lon="19.0196110">
    <ele>45.4</ele>
    <time>2025-02-28T15:48:32Z</time>
    <extensions>
     <gpxtpx:TrackPointExtension>
      <gpxtpx:hr>143</gpxtpx:hr>
     </gpxtpx:TrackPointExtension>
    </extensions>
   </trkpt>
   <trkpt lat="69.6502320" lon="19.0195720">
    <ele>44.8</ele>
    <time>2025-02-28T15:48:33Z</time>
    <extensions>
     <gpxtpx:TrackPointExtension>
      <gpxtpx:hr>143</gpxtpx:hr>
     </gpxtpx:TrackPointExtension>
    </extensions>
   </trkpt>
   <trkpt lat="69.6502280" lon="19.0195560">
    <ele>44.6</ele>
    <time>2025-02-28T15:48:34Z</time>
    <extensions>
     <gpxtpx:TrackPointExtension>
      <gpxtpx:hr>143</gpxtpx:hr>
     </gpxtpx:TrackPointExtension>
    </extensions>
   </trkpt>
   <trkpt lat="69.6502280" lon="19.0195560">
    <ele>44.6</ele>
    <time>2025-02-28T15:48:35Z</time>
    <extensions>
     <gpxtpx:TrackPointExtension>
      <gpxtpx:hr>143</gpxtpx:hr>
     </gpxtpx:TrackPointExtension>
    </extensions>
   </trkpt>
   <trkpt lat="69.6502270" lon="19.0195270">
    <ele>44.2</ele>
    <time>2025-02-28T15:48:36Z</time>
    <extensions>
     <gpxtpx:TrackPointExtension>
      <gpxtpx:hr>143</gpxtpx:hr>
     </gpxtpx:TrackPointExtension>
    </extensions>
   </trkpt>
   <trkpt lat="69.6502310" lon="19.0194900">
    <ele>43.7</ele>
    <time>2025-02-28T15:48:37Z</time>
    <extensions>
     <gpxtpx:TrackPointExtension>
      <gpxtpx:hr>143</gpxtpx:hr>
     </gpxtpx:TrackPointExtension>
    </extensions>
   </trkpt>
   <trkpt lat="69.6502380" lon="19.0194470">
    <ele>43.2</ele>
    <time>2025-02-28T15:48:38Z</time>
    <extensions>
     <gpxtpx:TrackPointExtension>
      <gpxtpx:hr>143</gpxtpx:hr>
     </gpxtpx:TrackPointExtension>
    </extensions>
   </trkpt>
   <trkpt lat="69.6502480" lon="19.0194060">
    <ele>42.5</ele>
    <time>2025-02-28T15:48:39Z</time>
    <extensions>
     <gpxtpx:TrackPointExtension>
      <gpxtpx:hr>143</gpxtpx:hr>
     </gpxtpx:TrackPointExtension>
    </extensions>
   </trkpt>
   <trkpt lat="69.6502500" lon="19.0193880">
    <ele>42.3</ele>
    <time>2025-02-28T15:48:40Z</time>
    <extensions>
     <gpxtpx:TrackPointExtension>
      <gpxtpx:hr>143</gpxtpx:hr>
     </gpxtpx:TrackPointExtension>
    </extensions>
   </trkpt>
   <trkpt lat="69.6502530" lon="19.0193710">
    <ele>42.1</ele>
    <time>2025-02-28T15:48:41Z</time>
    <extensions>
     <gpxtpx:TrackPointExtension>
      <gpxtpx:hr>143</gpxtpx:hr>
     </gpxtpx:TrackPointExtension>
    </extensions>
   </trkpt>
   <trkpt lat="69.6502550" lon="19.0193530">
    <ele>41.8</ele>
    <time>2025-02-28T15:48:42Z</time>
    <extensions>
     <gpxtpx:TrackPointExtension>
      <gpxtpx:hr>143</gpxtpx:hr>
     </gpxtpx:TrackPointExtension>
    </extensions>
   </trkpt>
   <trkpt lat="69.6502570" lon="19.0193360">
    <ele>41.6</ele>
    <time>2025-02-28T15:48:43Z</time>
    <extensions>
     <gpxtpx:TrackPointExtension>
      <gpxtpx:hr>142</gpxtpx:hr>
     </gpxtpx:TrackPointExtension>
    </extensions>
   </trkpt>
   <trkpt lat="69.6502610" lon="19.0192870">
    <ele>41.0</ele>
    <time>2025-02-28T15:48:44Z</time>
    <extensions>
     <gpxtpx:TrackPointExtension>
      <gpxtpx:hr>142</gpxtpx:hr>
     </gpxtpx:TrackPointExtension>
    </extensions>
   </trkpt>
   <trkpt lat="69.6502830" lon="19.0192440">
    <ele>40.1</ele>
    <time>2025-02-28T15:48:45Z</time>
    <extensions>
     <gpxtpx:TrackPointExtension>
      <gpxtpx:hr>142</gpxtpx:hr>
     </gpxtpx:TrackPointExtension>
    </extensions>
   </trkpt>
   <trkpt lat="69.6502970" lon="19.0192300">
    <ele>39.6</ele>
    <time>2025-02-28T15:48:46Z</time>
    <extensions>
     <gpxtpx:TrackPointExtension>
      <gpxtpx:hr>142</gpxtpx:hr>
     </gpxtpx:TrackPointExtension>
    </extensions>
   </trkpt>
   <trkpt lat="69.6502960" lon="19.0191990">
    <ele>39.2</ele>
    <time>2025-02-28T15:48:47Z</time>
    <extensions>
     <gpxtpx:TrackPointExtension>
      <gpxtpx:hr>140</gpxtpx:hr>
     </gpxtpx:TrackPointExtension>
    </extensions>
   </trkpt>
   <trkpt lat="69.6502970" lon="19.0191730">
    <ele>38.9</ele>
    <time>2025-02-28T15:48:48Z</time>
    <extensions>
     <gpxtpx:TrackPointExtension>
      <gpxtpx:hr>140</gpxtpx:hr>
     </gpxtpx:TrackPointExtension>
    </extensions>
   </trkpt>
   <trkpt lat="69.6502990" lon="19.0191320">
    <ele>38.4</ele>
    <time>2025-02-28T15:48:49Z</time>
    <extensions>
     <gpxtpx:TrackPointExtension>
      <gpxtpx:hr>140</gpxtpx:hr>
     </gpxtpx:TrackPointExtension>
    </extensions>
   </trkpt>
   <trkpt lat="69.6503030" lon="19.0191070">
    <ele>38.1</ele>
    <time>2025-02-28T15:48:50Z</time>
    <extensions>
     <gpxtpx:TrackPointExtension>
      <gpxtpx:hr>140</gpxtpx:hr>
     </gpxtpx:TrackPointExtension>
    </extensions>
   </trkpt>
   <trkpt lat="69.6503000" lon="19.0190760">
    <ele>37.7</ele>
    <time>2025-02-28T15:48:51Z</time>
    <extensions>
     <gpxtpx:TrackPointExtension>
      <gpxtpx:hr>139</gpxtpx:hr>
     </gpxtpx:TrackPointExtension>
    </extensions>
   </trkpt>
   <trkpt lat="69.6502850" lon="19.0190620">
    <ele>37.2</ele>
    <time>2025-02-28T15:48:52Z</time>
    <extensions>
     <gpxtpx:TrackPointExtension>
      <gpxtpx:hr>139</gpxtpx:hr>
     </gpxtpx:TrackPointExtension>
    </extensions>
   </trkpt>
   <trkpt lat="69.6502710" lon="19.0190460">
    <ele>36.6</ele>
    <time>2025-02-28T15:48:53Z</time>
    <extensions>
     <gpxtpx:TrackPointExtension>
      <gpxtpx:hr>139</gpxtpx:hr>
     </gpxtpx:TrackPointExtension>
    </extensions>
   </trkpt>
   <trkpt lat="69.6502660" lon="19.0190520">
    <ele>36.5</ele>
    <time>2025-02-28T15:48:54Z</time>
    <extensions>
     <gpxtpx:TrackPointExtension>
      <gpxtpx:hr>139</gpxtpx:hr>
     </gpxtpx:TrackPointExtension>
    </extensions>
   </trkpt>
   <trkpt lat="69.6502640" lon="19.0190220">
    <ele>36.0</ele>
    <time>2025-02-28T15:48:55Z</time>
    <extensions>
     <gpxtpx:TrackPointExtension>
      <gpxtpx:hr>139</gpxtpx:hr>
     </gpxtpx:TrackPointExtension>
    </extensions>
   </trkpt>
   <trkpt lat="69.6502630" lon="19.0190060">
    <ele>35.8</ele>
    <time>2025-02-28T15:48:56Z</time>
    <extensions>
     <gpxtpx:TrackPointExtension>
      <gpxtpx:hr>139</gpxtpx:hr>
     </gpxtpx:TrackPointExtension>
    </extensions>
   </trkpt>
   <trkpt lat="69.6502630" lon="19.0189690">
    <ele>35.3</ele>
    <time>2025-02-28T15:48:57Z</time>
    <extensions>
     <gpxtpx:TrackPointExtension>
      <gpxtpx:hr>139</gpxtpx:hr>
     </gpxtpx:TrackPointExtension>
    </extensions>
   </trkpt>
   <trkpt lat="69.6502580" lon="19.0189030">
    <ele>34.5</ele>
    <time>2025-02-28T15:48:58Z</time>
    <extensions>
     <gpxtpx:TrackPointExtension>
      <gpxtpx:hr>139</gpxtpx:hr>
     </gpxtpx:TrackPointExtension>
    </extensions>
   </trkpt>
   <trkpt lat="69.6502540" lon="19.0188600">
    <ele>33.9</ele>
    <time>2025-02-28T15:48:59Z</time>
    <extensions>
     <gpxtpx:TrackPointExtension>
      <gpxtpx:hr>138</gpxtpx:hr>
     </gpxtpx:TrackPointExtension>
    </extensions>
   </trkpt>
   <trkpt lat="69.6502510" lon="19.0188450">
    <ele>33.7</ele>
    <time>2025-02-28T15:49:00Z</time>
    <extensions>
     <gpxtpx:TrackPointExtension>
      <gpxtpx:hr>138</gpxtpx:hr>
     </gpxtpx:TrackPointExtension>
    </extensions>
   </trkpt>
   <trkpt lat="69.6502490" lon="19.0188290">
    <ele>33.5</ele>
    <time>2025-02-28T15:49:01Z</time>
    <extensions>
     <gpxtpx:TrackPointExtension>
      <gpxtpx:hr>138</gpxtpx:hr>
     </gpxtpx:TrackPointExtension>
    </extensions>
   </trkpt>
   <trkpt lat="69.6502460" lon="19.0188140">
    <ele>33.2</ele>
    <time>2025-02-28T15:49:02Z</time>
    <extensions>
     <gpxtpx:TrackPointExtension>
      <gpxtpx:hr>138</gpxtpx:hr>
     </gpxtpx:TrackPointExtension>
    </extensions>
   </trkpt>
   <trkpt lat="69.6502430" lon="19.0187980">
    <ele>33.0</ele>
    <time>2025-02-28T15:49:03Z</time>
    <extensions>
     <gpxtpx:TrackPointExtension>
      <gpxtpx:hr>138</gpxtpx:hr>
     </gpxtpx:TrackPointExtension>
    </extensions>
   </trkpt>
   <trkpt lat="69.6502370" lon="19.0187910">
    <ele>32.8</ele>
    <time>2025-02-28T15:49:04Z</time>
    <extensions>
     <gpxtpx:TrackPointExtension>
      <gpxtpx:hr>138</gpxtpx:hr>
     </gpxtpx:TrackPointExtension>
    </extensions>
   </trkpt>
   <trkpt lat="69.6502310" lon="19.0187560">
    <ele>32.3</ele>
    <time>2025-02-28T15:49:05Z</time>
    <extensions>
     <gpxtpx:TrackPointExtension>
      <gpxtpx:hr>145</gpxtpx:hr>
     </gpxtpx:TrackPointExtension>
    </extensions>
   </trkpt>
   <trkpt lat="69.6502320" lon="19.0187450">
    <ele>32.2</ele>
    <time>2025-02-28T15:49:06Z</time>
    <extensions>
     <gpxtpx:TrackPointExtension>
      <gpxtpx:hr>145</gpxtpx:hr>
     </gpxtpx:TrackPointExtension>
    </extensions>
   </trkpt>
   <trkpt lat="69.6502290" lon="19.0187140">
    <ele>31.8</ele>
    <time>2025-02-28T15:49:07Z</time>
    <extensions>
     <gpxtpx:TrackPointExtension>
      <gpxtpx:hr>145</gpxtpx:hr>
     </gpxtpx:TrackPointExtension>
    </extensions>
   </trkpt>
   <trkpt lat="69.6502250" lon="19.0186830">
    <ele>31.4</ele>
    <time>2025-02-28T15:49:08Z</time>
    <extensions>
     <gpxtpx:TrackPointExtension>
      <gpxtpx:hr>146</gpxtpx:hr>
     </gpxtpx:TrackPointExtension>
    </extensions>
   </trkpt>
   <trkpt lat="69.6502210" lon="19.0186230">
    <ele>30.7</ele>
    <time>2025-02-28T15:49:09Z</time>
    <extensions>
     <gpxtpx:TrackPointExtension>
      <gpxtpx:hr>146</gpxtpx:hr>
     </gpxtpx:TrackPointExtension>
    </extensions>
   </trkpt>
   <trkpt lat="69.6502200" lon="19.0185820">
    <ele>30.2</ele>
    <time>2025-02-28T15:49:10Z</time>
    <extensions>
     <gpxtpx:TrackPointExtension>
      <gpxtpx:hr>146</gpxtpx:hr>
     </gpxtpx:TrackPointExtension>
    </extensions>
   </trkpt>
   <trkpt lat="69.6502180" lon="19.0185400">
    <ele>29.7</ele>
    <time>2025-02-28T15:49:11Z</time>
    <extensions>
     <gpxtpx:TrackPointExtension>
      <gpxtpx:hr>146</gpxtpx:hr>
     </gpxtpx:TrackPointExtension>
    </extensions>
   </trkpt>
   <trkpt lat="69.6502170" lon="19.0184990">
    <ele>29.3</ele>
    <time>2025-02-28T15:49:12Z</time>
    <extensions>
     <gpxtpx:TrackPointExtension>
      <gpxtpx:hr>146</gpxtpx:hr>
     </gpxtpx:TrackPointExtension>
    </extensions>
   </trkpt>
   <trkpt lat="69.6502160" lon="19.0184580">
    <ele>28.9</ele>
    <time>2025-02-28T15:49:13Z</time>
    <extensions>
     <gpxtpx:TrackPointExtension>
      <gpxtpx:hr>146</gpxtpx:hr>
     </gpxtpx:TrackPointExtension>
    </extensions>
   </trkpt>
   <trkpt lat="69.6502080" lon="19.0184010">
    <ele>28.2</ele>
    <time>2025-02-28T15:49:14Z</time>
    <extensions>
     <gpxtpx:TrackPointExtension>
      <gpxtpx:hr>146</gpxtpx:hr>
     </gpxtpx:TrackPointExtension>
    </extensions>
   </trkpt>
   <trkpt lat="69.6502010" lon="19.0183760">
    <ele>27.9</ele>
    <time>2025-02-28T15:49:15Z</time>
    <extensions>
     <gpxtpx:TrackPointExtension>
      <gpxtpx:hr>146</gpxtpx:hr>
     </gpxtpx:TrackPointExtension>
    </extensions>
   </trkpt>
   <trkpt lat="69.6501930" lon="19.0183520">
    <ele>27.6</ele>
    <time>2025-02-28T15:49:16Z</time>
    <extensions>
     <gpxtpx:TrackPointExtension>
      <gpxtpx:hr>146</gpxtpx:hr>
     </gpxtpx:TrackPointExtension>
    </extensions>
   </trkpt>
   <trkpt lat="69.6501860" lon="19.0183040">
    <ele>27.1</ele>
    <time>2025-02-28T15:49:17Z</time>
    <extensions>
     <gpxtpx:TrackPointExtension>
      <gpxtpx:hr>146</gpxtpx:hr>
     </gpxtpx:TrackPointExtension>
    </extensions>
   </trkpt>
   <trkpt lat="69.6501880" lon="19.0182910">
    <ele>27.0</ele>
    <time>2025-02-28T15:49:18Z</time>
    <extensions>
     <gpxtpx:TrackPointExtension>
      <gpxtpx:hr>145</gpxtpx:hr>
     </gpxtpx:TrackPointExtension>
    </extensions>
   </trkpt>
   <trkpt lat="69.6501960" lon="19.0182970">
    <ele>26.8</ele>
    <time>2025-02-28T15:49:19Z</time>
    <extensions>
     <gpxtpx:TrackPointExtension>
      <gpxtpx:hr>145</gpxtpx:hr>
     </gpxtpx:TrackPointExtension>
    </extensions>
   </trkpt>
   <trkpt lat="69.6502020" lon="19.0182310">
    <ele>26.3</ele>
    <time>2025-02-28T15:49:20Z</time>
    <extensions>
     <gpxtpx:TrackPointExtension>
      <gpxtpx:hr>145</gpxtpx:hr>
     </gpxtpx:TrackPointExtension>
    </extensions>
   </trkpt>
   <trkpt lat="69.6501930" lon="19.0182290">
    <ele>26.1</ele>
    <time>2025-02-28T15:49:21Z</time>
    <extensions>
     <gpxtpx:TrackPointExtension>
      <gpxtpx:hr>145</gpxtpx:hr>
     </gpxtpx:TrackPointExtension>
    </extensions>
   </trkpt>
   <trkpt lat="69.6501820" lon="19.0182160">
    <ele>25.8</ele>
    <time>2025-02-28T15:49:22Z</time>
    <extensions>
     <gpxtpx:TrackPointExtension>
      <gpxtpx:hr>145</gpxtpx:hr>
     </gpxtpx:TrackPointExtension>
    </extensions>
   </trkpt>
   <trkpt lat="69.6501730" lon="19.0181860">
    <ele>25.5</ele>
    <time>2025-02-28T15:49:23Z</time>
    <extensions>
     <gpxtpx:TrackPointExtension>
      <gpxtpx:hr>145</gpxtpx:hr>
     </gpxtpx:TrackPointExtension>
    </extensions>
   </trkpt>
   <trkpt lat="69.6501600" lon="19.0181630">
    <ele>25.2</ele>
    <time>2025-02-28T15:49:24Z</time>
    <extensions>
     <gpxtpx:TrackPointExtension>
      <gpxtpx:hr>145</gpxtpx:hr>
     </gpxtpx:TrackPointExtension>
    </extensions>
   </trkpt>
   <trkpt lat="69.6501560" lon="19.0181040">
    <ele>24.8</ele>
    <time>2025-02-28T15:49:25Z</time>
    <extensions>
     <gpxtpx:TrackPointExtension>
      <gpxtpx:hr>141</gpxtpx:hr>
     </gpxtpx:TrackPointExtension>
    </extensions>
   </trkpt>
   <trkpt lat="69.6501610" lon="19.0180710">
    <ele>24.6</ele>
    <time>2025-02-28T15:49:26Z</time>
    <extensions>
     <gpxtpx:TrackPointExtension>
      <gpxtpx:hr>141</gpxtpx:hr>
     </gpxtpx:TrackPointExtension>
    </extensions>
   </trkpt>
   <trkpt lat="69.6501660" lon="19.0180330">
    <ele>24.4</ele>
    <time>2025-02-28T15:49:27Z</time>
    <extensions>
     <gpxtpx:TrackPointExtension>
      <gpxtpx:hr>141</gpxtpx:hr>
     </gpxtpx:TrackPointExtension>
    </extensions>
   </trkpt>
   <trkpt lat="69.6501710" lon="19.0180010">
    <ele>24.3</ele>
    <time>2025-02-28T15:49:28Z</time>
    <extensions>
     <gpxtpx:TrackPointExtension>
      <gpxtpx:hr>141</gpxtpx:hr>
     </gpxtpx:TrackPointExtension>
    </extensions>
   </trkpt>
   <trkpt lat="69.6501840" lon="19.0180080">
    <ele>24.1</ele>
    <time>2025-02-28T15:49:29Z</time>
    <extensions>
     <gpxtpx:TrackPointExtension>
      <gpxtpx:hr>141</gpxtpx:hr>
     </gpxtpx:TrackPointExtension>
    </extensions>
   </trkpt>
   <trkpt lat="69.6501910" lon="19.0180030">
    <ele>24.0</ele>
    <time>2025-02-28T15:49:30Z</time>
    <extensions>
     <gpxtpx:TrackPointExtension>
      <gpxtpx:hr>138</gpxtpx:hr>
     </gpxtpx:TrackPointExtension>
    </extensions>
   </trkpt>
   <trkpt lat="69.6501860" lon="19.0179700">
    <ele>23.9</ele>
    <time>2025-02-28T15:49:31Z</time>
    <extensions>
     <gpxtpx:TrackPointExtension>
      <gpxtpx:hr>138</gpxtpx:hr>
     </gpxtpx:TrackPointExtension>
    </extensions>
   </trkpt>
   <trkpt lat="69.6501760" lon="19.0179570">
    <ele>23.8</ele>
    <time>2025-02-28T15:49:32Z</time>
    <extensions>
     <gpxtpx:TrackPointExtension>
      <gpxtpx:hr>138</gpxtpx:hr>
     </gpxtpx:TrackPointExtension>
    </extensions>
   </trkpt>
   <trkpt lat="69.6501760" lon="19.0179530">
    <ele>23.8</ele>
    <time>2025-02-28T15:49:33Z</time>
    <extensions>
     <gpxtpx:TrackPointExtension>
      <gpxtpx:hr>138</gpxtpx:hr>
     </gpxtpx:TrackPointExtension>
    </extensions>
   </trkpt>
   <trkpt lat="69.6501640" lon="19.0178810">
    <ele>23.6</ele>
    <time>2025-02-28T15:49:34Z</time>
    <extensions>
     <gpxtpx:TrackPointExtension>
      <gpxtpx:hr>138</gpxtpx:hr>
     </gpxtpx:TrackPointExtension>
    </extensions>
   </trkpt>
   <trkpt lat="69.6501570" lon="19.0178820">
    <ele>23.5</ele>
    <time>2025-02-28T15:49:35Z</time>
    <extensions>
     <gpxtpx:TrackPointExtension>
      <gpxtpx:hr>138</gpxtpx:hr>
     </gpxtpx:TrackPointExtension>
    </extensions>
   </trkpt>
   <trkpt lat="69.6501610" lon="19.0178920">
    <ele>23.5</ele>
    <time>2025-02-28T15:49:36Z</time>
    <extensions>
     <gpxtpx:TrackPointExtension>
      <gpxtpx:hr>138</gpxtpx:hr>
     </gpxtpx:TrackPointExtension>
    </extensions>
   </trkpt>
   <trkpt lat="69.6501570" lon="19.0178770">
    <ele>23.5</ele>
    <time>2025-02-28T15:49:37Z</time>
    <extensions>
     <gpxtpx:TrackPointExtension>
      <gpxtpx:hr>138</gpxtpx:hr>
     </gpxtpx:TrackPointExtension>
    </extensions>
   </trkpt>
   <trkpt lat="69.6501610" lon="19.0178410">
    <ele>23.4</ele>
    <time>2025-02-28T15:49:38Z</time>
    <extensions>
     <gpxtpx:TrackPointExtension>
      <gpxtpx:hr>138</gpxtpx:hr>
     </gpxtpx:TrackPointExtension>
    </extensions>
   </trkpt>
   <trkpt lat="69.6501590" lon="19.0178090">
    <ele>23.4</ele>
    <time>2025-02-28T15:49:39Z</time>
    <extensions>
     <gpxtpx:TrackPointExtension>
      <gpxtpx:hr>138</gpxtpx:hr>
     </gpxtpx:TrackPointExtension>
    </extensions>
   </trkpt>
   <trkpt lat="69.6501530" lon="19.0177970">
    <ele>23.3</ele>
    <time>2025-02-28T15:49:40Z</time>
    <extensions>
     <gpxtpx:TrackPointExtension>
      <gpxtpx:hr>138</gpxtpx:hr>
     </gpxtpx:TrackPointExtension>
    </extensions>
   </trkpt>
   <trkpt lat="69.6501460" lon="19.0177700">
    <ele>23.2</ele>
    <time>2025-02-28T15:49:41Z</time>
    <extensions>
     <gpxtpx:TrackPointExtension>
      <gpxtpx:hr>138</gpxtpx:hr>
     </gpxtpx:TrackPointExtension>
    </extensions>
   </trkpt>
   <trkpt lat="69.6501420" lon="19.0177420">
    <ele>23.2</ele>
    <time>2025-02-28T15:49:42Z</time>
    <extensions>
     <gpxtpx:TrackPointExtension>
      <gpxtpx:hr>138</gpxtpx:hr>
     </gpxtpx:TrackPointExtension>
    </extensions>
   </trkpt>
   <trkpt lat="69.6501310" lon="19.0176930">
    <ele>23.0</ele>
    <time>2025-02-28T15:49:43Z</time>
    <extensions>
     <gpxtpx:TrackPointExtension>
      <gpxtpx:hr>138</gpxtpx:hr>
     </gpxtpx:TrackPointExtension>
    </extensions>
   </trkpt>
   <trkpt lat="69.6501300" lon="19.0176700">
    <ele>22.9</ele>
    <time>2025-02-28T15:49:44Z</time>
    <extensions>
     <gpxtpx:TrackPointExtension>
      <gpxtpx:hr>138</gpxtpx:hr>
     </gpxtpx:TrackPointExtension>
    </extensions>
   </trkpt>
   <trkpt lat="69.6501180" lon="19.0176580">
    <ele>22.8</ele>
    <time>2025-02-28T15:49:45Z</time>
    <extensions>
     <gpxtpx:TrackPointExtension>
      <gpxtpx:hr>138</gpxtpx:hr>
     </gpxtpx:TrackPointExtension>
    </extensions>
   </trkpt>
   <trkpt lat="69.6500940" lon="19.0176290">
    <ele>22.5</ele>
    <time>2025-02-28T15:49:46Z</time>
    <extensions>
     <gpxtpx:TrackPointExtension>
      <gpxtpx:hr>138</gpxtpx:hr>
     </gpxtpx:TrackPointExtension>
    </extensions>
   </trkpt>
   <trkpt lat="69.6500790" lon="19.0176150">
    <ele>22.3</ele>
    <time>2025-02-28T15:49:47Z</time>
    <extensions>
     <gpxtpx:TrackPointExtension>
      <gpxtpx:hr>138</gpxtpx:hr>
     </gpxtpx:TrackPointExtension>
    </extensions>
   </trkpt>
   <trkpt lat="69.6500770" lon="19.0175850">
    <ele>22.1</ele>
    <time>2025-02-28T15:49:48Z</time>
    <extensions>
     <gpxtpx:TrackPointExtension>
      <gpxtpx:hr>138</gpxtpx:hr>
     </gpxtpx:TrackPointExtension>
    </extensions>
   </trkpt>
   <trkpt lat="69.6500720" lon="19.0175640">
    <ele>22.0</ele>
    <time>2025-02-28T15:49:49Z</time>
    <extensions>
     <gpxtpx:TrackPointExtension>
      <gpxtpx:hr>138</gpxtpx:hr>
     </gpxtpx:TrackPointExtension>
    </extensions>
   </trkpt>
   <trkpt lat="69.6500590" lon="19.0175150">
    <ele>21.6</ele>
    <time>2025-02-28T15:49:50Z</time>
    <extensions>
     <gpxtpx:TrackPointExtension>
      <gpxtpx:hr>138</gpxtpx:hr>
     </gpxtpx:TrackPointExtension>
    </extensions>
   </trkpt>
   <trkpt lat="69.6500550" lon="19.0174940">
    <ele>21.5</ele>
    <time>2025-02-28T15:49:51Z</time>
    <extensions>
     <gpxtpx:TrackPointExtension>
      <gpxtpx:hr>137</gpxtpx:hr>
     </gpxtpx:TrackPointExtension>
    </extensions>
   </trkpt>
   <trkpt lat="69.6500450" lon="19.0174470">
    <ele>21.1</ele>
    <time>2025-02-28T15:49:52Z</time>
    <extensions>
     <gpxtpx:TrackPointExtension>
      <gpxtpx:hr>137</gpxtpx:hr>
     </gpxtpx:TrackPointExtension>
    </extensions>
   </trkpt>
   <trkpt lat="69.6500350" lon="19.0174120">
    <ele>20.8</ele>
    <time>2025-02-28T15:49:53Z</time>
    <extensions>
     <gpxtpx:TrackPointExtension>
      <gpxtpx:hr>137</gpxtpx:hr>
     </gpxtpx:TrackPointExtension>
    </extensions>
   </trkpt>
   <trkpt lat="69.6500220" lon="19.0173840">
    <ele>20.4</ele>
    <time>2025-02-28T15:49:54Z</time>
    <extensions>
     <gpxtpx:TrackPointExtension>
      <gpxtpx:hr>137</gpxtpx:hr>
     </gpxtpx:TrackPointExtension>
    </extensions>
   </trkpt>
   <trkpt lat="69.6500080" lon="19.0173310">
    <ele>19.9</ele>
    <time>2025-02-28T15:49:55Z</time>
    <extensions>
     <gpxtpx:TrackPointExtension>
      <gpxtpx:hr>137</gpxtpx:hr>
     </gpxtpx:TrackPointExtension>
    </extensions>
   </trkpt>
   <trkpt lat="69.6500060" lon="19.0173150">
    <ele>19.8</ele>
    <time>2025-02-28T15:49:56Z</time>
    <extensions>
     <gpxtpx:TrackPointExtension>
      <gpxtpx:hr>137</gpxtpx:hr>
     </gpxtpx:TrackPointExtension>
    </extensions>
   </trkpt>
   <trkpt lat="69.6499970" lon="19.0172020">
    <ele>18.8</ele>
    <time>2025-02-28T15:49:57Z</time>
    <extensions>
     <gpxtpx:TrackPointExtension>
      <gpxtpx:hr>137</gpxtpx:hr>
     </gpxtpx:TrackPointExtension>
    </extensions>
   </trkpt>
   <trkpt lat="69.6499900" lon="19.0171690">
    <ele>18.5</ele>
    <time>2025-02-28T15:49:58Z</time>
    <extensions>
     <gpxtpx:TrackPointExtension>
      <gpxtpx:hr>137</gpxtpx:hr>
     </gpxtpx:TrackPointExtension>
    </extensions>
   </trkpt>
   <trkpt lat="69.6499840" lon="19.0171370">
    <ele>18.4</ele>
    <time>2025-02-28T15:49:59Z</time>
    <extensions>
     <gpxtpx:TrackPointExtension>
      <gpxtpx:hr>137</gpxtpx:hr>
     </gpxtpx:TrackPointExtension>
    </extensions>
   </trkpt>
   <trkpt lat="69.6499410" lon="19.0170770">
    <ele>18.0</ele>
    <time>2025-02-28T15:50:00Z</time>
    <extensions>
     <gpxtpx:TrackPointExtension>
      <gpxtpx:hr>139</gpxtpx:hr>
     </gpxtpx:TrackPointExtension>
    </extensions>
   </trkpt>
   <trkpt lat="69.6499310" lon="19.0170610">
    <ele>17.9</ele>
    <time>2025-02-28T15:50:01Z</time>
    <extensions>
     <gpxtpx:TrackPointExtension>
      <gpxtpx:hr>139</gpxtpx:hr>
     </gpxtpx:TrackPointExtension>
    </extensions>
   </trkpt>
   <trkpt lat="69.6498940" lon="19.0169740">
    <ele>17.5</ele>
    <time>2025-02-28T15:50:02Z</time>
    <extensions>
     <gpxtpx:TrackPointExtension>
      <gpxtpx:hr>139</gpxtpx:hr>
     </gpxtpx:TrackPointExtension>
    </extensions>
   </trkpt>
   <trkpt lat="69.6498820" lon="19.0169300">
    <ele>17.4</ele>
    <time>2025-02-28T15:50:03Z</time>
    <extensions>
     <gpxtpx:TrackPointExtension>
      <gpxtpx:hr>143</gpxtpx:hr>
     </gpxtpx:TrackPointExtension>
    </extensions>
   </trkpt>
   <trkpt lat="69.6498700" lon="19.0168850">
    <ele>17.1</ele>
    <time>2025-02-28T15:50:04Z</time>
    <extensions>
     <gpxtpx:TrackPointExtension>
      <gpxtpx:hr>143</gpxtpx:hr>
     </gpxtpx:TrackPointExtension>
    </extensions>
   </trkpt>
   <trkpt lat="69.6498520" lon="19.0168560">
    <ele>16.9</ele>
    <time>2025-02-28T15:50:05Z</time>
    <extensions>
     <gpxtpx:TrackPointExtension>
      <gpxtpx:hr>143</gpxtpx:hr>
     </gpxtpx:TrackPointExtension>
    </extensions>
   </trkpt>
   <trkpt lat="69.6498430" lon="19.0168480">
    <ele>16.8</ele>
    <time>2025-02-28T15:50:06Z</time>
    <extensions>
     <gpxtpx:TrackPointExtension>
      <gpxtpx:hr>144</gpxtpx:hr>
     </gpxtpx:TrackPointExtension>
    </extensions>
   </trkpt>
   <trkpt lat="69.6498340" lon="19.0168400">
    <ele>16.6</ele>
    <time>2025-02-28T15:50:07Z</time>
    <extensions>
     <gpxtpx:TrackPointExtension>
      <gpxtpx:hr>144</gpxtpx:hr>
     </gpxtpx:TrackPointExtension>
    </extensions>
   </trkpt>
   <trkpt lat="69.6498150" lon="19.0167790">
    <ele>16.2</ele>
    <time>2025-02-28T15:50:08Z</time>
    <extensions>
     <gpxtpx:TrackPointExtension>
      <gpxtpx:hr>144</gpxtpx:hr>
     </gpxtpx:TrackPointExtension>
    </extensions>
   </trkpt>
   <trkpt lat="69.6498070" lon="19.0167570">
    <ele>16.0</ele>
    <time>2025-02-28T15:50:09Z</time>
    <extensions>
     <gpxtpx:TrackPointExtension>
      <gpxtpx:hr>144</gpxtpx:hr>
     </gpxtpx:TrackPointExtension>
    </extensions>
   </trkpt>
   <trkpt lat="69.6497800" lon="19.0167190">
    <ele>15.5</ele>
    <time>2025-02-28T15:50:10Z</time>
    <extensions>
     <gpxtpx:TrackPointExtension>
      <gpxtpx:hr>144</gpxtpx:hr>
     </gpxtpx:TrackPointExtension>
    </extensions>
   </trkpt>
   <trkpt lat="69.6497700" lon="19.0167010">
    <ele>15.3</ele>
    <time>2025-02-28T15:50:11Z</time>
    <extensions>
     <gpxtpx:TrackPointExtension>
      <gpxtpx:hr>144</gpxtpx:hr>
     </gpxtpx:TrackPointExtension>
    </extensions>
   </trkpt>
   <trkpt lat="69.6497590" lon="19.0166840">
    <ele>15.0</ele>
    <time>2025-02-28T15:50:12Z</time>
    <extensions>
     <gpxtpx:TrackPointExtension>
      <gpxtpx:hr>144</gpxtpx:hr>
     </gpxtpx:TrackPointExtension>
    </extensions>
   </trkpt>
   <trkpt lat="69.6497310" lon="19.0166540">
    <ele>14.4</ele>
    <time>2025-02-28T15:50:13Z</time>
    <extensions>
     <gpxtpx:TrackPointExtension>
      <gpxtpx:hr>144</gpxtpx:hr>
     </gpxtpx:TrackPointExtension>
    </extensions>
   </trkpt>
   <trkpt lat="69.6497240" lon="19.0166520">
    <ele>14.3</ele>
    <time>2025-02-28T15:50:14Z</time>
    <extensions>
     <gpxtpx:TrackPointExtension>
      <gpxtpx:hr>144</gpxtpx:hr>
     </gpxtpx:TrackPointExtension>
    </extensions>
   </trkpt>
   <trkpt lat="69.6496980" lon="19.0166010">
    <ele>13.6</ele>
    <time>2025-02-28T15:50:15Z</time>
    <extensions>
     <gpxtpx:TrackPointExtension>
      <gpxtpx:hr>142</gpxtpx:hr>
     </gpxtpx:TrackPointExtension>
    </extensions>
   </trkpt>
   <trkpt lat="69.6496920" lon="19.0165800">
    <ele>13.5</ele>
    <time>2025-02-28T15:50:16Z</time>
    <extensions>
     <gpxtpx:TrackPointExtension>
      <gpxtpx:hr>142</gpxtpx:hr>
     </gpxtpx:TrackPointExtension>
    </extensions>
   </trkpt>
   <trkpt lat="69.6496850" lon="19.0165580">
    <ele>13.3</ele>
    <time>2025-02-28T15:50:17Z</time>
    <extensions>
     <gpxtpx:TrackPointExtension>
      <gpxtpx:hr>142</gpxtpx:hr>
     </gpxtpx:TrackPointExtension>
    </extensions>
   </trkpt>
   <trkpt lat="69.6496950" lon="19.0164930">
    <ele>12.8</ele>
    <time>2025-02-28T15:50:18Z</time>
    <extensions>
     <gpxtpx:TrackPointExtension>
      <gpxtpx:hr>143</gpxtpx:hr>
     </gpxtpx:TrackPointExtension>
    </extensions>
   </trkpt>
   <trkpt lat="69.6496950" lon="19.0164850">
    <ele>12.8</ele>
    <time>2025-02-28T15:50:19Z</time>
    <extensions>
     <gpxtpx:TrackPointExtension>
      <gpxtpx:hr>143</gpxtpx:hr>
     </gpxtpx:TrackPointExtension>
    </extensions>
   </trkpt>
   <trkpt lat="69.6496830" lon="19.0165250">
    <ele>12.4</ele>
    <time>2025-02-28T15:50:20Z</time>
    <extensions>
     <gpxtpx:TrackPointExtension>
      <gpxtpx:hr>143</gpxtpx:hr>
     </gpxtpx:TrackPointExtension>
    </extensions>
   </trkpt>
  </trkseg>
 </trk>
</gpx>
