<?xml version="1.0" encoding="UTF-8"?>
<gpx creator="StravaGPX" version="1.1" xmlns="http://www.topografix.com/GPX/1/1" xmlns:xsi="http://www.w3.org/2001/XMLSchema-instance" xsi:schemaLocation="http://www.topografix.com/GPX/1/1 http://www.topografix.com/GPX/1/1/gpx.xsd">
 <metadata>
  <time>2026-06-03T17:23:55Z</time>
 </metadata>
 <trk>
  <name>Siste skitur for i år. Nydelig nedkjøring helt til GPS stopp. Tromsdalstinden</name>
  <type>BackcountrySki</type>
  <trkseg>
   <trkpt lat="69.6024700" lon="19.0850850">
    <ele>328.0</ele>
    <time>2026-06-03T17:23:55Z</time>
   </trkpt>
   <trkpt lat="69.6024700" lon="19.0850850">
    <ele>328.0</ele>
    <time>2026-06-03T17:23:56Z</time>
   </trkpt>
   <trkpt lat="69.6024700" lon="19.0850850">
    <ele>328.0</ele>
    <time>2026-06-03T17:23:57Z</time>
   </trkpt>
   <trkpt lat="69.6024700" lon="19.0850850">
    <ele>328.0</ele>
    <time>2026-06-03T17:23:58Z</time>
   </trkpt>
   <trkpt lat="69.6024700" lon="19.0850850">
    <ele>328.0</ele>
    <time>2026-06-03T17:23:59Z</time>
   </trkpt>
   <trkpt lat="69.6024700" lon="19.0850850">
    <ele>328.0</ele>
    <time>2026-06-03T17:24:00Z</time>
   </trkpt>
   <trkpt lat="69.6024700" lon="19.0850850">
    <ele>328.0</ele>
    <time>2026-06-03T17:24:01Z</time>
   </trkpt>
   <trkpt lat="69.6024720" lon="19.0851010">
    <ele>328.1</ele>
    <time>2026-06-03T17:24:02Z</time>
   </trkpt>
   <trkpt lat="69.6024740" lon="19.0851560">
    <ele>328.5</ele>
    <time>2026-06-03T17:24:03Z</time>
   </trkpt>
   <trkpt lat="69.6024740" lon="19.0851560">
    <ele>328.5</ele>
    <time>2026-06-03T17:24:04Z</time>
   </trkpt>
   <trkpt lat="69.6024730" lon="19.0852190">
    <ele>328.9</ele>
    <time>2026-06-03T17:24:05Z</time>
   </trkpt>
   <trkpt lat="69.6024730" lon="19.0852190">
    <ele>328.9</ele>
    <time>2026-06-03T17:24:06Z</time>
   </trkpt>
   <trkpt lat="69.6024730" lon="19.0852190">
    <ele>328.9</ele>
    <time>2026-06-03T17:24:07Z</time>
   </trkpt>
   <trkpt lat="69.6024630" lon="19.0852900">
    <ele>329.3</ele>
    <time>2026-06-03T17:24:08Z</time>
   </trkpt>
   <trkpt lat="69.6024630" lon="19.0852900">
    <ele>329.3</ele>
    <time>2026-06-03T17:24:09Z</time>
   </trkpt>
   <trkpt lat="69.6024520" lon="19.0853670">
    <ele>329.8</ele>
    <time>2026-06-03T17:24:10Z</time>
   </trkpt>
   <trkpt lat="69.6024520" lon="19.0853670">
    <ele>329.8</ele>
    <time>2026-06-03T17:24:11Z</time>
   </trkpt>
   <trkpt lat="69.6024470" lon="19.0854320">
    <ele>330.2</ele>
    <time>2026-06-03T17:24:12Z</time>
   </trkpt>
   <trkpt lat="69.6024470" lon="19.0854320">
    <ele>330.2</ele>
    <time>2026-06-03T17:24:13Z</time>
   </trkpt>
   <trkpt lat="69.6024530" lon="19.0854900">
    <ele>330.5</ele>
    <time>2026-06-03T17:24:14Z</time>
   </trkpt>
   <trkpt lat="69.6024530" lon="19.0854900">
    <ele>330.5</ele>
    <time>2026-06-03T17:24:15Z</time>
   </trkpt>
   <trkpt lat="69.6024570" lon="19.0855540">
    <ele>330.8</ele>
    <time>2026-06-03T17:24:16Z</time>
   </trkpt>
   <trkpt lat="69.6024570" lon="19.0855540">
    <ele>330.8</ele>
    <time>2026-06-03T17:24:17Z</time>
   </trkpt>
   <trkpt lat="69.6024570" lon="19.0856310">
    <ele>331.1</ele>
    <time>2026-06-03T17:24:18Z</time>
   </trkpt>
   <trkpt lat="69.6024570" lon="19.0856310">
    <ele>331.1</ele>
    <time>2026-06-03T17:24:19Z</time>
   </trkpt>
   <trkpt lat="69.6024510" lon="19.0857050">
    <ele>331.5</ele>
    <time>2026-06-03T17:24:20Z</time>
   </trkpt>
   <trkpt lat="69.6024510" lon="19.0857050">
    <ele>331.5</ele>
    <time>2026-06-03T17:24:21Z</time>
   </trkpt>
   <trkpt lat="69.6024440" lon="19.0857720">
    <ele>331.8</ele>
    <time>2026-06-03T17:24:22Z</time>
   </trkpt>
   <trkpt lat="69.6024440" lon="19.0857720">
    <ele>331.8</ele>
    <time>2026-06-03T17:24:23Z</time>
   </trkpt>
   <trkpt lat="69.6024350" lon="19.0858350">
    <ele>332.0</ele>
    <time>2026-06-03T17:24:24Z</time>
   </trkpt>
   <trkpt lat="69.6024350" lon="19.0858350">
    <ele>332.0</ele>
    <time>2026-06-03T17:24:25Z</time>
   </trkpt>
   <trkpt lat="69.6024280" lon="19.0858970">
    <ele>332.3</ele>
    <time>2026-06-03T17:24:26Z</time>
   </trkpt>
   <trkpt lat="69.6024280" lon="19.0858970">
    <ele>332.3</ele>
    <time>2026-06-03T17:24:27Z</time>
   </trkpt>
   <trkpt lat="69.6024330" lon="19.0859640">
    <ele>332.6</ele>
    <time>2026-06-03T17:24:28Z</time>
   </trkpt>
   <trkpt lat="69.6024330" lon="19.0859640">
    <ele>332.6</ele>
    <time>2026-06-03T17:24:29Z</time>
   </trkpt>
   <trkpt lat="69.6024310" lon="19.0860390">
    <ele>332.9</ele>
    <time>2026-06-03T17:24:30Z</time>
   </trkpt>
   <trkpt lat="69.6024310" lon="19.0860390">
    <ele>332.9</ele>
    <time>2026-06-03T17:24:31Z</time>
   </trkpt>
   <trkpt lat="69.6024280" lon="19.0861070">
    <ele>333.2</ele>
    <time>2026-06-03T17:24:32Z</time>
   </trkpt>
   <trkpt lat="69.6024280" lon="19.0861070">
    <ele>333.2</ele>
    <time>2026-06-03T17:24:33Z</time>
   </trkpt>
   <trkpt lat="69.6024280" lon="19.0861070">
    <ele>333.2</ele>
    <time>2026-06-03T17:24:34Z</time>
   </trkpt>
   <trkpt lat="69.6024280" lon="19.0861070">
    <ele>333.2</ele>
    <time>2026-06-03T17:24:35Z</time>
   </trkpt>
   <trkpt lat="69.6024280" lon="19.0861070">
    <ele>333.2</ele>
    <time>2026-06-03T17:24:36Z</time>
   </trkpt>
   <trkpt lat="69.6024280" lon="19.0861070">
    <ele>333.2</ele>
    <time>2026-06-03T17:24:37Z</time>
   </trkpt>
   <trkpt lat="69.6024280" lon="19.0861070">
    <ele>333.2</ele>
    <time>2026-06-03T17:24:38Z</time>
   </trkpt>
   <trkpt lat="69.6024280" lon="19.0861070">
    <ele>333.2</ele>
    <time>2026-06-03T17:24:39Z</time>
   </trkpt>
   <trkpt lat="69.6024310" lon="19.0861760">
    <ele>333.5</ele>
    <time>2026-06-03T17:24:40Z</time>
   </trkpt>
   <trkpt lat="69.6024310" lon="19.0861760">
    <ele>333.5</ele>
    <time>2026-06-03T17:24:41Z</time>
   </trkpt>
   <trkpt lat="69.6024290" lon="19.0862440">
    <ele>333.8</ele>
    <time>2026-06-03T17:24:42Z</time>
   </trkpt>
   <trkpt lat="69.6024290" lon="19.0862440">
    <ele>333.8</ele>
    <time>2026-06-03T17:24:43Z</time>
   </trkpt>
   <trkpt lat="69.6024270" lon="19.0863060">
    <ele>334.2</ele>
    <time>2026-06-03T17:24:44Z</time>
   </trkpt>
   <trkpt lat="69.6024270" lon="19.0863060">
    <ele>334.2</ele>
    <time>2026-06-03T17:24:45Z</time>
   </trkpt>
   <trkpt lat="69.6024200" lon="19.0863730">
    <ele>334.6</ele>
    <time>2026-06-03T17:24:46Z</time>
   </trkpt>
   <trkpt lat="69.6024200" lon="19.0863730">
    <ele>334.6</ele>
    <time>2026-06-03T17:24:47Z</time>
   </trkpt>
   <trkpt lat="69.6024180" lon="19.0864300">
    <ele>334.9</ele>
    <time>2026-06-03T17:24:48Z</time>
   </trkpt>
   <trkpt lat="69.6024180" lon="19.0864300">
    <ele>334.9</ele>
    <time>2026-06-03T17:24:49Z</time>
   </trkpt>
   <trkpt lat="69.6024180" lon="19.0864300">
    <ele>334.9</ele>
    <time>2026-06-03T17:24:50Z</time>
   </trkpt>
   <trkpt lat="69.6024130" lon="19.0865120">
    <ele>335.4</ele>
    <time>2026-06-03T17:24:51Z</time>
   </trkpt>
   <trkpt lat="69.6024080" lon="19.0865680">
    <ele>335.7</ele>
    <time>2026-06-03T17:24:52Z</time>
   </trkpt>
   <trkpt lat="69.6024080" lon="19.0865680">
    <ele>335.7</ele>
    <time>2026-06-03T17:24:53Z</time>
   </trkpt>
   <trkpt lat="69.6024080" lon="19.0865680">
    <ele>335.7</ele>
    <time>2026-06-03T17:24:54Z</time>
   </trkpt>
   <trkpt lat="69.6024010" lon="19.0866250">
    <ele>336.1</ele>
    <time>2026-06-03T17:24:55Z</time>
   </trkpt>
   <trkpt lat="69.6024010" lon="19.0866250">
    <ele>336.1</ele>
    <time>2026-06-03T17:24:56Z</time>
   </trkpt>
   <trkpt lat="69.6023980" lon="19.0866930">
    <ele>336.5</ele>
    <time>2026-06-03T17:24:57Z</time>
   </trkpt>
   <trkpt lat="69.6023980" lon="19.0866930">
    <ele>336.5</ele>
    <time>2026-06-03T17:24:58Z</time>
   </trkpt>
   <trkpt lat="69.6023980" lon="19.0866930">
    <ele>336.5</ele>
    <time>2026-06-03T17:24:59Z</time>
   </trkpt>
   <trkpt lat="69.6024010" lon="19.0867690">
    <ele>337.0</ele>
    <time>2026-06-03T17:25:00Z</time>
   </trkpt>
   <trkpt lat="69.6024010" lon="19.0867690">
    <ele>337.0</ele>
    <time>2026-06-03T17:25:01Z</time>
   </trkpt>
   <trkpt lat="69.6024010" lon="19.0867690">
    <ele>337.0</ele>
    <time>2026-06-03T17:25:02Z</time>
   </trkpt>
   <trkpt lat="69.6023990" lon="19.0868400">
    <ele>337.4</ele>
    <time>2026-06-03T17:25:03Z</time>
   </trkpt>
   <trkpt lat="69.6023990" lon="19.0868400">
    <ele>337.4</ele>
    <time>2026-06-03T17:25:04Z</time>
   </trkpt>
   <trkpt lat="69.6023960" lon="19.0868960">
    <ele>337.7</ele>
    <time>2026-06-03T17:25:05Z</time>
   </trkpt>
   <trkpt lat="69.6023960" lon="19.0868960">
    <ele>337.7</ele>
    <time>2026-06-03T17:25:06Z</time>
   </trkpt>
   <trkpt lat="69.6023960" lon="19.0868960">
    <ele>337.7</ele>
    <time>2026-06-03T17:25:07Z</time>
   </trkpt>
   <trkpt lat="69.6023910" lon="19.0869740">
    <ele>338.1</ele>
    <time>2026-06-03T17:25:08Z</time>
   </trkpt>
   <trkpt lat="69.6023910" lon="19.0869740">
    <ele>338.1</ele>
    <time>2026-06-03T17:25:09Z</time>
   </trkpt>
   <trkpt lat="69.6023880" lon="19.0870350">
    <ele>338.5</ele>
    <time>2026-06-03T17:25:10Z</time>
   </trkpt>
   <trkpt lat="69.6023840" lon="19.0870940">
    <ele>338.8</ele>
    <time>2026-06-03T17:25:11Z</time>
   </trkpt>
   <trkpt lat="69.6023840" lon="19.0870940">
    <ele>338.8</ele>
    <time>2026-06-03T17:25:12Z</time>
   </trkpt>
   <trkpt lat="69.6023840" lon="19.0870940">
    <ele>338.8</ele>
    <time>2026-06-03T17:25:13Z</time>
   </trkpt>
   <trkpt lat="69.6023780" lon="19.0871630">
    <ele>339.2</ele>
    <time>2026-06-03T17:25:14Z</time>
   </trkpt>
   <trkpt lat="69.6023780" lon="19.0871630">
    <ele>339.2</ele>
    <time>2026-06-03T17:25:15Z</time>
   </trkpt>
   <trkpt lat="69.6023740" lon="19.0872280">
    <ele>339.5</ele>
    <time>2026-06-03T17:25:16Z</time>
   </trkpt>
   <trkpt lat="69.6023740" lon="19.0872280">
    <ele>339.5</ele>
    <time>2026-06-03T17:25:17Z</time>
   </trkpt>
   <trkpt lat="69.6023700" lon="19.0872960">
    <ele>339.9</ele>
    <time>2026-06-03T17:25:18Z</time>
   </trkpt>
   <trkpt lat="69.6023700" lon="19.0872960">
    <ele>339.9</ele>
    <time>2026-06-03T17:25:19Z</time>
   </trkpt>
   <trkpt lat="69.6023620" lon="19.0873550">
    <ele>340.2</ele>
    <time>2026-06-03T17:25:20Z</time>
   </trkpt>
   <trkpt lat="69.6023530" lon="19.0874050">
    <ele>340.5</ele>
    <time>2026-06-03T17:25:21Z</time>
   </trkpt>
   <trkpt lat="69.6023530" lon="19.0874050">
    <ele>340.5</ele>
    <time>2026-06-03T17:25:22Z</time>
   </trkpt>
   <trkpt lat="69.6023530" lon="19.0874050">
    <ele>340.5</ele>
    <time>2026-06-03T17:25:23Z</time>
   </trkpt>
   <trkpt lat="69.6023460" lon="19.0874590">
    <ele>340.8</ele>
    <time>2026-06-03T17:25:24Z</time>
   </trkpt>
   <trkpt lat="69.6023460" lon="19.0874590">
    <ele>340.8</ele>
    <time>2026-06-03T17:25:25Z</time>
   </trkpt>
   <trkpt lat="69.6023380" lon="19.0875140">
    <ele>341.1</ele>
    <time>2026-06-03T17:25:26Z</time>
   </trkpt>
   <trkpt lat="69.6023380" lon="19.0875140">
    <ele>341.1</ele>
    <time>2026-06-03T17:25:27Z</time>
   </trkpt>
   <trkpt lat="69.6023280" lon="19.0875700">
    <ele>341.5</ele>
    <time>2026-06-03T17:25:28Z</time>
   </trkpt>
   <trkpt lat="69.6023280" lon="19.0875700">
    <ele>341.5</ele>
    <time>2026-06-03T17:25:29Z</time>
   </trkpt>
   <trkpt lat="69.6023220" lon="19.0876260">
    <ele>341.9</ele>
    <time>2026-06-03T17:25:30Z</time>
   </trkpt>
   <trkpt lat="69.6023220" lon="19.0876260">
    <ele>341.9</ele>
    <time>2026-06-03T17:25:31Z</time>
   </trkpt>
   <trkpt lat="69.6023160" lon="19.0876820">
    <ele>342.2</ele>
    <time>2026-06-03T17:25:32Z</time>
   </trkpt>
   <trkpt lat="69.6023160" lon="19.0876820">
    <ele>342.2</ele>
    <time>2026-06-03T17:25:33Z</time>
   </trkpt>
   <trkpt lat="69.6023060" lon="19.0877340">
    <ele>342.5</ele>
    <time>2026-06-03T17:25:34Z</time>
   </trkpt>
   <trkpt lat="69.6023060" lon="19.0877340">
    <ele>342.5</ele>
    <time>2026-06-03T17:25:35Z</time>
   </trkpt>
   <trkpt lat="69.6023060" lon="19.0877340">
    <ele>342.5</ele>
    <time>2026-06-03T17:25:36Z</time>
   </trkpt>
   <trkpt lat="69.6022980" lon="19.0877930">
    <ele>342.9</ele>
    <time>2026-06-03T17:25:37Z</time>
   </trkpt>
   <trkpt lat="69.6022980" lon="19.0877930">
    <ele>342.9</ele>
    <time>2026-06-03T17:25:38Z</time>
   </trkpt>
   <trkpt lat="69.6022980" lon="19.0877930">
    <ele>342.9</ele>
    <time>2026-06-03T17:25:39Z</time>
   </trkpt>
   <trkpt lat="69.6023020" lon="19.0878560">
    <ele>343.3</ele>
    <time>2026-06-03T17:25:40Z</time>
   </trkpt>
   <trkpt lat="69.6022940" lon="19.0879100">
    <ele>343.6</ele>
    <time>2026-06-03T17:25:41Z</time>
   </trkpt>
   <trkpt lat="69.6022940" lon="19.0879100">
    <ele>343.6</ele>
    <time>2026-06-03T17:25:42Z</time>
   </trkpt>
   <trkpt lat="69.6022940" lon="19.0879100">
    <ele>343.6</ele>
    <time>2026-06-03T17:25:43Z</time>
   </trkpt>
   <trkpt lat="69.6022810" lon="19.0879490">
    <ele>343.9</ele>
    <time>2026-06-03T17:25:44Z</time>
   </trkpt>
   <trkpt lat="69.6022810" lon="19.0879490">
    <ele>343.9</ele>
    <time>2026-06-03T17:25:45Z</time>
   </trkpt>
   <trkpt lat="69.6022670" lon="19.0879910">
    <ele>344.3</ele>
    <time>2026-06-03T17:25:46Z</time>
   </trkpt>
   <trkpt lat="69.6022670" lon="19.0879910">
    <ele>344.3</ele>
    <time>2026-06-03T17:25:47Z</time>
   </trkpt>
   <trkpt lat="69.6022670" lon="19.0879910">
    <ele>344.3</ele>
    <time>2026-06-03T17:25:48Z</time>
   </trkpt>
   <trkpt lat="69.6022460" lon="19.0880470">
    <ele>344.7</ele>
    <time>2026-06-03T17:25:49Z</time>
   </trkpt>
   <trkpt lat="69.6022460" lon="19.0880470">
    <ele>344.7</ele>
    <time>2026-06-03T17:25:50Z</time>
   </trkpt>
   <trkpt lat="69.6022330" lon="19.0880980">
    <ele>345.1</ele>
    <time>2026-06-03T17:25:51Z</time>
   </trkpt>
   <trkpt lat="69.6022330" lon="19.0880980">
    <ele>345.1</ele>
    <time>2026-06-03T17:25:52Z</time>
   </trkpt>
   <trkpt lat="69.6022210" lon="19.0881420">
    <ele>345.4</ele>
    <time>2026-06-03T17:25:53Z</time>
   </trkpt>
   <trkpt lat="69.6022210" lon="19.0881420">
    <ele>345.4</ele>
    <time>2026-06-03T17:25:54Z</time>
   </trkpt>
   <trkpt lat="69.6022210" lon="19.0881420">
    <ele>345.4</ele>
    <time>2026-06-03T17:25:55Z</time>
   </trkpt>
   <trkpt lat="69.6022150" lon="19.0881940">
    <ele>345.6</ele>
    <time>2026-06-03T17:25:56Z</time>
   </trkpt>
   <trkpt lat="69.6022150" lon="19.0881940">
    <ele>345.6</ele>
    <time>2026-06-03T17:25:57Z</time>
   </trkpt>
   <trkpt lat="69.6022150" lon="19.0881940">
    <ele>345.6</ele>
    <time>2026-06-03T17:25:58Z</time>
   </trkpt>
   <trkpt lat="69.6022040" lon="19.0882400">
    <ele>345.9</ele>
    <time>2026-06-03T17:25:59Z</time>
   </trkpt>
   <trkpt lat="69.6022040" lon="19.0882400">
    <ele>345.9</ele>
    <time>2026-06-03T17:26:00Z</time>
   </trkpt>
   <trkpt lat="69.6022010" lon="19.0882920">
    <ele>346.2</ele>
    <time>2026-06-03T17:26:01Z</time>
   </trkpt>
   <trkpt lat="69.6022010" lon="19.0882920">
    <ele>346.2</ele>
    <time>2026-06-03T17:26:02Z</time>
   </trkpt>
   <trkpt lat="69.6022010" lon="19.0882920">
    <ele>346.2</ele>
    <time>2026-06-03T17:26:03Z</time>
   </trkpt>
   <trkpt lat="69.6022010" lon="19.0882920">
    <ele>346.2</ele>
    <time>2026-06-03T17:26:04Z</time>
   </trkpt>
   <trkpt lat="69.6022050" lon="19.0883620">
    <ele>346.6</ele>
    <time>2026-06-03T17:26:05Z</time>
   </trkpt>
   <trkpt lat="69.6022000" lon="19.0884160">
    <ele>346.9</ele>
    <time>2026-06-03T17:26:06Z</time>
   </trkpt>
   <trkpt lat="69.6022000" lon="19.0884160">
    <ele>346.9</ele>
    <time>2026-06-03T17:26:07Z</time>
   </trkpt>
   <trkpt lat="69.6021990" lon="19.0884680">
    <ele>347.2</ele>
    <time>2026-06-03T17:26:08Z</time>
   </trkpt>
   <trkpt lat="69.6021990" lon="19.0884680">
    <ele>347.2</ele>
    <time>2026-06-03T17:26:09Z</time>
   </trkpt>
   <trkpt lat="69.6021990" lon="19.0884680">
    <ele>347.2</ele>
    <time>2026-06-03T17:26:10Z</time>
   </trkpt>
   <trkpt lat="69.6022070" lon="19.0885280">
    <ele>347.5</ele>
    <time>2026-06-03T17:26:11Z</time>
   </trkpt>
   <trkpt lat="69.6022070" lon="19.0885280">
    <ele>347.5</ele>
    <time>2026-06-03T17:26:12Z</time>
   </trkpt>
   <trkpt lat="69.6022070" lon="19.0885280">
    <ele>347.5</ele>
    <time>2026-06-03T17:26:13Z</time>
   </trkpt>
   <trkpt lat="69.6022080" lon="19.0885820">
    <ele>347.8</ele>
    <time>2026-06-03T17:26:14Z</time>
   </trkpt>
   <trkpt lat="69.6022080" lon="19.0885820">
    <ele>347.8</ele>
    <time>2026-06-03T17:26:15Z</time>
   </trkpt>
   <trkpt lat="69.6022130" lon="19.0886430">
    <ele>348.1</ele>
    <time>2026-06-03T17:26:16Z</time>
   </trkpt>
   <trkpt lat="69.6022130" lon="19.0886430">
    <ele>348.1</ele>
    <time>2026-06-03T17:26:17Z</time>
   </trkpt>
   <trkpt lat="69.6022130" lon="19.0886430">
    <ele>348.1</ele>
    <time>2026-06-03T17:26:18Z</time>
   </trkpt>
   <trkpt lat="69.6022180" lon="19.0886970">
    <ele>348.4</ele>
    <time>2026-06-03T17:26:19Z</time>
   </trkpt>
   <trkpt lat="69.6022180" lon="19.0886970">
    <ele>348.4</ele>
    <time>2026-06-03T17:26:20Z</time>
   </trkpt>
   <trkpt lat="69.6022230" lon="19.0887690">
    <ele>348.8</ele>
    <time>2026-06-03T17:26:21Z</time>
   </trkpt>
   <trkpt lat="69.6022230" lon="19.0887690">
    <ele>348.8</ele>
    <time>2026-06-03T17:26:22Z</time>
   </trkpt>
   <trkpt lat="69.6022260" lon="19.0888330">
    <ele>349.1</ele>
    <time>2026-06-03T17:26:23Z</time>
   </trkpt>
   <trkpt lat="69.6022260" lon="19.0888330">
    <ele>349.1</ele>
    <time>2026-06-03T17:26:24Z</time>
   </trkpt>
   <trkpt lat="69.6022290" lon="19.0888960">
    <ele>349.5</ele>
    <time>2026-06-03T17:26:25Z</time>
   </trkpt>
   <trkpt lat="69.6022250" lon="19.0889600">
    <ele>349.8</ele>
    <time>2026-06-03T17:26:26Z</time>
   </trkpt>
   <trkpt lat="69.6022250" lon="19.0889600">
    <ele>349.8</ele>
    <time>2026-06-03T17:26:27Z</time>
   </trkpt>
   <trkpt lat="69.6022250" lon="19.0889600">
    <ele>349.8</ele>
    <time>2026-06-03T17:26:28Z</time>
   </trkpt>
   <trkpt lat="69.6022200" lon="19.0890120">
    <ele>350.1</ele>
    <time>2026-06-03T17:26:29Z</time>
   </trkpt>
   <trkpt lat="69.6022200" lon="19.0890120">
    <ele>350.1</ele>
    <time>2026-06-03T17:26:30Z</time>
   </trkpt>
   <trkpt lat="69.6022140" lon="19.0890730">
    <ele>350.4</ele>
    <time>2026-06-03T17:26:31Z</time>
   </trkpt>
   <trkpt lat="69.6022140" lon="19.0890730">
    <ele>350.4</ele>
    <time>2026-06-03T17:26:32Z</time>
   </trkpt>
   <trkpt lat="69.6022030" lon="19.0891280">
    <ele>350.8</ele>
    <time>2026-06-03T17:26:33Z</time>
   </trkpt>
   <trkpt lat="69.6022030" lon="19.0891280">
    <ele>350.8</ele>
    <time>2026-06-03T17:26:34Z</time>
   </trkpt>
   <trkpt lat="69.6021900" lon="19.0891850">
    <ele>351.1</ele>
    <time>2026-06-03T17:26:35Z</time>
   </trkpt>
   <trkpt lat="69.6021790" lon="19.0892500">
    <ele>351.5</ele>
    <time>2026-06-03T17:26:36Z</time>
   </trkpt>
   <trkpt lat="69.6021790" lon="19.0892500">
    <ele>351.5</ele>
    <time>2026-06-03T17:26:37Z</time>
   </trkpt>
   <trkpt lat="69.6021790" lon="19.0892500">
    <ele>351.5</ele>
    <time>2026-06-03T17:26:38Z</time>
   </trkpt>
   <trkpt lat="69.6021710" lon="19.0893120">
    <ele>351.9</ele>
    <time>2026-06-03T17:26:39Z</time>
   </trkpt>
   <trkpt lat="69.6021710" lon="19.0893120">
    <ele>351.9</ele>
    <time>2026-06-03T17:26:40Z</time>
   </trkpt>
   <trkpt lat="69.6021620" lon="19.0893710">
    <ele>352.3</ele>
    <time>2026-06-03T17:26:41Z</time>
   </trkpt>
   <trkpt lat="69.6021620" lon="19.0893710">
    <ele>352.3</ele>
    <time>2026-06-03T17:26:42Z</time>
   </trkpt>
   <trkpt lat="69.6021590" lon="19.0894470">
    <ele>352.7</ele>
    <time>2026-06-03T17:26:43Z</time>
   </trkpt>
   <trkpt lat="69.6021590" lon="19.0894470">
    <ele>352.7</ele>
    <time>2026-06-03T17:26:44Z</time>
   </trkpt>
   <trkpt lat="69.6021540" lon="19.0895120">
    <ele>353.1</ele>
    <time>2026-06-03T17:26:45Z</time>
   </trkpt>
   <trkpt lat="69.6021450" lon="19.0895670">
    <ele>353.4</ele>
    <time>2026-06-03T17:26:46Z</time>
   </trkpt>
   <trkpt lat="69.6021450" lon="19.0895670">
    <ele>353.4</ele>
    <time>2026-06-03T17:26:47Z</time>
   </trkpt>
   <trkpt lat="69.6021450" lon="19.0895670">
    <ele>353.4</ele>
    <time>2026-06-03T17:26:48Z</time>
   </trkpt>
   <trkpt lat="69.6021330" lon="19.0896210">
    <ele>353.9</ele>
    <time>2026-06-03T17:26:49Z</time>
   </trkpt>
   <trkpt lat="69.6021330" lon="19.0896210">
    <ele>353.9</ele>
    <time>2026-06-03T17:26:50Z</time>
   </trkpt>
   <trkpt lat="69.6021210" lon="19.0896730">
    <ele>354.2</ele>
    <time>2026-06-03T17:26:51Z</time>
   </trkpt>
   <trkpt lat="69.6021210" lon="19.0896730">
    <ele>354.2</ele>
    <time>2026-06-03T17:26:52Z</time>
   </trkpt>
   <trkpt lat="69.6021120" lon="19.0897330">
    <ele>354.7</ele>
    <time>2026-06-03T17:26:53Z</time>
   </trkpt>
   <trkpt lat="69.6021120" lon="19.0897330">
    <ele>354.7</ele>
    <time>2026-06-03T17:26:54Z</time>
   </trkpt>
   <trkpt lat="69.6021070" lon="19.0897900">
    <ele>355.0</ele>
    <time>2026-06-03T17:26:55Z</time>
   </trkpt>
   <trkpt lat="69.6021030" lon="19.0898460">
    <ele>355.4</ele>
    <time>2026-06-03T17:26:56Z</time>
   </trkpt>
   <trkpt lat="69.6021030" lon="19.0898460">
    <ele>355.4</ele>
    <time>2026-06-03T17:26:57Z</time>
   </trkpt>
   <trkpt lat="69.6021030" lon="19.0898460">
    <ele>355.4</ele>
    <time>2026-06-03T17:26:58Z</time>
   </trkpt>
   <trkpt lat="69.6021030" lon="19.0898460">
    <ele>355.4</ele>
    <time>2026-06-03T17:26:59Z</time>
   </trkpt>
   <trkpt lat="69.6020950" lon="19.0899100">
    <ele>355.9</ele>
    <time>2026-06-03T17:27:00Z</time>
   </trkpt>
   <trkpt lat="69.6020870" lon="19.0899570">
    <ele>356.2</ele>
    <time>2026-06-03T17:27:01Z</time>
   </trkpt>
   <trkpt lat="69.6020870" lon="19.0899570">
    <ele>356.2</ele>
    <time>2026-06-03T17:27:02Z</time>
   </trkpt>
   <trkpt lat="69.6020870" lon="19.0899570">
    <ele>356.2</ele>
    <time>2026-06-03T17:27:03Z</time>
   </trkpt>
   <trkpt lat="69.6020870" lon="19.0899570">
    <ele>356.2</ele>
    <time>2026-06-03T17:27:04Z</time>
   </trkpt>
   <trkpt lat="69.6020710" lon="19.0900090">
    <ele>356.7</ele>
    <time>2026-06-03T17:27:05Z</time>
   </trkpt>
   <trkpt lat="69.6020710" lon="19.0900090">
    <ele>356.7</ele>
    <time>2026-06-03T17:27:06Z</time>
   </trkpt>
   <trkpt lat="69.6020710" lon="19.0900090">
    <ele>356.7</ele>
    <time>2026-06-03T17:27:07Z</time>
   </trkpt>
   <trkpt lat="69.6020550" lon="19.0900680">
    <ele>357.1</ele>
    <time>2026-06-03T17:27:08Z</time>
   </trkpt>
   <trkpt lat="69.6020550" lon="19.0900680">
    <ele>357.1</ele>
    <time>2026-06-03T17:27:09Z</time>
   </trkpt>
   <trkpt lat="69.6020430" lon="19.0901180">
    <ele>357.5</ele>
    <time>2026-06-03T17:27:10Z</time>
   </trkpt>
   <trkpt lat="69.6020320" lon="19.0901650">
    <ele>357.9</ele>
    <time>2026-06-03T17:27:11Z</time>
   </trkpt>
   <trkpt lat="69.6020320" lon="19.0901650">
    <ele>357.9</ele>
    <time>2026-06-03T17:27:12Z</time>
   </trkpt>
   <trkpt lat="69.6020320" lon="19.0901650">
    <ele>357.9</ele>
    <time>2026-06-03T17:27:13Z</time>
   </trkpt>
   <trkpt lat="69.6020320" lon="19.0901650">
    <ele>357.9</ele>
    <time>2026-06-03T17:27:14Z</time>
   </trkpt>
   <trkpt lat="69.6020320" lon="19.0901650">
    <ele>357.9</ele>
    <time>2026-06-03T17:27:15Z</time>
   </trkpt>
   <trkpt lat="69.6020320" lon="19.0901650">
    <ele>357.9</ele>
    <time>2026-06-03T17:27:16Z</time>
   </trkpt>
   <trkpt lat="69.6020320" lon="19.0901650">
    <ele>357.9</ele>
    <time>2026-06-03T17:27:17Z</time>
   </trkpt>
   <trkpt lat="69.6020320" lon="19.0901650">
    <ele>357.9</ele>
    <time>2026-06-03T17:27:18Z</time>
   </trkpt>
   <trkpt lat="69.6020190" lon="19.0902150">
    <ele>358.3</ele>
    <time>2026-06-03T17:27:19Z</time>
   </trkpt>
   <trkpt lat="69.6020190" lon="19.0902150">
    <ele>358.3</ele>
    <time>2026-06-03T17:27:20Z</time>
   </trkpt>
   <trkpt lat="69.6020070" lon="19.0902590">
    <ele>358.7</ele>
    <time>2026-06-03T17:27:21Z</time>
   </trkpt>
   <trkpt lat="69.6020070" lon="19.0902590">
    <ele>358.7</ele>
    <time>2026-06-03T17:27:22Z</time>
   </trkpt>
   <trkpt lat="69.6019950" lon="19.0903050">
    <ele>359.1</ele>
    <time>2026-06-03T17:27:23Z</time>
   </trkpt>
   <trkpt lat="69.6019950" lon="19.0903050">
    <ele>359.1</ele>
    <time>2026-06-03T17:27:24Z</time>
   </trkpt>
   <trkpt lat="69.6019950" lon="19.0903050">
    <ele>359.1</ele>
    <time>2026-06-03T17:27:25Z</time>
   </trkpt>
   <trkpt lat="69.6019840" lon="19.0903460">
    <ele>359.4</ele>
    <time>2026-06-03T17:27:26Z</time>
   </trkpt>
   <trkpt lat="69.6019840" lon="19.0903460">
    <ele>359.4</ele>
    <time>2026-06-03T17:27:27Z</time>
   </trkpt>
   <trkpt lat="69.6019840" lon="19.0903460">
    <ele>359.4</ele>
    <time>2026-06-03T17:27:28Z</time>
   </trkpt>
   <trkpt lat="69.6019840" lon="19.0903460">
    <ele>359.4</ele>
    <time>2026-06-03T17:27:29Z</time>
   </trkpt>
   <trkpt lat="69.6019840" lon="19.0903460">
    <ele>359.4</ele>
    <time>2026-06-03T17:27:30Z</time>
   </trkpt>
   <trkpt lat="69.6019840" lon="19.0903460">
    <ele>359.4</ele>
    <time>2026-06-03T17:27:31Z</time>
   </trkpt>
   <trkpt lat="69.6019710" lon="19.0903950">
    <ele>359.8</ele>
    <time>2026-06-03T17:27:32Z</time>
   </trkpt>
   <trkpt lat="69.6019710" lon="19.0903950">
    <ele>359.8</ele>
    <time>2026-06-03T17:27:33Z</time>
   </trkpt>
   <trkpt lat="69.6019560" lon="19.0904590">
    <ele>360.3</ele>
    <time>2026-06-03T17:27:34Z</time>
   </trkpt>
   <trkpt lat="69.6019560" lon="19.0904590">
    <ele>360.3</ele>
    <time>2026-06-03T17:27:35Z</time>
   </trkpt>
   <trkpt lat="69.6019410" lon="19.0905180">
    <ele>360.8</ele>
    <time>2026-06-03T17:27:36Z</time>
   </trkpt>
   <trkpt lat="69.6019410" lon="19.0905180">
    <ele>360.8</ele>
    <time>2026-06-03T17:27:37Z</time>
   </trkpt>
   <trkpt lat="69.6019280" lon="19.0905690">
    <ele>361.3</ele>
    <time>2026-06-03T17:27:38Z</time>
   </trkpt>
   <trkpt lat="69.6019280" lon="19.0905690">
    <ele>361.3</ele>
    <time>2026-06-03T17:27:39Z</time>
   </trkpt>
   <trkpt lat="69.6019130" lon="19.0906280">
    <ele>361.8</ele>
    <time>2026-06-03T17:27:40Z</time>
   </trkpt>
   <trkpt lat="69.6019030" lon="19.0906890">
    <ele>362.3</ele>
    <time>2026-06-03T17:27:41Z</time>
   </trkpt>
   <trkpt lat="69.6019030" lon="19.0906890">
    <ele>362.3</ele>
    <time>2026-06-03T17:27:42Z</time>
   </trkpt>
   <trkpt lat="69.6018990" lon="19.0907460">
    <ele>362.8</ele>
    <time>2026-06-03T17:27:43Z</time>
   </trkpt>
   <trkpt lat="69.6018990" lon="19.0907460">
    <ele>362.8</ele>
    <time>2026-06-03T17:27:44Z</time>
   </trkpt>
   <trkpt lat="69.6018990" lon="19.0907460">
    <ele>362.8</ele>
    <time>2026-06-03T17:27:45Z</time>
   </trkpt>
   <trkpt lat="69.6018920" lon="19.0908060">
    <ele>363.3</ele>
    <time>2026-06-03T17:27:46Z</time>
   </trkpt>
   <trkpt lat="69.6018920" lon="19.0908060">
    <ele>363.3</ele>
    <time>2026-06-03T17:27:47Z</time>
   </trkpt>
   <trkpt lat="69.6018820" lon="19.0908640">
    <ele>363.8</ele>
    <time>2026-06-03T17:27:48Z</time>
   </trkpt>
   <trkpt lat="69.6018820" lon="19.0908640">
    <ele>363.8</ele>
    <time>2026-06-03T17:27:49Z</time>
   </trkpt>
   <trkpt lat="69.6018820" lon="19.0908640">
    <ele>363.8</ele>
    <time>2026-06-03T17:27:50Z</time>
   </trkpt>
   <trkpt lat="69.6018680" lon="19.0909310">
    <ele>364.4</ele>
    <time>2026-06-03T17:27:51Z</time>
   </trkpt>
   <trkpt lat="69.6018680" lon="19.0909310">
    <ele>364.4</ele>
    <time>2026-06-03T17:27:52Z</time>
   </trkpt>
   <trkpt lat="69.6018560" lon="19.0909760">
    <ele>364.9</ele>
    <time>2026-06-03T17:27:53Z</time>
   </trkpt>
   <trkpt lat="69.6018560" lon="19.0909760">
    <ele>364.9</ele>
    <time>2026-06-03T17:27:54Z</time>
   </trkpt>
   <trkpt lat="69.6018390" lon="19.0910040">
    <ele>365.4</ele>
    <time>2026-06-03T17:27:55Z</time>
   </trkpt>
   <trkpt lat="69.6018390" lon="19.0910040">
    <ele>365.4</ele>
    <time>2026-06-03T17:27:56Z</time>
   </trkpt>
   <trkpt lat="69.6018390" lon="19.0910040">
    <ele>365.4</ele>
    <time>2026-06-03T17:27:57Z</time>
   </trkpt>
   <trkpt lat="69.6018390" lon="19.0910040">
    <ele>365.4</ele>
    <time>2026-06-03T17:27:58Z</time>
   </trkpt>
   <trkpt lat="69.6018250" lon="19.0910430">
    <ele>365.9</ele>
    <time>2026-06-03T17:27:59Z</time>
   </trkpt>
   <trkpt lat="69.6018250" lon="19.0910430">
    <ele>365.9</ele>
    <time>2026-06-03T17:28:00Z</time>
   </trkpt>
   <trkpt lat="69.6018120" lon="19.0910790">
    <ele>366.4</ele>
    <time>2026-06-03T17:28:01Z</time>
   </trkpt>
   <trkpt lat="69.6018120" lon="19.0910790">
    <ele>366.4</ele>
    <time>2026-06-03T17:28:02Z</time>
   </trkpt>
   <trkpt lat="69.6018120" lon="19.0910790">
    <ele>366.4</ele>
    <time>2026-06-03T17:28:03Z</time>
   </trkpt>
   <trkpt lat="69.6018120" lon="19.0910790">
    <ele>366.4</ele>
    <time>2026-06-03T17:28:04Z</time>
   </trkpt>
   <trkpt lat="69.6017960" lon="19.0911130">
    <ele>366.9</ele>
    <time>2026-06-03T17:28:05Z</time>
   </trkpt>
   <trkpt lat="69.6017960" lon="19.0911130">
    <ele>366.9</ele>
    <time>2026-06-03T17:28:06Z</time>
   </trkpt>
   <trkpt lat="69.6017960" lon="19.0911130">
    <ele>366.9</ele>
    <time>2026-06-03T17:28:07Z</time>
   </trkpt>
   <trkpt lat="69.6017960" lon="19.0911130">
    <ele>366.9</ele>
    <time>2026-06-03T17:28:08Z</time>
   </trkpt>
   <trkpt lat="69.6017960" lon="19.0911130">
    <ele>366.9</ele>
    <time>2026-06-03T17:28:09Z</time>
   </trkpt>
   <trkpt lat="69.6017960" lon="19.0911130">
    <ele>366.9</ele>
    <time>2026-06-03T17:28:10Z</time>
   </trkpt>
   <trkpt lat="69.6017810" lon="19.0911550">
    <ele>367.5</ele>
    <time>2026-06-03T17:28:11Z</time>
   </trkpt>
   <trkpt lat="69.6017810" lon="19.0911550">
    <ele>367.5</ele>
    <time>2026-06-03T17:28:12Z</time>
   </trkpt>
   <trkpt lat="69.6017810" lon="19.0911550">
    <ele>367.5</ele>
    <time>2026-06-03T17:28:13Z</time>
   </trkpt>
   <trkpt lat="69.6017810" lon="19.0911550">
    <ele>367.5</ele>
    <time>2026-06-03T17:28:14Z</time>
   </trkpt>
   <trkpt lat="69.6017660" lon="19.0911910">
    <ele>368.0</ele>
    <time>2026-06-03T17:28:15Z</time>
   </trkpt>
   <trkpt lat="69.6017660" lon="19.0911910">
    <ele>368.0</ele>
    <time>2026-06-03T17:28:16Z</time>
   </trkpt>
   <trkpt lat="69.6017660" lon="19.0911910">
    <ele>368.0</ele>
    <time>2026-06-03T17:28:17Z</time>
   </trkpt>
   <trkpt lat="69.6017520" lon="19.0912340">
    <ele>368.7</ele>
    <time>2026-06-03T17:28:18Z</time>
   </trkpt>
   <trkpt lat="69.6017520" lon="19.0912340">
    <ele>368.7</ele>
    <time>2026-06-03T17:28:19Z</time>
   </trkpt>
   <trkpt lat="69.6017520" lon="19.0912340">
    <ele>368.7</ele>
    <time>2026-06-03T17:28:20Z</time>
   </trkpt>
   <trkpt lat="69.6017370" lon="19.0912700">
    <ele>369.3</ele>
    <time>2026-06-03T17:28:21Z</time>
   </trkpt>
   <trkpt lat="69.6017370" lon="19.0912700">
    <ele>369.3</ele>
    <time>2026-06-03T17:28:22Z</time>
   </trkpt>
   <trkpt lat="69.6017370" lon="19.0912700">
    <ele>369.3</ele>
    <time>2026-06-03T17:28:23Z</time>
   </trkpt>
   <trkpt lat="69.6017200" lon="19.0913170">
    <ele>370.1</ele>
    <time>2026-06-03T17:28:24Z</time>
   </trkpt>
   <trkpt lat="69.6017200" lon="19.0913170">
    <ele>370.1</ele>
    <time>2026-06-03T17:28:25Z</time>
   </trkpt>
   <trkpt lat="69.6017200" lon="19.0913170">
    <ele>370.1</ele>
    <time>2026-06-03T17:28:26Z</time>
   </trkpt>
   <trkpt lat="69.6017200" lon="19.0913170">
    <ele>370.1</ele>
    <time>2026-06-03T17:28:27Z</time>
   </trkpt>
   <trkpt lat="69.6017060" lon="19.0913600">
    <ele>370.8</ele>
    <time>2026-06-03T17:28:28Z</time>
   </trkpt>
   <trkpt lat="69.6017060" lon="19.0913600">
    <ele>370.8</ele>
    <time>2026-06-03T17:28:29Z</time>
   </trkpt>
   <trkpt lat="69.6017060" lon="19.0913600">
    <ele>370.8</ele>
    <time>2026-06-03T17:28:30Z</time>
   </trkpt>
   <trkpt lat="69.6017060" lon="19.0913600">
    <ele>370.8</ele>
    <time>2026-06-03T17:28:31Z</time>
   </trkpt>
   <trkpt lat="69.6017060" lon="19.0913600">
    <ele>370.8</ele>
    <time>2026-06-03T17:28:32Z</time>
   </trkpt>
   <trkpt lat="69.6017060" lon="19.0913600">
    <ele>370.8</ele>
    <time>2026-06-03T17:28:33Z</time>
   </trkpt>
   <trkpt lat="69.6017060" lon="19.0913600">
    <ele>370.8</ele>
    <time>2026-06-03T17:28:34Z</time>
   </trkpt>
   <trkpt lat="69.6017060" lon="19.0913600">
    <ele>370.8</ele>
    <time>2026-06-03T17:28:35Z</time>
   </trkpt>
   <trkpt lat="69.6017060" lon="19.0913600">
    <ele>370.8</ele>
    <time>2026-06-03T17:28:36Z</time>
   </trkpt>
   <trkpt lat="69.6017060" lon="19.0913600">
    <ele>370.8</ele>
    <time>2026-06-03T17:28:37Z</time>
   </trkpt>
   <trkpt lat="69.6017060" lon="19.0913600">
    <ele>370.8</ele>
    <time>2026-06-03T17:28:38Z</time>
   </trkpt>
   <trkpt lat="69.6017060" lon="19.0913600">
    <ele>370.8</ele>
    <time>2026-06-03T17:28:39Z</time>
   </trkpt>
   <trkpt lat="69.6017060" lon="19.0913600">
    <ele>370.8</ele>
    <time>2026-06-03T17:28:40Z</time>
   </trkpt>
   <trkpt lat="69.6017060" lon="19.0913600">
    <ele>370.8</ele>
    <time>2026-06-03T17:28:41Z</time>
   </trkpt>
   <trkpt lat="69.6017060" lon="19.0913600">
    <ele>370.8</ele>
    <time>2026-06-03T17:28:42Z</time>
   </trkpt>
   <trkpt lat="69.6017060" lon="19.0913600">
    <ele>370.8</ele>
    <time>2026-06-03T17:28:43Z</time>
   </trkpt>
   <trkpt lat="69.6017060" lon="19.0913600">
    <ele>370.8</ele>
    <time>2026-06-03T17:28:44Z</time>
   </trkpt>
   <trkpt lat="69.6017060" lon="19.0913600">
    <ele>370.8</ele>
    <time>2026-06-03T17:28:45Z</time>
   </trkpt>
   <trkpt lat="69.6016940" lon="19.0914030">
    <ele>371.4</ele>
    <time>2026-06-03T17:28:46Z</time>
   </trkpt>
   <trkpt lat="69.6016940" lon="19.0914030">
    <ele>371.4</ele>
    <time>2026-06-03T17:28:47Z</time>
   </trkpt>
   <trkpt lat="69.6016940" lon="19.0914030">
    <ele>371.4</ele>
    <time>2026-06-03T17:28:48Z</time>
   </trkpt>
   <trkpt lat="69.6016940" lon="19.0914030">
    <ele>371.4</ele>
    <time>2026-06-03T17:28:49Z</time>
   </trkpt>
   <trkpt lat="69.6016780" lon="19.0914320">
    <ele>372.0</ele>
    <time>2026-06-03T17:28:50Z</time>
   </trkpt>
   <trkpt lat="69.6016780" lon="19.0914320">
    <ele>372.0</ele>
    <time>2026-06-03T17:28:51Z</time>
   </trkpt>
   <trkpt lat="69.6016780" lon="19.0914320">
    <ele>372.0</ele>
    <time>2026-06-03T17:28:52Z</time>
   </trkpt>
   <trkpt lat="69.6016640" lon="19.0914630">
    <ele>372.6</ele>
    <time>2026-06-03T17:28:53Z</time>
   </trkpt>
   <trkpt lat="69.6016640" lon="19.0914630">
    <ele>372.6</ele>
    <time>2026-06-03T17:28:54Z</time>
   </trkpt>
   <trkpt lat="69.6016640" lon="19.0914630">
    <ele>372.6</ele>
    <time>2026-06-03T17:28:55Z</time>
   </trkpt>
   <trkpt lat="69.6016500" lon="19.0914990">
    <ele>373.2</ele>
    <time>2026-06-03T17:28:56Z</time>
   </trkpt>
   <trkpt lat="69.6016500" lon="19.0914990">
    <ele>373.2</ele>
    <time>2026-06-03T17:28:57Z</time>
   </trkpt>
   <trkpt lat="69.6016500" lon="19.0914990">
    <ele>373.2</ele>
    <time>2026-06-03T17:28:58Z</time>
   </trkpt>
   <trkpt lat="69.6016360" lon="19.0915410">
    <ele>373.9</ele>
    <time>2026-06-03T17:28:59Z</time>
   </trkpt>
   <trkpt lat="69.6016360" lon="19.0915410">
    <ele>373.9</ele>
    <time>2026-06-03T17:29:00Z</time>
   </trkpt>
   <trkpt lat="69.6016360" lon="19.0915410">
    <ele>373.9</ele>
    <time>2026-06-03T17:29:01Z</time>
   </trkpt>
   <trkpt lat="69.6016360" lon="19.0915410">
    <ele>373.9</ele>
    <time>2026-06-03T17:29:02Z</time>
   </trkpt>
   <trkpt lat="69.6016250" lon="19.0915880">
    <ele>374.6</ele>
    <time>2026-06-03T17:29:03Z</time>
   </trkpt>
   <trkpt lat="69.6016250" lon="19.0915880">
    <ele>374.6</ele>
    <time>2026-06-03T17:29:04Z</time>
   </trkpt>
   <trkpt lat="69.6016250" lon="19.0915880">
    <ele>374.6</ele>
    <time>2026-06-03T17:29:05Z</time>
   </trkpt>
   <trkpt lat="69.6016140" lon="19.0916300">
    <ele>375.2</ele>
    <time>2026-06-03T17:29:06Z</time>
   </trkpt>
   <trkpt lat="69.6016140" lon="19.0916300">
    <ele>375.2</ele>
    <time>2026-06-03T17:29:07Z</time>
   </trkpt>
   <trkpt lat="69.6016140" lon="19.0916300">
    <ele>375.2</ele>
    <time>2026-06-03T17:29:08Z</time>
   </trkpt>
   <trkpt lat="69.6016140" lon="19.0916300">
    <ele>375.2</ele>
    <time>2026-06-03T17:29:09Z</time>
   </trkpt>
   <trkpt lat="69.6016140" lon="19.0916300">
    <ele>375.2</ele>
    <time>2026-06-03T17:29:10Z</time>
   </trkpt>
   <trkpt lat="69.6016140" lon="19.0916820">
    <ele>375.8</ele>
    <time>2026-06-03T17:29:11Z</time>
   </trkpt>
   <trkpt lat="69.6016140" lon="19.0916820">
    <ele>375.8</ele>
    <time>2026-06-03T17:29:12Z</time>
   </trkpt>
   <trkpt lat="69.6016140" lon="19.0916820">
    <ele>375.8</ele>
    <time>2026-06-03T17:29:13Z</time>
   </trkpt>
   <trkpt lat="69.6016140" lon="19.0916820">
    <ele>375.8</ele>
    <time>2026-06-03T17:29:14Z</time>
   </trkpt>
   <trkpt lat="69.6016140" lon="19.0916820">
    <ele>375.8</ele>
    <time>2026-06-03T17:29:15Z</time>
   </trkpt>
   <trkpt lat="69.6016030" lon="19.0917210">
    <ele>376.3</ele>
    <time>2026-06-03T17:29:16Z</time>
   </trkpt>
   <trkpt lat="69.6016030" lon="19.0917210">
    <ele>376.3</ele>
    <time>2026-06-03T17:29:17Z</time>
   </trkpt>
   <trkpt lat="69.6016030" lon="19.0917210">
    <ele>376.3</ele>
    <time>2026-06-03T17:29:18Z</time>
   </trkpt>
   <trkpt lat="69.6016030" lon="19.0917210">
    <ele>376.3</ele>
    <time>2026-06-03T17:29:19Z</time>
   </trkpt>
   <trkpt lat="69.6016030" lon="19.0917210">
    <ele>376.3</ele>
    <time>2026-06-03T17:29:20Z</time>
   </trkpt>
   <trkpt lat="69.6016030" lon="19.0917210">
    <ele>376.3</ele>
    <time>2026-06-03T17:29:21Z</time>
   </trkpt>
   <trkpt lat="69.6016030" lon="19.0917210">
    <ele>376.3</ele>
    <time>2026-06-03T17:29:22Z</time>
   </trkpt>
   <trkpt lat="69.6016030" lon="19.0917210">
    <ele>376.3</ele>
    <time>2026-06-03T17:29:23Z</time>
   </trkpt>
   <trkpt lat="69.6016030" lon="19.0917210">
    <ele>376.3</ele>
    <time>2026-06-03T17:29:24Z</time>
   </trkpt>
   <trkpt lat="69.6016030" lon="19.0917210">
    <ele>376.3</ele>
    <time>2026-06-03T17:29:25Z</time>
   </trkpt>
   <trkpt lat="69.6016030" lon="19.0917210">
    <ele>376.3</ele>
    <time>2026-06-03T17:29:26Z</time>
   </trkpt>
   <trkpt lat="69.6016030" lon="19.0917210">
    <ele>376.3</ele>
    <time>2026-06-03T17:29:27Z</time>
   </trkpt>
   <trkpt lat="69.6016030" lon="19.0917210">
    <ele>376.3</ele>
    <time>2026-06-03T17:29:28Z</time>
   </trkpt>
   <trkpt lat="69.6016030" lon="19.0917210">
    <ele>376.3</ele>
    <time>2026-06-03T17:29:29Z</time>
   </trkpt>
   <trkpt lat="69.6016030" lon="19.0917210">
    <ele>376.3</ele>
    <time>2026-06-03T17:29:30Z</time>
   </trkpt>
   <trkpt lat="69.6016030" lon="19.0917210">
    <ele>376.3</ele>
    <time>2026-06-03T17:29:31Z</time>
   </trkpt>
   <trkpt lat="69.6016030" lon="19.0917210">
    <ele>376.3</ele>
    <time>2026-06-03T17:29:32Z</time>
   </trkpt>
   <trkpt lat="69.6016030" lon="19.0917210">
    <ele>376.3</ele>
    <time>2026-06-03T17:29:33Z</time>
   </trkpt>
   <trkpt lat="69.6016030" lon="19.0917210">
    <ele>376.3</ele>
    <time>2026-06-03T17:29:34Z</time>
   </trkpt>
   <trkpt lat="69.6016030" lon="19.0917210">
    <ele>376.3</ele>
    <time>2026-06-03T17:29:35Z</time>
   </trkpt>
   <trkpt lat="69.6016030" lon="19.0917210">
    <ele>376.3</ele>
    <time>2026-06-03T17:29:36Z</time>
   </trkpt>
   <trkpt lat="69.6016030" lon="19.0917210">
    <ele>376.3</ele>
    <time>2026-06-03T17:29:37Z</time>
   </trkpt>
   <trkpt lat="69.6016030" lon="19.0917210">
    <ele>376.3</ele>
    <time>2026-06-03T17:29:38Z</time>
   </trkpt>
   <trkpt lat="69.6016030" lon="19.0917210">
    <ele>376.3</ele>
    <time>2026-06-03T17:29:39Z</time>
   </trkpt>
   <trkpt lat="69.6016030" lon="19.0917210">
    <ele>376.3</ele>
    <time>2026-06-03T17:29:40Z</time>
   </trkpt>
   <trkpt lat="69.6016030" lon="19.0917210">
    <ele>376.3</ele>
    <time>2026-06-03T17:29:41Z</time>
   </trkpt>
   <trkpt lat="69.6016030" lon="19.0917210">
    <ele>376.3</ele>
    <time>2026-06-03T17:29:42Z</time>
   </trkpt>
   <trkpt lat="69.6016030" lon="19.0917210">
    <ele>376.3</ele>
    <time>2026-06-03T17:29:43Z</time>
   </trkpt>
   <trkpt lat="69.6016030" lon="19.0917210">
    <ele>376.3</ele>
    <time>2026-06-03T17:29:44Z</time>
   </trkpt>
   <trkpt lat="69.6016030" lon="19.0917210">
    <ele>376.3</ele>
    <time>2026-06-03T17:29:45Z</time>
   </trkpt>
   <trkpt lat="69.6016030" lon="19.0917210">
    <ele>376.3</ele>
    <time>2026-06-03T17:29:46Z</time>
   </trkpt>
   <trkpt lat="69.6016030" lon="19.0917210">
    <ele>376.3</ele>
    <time>2026-06-03T17:29:47Z</time>
   </trkpt>
   <trkpt lat="69.6016030" lon="19.0917210">
    <ele>376.3</ele>
    <time>2026-06-03T17:29:48Z</time>
   </trkpt>
   <trkpt lat="69.6016030" lon="19.0917210">
    <ele>376.3</ele>
    <time>2026-06-03T17:29:49Z</time>
   </trkpt>
   <trkpt lat="69.6016030" lon="19.0917210">
    <ele>376.3</ele>
    <time>2026-06-03T17:29:50Z</time>
   </trkpt>
   <trkpt lat="69.6016030" lon="19.0917210">
    <ele>376.3</ele>
    <time>2026-06-03T17:29:51Z</time>
   </trkpt>
   <trkpt lat="69.6016030" lon="19.0917210">
    <ele>376.3</ele>
    <time>2026-06-03T17:29:52Z</time>
   </trkpt>
   <trkpt lat="69.6016030" lon="19.0917210">
    <ele>376.3</ele>
    <time>2026-06-03T17:29:53Z</time>
   </trkpt>
   <trkpt lat="69.6016030" lon="19.0917210">
    <ele>376.3</ele>
    <time>2026-06-03T17:29:54Z</time>
   </trkpt>
   <trkpt lat="69.6015820" lon="19.0917770">
    <ele>377.3</ele>
    <time>2026-06-03T17:29:55Z</time>
   </trkpt>
   <trkpt lat="69.6015820" lon="19.0917770">
    <ele>377.3</ele>
    <time>2026-06-03T17:29:56Z</time>
   </trkpt>
   <trkpt lat="69.6015720" lon="19.0918290">
    <ele>378.0</ele>
    <time>2026-06-03T17:29:57Z</time>
   </trkpt>
   <trkpt lat="69.6015720" lon="19.0918290">
    <ele>378.0</ele>
    <time>2026-06-03T17:29:58Z</time>
   </trkpt>
   <trkpt lat="69.6015600" lon="19.0918890">
    <ele>378.8</ele>
    <time>2026-06-03T17:29:59Z</time>
   </trkpt>
   <trkpt lat="69.6015520" lon="19.0919520">
    <ele>379.5</ele>
    <time>2026-06-03T17:30:00Z</time>
   </trkpt>
   <trkpt lat="69.6015520" lon="19.0919520">
    <ele>379.5</ele>
    <time>2026-06-03T17:30:01Z</time>
   </trkpt>
   <trkpt lat="69.6015460" lon="19.0920090">
    <ele>380.1</ele>
    <time>2026-06-03T17:30:02Z</time>
   </trkpt>
   <trkpt lat="69.6015460" lon="19.0920090">
    <ele>380.1</ele>
    <time>2026-06-03T17:30:03Z</time>
   </trkpt>
   <trkpt lat="69.6015460" lon="19.0920090">
    <ele>380.1</ele>
    <time>2026-06-03T17:30:04Z</time>
   </trkpt>
   <trkpt lat="69.6015460" lon="19.0920090">
    <ele>380.1</ele>
    <time>2026-06-03T17:30:05Z</time>
   </trkpt>
   <trkpt lat="69.6015340" lon="19.0920690">
    <ele>380.9</ele>
    <time>2026-06-03T17:30:06Z</time>
   </trkpt>
   <trkpt lat="69.6015340" lon="19.0920690">
    <ele>380.9</ele>
    <time>2026-06-03T17:30:07Z</time>
   </trkpt>
   <trkpt lat="69.6015340" lon="19.0920690">
    <ele>380.9</ele>
    <time>2026-06-03T17:30:08Z</time>
   </trkpt>
   <trkpt lat="69.6015340" lon="19.0920690">
    <ele>380.9</ele>
    <time>2026-06-03T17:30:09Z</time>
   </trkpt>
   <trkpt lat="69.6015250" lon="19.0921330">
    <ele>381.6</ele>
    <time>2026-06-03T17:30:10Z</time>
   </trkpt>
   <trkpt lat="69.6015250" lon="19.0921330">
    <ele>381.6</ele>
    <time>2026-06-03T17:30:11Z</time>
   </trkpt>
   <trkpt lat="69.6015250" lon="19.0921330">
    <ele>381.6</ele>
    <time>2026-06-03T17:30:12Z</time>
   </trkpt>
   <trkpt lat="69.6015250" lon="19.0921330">
    <ele>381.6</ele>
    <time>2026-06-03T17:30:13Z</time>
   </trkpt>
   <trkpt lat="69.6015150" lon="19.0921870">
    <ele>382.2</ele>
    <time>2026-06-03T17:30:14Z</time>
   </trkpt>
   <trkpt lat="69.6015150" lon="19.0921870">
    <ele>382.2</ele>
    <time>2026-06-03T17:30:15Z</time>
   </trkpt>
   <trkpt lat="69.6015150" lon="19.0921870">
    <ele>382.2</ele>
    <time>2026-06-03T17:30:16Z</time>
   </trkpt>
   <trkpt lat="69.6015010" lon="19.0922310">
    <ele>382.8</ele>
    <time>2026-06-03T17:30:17Z</time>
   </trkpt>
   <trkpt lat="69.6015010" lon="19.0922310">
    <ele>382.8</ele>
    <time>2026-06-03T17:30:18Z</time>
   </trkpt>
   <trkpt lat="69.6015010" lon="19.0922310">
    <ele>382.8</ele>
    <time>2026-06-03T17:30:19Z</time>
   </trkpt>
   <trkpt lat="69.6014970" lon="19.0922890">
    <ele>383.3</ele>
    <time>2026-06-03T17:30:20Z</time>
   </trkpt>
   <trkpt lat="69.6014970" lon="19.0922890">
    <ele>383.3</ele>
    <time>2026-06-03T17:30:21Z</time>
   </trkpt>
   <trkpt lat="69.6014970" lon="19.0922890">
    <ele>383.3</ele>
    <time>2026-06-03T17:30:22Z</time>
   </trkpt>
   <trkpt lat="69.6014970" lon="19.0922890">
    <ele>383.3</ele>
    <time>2026-06-03T17:30:23Z</time>
   </trkpt>
   <trkpt lat="69.6014970" lon="19.0923540">
    <ele>383.9</ele>
    <time>2026-06-03T17:30:24Z</time>
   </trkpt>
   <trkpt lat="69.6014970" lon="19.0923540">
    <ele>383.9</ele>
    <time>2026-06-03T17:30:25Z</time>
   </trkpt>
   <trkpt lat="69.6015010" lon="19.0924080">
    <ele>384.4</ele>
    <time>2026-06-03T17:30:26Z</time>
   </trkpt>
   <trkpt lat="69.6015010" lon="19.0924080">
    <ele>384.4</ele>
    <time>2026-06-03T17:30:27Z</time>
   </trkpt>
   <trkpt lat="69.6015010" lon="19.0924080">
    <ele>384.4</ele>
    <time>2026-06-03T17:30:28Z</time>
   </trkpt>
   <trkpt lat="69.6014980" lon="19.0924750">
    <ele>384.9</ele>
    <time>2026-06-03T17:30:29Z</time>
   </trkpt>
   <trkpt lat="69.6014980" lon="19.0924750">
    <ele>384.9</ele>
    <time>2026-06-03T17:30:30Z</time>
   </trkpt>
   <trkpt lat="69.6014980" lon="19.0924750">
    <ele>384.9</ele>
    <time>2026-06-03T17:30:31Z</time>
   </trkpt>
   <trkpt lat="69.6014980" lon="19.0924750">
    <ele>384.9</ele>
    <time>2026-06-03T17:30:32Z</time>
   </trkpt>
   <trkpt lat="69.6014980" lon="19.0924750">
    <ele>384.9</ele>
    <time>2026-06-03T17:30:33Z</time>
   </trkpt>
   <trkpt lat="69.6014980" lon="19.0924750">
    <ele>384.9</ele>
    <time>2026-06-03T17:30:34Z</time>
   </trkpt>
   <trkpt lat="69.6014980" lon="19.0924750">
    <ele>384.9</ele>
    <time>2026-06-03T17:30:35Z</time>
   </trkpt>
   <trkpt lat="69.6014980" lon="19.0924750">
    <ele>384.9</ele>
    <time>2026-06-03T17:30:36Z</time>
   </trkpt>
   <trkpt lat="69.6014980" lon="19.0924750">
    <ele>384.9</ele>
    <time>2026-06-03T17:30:37Z</time>
   </trkpt>
   <trkpt lat="69.6014980" lon="19.0924750">
    <ele>384.9</ele>
    <time>2026-06-03T17:30:38Z</time>
   </trkpt>
   <trkpt lat="69.6014980" lon="19.0924750">
    <ele>384.9</ele>
    <time>2026-06-03T17:30:39Z</time>
   </trkpt>
   <trkpt lat="69.6014980" lon="19.0924750">
    <ele>384.9</ele>
    <time>2026-06-03T17:30:40Z</time>
   </trkpt>
   <trkpt lat="69.6014980" lon="19.0924750">
    <ele>384.9</ele>
    <time>2026-06-03T17:30:41Z</time>
   </trkpt>
   <trkpt lat="69.6014980" lon="19.0924750">
    <ele>384.9</ele>
    <time>2026-06-03T17:30:42Z</time>
   </trkpt>
   <trkpt lat="69.6014980" lon="19.0924750">
    <ele>384.9</ele>
    <time>2026-06-03T17:30:43Z</time>
   </trkpt>
   <trkpt lat="69.6014980" lon="19.0924750">
    <ele>384.9</ele>
    <time>2026-06-03T17:30:44Z</time>
   </trkpt>
   <trkpt lat="69.6014980" lon="19.0924750">
    <ele>384.9</ele>
    <time>2026-06-03T17:30:45Z</time>
   </trkpt>
   <trkpt lat="69.6014980" lon="19.0924750">
    <ele>384.9</ele>
    <time>2026-06-03T17:30:46Z</time>
   </trkpt>
   <trkpt lat="69.6014980" lon="19.0924750">
    <ele>384.9</ele>
    <time>2026-06-03T17:30:47Z</time>
   </trkpt>
   <trkpt lat="69.6014980" lon="19.0924750">
    <ele>384.9</ele>
    <time>2026-06-03T17:30:48Z</time>
   </trkpt>
   <trkpt lat="69.6014980" lon="19.0924750">
    <ele>384.9</ele>
    <time>2026-06-03T17:30:49Z</time>
   </trkpt>
   <trkpt lat="69.6014980" lon="19.0924750">
    <ele>384.9</ele>
    <time>2026-06-03T17:30:50Z</time>
   </trkpt>
   <trkpt lat="69.6014980" lon="19.0924750">
    <ele>384.9</ele>
    <time>2026-06-03T17:30:51Z</time>
   </trkpt>
   <trkpt lat="69.6014980" lon="19.0924750">
    <ele>384.9</ele>
    <time>2026-06-03T17:30:52Z</time>
   </trkpt>
   <trkpt lat="69.6014980" lon="19.0924750">
    <ele>384.9</ele>
    <time>2026-06-03T17:30:53Z</time>
   </trkpt>
   <trkpt lat="69.6014980" lon="19.0924750">
    <ele>384.9</ele>
    <time>2026-06-03T17:30:54Z</time>
   </trkpt>
   <trkpt lat="69.6014980" lon="19.0924750">
    <ele>384.9</ele>
    <time>2026-06-03T17:30:55Z</time>
   </trkpt>
   <trkpt lat="69.6014980" lon="19.0924750">
    <ele>384.9</ele>
    <time>2026-06-03T17:30:56Z</time>
   </trkpt>
   <trkpt lat="69.6014980" lon="19.0924750">
    <ele>384.9</ele>
    <time>2026-06-03T17:30:57Z</time>
   </trkpt>
   <trkpt lat="69.6014980" lon="19.0924750">
    <ele>384.9</ele>
    <time>2026-06-03T17:30:58Z</time>
   </trkpt>
   <trkpt lat="69.6014980" lon="19.0924750">
    <ele>384.9</ele>
    <time>2026-06-03T17:30:59Z</time>
   </trkpt>
   <trkpt lat="69.6014910" lon="19.0925290">
    <ele>385.4</ele>
    <time>2026-06-03T17:31:00Z</time>
   </trkpt>
   <trkpt lat="69.6014910" lon="19.0925290">
    <ele>385.4</ele>
    <time>2026-06-03T17:31:01Z</time>
   </trkpt>
   <trkpt lat="69.6014810" lon="19.0925740">
    <ele>385.9</ele>
    <time>2026-06-03T17:31:02Z</time>
   </trkpt>
   <trkpt lat="69.6014810" lon="19.0925740">
    <ele>385.9</ele>
    <time>2026-06-03T17:31:03Z</time>
   </trkpt>
   <trkpt lat="69.6014810" lon="19.0925740">
    <ele>385.9</ele>
    <time>2026-06-03T17:31:04Z</time>
   </trkpt>
   <trkpt lat="69.6014740" lon="19.0926440">
    <ele>386.6</ele>
    <time>2026-06-03T17:31:05Z</time>
   </trkpt>
   <trkpt lat="69.6014740" lon="19.0926440">
    <ele>386.6</ele>
    <time>2026-06-03T17:31:06Z</time>
   </trkpt>
   <trkpt lat="69.6014660" lon="19.0927090">
    <ele>387.3</ele>
    <time>2026-06-03T17:31:07Z</time>
   </trkpt>
   <trkpt lat="69.6014660" lon="19.0927090">
    <ele>387.3</ele>
    <time>2026-06-03T17:31:08Z</time>
   </trkpt>
   <trkpt lat="69.6014660" lon="19.0927090">
    <ele>387.3</ele>
    <time>2026-06-03T17:31:09Z</time>
   </trkpt>
   <trkpt lat="69.6014660" lon="19.0927090">
    <ele>387.3</ele>
    <time>2026-06-03T17:31:10Z</time>
   </trkpt>
   <trkpt lat="69.6014600" lon="19.0927780">
    <ele>388.0</ele>
    <time>2026-06-03T17:31:11Z</time>
   </trkpt>
   <trkpt lat="69.6014500" lon="19.0928300">
    <ele>388.6</ele>
    <time>2026-06-03T17:31:12Z</time>
   </trkpt>
   <trkpt lat="69.6014500" lon="19.0928300">
    <ele>388.6</ele>
    <time>2026-06-03T17:31:13Z</time>
   </trkpt>
   <trkpt lat="69.6014500" lon="19.0928300">
    <ele>388.6</ele>
    <time>2026-06-03T17:31:14Z</time>
   </trkpt>
   <trkpt lat="69.6014500" lon="19.0928300">
    <ele>388.6</ele>
    <time>2026-06-03T17:31:15Z</time>
   </trkpt>
   <trkpt lat="69.6014340" lon="19.0928880">
    <ele>389.5</ele>
    <time>2026-06-03T17:31:16Z</time>
   </trkpt>
   <trkpt lat="69.6014340" lon="19.0928880">
    <ele>389.5</ele>
    <time>2026-06-03T17:31:17Z</time>
   </trkpt>
   <trkpt lat="69.6014310" lon="19.0929480">
    <ele>390.2</ele>
    <time>2026-06-03T17:31:18Z</time>
   </trkpt>
   <trkpt lat="69.6014310" lon="19.0929480">
    <ele>390.2</ele>
    <time>2026-06-03T17:31:19Z</time>
   </trkpt>
   <trkpt lat="69.6014310" lon="19.0929480">
    <ele>390.2</ele>
    <time>2026-06-03T17:31:20Z</time>
   </trkpt>
   <trkpt lat="69.6014310" lon="19.0930130">
    <ele>390.9</ele>
    <time>2026-06-03T17:31:21Z</time>
   </trkpt>
   <trkpt lat="69.6014310" lon="19.0930130">
    <ele>390.9</ele>
    <time>2026-06-03T17:31:22Z</time>
   </trkpt>
   <trkpt lat="69.6014310" lon="19.0930130">
    <ele>390.9</ele>
    <time>2026-06-03T17:31:23Z</time>
   </trkpt>
   <trkpt lat="69.6014320" lon="19.0930710">
    <ele>391.6</ele>
    <time>2026-06-03T17:31:24Z</time>
   </trkpt>
   <trkpt lat="69.6014320" lon="19.0930710">
    <ele>391.6</ele>
    <time>2026-06-03T17:31:25Z</time>
   </trkpt>
   <trkpt lat="69.6014320" lon="19.0930710">
    <ele>391.6</ele>
    <time>2026-06-03T17:31:26Z</time>
   </trkpt>
   <trkpt lat="69.6014240" lon="19.0931250">
    <ele>392.3</ele>
    <time>2026-06-03T17:31:27Z</time>
   </trkpt>
   <trkpt lat="69.6014240" lon="19.0931250">
    <ele>392.3</ele>
    <time>2026-06-03T17:31:28Z</time>
   </trkpt>
   <trkpt lat="69.6014240" lon="19.0931250">
    <ele>392.3</ele>
    <time>2026-06-03T17:31:29Z</time>
   </trkpt>
   <trkpt lat="69.6014240" lon="19.0931250">
    <ele>392.3</ele>
    <time>2026-06-03T17:31:30Z</time>
   </trkpt>
   <trkpt lat="69.6014100" lon="19.0931720">
    <ele>393.0</ele>
    <time>2026-06-03T17:31:31Z</time>
   </trkpt>
   <trkpt lat="69.6014100" lon="19.0931720">
    <ele>393.0</ele>
    <time>2026-06-03T17:31:32Z</time>
   </trkpt>
   <trkpt lat="69.6014100" lon="19.0931720">
    <ele>393.0</ele>
    <time>2026-06-03T17:31:33Z</time>
   </trkpt>
   <trkpt lat="69.6014100" lon="19.0931720">
    <ele>393.0</ele>
    <time>2026-06-03T17:31:34Z</time>
   </trkpt>
   <trkpt lat="69.6014100" lon="19.0931720">
    <ele>393.0</ele>
    <time>2026-06-03T17:31:35Z</time>
   </trkpt>
   <trkpt lat="69.6014060" lon="19.0932290">
    <ele>393.8</ele>
    <time>2026-06-03T17:31:36Z</time>
   </trkpt>
   <trkpt lat="69.6014060" lon="19.0932290">
    <ele>393.8</ele>
    <time>2026-06-03T17:31:37Z</time>
   </trkpt>
   <trkpt lat="69.6014060" lon="19.0932290">
    <ele>393.8</ele>
    <time>2026-06-03T17:31:38Z</time>
   </trkpt>
   <trkpt lat="69.6014070" lon="19.0932870">
    <ele>394.5</ele>
    <time>2026-06-03T17:31:39Z</time>
   </trkpt>
   <trkpt lat="69.6014070" lon="19.0932870">
    <ele>394.5</ele>
    <time>2026-06-03T17:31:40Z</time>
   </trkpt>
   <trkpt lat="69.6014070" lon="19.0932870">
    <ele>394.5</ele>
    <time>2026-06-03T17:31:41Z</time>
   </trkpt>
   <trkpt lat="69.6013900" lon="19.0933240">
    <ele>395.3</ele>
    <time>2026-06-03T17:31:42Z</time>
   </trkpt>
   <trkpt lat="69.6013900" lon="19.0933240">
    <ele>395.3</ele>
    <time>2026-06-03T17:31:43Z</time>
   </trkpt>
   <trkpt lat="69.6013900" lon="19.0933240">
    <ele>395.3</ele>
    <time>2026-06-03T17:31:44Z</time>
   </trkpt>
   <trkpt lat="69.6013900" lon="19.0933240">
    <ele>395.3</ele>
    <time>2026-06-03T17:31:45Z</time>
   </trkpt>
   <trkpt lat="69.6013680" lon="19.0933420">
    <ele>396.1</ele>
    <time>2026-06-03T17:31:46Z</time>
   </trkpt>
   <trkpt lat="69.6013680" lon="19.0933420">
    <ele>396.1</ele>
    <time>2026-06-03T17:31:47Z</time>
   </trkpt>
   <trkpt lat="69.6013680" lon="19.0933420">
    <ele>396.1</ele>
    <time>2026-06-03T17:31:48Z</time>
   </trkpt>
   <trkpt lat="69.6013480" lon="19.0933540">
    <ele>396.8</ele>
    <time>2026-06-03T17:31:49Z</time>
   </trkpt>
   <trkpt lat="69.6013480" lon="19.0933540">
    <ele>396.8</ele>
    <time>2026-06-03T17:31:50Z</time>
   </trkpt>
   <trkpt lat="69.6013480" lon="19.0933540">
    <ele>396.8</ele>
    <time>2026-06-03T17:31:51Z</time>
   </trkpt>
   <trkpt lat="69.6013290" lon="19.0933900">
    <ele>397.6</ele>
    <time>2026-06-03T17:31:52Z</time>
   </trkpt>
   <trkpt lat="69.6013290" lon="19.0933900">
    <ele>397.6</ele>
    <time>2026-06-03T17:31:53Z</time>
   </trkpt>
   <trkpt lat="69.6013290" lon="19.0933900">
    <ele>397.6</ele>
    <time>2026-06-03T17:31:54Z</time>
   </trkpt>
   <trkpt lat="69.6013260" lon="19.0934630">
    <ele>398.5</ele>
    <time>2026-06-03T17:31:55Z</time>
   </trkpt>
   <trkpt lat="69.6013260" lon="19.0934630">
    <ele>398.5</ele>
    <time>2026-06-03T17:31:56Z</time>
   </trkpt>
   <trkpt lat="69.6013070" lon="19.0935150">
    <ele>399.4</ele>
    <time>2026-06-03T17:31:57Z</time>
   </trkpt>
   <trkpt lat="69.6013070" lon="19.0935150">
    <ele>399.4</ele>
    <time>2026-06-03T17:31:58Z</time>
   </trkpt>
   <trkpt lat="69.6013070" lon="19.0935150">
    <ele>399.4</ele>
    <time>2026-06-03T17:31:59Z</time>
   </trkpt>
   <trkpt lat="69.6013070" lon="19.0935150">
    <ele>399.4</ele>
    <time>2026-06-03T17:32:00Z</time>
   </trkpt>
   <trkpt lat="69.6012900" lon="19.0935490">
    <ele>400.1</ele>
    <time>2026-06-03T17:32:01Z</time>
   </trkpt>
   <trkpt lat="69.6012900" lon="19.0935490">
    <ele>400.1</ele>
    <time>2026-06-03T17:32:02Z</time>
   </trkpt>
   <trkpt lat="69.6012900" lon="19.0935490">
    <ele>400.1</ele>
    <time>2026-06-03T17:32:03Z</time>
   </trkpt>
   <trkpt lat="69.6012790" lon="19.0936020">
    <ele>400.9</ele>
    <time>2026-06-03T17:32:04Z</time>
   </trkpt>
   <trkpt lat="69.6012790" lon="19.0936020">
    <ele>400.9</ele>
    <time>2026-06-03T17:32:05Z</time>
   </trkpt>
   <trkpt lat="69.6012790" lon="19.0936020">
    <ele>400.9</ele>
    <time>2026-06-03T17:32:06Z</time>
   </trkpt>
   <trkpt lat="69.6012660" lon="19.0936640">
    <ele>401.7</ele>
    <time>2026-06-03T17:32:07Z</time>
   </trkpt>
   <trkpt lat="69.6012660" lon="19.0936640">
    <ele>401.7</ele>
    <time>2026-06-03T17:32:08Z</time>
   </trkpt>
   <trkpt lat="69.6012540" lon="19.0937110">
    <ele>402.3</ele>
    <time>2026-06-03T17:32:09Z</time>
   </trkpt>
   <trkpt lat="69.6012540" lon="19.0937110">
    <ele>402.3</ele>
    <time>2026-06-03T17:32:10Z</time>
   </trkpt>
   <trkpt lat="69.6012540" lon="19.0937110">
    <ele>402.3</ele>
    <time>2026-06-03T17:32:11Z</time>
   </trkpt>
   <trkpt lat="69.6012410" lon="19.0937700">
    <ele>403.0</ele>
    <time>2026-06-03T17:32:12Z</time>
   </trkpt>
   <trkpt lat="69.6012410" lon="19.0937700">
    <ele>403.0</ele>
    <time>2026-06-03T17:32:13Z</time>
   </trkpt>
   <trkpt lat="69.6012410" lon="19.0937700">
    <ele>403.0</ele>
    <time>2026-06-03T17:32:14Z</time>
   </trkpt>
   <trkpt lat="69.6012410" lon="19.0937700">
    <ele>403.0</ele>
    <time>2026-06-03T17:32:15Z</time>
   </trkpt>
   <trkpt lat="69.6012250" lon="19.0938280">
    <ele>403.7</ele>
    <time>2026-06-03T17:32:16Z</time>
   </trkpt>
   <trkpt lat="69.6012250" lon="19.0938280">
    <ele>403.7</ele>
    <time>2026-06-03T17:32:17Z</time>
   </trkpt>
   <trkpt lat="69.6012250" lon="19.0938280">
    <ele>403.7</ele>
    <time>2026-06-03T17:32:18Z</time>
   </trkpt>
   <trkpt lat="69.6012050" lon="19.0938820">
    <ele>404.5</ele>
    <time>2026-06-03T17:32:19Z</time>
   </trkpt>
   <trkpt lat="69.6012050" lon="19.0938820">
    <ele>404.5</ele>
    <time>2026-06-03T17:32:20Z</time>
   </trkpt>
   <trkpt lat="69.6012050" lon="19.0938820">
    <ele>404.5</ele>
    <time>2026-06-03T17:32:21Z</time>
   </trkpt>
   <trkpt lat="69.6011890" lon="19.0939230">
    <ele>405.1</ele>
    <time>2026-06-03T17:32:22Z</time>
   </trkpt>
   <trkpt lat="69.6011890" lon="19.0939230">
    <ele>405.1</ele>
    <time>2026-06-03T17:32:23Z</time>
   </trkpt>
   <trkpt lat="69.6011890" lon="19.0939230">
    <ele>405.1</ele>
    <time>2026-06-03T17:32:24Z</time>
   </trkpt>
   <trkpt lat="69.6011890" lon="19.0939230">
    <ele>405.1</ele>
    <time>2026-06-03T17:32:25Z</time>
   </trkpt>
   <trkpt lat="69.6011740" lon="19.0939600">
    <ele>405.7</ele>
    <time>2026-06-03T17:32:26Z</time>
   </trkpt>
   <trkpt lat="69.6011740" lon="19.0939600">
    <ele>405.7</ele>
    <time>2026-06-03T17:32:27Z</time>
   </trkpt>
   <trkpt lat="69.6011740" lon="19.0939600">
    <ele>405.7</ele>
    <time>2026-06-03T17:32:28Z</time>
   </trkpt>
   <trkpt lat="69.6011740" lon="19.0939600">
    <ele>405.7</ele>
    <time>2026-06-03T17:32:29Z</time>
   </trkpt>
   <trkpt lat="69.6011600" lon="19.0940060">
    <ele>406.3</ele>
    <time>2026-06-03T17:32:30Z</time>
   </trkpt>
   <trkpt lat="69.6011600" lon="19.0940060">
    <ele>406.3</ele>
    <time>2026-06-03T17:32:31Z</time>
   </trkpt>
   <trkpt lat="69.6011600" lon="19.0940060">
    <ele>406.3</ele>
    <time>2026-06-03T17:32:32Z</time>
   </trkpt>
   <trkpt lat="69.6011390" lon="19.0940320">
    <ele>407.2</ele>
    <time>2026-06-03T17:32:33Z</time>
   </trkpt>
   <trkpt lat="69.6011390" lon="19.0940320">
    <ele>407.2</ele>
    <time>2026-06-03T17:32:34Z</time>
   </trkpt>
   <trkpt lat="69.6011390" lon="19.0940320">
    <ele>407.2</ele>
    <time>2026-06-03T17:32:35Z</time>
   </trkpt>
   <trkpt lat="69.6011180" lon="19.0940450">
    <ele>407.5</ele>
    <time>2026-06-03T17:32:36Z</time>
   </trkpt>
   <trkpt lat="69.6010980" lon="19.0940510">
    <ele>407.8</ele>
    <time>2026-06-03T17:32:37Z</time>
   </trkpt>
   <trkpt lat="69.6010980" lon="19.0940510">
    <ele>407.8</ele>
    <time>2026-06-03T17:32:38Z</time>
   </trkpt>
   <trkpt lat="69.6010980" lon="19.0940510">
    <ele>407.8</ele>
    <time>2026-06-03T17:32:39Z</time>
   </trkpt>
   <trkpt lat="69.6010810" lon="19.0940820">
    <ele>408.8</ele>
    <time>2026-06-03T17:32:40Z</time>
   </trkpt>
   <trkpt lat="69.6010810" lon="19.0940820">
    <ele>408.8</ele>
    <time>2026-06-03T17:32:41Z</time>
   </trkpt>
   <trkpt lat="69.6010640" lon="19.0941060">
    <ele>409.1</ele>
    <time>2026-06-03T17:32:42Z</time>
   </trkpt>
   <trkpt lat="69.6010640" lon="19.0941060">
    <ele>409.1</ele>
    <time>2026-06-03T17:32:43Z</time>
   </trkpt>
   <trkpt lat="69.6010640" lon="19.0941060">
    <ele>409.1</ele>
    <time>2026-06-03T17:32:44Z</time>
   </trkpt>
   <trkpt lat="69.6010430" lon="19.0941220">
    <ele>409.8</ele>
    <time>2026-06-03T17:32:45Z</time>
   </trkpt>
   <trkpt lat="69.6010430" lon="19.0941220">
    <ele>409.8</ele>
    <time>2026-06-03T17:32:46Z</time>
   </trkpt>
   <trkpt lat="69.6010250" lon="19.0941670">
    <ele>410.5</ele>
    <time>2026-06-03T17:32:47Z</time>
   </trkpt>
   <trkpt lat="69.6010250" lon="19.0941670">
    <ele>410.4</ele>
    <time>2026-06-03T17:32:48Z</time>
   </trkpt>
   <trkpt lat="69.6010250" lon="19.0941670">
    <ele>410.4</ele>
    <time>2026-06-03T17:32:49Z</time>
   </trkpt>
   <trkpt lat="69.6010250" lon="19.0941670">
    <ele>410.4</ele>
    <time>2026-06-03T17:32:50Z</time>
   </trkpt>
   <trkpt lat="69.6010090" lon="19.0942190">
    <ele>411.1</ele>
    <time>2026-06-03T17:32:51Z</time>
   </trkpt>
   <trkpt lat="69.6009980" lon="19.0942640">
    <ele>411.9</ele>
    <time>2026-06-03T17:32:52Z</time>
   </trkpt>
   <trkpt lat="69.6009980" lon="19.0942640">
    <ele>411.9</ele>
    <time>2026-06-03T17:32:53Z</time>
   </trkpt>
   <trkpt lat="69.6009980" lon="19.0942640">
    <ele>411.9</ele>
    <time>2026-06-03T17:32:54Z</time>
   </trkpt>
   <trkpt lat="69.6009980" lon="19.0942640">
    <ele>411.9</ele>
    <time>2026-06-03T17:32:55Z</time>
   </trkpt>
   <trkpt lat="69.6009810" lon="19.0943140">
    <ele>412.6</ele>
    <time>2026-06-03T17:32:56Z</time>
   </trkpt>
   <trkpt lat="69.6009810" lon="19.0943140">
    <ele>412.6</ele>
    <time>2026-06-03T17:32:57Z</time>
   </trkpt>
   <trkpt lat="69.6009810" lon="19.0943140">
    <ele>412.6</ele>
    <time>2026-06-03T17:32:58Z</time>
   </trkpt>
   <trkpt lat="69.6009810" lon="19.0943140">
    <ele>412.6</ele>
    <time>2026-06-03T17:32:59Z</time>
   </trkpt>
   <trkpt lat="69.6009810" lon="19.0943140">
    <ele>412.6</ele>
    <time>2026-06-03T17:33:00Z</time>
   </trkpt>
   <trkpt lat="69.6009680" lon="19.0943610">
    <ele>413.2</ele>
    <time>2026-06-03T17:33:01Z</time>
   </trkpt>
   <trkpt lat="69.6009680" lon="19.0943610">
    <ele>413.2</ele>
    <time>2026-06-03T17:33:02Z</time>
   </trkpt>
   <trkpt lat="69.6009680" lon="19.0943610">
    <ele>413.2</ele>
    <time>2026-06-03T17:33:03Z</time>
   </trkpt>
   <trkpt lat="69.6009680" lon="19.0943610">
    <ele>413.2</ele>
    <time>2026-06-03T17:33:04Z</time>
   </trkpt>
   <trkpt lat="69.6009600" lon="19.0944090">
    <ele>413.9</ele>
    <time>2026-06-03T17:33:05Z</time>
   </trkpt>
   <trkpt lat="69.6009600" lon="19.0944090">
    <ele>413.9</ele>
    <time>2026-06-03T17:33:06Z</time>
   </trkpt>
   <trkpt lat="69.6009600" lon="19.0944090">
    <ele>413.9</ele>
    <time>2026-06-03T17:33:07Z</time>
   </trkpt>
   <trkpt lat="69.6009520" lon="19.0944650">
    <ele>414.7</ele>
    <time>2026-06-03T17:33:08Z</time>
   </trkpt>
   <trkpt lat="69.6009520" lon="19.0944650">
    <ele>414.7</ele>
    <time>2026-06-03T17:33:09Z</time>
   </trkpt>
   <trkpt lat="69.6009520" lon="19.0944650">
    <ele>414.7</ele>
    <time>2026-06-03T17:33:10Z</time>
   </trkpt>
   <trkpt lat="69.6009460" lon="19.0945280">
    <ele>415.4</ele>
    <time>2026-06-03T17:33:11Z</time>
   </trkpt>
   <trkpt lat="69.6009390" lon="19.0945800">
    <ele>415.8</ele>
    <time>2026-06-03T17:33:12Z</time>
   </trkpt>
   <trkpt lat="69.6009390" lon="19.0945800">
    <ele>415.8</ele>
    <time>2026-06-03T17:33:13Z</time>
   </trkpt>
   <trkpt lat="69.6009390" lon="19.0945800">
    <ele>415.8</ele>
    <time>2026-06-03T17:33:14Z</time>
   </trkpt>
   <trkpt lat="69.6009390" lon="19.0945800">
    <ele>415.8</ele>
    <time>2026-06-03T17:33:15Z</time>
   </trkpt>
   <trkpt lat="69.6009270" lon="19.0946370">
    <ele>417.0</ele>
    <time>2026-06-03T17:33:16Z</time>
   </trkpt>
   <trkpt lat="69.6009270" lon="19.0946370">
    <ele>417.0</ele>
    <time>2026-06-03T17:33:17Z</time>
   </trkpt>
   <trkpt lat="69.6009270" lon="19.0946370">
    <ele>417.0</ele>
    <time>2026-06-03T17:33:18Z</time>
   </trkpt>
   <trkpt lat="69.6009120" lon="19.0946940">
    <ele>417.8</ele>
    <time>2026-06-03T17:33:19Z</time>
   </trkpt>
   <trkpt lat="69.6009120" lon="19.0946940">
    <ele>417.8</ele>
    <time>2026-06-03T17:33:20Z</time>
   </trkpt>
   <trkpt lat="69.6009120" lon="19.0946940">
    <ele>417.8</ele>
    <time>2026-06-03T17:33:21Z</time>
   </trkpt>
   <trkpt lat="69.6009120" lon="19.0946940">
    <ele>417.7</ele>
    <time>2026-06-03T17:33:22Z</time>
   </trkpt>
   <trkpt lat="69.6009120" lon="19.0946940">
    <ele>417.7</ele>
    <time>2026-06-03T17:33:23Z</time>
   </trkpt>
   <trkpt lat="69.6009120" lon="19.0946940">
    <ele>417.7</ele>
    <time>2026-06-03T17:33:24Z</time>
   </trkpt>
   <trkpt lat="69.6009010" lon="19.0947420">
    <ele>418.4</ele>
    <time>2026-06-03T17:33:25Z</time>
   </trkpt>
   <trkpt lat="69.6009010" lon="19.0947420">
    <ele>418.4</ele>
    <time>2026-06-03T17:33:26Z</time>
   </trkpt>
   <trkpt lat="69.6009010" lon="19.0947420">
    <ele>418.4</ele>
    <time>2026-06-03T17:33:27Z</time>
   </trkpt>
   <trkpt lat="69.6008860" lon="19.0947820">
    <ele>419.1</ele>
    <time>2026-06-03T17:33:28Z</time>
   </trkpt>
   <trkpt lat="69.6008860" lon="19.0947820">
    <ele>419.1</ele>
    <time>2026-06-03T17:33:29Z</time>
   </trkpt>
   <trkpt lat="69.6008720" lon="19.0948150">
    <ele>419.5</ele>
    <time>2026-06-03T17:33:30Z</time>
   </trkpt>
   <trkpt lat="69.6008720" lon="19.0948150">
    <ele>419.5</ele>
    <time>2026-06-03T17:33:31Z</time>
   </trkpt>
   <trkpt lat="69.6008530" lon="19.0948440">
    <ele>420.2</ele>
    <time>2026-06-03T17:33:32Z</time>
   </trkpt>
   <trkpt lat="69.6008370" lon="19.0948670">
    <ele>420.3</ele>
    <time>2026-06-03T17:33:33Z</time>
   </trkpt>
   <trkpt lat="69.6008370" lon="19.0948670">
    <ele>420.3</ele>
    <time>2026-06-03T17:33:34Z</time>
   </trkpt>
   <trkpt lat="69.6008370" lon="19.0948670">
    <ele>420.3</ele>
    <time>2026-06-03T17:33:35Z</time>
   </trkpt>
   <trkpt lat="69.6008370" lon="19.0948670">
    <ele>420.3</ele>
    <time>2026-06-03T17:33:36Z</time>
   </trkpt>
   <trkpt lat="69.6008200" lon="19.0949220">
    <ele>420.8</ele>
    <time>2026-06-03T17:33:37Z</time>
   </trkpt>
   <trkpt lat="69.6008200" lon="19.0949220">
    <ele>420.8</ele>
    <time>2026-06-03T17:33:38Z</time>
   </trkpt>
   <trkpt lat="69.6008200" lon="19.0949220">
    <ele>420.8</ele>
    <time>2026-06-03T17:33:39Z</time>
   </trkpt>
   <trkpt lat="69.6008050" lon="19.0949730">
    <ele>421.8</ele>
    <time>2026-06-03T17:33:40Z</time>
   </trkpt>
   <trkpt lat="69.6008050" lon="19.0949730">
    <ele>421.8</ele>
    <time>2026-06-03T17:33:41Z</time>
   </trkpt>
   <trkpt lat="69.6008050" lon="19.0949730">
    <ele>421.8</ele>
    <time>2026-06-03T17:33:42Z</time>
   </trkpt>
   <trkpt lat="69.6007850" lon="19.0950220">
    <ele>422.4</ele>
    <time>2026-06-03T17:33:43Z</time>
   </trkpt>
   <trkpt lat="69.6007850" lon="19.0950220">
    <ele>422.4</ele>
    <time>2026-06-03T17:33:44Z</time>
   </trkpt>
   <trkpt lat="69.6007850" lon="19.0950220">
    <ele>422.4</ele>
    <time>2026-06-03T17:33:45Z</time>
   </trkpt>
   <trkpt lat="69.6007710" lon="19.0950610">
    <ele>423.0</ele>
    <time>2026-06-03T17:33:46Z</time>
   </trkpt>
   <trkpt lat="69.6007710" lon="19.0950610">
    <ele>423.0</ele>
    <time>2026-06-03T17:33:47Z</time>
   </trkpt>
   <trkpt lat="69.6007710" lon="19.0950610">
    <ele>423.0</ele>
    <time>2026-06-03T17:33:48Z</time>
   </trkpt>
   <trkpt lat="69.6007710" lon="19.0950610">
    <ele>423.0</ele>
    <time>2026-06-03T17:33:49Z</time>
   </trkpt>
   <trkpt lat="69.6007720" lon="19.0951290">
    <ele>423.5</ele>
    <time>2026-06-03T17:33:50Z</time>
   </trkpt>
   <trkpt lat="69.6007720" lon="19.0951290">
    <ele>423.5</ele>
    <time>2026-06-03T17:33:51Z</time>
   </trkpt>
   <trkpt lat="69.6007720" lon="19.0951290">
    <ele>423.5</ele>
    <time>2026-06-03T17:33:52Z</time>
   </trkpt>
   <trkpt lat="69.6007790" lon="19.0951860">
    <ele>424.5</ele>
    <time>2026-06-03T17:33:53Z</time>
   </trkpt>
   <trkpt lat="69.6007790" lon="19.0951860">
    <ele>424.5</ele>
    <time>2026-06-03T17:33:54Z</time>
   </trkpt>
   <trkpt lat="69.6007790" lon="19.0951860">
    <ele>424.5</ele>
    <time>2026-06-03T17:33:55Z</time>
   </trkpt>
   <trkpt lat="69.6007800" lon="19.0952460">
    <ele>425.0</ele>
    <time>2026-06-03T17:33:56Z</time>
   </trkpt>
   <trkpt lat="69.6007800" lon="19.0952460">
    <ele>424.9</ele>
    <time>2026-06-03T17:33:57Z</time>
   </trkpt>
   <trkpt lat="69.6007800" lon="19.0952460">
    <ele>424.9</ele>
    <time>2026-06-03T17:33:58Z</time>
   </trkpt>
   <trkpt lat="69.6007780" lon="19.0953020">
    <ele>425.4</ele>
    <time>2026-06-03T17:33:59Z</time>
   </trkpt>
   <trkpt lat="69.6007780" lon="19.0953020">
    <ele>425.4</ele>
    <time>2026-06-03T17:34:00Z</time>
   </trkpt>
   <trkpt lat="69.6007780" lon="19.0953020">
    <ele>425.4</ele>
    <time>2026-06-03T17:34:01Z</time>
   </trkpt>
   <trkpt lat="69.6007790" lon="19.0953600">
    <ele>426.4</ele>
    <time>2026-06-03T17:34:02Z</time>
   </trkpt>
   <trkpt lat="69.6007790" lon="19.0953600">
    <ele>426.4</ele>
    <time>2026-06-03T17:34:03Z</time>
   </trkpt>
   <trkpt lat="69.6007790" lon="19.0953600">
    <ele>426.4</ele>
    <time>2026-06-03T17:34:04Z</time>
   </trkpt>
   <trkpt lat="69.6007790" lon="19.0953600">
    <ele>426.4</ele>
    <time>2026-06-03T17:34:05Z</time>
   </trkpt>
   <trkpt lat="69.6007850" lon="19.0954240">
    <ele>426.9</ele>
    <time>2026-06-03T17:34:06Z</time>
   </trkpt>
   <trkpt lat="69.6007850" lon="19.0954240">
    <ele>426.8</ele>
    <time>2026-06-03T17:34:07Z</time>
   </trkpt>
   <trkpt lat="69.6007850" lon="19.0954240">
    <ele>426.8</ele>
    <time>2026-06-03T17:34:08Z</time>
   </trkpt>
   <trkpt lat="69.6007850" lon="19.0954240">
    <ele>426.8</ele>
    <time>2026-06-03T17:34:09Z</time>
   </trkpt>
   <trkpt lat="69.6007920" lon="19.0954840">
    <ele>427.9</ele>
    <time>2026-06-03T17:34:10Z</time>
   </trkpt>
   <trkpt lat="69.6007920" lon="19.0954840">
    <ele>427.9</ele>
    <time>2026-06-03T17:34:11Z</time>
   </trkpt>
   <trkpt lat="69.6007920" lon="19.0954840">
    <ele>427.8</ele>
    <time>2026-06-03T17:34:12Z</time>
   </trkpt>
   <trkpt lat="69.6008040" lon="19.0955460">
    <ele>428.3</ele>
    <time>2026-06-03T17:34:13Z</time>
   </trkpt>
   <trkpt lat="69.6008040" lon="19.0955460">
    <ele>428.3</ele>
    <time>2026-06-03T17:34:14Z</time>
   </trkpt>
   <trkpt lat="69.6008040" lon="19.0955460">
    <ele>428.3</ele>
    <time>2026-06-03T17:34:15Z</time>
   </trkpt>
   <trkpt lat="69.6008040" lon="19.0955460">
    <ele>428.3</ele>
    <time>2026-06-03T17:34:16Z</time>
   </trkpt>
   <trkpt lat="69.6008040" lon="19.0955460">
    <ele>428.3</ele>
    <time>2026-06-03T17:34:17Z</time>
   </trkpt>
   <trkpt lat="69.6008170" lon="19.0955890">
    <ele>428.7</ele>
    <time>2026-06-03T17:34:18Z</time>
   </trkpt>
   <trkpt lat="69.6008170" lon="19.0955890">
    <ele>428.7</ele>
    <time>2026-06-03T17:34:19Z</time>
   </trkpt>
   <trkpt lat="69.6008170" lon="19.0955890">
    <ele>428.7</ele>
    <time>2026-06-03T17:34:20Z</time>
   </trkpt>
   <trkpt lat="69.6008170" lon="19.0955890">
    <ele>428.7</ele>
    <time>2026-06-03T17:34:21Z</time>
   </trkpt>
   <trkpt lat="69.6008360" lon="19.0956270">
    <ele>429.1</ele>
    <time>2026-06-03T17:34:22Z</time>
   </trkpt>
   <trkpt lat="69.6008360" lon="19.0956270">
    <ele>429.1</ele>
    <time>2026-06-03T17:34:23Z</time>
   </trkpt>
   <trkpt lat="69.6008360" lon="19.0956270">
    <ele>429.1</ele>
    <time>2026-06-03T17:34:24Z</time>
   </trkpt>
   <trkpt lat="69.6008490" lon="19.0956720">
    <ele>429.5</ele>
    <time>2026-06-03T17:34:25Z</time>
   </trkpt>
   <trkpt lat="69.6008490" lon="19.0956720">
    <ele>429.5</ele>
    <time>2026-06-03T17:34:26Z</time>
   </trkpt>
   <trkpt lat="69.6008490" lon="19.0956720">
    <ele>429.5</ele>
    <time>2026-06-03T17:34:27Z</time>
   </trkpt>
   <trkpt lat="69.6008640" lon="19.0957070">
    <ele>429.9</ele>
    <time>2026-06-03T17:34:28Z</time>
   </trkpt>
   <trkpt lat="69.6008640" lon="19.0957070">
    <ele>429.9</ele>
    <time>2026-06-03T17:34:29Z</time>
   </trkpt>
   <trkpt lat="69.6008640" lon="19.0957070">
    <ele>429.9</ele>
    <time>2026-06-03T17:34:30Z</time>
   </trkpt>
   <trkpt lat="69.6008820" lon="19.0957480">
    <ele>430.2</ele>
    <time>2026-06-03T17:34:31Z</time>
   </trkpt>
   <trkpt lat="69.6008820" lon="19.0957480">
    <ele>430.2</ele>
    <time>2026-06-03T17:34:32Z</time>
   </trkpt>
   <trkpt lat="69.6008820" lon="19.0957480">
    <ele>430.2</ele>
    <time>2026-06-03T17:34:33Z</time>
   </trkpt>
   <trkpt lat="69.6008920" lon="19.0958130">
    <ele>430.5</ele>
    <time>2026-06-03T17:34:34Z</time>
   </trkpt>
   <trkpt lat="69.6008920" lon="19.0958130">
    <ele>430.5</ele>
    <time>2026-06-03T17:34:35Z</time>
   </trkpt>
   <trkpt lat="69.6008930" lon="19.0958670">
    <ele>431.0</ele>
    <time>2026-06-03T17:34:36Z</time>
   </trkpt>
   <trkpt lat="69.6008930" lon="19.0958670">
    <ele>431.0</ele>
    <time>2026-06-03T17:34:37Z</time>
   </trkpt>
   <trkpt lat="69.6008930" lon="19.0958670">
    <ele>431.0</ele>
    <time>2026-06-03T17:34:38Z</time>
   </trkpt>
   <trkpt lat="69.6008980" lon="19.0959340">
    <ele>431.9</ele>
    <time>2026-06-03T17:34:39Z</time>
   </trkpt>
   <trkpt lat="69.6008980" lon="19.0959340">
    <ele>431.9</ele>
    <time>2026-06-03T17:34:40Z</time>
   </trkpt>
   <trkpt lat="69.6009040" lon="19.0959990">
    <ele>432.4</ele>
    <time>2026-06-03T17:34:41Z</time>
   </trkpt>
   <trkpt lat="69.6009040" lon="19.0959990">
    <ele>432.4</ele>
    <time>2026-06-03T17:34:42Z</time>
   </trkpt>
   <trkpt lat="69.6009070" lon="19.0960550">
    <ele>432.8</ele>
    <time>2026-06-03T17:34:43Z</time>
   </trkpt>
   <trkpt lat="69.6009070" lon="19.0960550">
    <ele>432.8</ele>
    <time>2026-06-03T17:34:44Z</time>
   </trkpt>
   <trkpt lat="69.6009080" lon="19.0961070">
    <ele>433.1</ele>
    <time>2026-06-03T17:34:45Z</time>
   </trkpt>
   <trkpt lat="69.6009080" lon="19.0961070">
    <ele>433.1</ele>
    <time>2026-06-03T17:34:46Z</time>
   </trkpt>
   <trkpt lat="69.6009080" lon="19.0961070">
    <ele>433.1</ele>
    <time>2026-06-03T17:34:47Z</time>
   </trkpt>
   <trkpt lat="69.6009060" lon="19.0961760">
    <ele>433.8</ele>
    <time>2026-06-03T17:34:48Z</time>
   </trkpt>
   <trkpt lat="69.6009060" lon="19.0961760">
    <ele>433.8</ele>
    <time>2026-06-03T17:34:49Z</time>
   </trkpt>
   <trkpt lat="69.6009060" lon="19.0961760">
    <ele>433.8</ele>
    <time>2026-06-03T17:34:50Z</time>
   </trkpt>
   <trkpt lat="69.6008970" lon="19.0962360">
    <ele>434.3</ele>
    <time>2026-06-03T17:34:51Z</time>
   </trkpt>
   <trkpt lat="69.6008970" lon="19.0962360">
    <ele>434.3</ele>
    <time>2026-06-03T17:34:52Z</time>
   </trkpt>
   <trkpt lat="69.6008940" lon="19.0963170">
    <ele>434.8</ele>
    <time>2026-06-03T17:34:53Z</time>
   </trkpt>
   <trkpt lat="69.6008940" lon="19.0963170">
    <ele>434.8</ele>
    <time>2026-06-03T17:34:54Z</time>
   </trkpt>
   <trkpt lat="69.6008940" lon="19.0963170">
    <ele>434.8</ele>
    <time>2026-06-03T17:34:55Z</time>
   </trkpt>
   <trkpt lat="69.6008940" lon="19.0963170">
    <ele>434.8</ele>
    <time>2026-06-03T17:34:56Z</time>
   </trkpt>
   <trkpt lat="69.6008930" lon="19.0963880">
    <ele>435.4</ele>
    <time>2026-06-03T17:34:57Z</time>
   </trkpt>
   <trkpt lat="69.6008930" lon="19.0963880">
    <ele>435.4</ele>
    <time>2026-06-03T17:34:58Z</time>
   </trkpt>
   <trkpt lat="69.6008930" lon="19.0963880">
    <ele>435.4</ele>
    <time>2026-06-03T17:34:59Z</time>
   </trkpt>
   <trkpt lat="69.6008940" lon="19.0964550">
    <ele>435.6</ele>
    <time>2026-06-03T17:35:00Z</time>
   </trkpt>
   <trkpt lat="69.6008940" lon="19.0964550">
    <ele>435.6</ele>
    <time>2026-06-03T17:35:01Z</time>
   </trkpt>
   <trkpt lat="69.6008940" lon="19.0964550">
    <ele>435.6</ele>
    <time>2026-06-03T17:35:02Z</time>
   </trkpt>
   <trkpt lat="69.6008960" lon="19.0965210">
    <ele>436.1</ele>
    <time>2026-06-03T17:35:03Z</time>
   </trkpt>
   <trkpt lat="69.6008960" lon="19.0965210">
    <ele>436.1</ele>
    <time>2026-06-03T17:35:04Z</time>
   </trkpt>
   <trkpt lat="69.6008960" lon="19.0965820">
    <ele>436.4</ele>
    <time>2026-06-03T17:35:05Z</time>
   </trkpt>
   <trkpt lat="69.6008960" lon="19.0965820">
    <ele>436.4</ele>
    <time>2026-06-03T17:35:06Z</time>
   </trkpt>
   <trkpt lat="69.6008940" lon="19.0966400">
    <ele>436.6</ele>
    <time>2026-06-03T17:35:07Z</time>
   </trkpt>
   <trkpt lat="69.6008940" lon="19.0966400">
    <ele>436.6</ele>
    <time>2026-06-03T17:35:08Z</time>
   </trkpt>
   <trkpt lat="69.6008870" lon="19.0966980">
    <ele>437.1</ele>
    <time>2026-06-03T17:35:09Z</time>
   </trkpt>
   <trkpt lat="69.6008870" lon="19.0966980">
    <ele>437.1</ele>
    <time>2026-06-03T17:35:10Z</time>
   </trkpt>
   <trkpt lat="69.6008870" lon="19.0966980">
    <ele>437.1</ele>
    <time>2026-06-03T17:35:11Z</time>
   </trkpt>
   <trkpt lat="69.6008850" lon="19.0967770">
    <ele>437.6</ele>
    <time>2026-06-03T17:35:12Z</time>
   </trkpt>
   <trkpt lat="69.6008850" lon="19.0967770">
    <ele>437.6</ele>
    <time>2026-06-03T17:35:13Z</time>
   </trkpt>
   <trkpt lat="69.6008830" lon="19.0968390">
    <ele>437.9</ele>
    <time>2026-06-03T17:35:14Z</time>
   </trkpt>
   <trkpt lat="69.6008830" lon="19.0968390">
    <ele>437.9</ele>
    <time>2026-06-03T17:35:15Z</time>
   </trkpt>
   <trkpt lat="69.6008750" lon="19.0969020">
    <ele>438.3</ele>
    <time>2026-06-03T17:35:16Z</time>
   </trkpt>
   <trkpt lat="69.6008750" lon="19.0969020">
    <ele>438.3</ele>
    <time>2026-06-03T17:35:17Z</time>
   </trkpt>
   <trkpt lat="69.6008700" lon="19.0969520">
    <ele>438.6</ele>
    <time>2026-06-03T17:35:18Z</time>
   </trkpt>
   <trkpt lat="69.6008680" lon="19.0970110">
    <ele>438.8</ele>
    <time>2026-06-03T17:35:19Z</time>
   </trkpt>
   <trkpt lat="69.6008680" lon="19.0970110">
    <ele>438.8</ele>
    <time>2026-06-03T17:35:20Z</time>
   </trkpt>
   <trkpt lat="69.6008680" lon="19.0970110">
    <ele>438.8</ele>
    <time>2026-06-03T17:35:21Z</time>
   </trkpt>
   <trkpt lat="69.6008640" lon="19.0970730">
    <ele>439.3</ele>
    <time>2026-06-03T17:35:22Z</time>
   </trkpt>
   <trkpt lat="69.6008640" lon="19.0970730">
    <ele>439.3</ele>
    <time>2026-06-03T17:35:23Z</time>
   </trkpt>
   <trkpt lat="69.6008660" lon="19.0971300">
    <ele>439.6</ele>
    <time>2026-06-03T17:35:24Z</time>
   </trkpt>
   <trkpt lat="69.6008660" lon="19.0971300">
    <ele>439.6</ele>
    <time>2026-06-03T17:35:25Z</time>
   </trkpt>
   <trkpt lat="69.6008690" lon="19.0971910">
    <ele>439.8</ele>
    <time>2026-06-03T17:35:26Z</time>
   </trkpt>
   <trkpt lat="69.6008690" lon="19.0971910">
    <ele>439.8</ele>
    <time>2026-06-03T17:35:27Z</time>
   </trkpt>
   <trkpt lat="69.6008730" lon="19.0972420">
    <ele>440.0</ele>
    <time>2026-06-03T17:35:28Z</time>
   </trkpt>
   <trkpt lat="69.6008730" lon="19.0972420">
    <ele>440.0</ele>
    <time>2026-06-03T17:35:29Z</time>
   </trkpt>
   <trkpt lat="69.6008810" lon="19.0973020">
    <ele>440.6</ele>
    <time>2026-06-03T17:35:30Z</time>
   </trkpt>
   <trkpt lat="69.6008810" lon="19.0973020">
    <ele>440.6</ele>
    <time>2026-06-03T17:35:31Z</time>
   </trkpt>
   <trkpt lat="69.6008890" lon="19.0973570">
    <ele>440.8</ele>
    <time>2026-06-03T17:35:32Z</time>
   </trkpt>
   <trkpt lat="69.6009000" lon="19.0974080">
    <ele>441.1</ele>
    <time>2026-06-03T17:35:33Z</time>
   </trkpt>
   <trkpt lat="69.6009000" lon="19.0974080">
    <ele>441.1</ele>
    <time>2026-06-03T17:35:34Z</time>
   </trkpt>
   <trkpt lat="69.6009000" lon="19.0974080">
    <ele>441.1</ele>
    <time>2026-06-03T17:35:35Z</time>
   </trkpt>
   <trkpt lat="69.6009110" lon="19.0974500">
    <ele>441.3</ele>
    <time>2026-06-03T17:35:36Z</time>
   </trkpt>
   <trkpt lat="69.6009110" lon="19.0974500">
    <ele>441.3</ele>
    <time>2026-06-03T17:35:37Z</time>
   </trkpt>
   <trkpt lat="69.6009250" lon="19.0975130">
    <ele>441.9</ele>
    <time>2026-06-03T17:35:38Z</time>
   </trkpt>
   <trkpt lat="69.6009250" lon="19.0975130">
    <ele>441.9</ele>
    <time>2026-06-03T17:35:39Z</time>
   </trkpt>
   <trkpt lat="69.6009250" lon="19.0975130">
    <ele>441.9</ele>
    <time>2026-06-03T17:35:40Z</time>
   </trkpt>
   <trkpt lat="69.6009350" lon="19.0975580">
    <ele>442.1</ele>
    <time>2026-06-03T17:35:41Z</time>
   </trkpt>
   <trkpt lat="69.6009350" lon="19.0975580">
    <ele>442.1</ele>
    <time>2026-06-03T17:35:42Z</time>
   </trkpt>
   <trkpt lat="69.6009500" lon="19.0976000">
    <ele>442.4</ele>
    <time>2026-06-03T17:35:43Z</time>
   </trkpt>
   <trkpt lat="69.6009500" lon="19.0976000">
    <ele>442.4</ele>
    <time>2026-06-03T17:35:44Z</time>
   </trkpt>
   <trkpt lat="69.6009660" lon="19.0976390">
    <ele>442.7</ele>
    <time>2026-06-03T17:35:45Z</time>
   </trkpt>
   <trkpt lat="69.6009660" lon="19.0976390">
    <ele>442.7</ele>
    <time>2026-06-03T17:35:46Z</time>
   </trkpt>
   <trkpt lat="69.6009830" lon="19.0976650">
    <ele>442.6</ele>
    <time>2026-06-03T17:35:47Z</time>
   </trkpt>
   <trkpt lat="69.6009830" lon="19.0976650">
    <ele>442.6</ele>
    <time>2026-06-03T17:35:48Z</time>
   </trkpt>
   <trkpt lat="69.6009930" lon="19.0977090">
    <ele>442.9</ele>
    <time>2026-06-03T17:35:49Z</time>
   </trkpt>
   <trkpt lat="69.6009930" lon="19.0977090">
    <ele>442.9</ele>
    <time>2026-06-03T17:35:50Z</time>
   </trkpt>
   <trkpt lat="69.6009930" lon="19.0977090">
    <ele>442.9</ele>
    <time>2026-06-03T17:35:51Z</time>
   </trkpt>
   <trkpt lat="69.6010020" lon="19.0977610">
    <ele>443.5</ele>
    <time>2026-06-03T17:35:52Z</time>
   </trkpt>
   <trkpt lat="69.6010020" lon="19.0977610">
    <ele>443.5</ele>
    <time>2026-06-03T17:35:53Z</time>
   </trkpt>
   <trkpt lat="69.6010190" lon="19.0977960">
    <ele>443.5</ele>
    <time>2026-06-03T17:35:54Z</time>
   </trkpt>
   <trkpt lat="69.6010190" lon="19.0977960">
    <ele>443.5</ele>
    <time>2026-06-03T17:35:55Z</time>
   </trkpt>
   <trkpt lat="69.6010190" lon="19.0977960">
    <ele>443.5</ele>
    <time>2026-06-03T17:35:56Z</time>
   </trkpt>
   <trkpt lat="69.6010300" lon="19.0978410">
    <ele>443.8</ele>
    <time>2026-06-03T17:35:57Z</time>
   </trkpt>
   <trkpt lat="69.6010300" lon="19.0978410">
    <ele>443.8</ele>
    <time>2026-06-03T17:35:58Z</time>
   </trkpt>
   <trkpt lat="69.6010300" lon="19.0978410">
    <ele>443.8</ele>
    <time>2026-06-03T17:35:59Z</time>
   </trkpt>
   <trkpt lat="69.6010450" lon="19.0979120">
    <ele>444.4</ele>
    <time>2026-06-03T17:36:00Z</time>
   </trkpt>
   <trkpt lat="69.6010450" lon="19.0979120">
    <ele>444.4</ele>
    <time>2026-06-03T17:36:01Z</time>
   </trkpt>
   <trkpt lat="69.6010450" lon="19.0979120">
    <ele>444.4</ele>
    <time>2026-06-03T17:36:02Z</time>
   </trkpt>
   <trkpt lat="69.6010550" lon="19.0979770">
    <ele>445.1</ele>
    <time>2026-06-03T17:36:03Z</time>
   </trkpt>
   <trkpt lat="69.6010550" lon="19.0979770">
    <ele>445.1</ele>
    <time>2026-06-03T17:36:04Z</time>
   </trkpt>
   <trkpt lat="69.6010600" lon="19.0980270">
    <ele>445.5</ele>
    <time>2026-06-03T17:36:05Z</time>
   </trkpt>
   <trkpt lat="69.6010600" lon="19.0980270">
    <ele>445.5</ele>
    <time>2026-06-03T17:36:06Z</time>
   </trkpt>
   <trkpt lat="69.6010600" lon="19.0980270">
    <ele>445.5</ele>
    <time>2026-06-03T17:36:07Z</time>
   </trkpt>
   <trkpt lat="69.6010670" lon="19.0980950">
    <ele>446.2</ele>
    <time>2026-06-03T17:36:08Z</time>
   </trkpt>
   <trkpt lat="69.6010670" lon="19.0980950">
    <ele>446.2</ele>
    <time>2026-06-03T17:36:09Z</time>
   </trkpt>
   <trkpt lat="69.6010760" lon="19.0981520">
    <ele>446.7</ele>
    <time>2026-06-03T17:36:10Z</time>
   </trkpt>
   <trkpt lat="69.6010760" lon="19.0981520">
    <ele>446.7</ele>
    <time>2026-06-03T17:36:11Z</time>
   </trkpt>
   <trkpt lat="69.6010830" lon="19.0982050">
    <ele>447.3</ele>
    <time>2026-06-03T17:36:12Z</time>
   </trkpt>
   <trkpt lat="69.6010880" lon="19.0982650">
    <ele>447.8</ele>
    <time>2026-06-03T17:36:13Z</time>
   </trkpt>
   <trkpt lat="69.6010880" lon="19.0982650">
    <ele>447.8</ele>
    <time>2026-06-03T17:36:14Z</time>
   </trkpt>
   <trkpt lat="69.6010880" lon="19.0982650">
    <ele>447.8</ele>
    <time>2026-06-03T17:36:15Z</time>
   </trkpt>
   <trkpt lat="69.6010930" lon="19.0983140">
    <ele>448.3</ele>
    <time>2026-06-03T17:36:16Z</time>
   </trkpt>
   <trkpt lat="69.6010930" lon="19.0983140">
    <ele>448.3</ele>
    <time>2026-06-03T17:36:17Z</time>
   </trkpt>
   <trkpt lat="69.6011000" lon="19.0983670">
    <ele>448.8</ele>
    <time>2026-06-03T17:36:18Z</time>
   </trkpt>
   <trkpt lat="69.6011000" lon="19.0983670">
    <ele>448.8</ele>
    <time>2026-06-03T17:36:19Z</time>
   </trkpt>
   <trkpt lat="69.6011000" lon="19.0983670">
    <ele>448.8</ele>
    <time>2026-06-03T17:36:20Z</time>
   </trkpt>
   <trkpt lat="69.6011100" lon="19.0984340">
    <ele>449.5</ele>
    <time>2026-06-03T17:36:21Z</time>
   </trkpt>
   <trkpt lat="69.6011100" lon="19.0984340">
    <ele>449.5</ele>
    <time>2026-06-03T17:36:22Z</time>
   </trkpt>
   <trkpt lat="69.6011200" lon="19.0984950">
    <ele>450.1</ele>
    <time>2026-06-03T17:36:23Z</time>
   </trkpt>
   <trkpt lat="69.6011200" lon="19.0984950">
    <ele>450.1</ele>
    <time>2026-06-03T17:36:24Z</time>
   </trkpt>
   <trkpt lat="69.6011200" lon="19.0984950">
    <ele>450.1</ele>
    <time>2026-06-03T17:36:25Z</time>
   </trkpt>
   <trkpt lat="69.6011280" lon="19.0985430">
    <ele>450.6</ele>
    <time>2026-06-03T17:36:26Z</time>
   </trkpt>
   <trkpt lat="69.6011280" lon="19.0985430">
    <ele>450.6</ele>
    <time>2026-06-03T17:36:27Z</time>
   </trkpt>
   <trkpt lat="69.6011390" lon="19.0985990">
    <ele>451.2</ele>
    <time>2026-06-03T17:36:28Z</time>
   </trkpt>
   <trkpt lat="69.6011390" lon="19.0985990">
    <ele>451.2</ele>
    <time>2026-06-03T17:36:29Z</time>
   </trkpt>
   <trkpt lat="69.6011390" lon="19.0985990">
    <ele>451.2</ele>
    <time>2026-06-03T17:36:30Z</time>
   </trkpt>
   <trkpt lat="69.6011470" lon="19.0986470">
    <ele>451.7</ele>
    <time>2026-06-03T17:36:31Z</time>
   </trkpt>
   <trkpt lat="69.6011470" lon="19.0986470">
    <ele>451.7</ele>
    <time>2026-06-03T17:36:32Z</time>
   </trkpt>
   <trkpt lat="69.6011580" lon="19.0986920">
    <ele>452.2</ele>
    <time>2026-06-03T17:36:33Z</time>
   </trkpt>
   <trkpt lat="69.6011580" lon="19.0986920">
    <ele>452.2</ele>
    <time>2026-06-03T17:36:34Z</time>
   </trkpt>
   <trkpt lat="69.6011720" lon="19.0987500">
    <ele>452.9</ele>
    <time>2026-06-03T17:36:35Z</time>
   </trkpt>
   <trkpt lat="69.6011720" lon="19.0987500">
    <ele>452.9</ele>
    <time>2026-06-03T17:36:36Z</time>
   </trkpt>
   <trkpt lat="69.6011720" lon="19.0987500">
    <ele>452.9</ele>
    <time>2026-06-03T17:36:37Z</time>
   </trkpt>
   <trkpt lat="69.6011720" lon="19.0987500">
    <ele>452.9</ele>
    <time>2026-06-03T17:36:38Z</time>
   </trkpt>
   <trkpt lat="69.6011820" lon="19.0988000">
    <ele>453.4</ele>
    <time>2026-06-03T17:36:39Z</time>
   </trkpt>
   <trkpt lat="69.6011820" lon="19.0988000">
    <ele>453.4</ele>
    <time>2026-06-03T17:36:40Z</time>
   </trkpt>
   <trkpt lat="69.6011820" lon="19.0988000">
    <ele>453.4</ele>
    <time>2026-06-03T17:36:41Z</time>
   </trkpt>
   <trkpt lat="69.6011910" lon="19.0988580">
    <ele>454.0</ele>
    <time>2026-06-03T17:36:42Z</time>
   </trkpt>
   <trkpt lat="69.6011910" lon="19.0988580">
    <ele>454.0</ele>
    <time>2026-06-03T17:36:43Z</time>
   </trkpt>
   <trkpt lat="69.6011910" lon="19.0988580">
    <ele>454.0</ele>
    <time>2026-06-03T17:36:44Z</time>
   </trkpt>
   <trkpt lat="69.6011990" lon="19.0989140">
    <ele>454.6</ele>
    <time>2026-06-03T17:36:45Z</time>
   </trkpt>
   <trkpt lat="69.6011990" lon="19.0989140">
    <ele>454.6</ele>
    <time>2026-06-03T17:36:46Z</time>
   </trkpt>
   <trkpt lat="69.6011990" lon="19.0989140">
    <ele>454.6</ele>
    <time>2026-06-03T17:36:47Z</time>
   </trkpt>
   <trkpt lat="69.6012040" lon="19.0989800">
    <ele>455.2</ele>
    <time>2026-06-03T17:36:48Z</time>
   </trkpt>
   <trkpt lat="69.6012040" lon="19.0989800">
    <ele>455.2</ele>
    <time>2026-06-03T17:36:49Z</time>
   </trkpt>
   <trkpt lat="69.6012060" lon="19.0990320">
    <ele>455.7</ele>
    <time>2026-06-03T17:36:50Z</time>
   </trkpt>
   <trkpt lat="69.6012060" lon="19.0990320">
    <ele>455.7</ele>
    <time>2026-06-03T17:36:51Z</time>
   </trkpt>
   <trkpt lat="69.6012060" lon="19.0990320">
    <ele>455.7</ele>
    <time>2026-06-03T17:36:52Z</time>
   </trkpt>
   <trkpt lat="69.6012090" lon="19.0991060">
    <ele>456.4</ele>
    <time>2026-06-03T17:36:53Z</time>
   </trkpt>
   <trkpt lat="69.6012090" lon="19.0991060">
    <ele>456.4</ele>
    <time>2026-06-03T17:36:54Z</time>
   </trkpt>
   <trkpt lat="69.6012090" lon="19.0991060">
    <ele>456.4</ele>
    <time>2026-06-03T17:36:55Z</time>
   </trkpt>
   <trkpt lat="69.6012170" lon="19.0991760">
    <ele>457.1</ele>
    <time>2026-06-03T17:36:56Z</time>
   </trkpt>
   <trkpt lat="69.6012170" lon="19.0991760">
    <ele>457.1</ele>
    <time>2026-06-03T17:36:57Z</time>
   </trkpt>
   <trkpt lat="69.6012210" lon="19.0992290">
    <ele>457.6</ele>
    <time>2026-06-03T17:36:58Z</time>
   </trkpt>
   <trkpt lat="69.6012210" lon="19.0992290">
    <ele>457.6</ele>
    <time>2026-06-03T17:36:59Z</time>
   </trkpt>
   <trkpt lat="69.6012210" lon="19.0992290">
    <ele>457.6</ele>
    <time>2026-06-03T17:37:00Z</time>
   </trkpt>
   <trkpt lat="69.6012250" lon="19.0992960">
    <ele>458.2</ele>
    <time>2026-06-03T17:37:01Z</time>
   </trkpt>
   <trkpt lat="69.6012250" lon="19.0992960">
    <ele>458.2</ele>
    <time>2026-06-03T17:37:02Z</time>
   </trkpt>
   <trkpt lat="69.6012320" lon="19.0993680">
    <ele>458.9</ele>
    <time>2026-06-03T17:37:03Z</time>
   </trkpt>
   <trkpt lat="69.6012320" lon="19.0993680">
    <ele>458.9</ele>
    <time>2026-06-03T17:37:04Z</time>
   </trkpt>
   <trkpt lat="69.6012320" lon="19.0993680">
    <ele>458.9</ele>
    <time>2026-06-03T17:37:05Z</time>
   </trkpt>
   <trkpt lat="69.6012320" lon="19.0993680">
    <ele>458.9</ele>
    <time>2026-06-03T17:37:06Z</time>
   </trkpt>
   <trkpt lat="69.6012410" lon="19.0994260">
    <ele>459.5</ele>
    <time>2026-06-03T17:37:07Z</time>
   </trkpt>
   <trkpt lat="69.6012410" lon="19.0994260">
    <ele>459.5</ele>
    <time>2026-06-03T17:37:08Z</time>
   </trkpt>
   <trkpt lat="69.6012410" lon="19.0994260">
    <ele>459.5</ele>
    <time>2026-06-03T17:37:09Z</time>
   </trkpt>
   <trkpt lat="69.6012550" lon="19.0994840">
    <ele>460.1</ele>
    <time>2026-06-03T17:37:10Z</time>
   </trkpt>
   <trkpt lat="69.6012550" lon="19.0994840">
    <ele>460.1</ele>
    <time>2026-06-03T17:37:11Z</time>
   </trkpt>
   <trkpt lat="69.6012550" lon="19.0994840">
    <ele>460.1</ele>
    <time>2026-06-03T17:37:12Z</time>
   </trkpt>
   <trkpt lat="69.6012680" lon="19.0995690">
    <ele>461.0</ele>
    <time>2026-06-03T17:37:13Z</time>
   </trkpt>
   <trkpt lat="69.6012680" lon="19.0995690">
    <ele>461.0</ele>
    <time>2026-06-03T17:37:14Z</time>
   </trkpt>
   <trkpt lat="69.6012680" lon="19.0995690">
    <ele>461.0</ele>
    <time>2026-06-03T17:37:15Z</time>
   </trkpt>
   <trkpt lat="69.6012680" lon="19.0995690">
    <ele>461.0</ele>
    <time>2026-06-03T17:37:16Z</time>
   </trkpt>
   <trkpt lat="69.6012810" lon="19.0996400">
    <ele>461.7</ele>
    <time>2026-06-03T17:37:17Z</time>
   </trkpt>
   <trkpt lat="69.6012810" lon="19.0996400">
    <ele>461.7</ele>
    <time>2026-06-03T17:37:18Z</time>
   </trkpt>
   <trkpt lat="69.6012880" lon="19.0996920">
    <ele>462.2</ele>
    <time>2026-06-03T17:37:19Z</time>
   </trkpt>
   <trkpt lat="69.6012880" lon="19.0996920">
    <ele>462.2</ele>
    <time>2026-06-03T17:37:20Z</time>
   </trkpt>
   <trkpt lat="69.6012880" lon="19.0996920">
    <ele>462.2</ele>
    <time>2026-06-03T17:37:21Z</time>
   </trkpt>
   <trkpt lat="69.6013010" lon="19.0997590">
    <ele>462.9</ele>
    <time>2026-06-03T17:37:22Z</time>
   </trkpt>
   <trkpt lat="69.6013010" lon="19.0997590">
    <ele>462.9</ele>
    <time>2026-06-03T17:37:23Z</time>
   </trkpt>
   <trkpt lat="69.6013010" lon="19.0997590">
    <ele>462.9</ele>
    <time>2026-06-03T17:37:24Z</time>
   </trkpt>
   <trkpt lat="69.6013140" lon="19.0998200">
    <ele>463.5</ele>
    <time>2026-06-03T17:37:25Z</time>
   </trkpt>
   <trkpt lat="69.6013140" lon="19.0998200">
    <ele>463.5</ele>
    <time>2026-06-03T17:37:26Z</time>
   </trkpt>
   <trkpt lat="69.6013140" lon="19.0998200">
    <ele>463.5</ele>
    <time>2026-06-03T17:37:27Z</time>
   </trkpt>
   <trkpt lat="69.6013270" lon="19.0998740">
    <ele>464.1</ele>
    <time>2026-06-03T17:37:28Z</time>
   </trkpt>
   <trkpt lat="69.6013270" lon="19.0998740">
    <ele>464.1</ele>
    <time>2026-06-03T17:37:29Z</time>
   </trkpt>
   <trkpt lat="69.6013370" lon="19.0999190">
    <ele>464.6</ele>
    <time>2026-06-03T17:37:30Z</time>
   </trkpt>
   <trkpt lat="69.6013370" lon="19.0999190">
    <ele>464.6</ele>
    <time>2026-06-03T17:37:31Z</time>
   </trkpt>
   <trkpt lat="69.6013370" lon="19.0999190">
    <ele>464.6</ele>
    <time>2026-06-03T17:37:32Z</time>
   </trkpt>
   <trkpt lat="69.6013520" lon="19.0999810">
    <ele>465.3</ele>
    <time>2026-06-03T17:37:33Z</time>
   </trkpt>
   <trkpt lat="69.6013520" lon="19.0999810">
    <ele>465.3</ele>
    <time>2026-06-03T17:37:34Z</time>
   </trkpt>
   <trkpt lat="69.6013590" lon="19.1000310">
    <ele>465.7</ele>
    <time>2026-06-03T17:37:35Z</time>
   </trkpt>
   <trkpt lat="69.6013590" lon="19.1000310">
    <ele>465.7</ele>
    <time>2026-06-03T17:37:36Z</time>
   </trkpt>
   <trkpt lat="69.6013590" lon="19.1000310">
    <ele>465.7</ele>
    <time>2026-06-03T17:37:37Z</time>
   </trkpt>
   <trkpt lat="69.6013720" lon="19.1000890">
    <ele>466.3</ele>
    <time>2026-06-03T17:37:38Z</time>
   </trkpt>
   <trkpt lat="69.6013720" lon="19.1000890">
    <ele>466.3</ele>
    <time>2026-06-03T17:37:39Z</time>
   </trkpt>
   <trkpt lat="69.6013720" lon="19.1000890">
    <ele>466.3</ele>
    <time>2026-06-03T17:37:40Z</time>
   </trkpt>
   <trkpt lat="69.6013840" lon="19.1001490">
    <ele>467.0</ele>
    <time>2026-06-03T17:37:41Z</time>
   </trkpt>
   <trkpt lat="69.6013840" lon="19.1001490">
    <ele>467.0</ele>
    <time>2026-06-03T17:37:42Z</time>
   </trkpt>
   <trkpt lat="69.6013880" lon="19.1002240">
    <ele>467.6</ele>
    <time>2026-06-03T17:37:43Z</time>
   </trkpt>
   <trkpt lat="69.6013880" lon="19.1002240">
    <ele>467.6</ele>
    <time>2026-06-03T17:37:44Z</time>
   </trkpt>
   <trkpt lat="69.6013880" lon="19.1002240">
    <ele>467.6</ele>
    <time>2026-06-03T17:37:45Z</time>
   </trkpt>
   <trkpt lat="69.6013930" lon="19.1002800">
    <ele>468.2</ele>
    <time>2026-06-03T17:37:46Z</time>
   </trkpt>
   <trkpt lat="69.6013930" lon="19.1002800">
    <ele>468.2</ele>
    <time>2026-06-03T17:37:47Z</time>
   </trkpt>
   <trkpt lat="69.6013930" lon="19.1002800">
    <ele>468.2</ele>
    <time>2026-06-03T17:37:48Z</time>
   </trkpt>
   <trkpt lat="69.6014020" lon="19.1003500">
    <ele>468.9</ele>
    <time>2026-06-03T17:37:49Z</time>
   </trkpt>
   <trkpt lat="69.6014020" lon="19.1003500">
    <ele>468.9</ele>
    <time>2026-06-03T17:37:50Z</time>
   </trkpt>
   <trkpt lat="69.6014100" lon="19.1004150">
    <ele>469.5</ele>
    <time>2026-06-03T17:37:51Z</time>
   </trkpt>
   <trkpt lat="69.6014100" lon="19.1004150">
    <ele>469.5</ele>
    <time>2026-06-03T17:37:52Z</time>
   </trkpt>
   <trkpt lat="69.6014100" lon="19.1004150">
    <ele>469.5</ele>
    <time>2026-06-03T17:37:53Z</time>
   </trkpt>
   <trkpt lat="69.6014100" lon="19.1004150">
    <ele>469.5</ele>
    <time>2026-06-03T17:37:54Z</time>
   </trkpt>
   <trkpt lat="69.6014200" lon="19.1004740">
    <ele>470.1</ele>
    <time>2026-06-03T17:37:55Z</time>
   </trkpt>
   <trkpt lat="69.6014200" lon="19.1004740">
    <ele>470.1</ele>
    <time>2026-06-03T17:37:56Z</time>
   </trkpt>
   <trkpt lat="69.6014200" lon="19.1004740">
    <ele>470.1</ele>
    <time>2026-06-03T17:37:57Z</time>
   </trkpt>
   <trkpt lat="69.6014240" lon="19.1005440">
    <ele>470.7</ele>
    <time>2026-06-03T17:37:58Z</time>
   </trkpt>
   <trkpt lat="69.6014240" lon="19.1005440">
    <ele>470.7</ele>
    <time>2026-06-03T17:37:59Z</time>
   </trkpt>
   <trkpt lat="69.6014240" lon="19.1005440">
    <ele>470.7</ele>
    <time>2026-06-03T17:38:00Z</time>
   </trkpt>
   <trkpt lat="69.6014310" lon="19.1005960">
    <ele>471.2</ele>
    <time>2026-06-03T17:38:01Z</time>
   </trkpt>
   <trkpt lat="69.6014310" lon="19.1005960">
    <ele>471.2</ele>
    <time>2026-06-03T17:38:02Z</time>
   </trkpt>
   <trkpt lat="69.6014310" lon="19.1005960">
    <ele>471.2</ele>
    <time>2026-06-03T17:38:03Z</time>
   </trkpt>
   <trkpt lat="69.6014460" lon="19.1006400">
    <ele>471.7</ele>
    <time>2026-06-03T17:38:04Z</time>
   </trkpt>
   <trkpt lat="69.6014460" lon="19.1006400">
    <ele>471.7</ele>
    <time>2026-06-03T17:38:05Z</time>
   </trkpt>
   <trkpt lat="69.6014460" lon="19.1006400">
    <ele>471.7</ele>
    <time>2026-06-03T17:38:06Z</time>
   </trkpt>
   <trkpt lat="69.6014570" lon="19.1006830">
    <ele>472.1</ele>
    <time>2026-06-03T17:38:07Z</time>
   </trkpt>
   <trkpt lat="69.6014570" lon="19.1006830">
    <ele>472.1</ele>
    <time>2026-06-03T17:38:08Z</time>
   </trkpt>
   <trkpt lat="69.6014570" lon="19.1006830">
    <ele>472.1</ele>
    <time>2026-06-03T17:38:09Z</time>
   </trkpt>
   <trkpt lat="69.6014680" lon="19.1007310">
    <ele>472.6</ele>
    <time>2026-06-03T17:38:10Z</time>
   </trkpt>
   <trkpt lat="69.6014680" lon="19.1007310">
    <ele>472.6</ele>
    <time>2026-06-03T17:38:11Z</time>
   </trkpt>
   <trkpt lat="69.6014830" lon="19.1007720">
    <ele>473.0</ele>
    <time>2026-06-03T17:38:12Z</time>
   </trkpt>
   <trkpt lat="69.6014830" lon="19.1007720">
    <ele>473.0</ele>
    <time>2026-06-03T17:38:13Z</time>
   </trkpt>
   <trkpt lat="69.6015000" lon="19.1008140">
    <ele>473.5</ele>
    <time>2026-06-03T17:38:14Z</time>
   </trkpt>
   <trkpt lat="69.6015000" lon="19.1008140">
    <ele>473.5</ele>
    <time>2026-06-03T17:38:15Z</time>
   </trkpt>
   <trkpt lat="69.6015110" lon="19.1008620">
    <ele>473.9</ele>
    <time>2026-06-03T17:38:16Z</time>
   </trkpt>
   <trkpt lat="69.6015110" lon="19.1008620">
    <ele>473.9</ele>
    <time>2026-06-03T17:38:17Z</time>
   </trkpt>
   <trkpt lat="69.6015200" lon="19.1009120">
    <ele>474.3</ele>
    <time>2026-06-03T17:38:18Z</time>
   </trkpt>
   <trkpt lat="69.6015200" lon="19.1009120">
    <ele>474.3</ele>
    <time>2026-06-03T17:38:19Z</time>
   </trkpt>
   <trkpt lat="69.6015320" lon="19.1009630">
    <ele>474.7</ele>
    <time>2026-06-03T17:38:20Z</time>
   </trkpt>
   <trkpt lat="69.6015320" lon="19.1009630">
    <ele>474.7</ele>
    <time>2026-06-03T17:38:21Z</time>
   </trkpt>
   <trkpt lat="69.6015440" lon="19.1010130">
    <ele>475.1</ele>
    <time>2026-06-03T17:38:22Z</time>
   </trkpt>
   <trkpt lat="69.6015440" lon="19.1010130">
    <ele>475.1</ele>
    <time>2026-06-03T17:38:23Z</time>
   </trkpt>
   <trkpt lat="69.6015580" lon="19.1010630">
    <ele>475.5</ele>
    <time>2026-06-03T17:38:24Z</time>
   </trkpt>
   <trkpt lat="69.6015580" lon="19.1010630">
    <ele>475.5</ele>
    <time>2026-06-03T17:38:25Z</time>
   </trkpt>
   <trkpt lat="69.6015580" lon="19.1010630">
    <ele>475.5</ele>
    <time>2026-06-03T17:38:26Z</time>
   </trkpt>
   <trkpt lat="69.6015730" lon="19.1011190">
    <ele>476.0</ele>
    <time>2026-06-03T17:38:27Z</time>
   </trkpt>
   <trkpt lat="69.6015730" lon="19.1011190">
    <ele>476.0</ele>
    <time>2026-06-03T17:38:28Z</time>
   </trkpt>
   <trkpt lat="69.6015860" lon="19.1011670">
    <ele>476.4</ele>
    <time>2026-06-03T17:38:29Z</time>
   </trkpt>
   <trkpt lat="69.6015860" lon="19.1011670">
    <ele>476.4</ele>
    <time>2026-06-03T17:38:30Z</time>
   </trkpt>
   <trkpt lat="69.6016020" lon="19.1012090">
    <ele>476.8</ele>
    <time>2026-06-03T17:38:31Z</time>
   </trkpt>
   <trkpt lat="69.6016020" lon="19.1012090">
    <ele>476.8</ele>
    <time>2026-06-03T17:38:32Z</time>
   </trkpt>
   <trkpt lat="69.6016220" lon="19.1012560">
    <ele>477.4</ele>
    <time>2026-06-03T17:38:33Z</time>
   </trkpt>
   <trkpt lat="69.6016220" lon="19.1012560">
    <ele>477.4</ele>
    <time>2026-06-03T17:38:34Z</time>
   </trkpt>
   <trkpt lat="69.6016360" lon="19.1013050">
    <ele>477.8</ele>
    <time>2026-06-03T17:38:35Z</time>
   </trkpt>
   <trkpt lat="69.6016360" lon="19.1013050">
    <ele>477.8</ele>
    <time>2026-06-03T17:38:36Z</time>
   </trkpt>
   <trkpt lat="69.6016470" lon="19.1013560">
    <ele>478.2</ele>
    <time>2026-06-03T17:38:37Z</time>
   </trkpt>
   <trkpt lat="69.6016470" lon="19.1013560">
    <ele>478.2</ele>
    <time>2026-06-03T17:38:38Z</time>
   </trkpt>
   <trkpt lat="69.6016600" lon="19.1014040">
    <ele>478.7</ele>
    <time>2026-06-03T17:38:39Z</time>
   </trkpt>
   <trkpt lat="69.6016600" lon="19.1014040">
    <ele>478.7</ele>
    <time>2026-06-03T17:38:40Z</time>
   </trkpt>
   <trkpt lat="69.6016600" lon="19.1014040">
    <ele>478.7</ele>
    <time>2026-06-03T17:38:41Z</time>
   </trkpt>
   <trkpt lat="69.6016720" lon="19.1014650">
    <ele>479.2</ele>
    <time>2026-06-03T17:38:42Z</time>
   </trkpt>
   <trkpt lat="69.6016720" lon="19.1014650">
    <ele>479.2</ele>
    <time>2026-06-03T17:38:43Z</time>
   </trkpt>
   <trkpt lat="69.6016820" lon="19.1015140">
    <ele>479.6</ele>
    <time>2026-06-03T17:38:44Z</time>
   </trkpt>
   <trkpt lat="69.6016820" lon="19.1015140">
    <ele>479.6</ele>
    <time>2026-06-03T17:38:45Z</time>
   </trkpt>
   <trkpt lat="69.6016820" lon="19.1015140">
    <ele>479.6</ele>
    <time>2026-06-03T17:38:46Z</time>
   </trkpt>
   <trkpt lat="69.6016960" lon="19.1015810">
    <ele>480.1</ele>
    <time>2026-06-03T17:38:47Z</time>
   </trkpt>
   <trkpt lat="69.6016960" lon="19.1015810">
    <ele>480.1</ele>
    <time>2026-06-03T17:38:48Z</time>
   </trkpt>
   <trkpt lat="69.6017050" lon="19.1016260">
    <ele>480.5</ele>
    <time>2026-06-03T17:38:49Z</time>
   </trkpt>
   <trkpt lat="69.6017050" lon="19.1016260">
    <ele>480.5</ele>
    <time>2026-06-03T17:38:50Z</time>
   </trkpt>
   <trkpt lat="69.6017050" lon="19.1016260">
    <ele>480.5</ele>
    <time>2026-06-03T17:38:51Z</time>
   </trkpt>
   <trkpt lat="69.6017140" lon="19.1016830">
    <ele>481.0</ele>
    <time>2026-06-03T17:38:52Z</time>
   </trkpt>
   <trkpt lat="69.6017140" lon="19.1016830">
    <ele>481.0</ele>
    <time>2026-06-03T17:38:53Z</time>
   </trkpt>
   <trkpt lat="69.6017140" lon="19.1016830">
    <ele>481.0</ele>
    <time>2026-06-03T17:38:54Z</time>
   </trkpt>
   <trkpt lat="69.6017170" lon="19.1017460">
    <ele>481.3</ele>
    <time>2026-06-03T17:38:55Z</time>
   </trkpt>
   <trkpt lat="69.6017170" lon="19.1017460">
    <ele>481.3</ele>
    <time>2026-06-03T17:38:56Z</time>
   </trkpt>
   <trkpt lat="69.6017260" lon="19.1017890">
    <ele>481.6</ele>
    <time>2026-06-03T17:38:57Z</time>
   </trkpt>
   <trkpt lat="69.6017260" lon="19.1017890">
    <ele>481.6</ele>
    <time>2026-06-03T17:38:58Z</time>
   </trkpt>
   <trkpt lat="69.6017350" lon="19.1018420">
    <ele>481.9</ele>
    <time>2026-06-03T17:38:59Z</time>
   </trkpt>
   <trkpt lat="69.6017350" lon="19.1018420">
    <ele>481.9</ele>
    <time>2026-06-03T17:39:00Z</time>
   </trkpt>
   <trkpt lat="69.6017480" lon="19.1018850">
    <ele>482.2</ele>
    <time>2026-06-03T17:39:01Z</time>
   </trkpt>
   <trkpt lat="69.6017480" lon="19.1018850">
    <ele>482.2</ele>
    <time>2026-06-03T17:39:02Z</time>
   </trkpt>
   <trkpt lat="69.6017630" lon="19.1019350">
    <ele>482.6</ele>
    <time>2026-06-03T17:39:03Z</time>
   </trkpt>
   <trkpt lat="69.6017630" lon="19.1019350">
    <ele>482.6</ele>
    <time>2026-06-03T17:39:04Z</time>
   </trkpt>
   <trkpt lat="69.6017730" lon="19.1019840">
    <ele>482.9</ele>
    <time>2026-06-03T17:39:05Z</time>
   </trkpt>
   <trkpt lat="69.6017730" lon="19.1019840">
    <ele>482.9</ele>
    <time>2026-06-03T17:39:06Z</time>
   </trkpt>
   <trkpt lat="69.6017810" lon="19.1020420">
    <ele>483.3</ele>
    <time>2026-06-03T17:39:07Z</time>
   </trkpt>
   <trkpt lat="69.6017810" lon="19.1020420">
    <ele>483.3</ele>
    <time>2026-06-03T17:39:08Z</time>
   </trkpt>
   <trkpt lat="69.6017940" lon="19.1020930">
    <ele>483.6</ele>
    <time>2026-06-03T17:39:09Z</time>
   </trkpt>
   <trkpt lat="69.6017940" lon="19.1020930">
    <ele>483.6</ele>
    <time>2026-06-03T17:39:10Z</time>
   </trkpt>
   <trkpt lat="69.6017940" lon="19.1020930">
    <ele>483.6</ele>
    <time>2026-06-03T17:39:11Z</time>
   </trkpt>
   <trkpt lat="69.6018120" lon="19.1021510">
    <ele>484.0</ele>
    <time>2026-06-03T17:39:12Z</time>
   </trkpt>
   <trkpt lat="69.6018120" lon="19.1021510">
    <ele>484.0</ele>
    <time>2026-06-03T17:39:13Z</time>
   </trkpt>
   <trkpt lat="69.6018240" lon="19.1021950">
    <ele>484.3</ele>
    <time>2026-06-03T17:39:14Z</time>
   </trkpt>
   <trkpt lat="69.6018240" lon="19.1021950">
    <ele>484.3</ele>
    <time>2026-06-03T17:39:15Z</time>
   </trkpt>
   <trkpt lat="69.6018240" lon="19.1021950">
    <ele>484.3</ele>
    <time>2026-06-03T17:39:16Z</time>
   </trkpt>
   <trkpt lat="69.6018400" lon="19.1022630">
    <ele>484.8</ele>
    <time>2026-06-03T17:39:17Z</time>
   </trkpt>
   <trkpt lat="69.6018400" lon="19.1022630">
    <ele>484.8</ele>
    <time>2026-06-03T17:39:18Z</time>
   </trkpt>
   <trkpt lat="69.6018510" lon="19.1023100">
    <ele>485.1</ele>
    <time>2026-06-03T17:39:19Z</time>
   </trkpt>
   <trkpt lat="69.6018510" lon="19.1023100">
    <ele>485.1</ele>
    <time>2026-06-03T17:39:20Z</time>
   </trkpt>
   <trkpt lat="69.6018610" lon="19.1023590">
    <ele>485.4</ele>
    <time>2026-06-03T17:39:21Z</time>
   </trkpt>
   <trkpt lat="69.6018610" lon="19.1023590">
    <ele>485.4</ele>
    <time>2026-06-03T17:39:22Z</time>
   </trkpt>
   <trkpt lat="69.6018610" lon="19.1023590">
    <ele>485.4</ele>
    <time>2026-06-03T17:39:23Z</time>
   </trkpt>
   <trkpt lat="69.6018760" lon="19.1024240">
    <ele>485.8</ele>
    <time>2026-06-03T17:39:24Z</time>
   </trkpt>
   <trkpt lat="69.6018760" lon="19.1024240">
    <ele>485.8</ele>
    <time>2026-06-03T17:39:25Z</time>
   </trkpt>
   <trkpt lat="69.6018870" lon="19.1024690">
    <ele>486.1</ele>
    <time>2026-06-03T17:39:26Z</time>
   </trkpt>
   <trkpt lat="69.6018870" lon="19.1024690">
    <ele>486.1</ele>
    <time>2026-06-03T17:39:27Z</time>
   </trkpt>
   <trkpt lat="69.6018940" lon="19.1025170">
    <ele>486.4</ele>
    <time>2026-06-03T17:39:28Z</time>
   </trkpt>
   <trkpt lat="69.6018940" lon="19.1025170">
    <ele>486.4</ele>
    <time>2026-06-03T17:39:29Z</time>
   </trkpt>
   <trkpt lat="69.6019050" lon="19.1025680">
    <ele>486.8</ele>
    <time>2026-06-03T17:39:30Z</time>
   </trkpt>
   <trkpt lat="69.6019050" lon="19.1025680">
    <ele>486.8</ele>
    <time>2026-06-03T17:39:31Z</time>
   </trkpt>
   <trkpt lat="69.6019140" lon="19.1026150">
    <ele>487.1</ele>
    <time>2026-06-03T17:39:32Z</time>
   </trkpt>
   <trkpt lat="69.6019140" lon="19.1026150">
    <ele>487.1</ele>
    <time>2026-06-03T17:39:33Z</time>
   </trkpt>
   <trkpt lat="69.6019230" lon="19.1026710">
    <ele>487.4</ele>
    <time>2026-06-03T17:39:34Z</time>
   </trkpt>
   <trkpt lat="69.6019230" lon="19.1026710">
    <ele>487.4</ele>
    <time>2026-06-03T17:39:35Z</time>
   </trkpt>
   <trkpt lat="69.6019310" lon="19.1027200">
    <ele>487.7</ele>
    <time>2026-06-03T17:39:36Z</time>
   </trkpt>
   <trkpt lat="69.6019310" lon="19.1027200">
    <ele>487.7</ele>
    <time>2026-06-03T17:39:37Z</time>
   </trkpt>
   <trkpt lat="69.6019390" lon="19.1027700">
    <ele>488.1</ele>
    <time>2026-06-03T17:39:38Z</time>
   </trkpt>
   <trkpt lat="69.6019390" lon="19.1027700">
    <ele>488.1</ele>
    <time>2026-06-03T17:39:39Z</time>
   </trkpt>
   <trkpt lat="69.6019390" lon="19.1027700">
    <ele>488.1</ele>
    <time>2026-06-03T17:39:40Z</time>
   </trkpt>
   <trkpt lat="69.6019500" lon="19.1028330">
    <ele>488.5</ele>
    <time>2026-06-03T17:39:41Z</time>
   </trkpt>
   <trkpt lat="69.6019500" lon="19.1028330">
    <ele>488.5</ele>
    <time>2026-06-03T17:39:42Z</time>
   </trkpt>
   <trkpt lat="69.6019580" lon="19.1028800">
    <ele>488.8</ele>
    <time>2026-06-03T17:39:43Z</time>
   </trkpt>
   <trkpt lat="69.6019580" lon="19.1028800">
    <ele>488.8</ele>
    <time>2026-06-03T17:39:44Z</time>
   </trkpt>
   <trkpt lat="69.6019710" lon="19.1029550">
    <ele>489.2</ele>
    <time>2026-06-03T17:39:45Z</time>
   </trkpt>
   <trkpt lat="69.6019710" lon="19.1029550">
    <ele>489.2</ele>
    <time>2026-06-03T17:39:46Z</time>
   </trkpt>
   <trkpt lat="69.6019710" lon="19.1029550">
    <ele>489.2</ele>
    <time>2026-06-03T17:39:47Z</time>
   </trkpt>
   <trkpt lat="69.6019820" lon="19.1029970">
    <ele>489.5</ele>
    <time>2026-06-03T17:39:48Z</time>
   </trkpt>
   <trkpt lat="69.6019970" lon="19.1030380">
    <ele>489.8</ele>
    <time>2026-06-03T17:39:49Z</time>
   </trkpt>
   <trkpt lat="69.6019970" lon="19.1030380">
    <ele>489.8</ele>
    <time>2026-06-03T17:39:50Z</time>
   </trkpt>
   <trkpt lat="69.6019970" lon="19.1030380">
    <ele>489.8</ele>
    <time>2026-06-03T17:39:51Z</time>
   </trkpt>
   <trkpt lat="69.6020080" lon="19.1030880">
    <ele>490.2</ele>
    <time>2026-06-03T17:39:52Z</time>
   </trkpt>
   <trkpt lat="69.6020080" lon="19.1030880">
    <ele>490.2</ele>
    <time>2026-06-03T17:39:53Z</time>
   </trkpt>
   <trkpt lat="69.6020180" lon="19.1031370">
    <ele>490.4</ele>
    <time>2026-06-03T17:39:54Z</time>
   </trkpt>
   <trkpt lat="69.6020180" lon="19.1031370">
    <ele>490.4</ele>
    <time>2026-06-03T17:39:55Z</time>
   </trkpt>
   <trkpt lat="69.6020280" lon="19.1031890">
    <ele>490.5</ele>
    <time>2026-06-03T17:39:56Z</time>
   </trkpt>
   <trkpt lat="69.6020280" lon="19.1031890">
    <ele>490.5</ele>
    <time>2026-06-03T17:39:57Z</time>
   </trkpt>
   <trkpt lat="69.6020360" lon="19.1032460">
    <ele>490.6</ele>
    <time>2026-06-03T17:39:58Z</time>
   </trkpt>
   <trkpt lat="69.6020360" lon="19.1032460">
    <ele>490.6</ele>
    <time>2026-06-03T17:39:59Z</time>
   </trkpt>
   <trkpt lat="69.6020450" lon="19.1033020">
    <ele>490.7</ele>
    <time>2026-06-03T17:40:00Z</time>
   </trkpt>
   <trkpt lat="69.6020450" lon="19.1033020">
    <ele>490.7</ele>
    <time>2026-06-03T17:40:01Z</time>
   </trkpt>
   <trkpt lat="69.6020600" lon="19.1033430">
    <ele>490.7</ele>
    <time>2026-06-03T17:40:02Z</time>
   </trkpt>
   <trkpt lat="69.6020600" lon="19.1033430">
    <ele>490.7</ele>
    <time>2026-06-03T17:40:03Z</time>
   </trkpt>
   <trkpt lat="69.6020720" lon="19.1033960">
    <ele>490.9</ele>
    <time>2026-06-03T17:40:04Z</time>
   </trkpt>
   <trkpt lat="69.6020720" lon="19.1033960">
    <ele>490.9</ele>
    <time>2026-06-03T17:40:05Z</time>
   </trkpt>
   <trkpt lat="69.6020790" lon="19.1034510">
    <ele>491.0</ele>
    <time>2026-06-03T17:40:06Z</time>
   </trkpt>
   <trkpt lat="69.6020790" lon="19.1034510">
    <ele>491.0</ele>
    <time>2026-06-03T17:40:07Z</time>
   </trkpt>
   <trkpt lat="69.6020790" lon="19.1035090">
    <ele>491.1</ele>
    <time>2026-06-03T17:40:08Z</time>
   </trkpt>
   <trkpt lat="69.6020790" lon="19.1035090">
    <ele>491.1</ele>
    <time>2026-06-03T17:40:09Z</time>
   </trkpt>
   <trkpt lat="69.6020800" lon="19.1035610">
    <ele>491.2</ele>
    <time>2026-06-03T17:40:10Z</time>
   </trkpt>
   <trkpt lat="69.6020800" lon="19.1035610">
    <ele>491.2</ele>
    <time>2026-06-03T17:40:11Z</time>
   </trkpt>
   <trkpt lat="69.6020800" lon="19.1035610">
    <ele>491.2</ele>
    <time>2026-06-03T17:40:12Z</time>
   </trkpt>
   <trkpt lat="69.6020890" lon="19.1036240">
    <ele>491.4</ele>
    <time>2026-06-03T17:40:13Z</time>
   </trkpt>
   <trkpt lat="69.6020890" lon="19.1036240">
    <ele>491.4</ele>
    <time>2026-06-03T17:40:14Z</time>
   </trkpt>
   <trkpt lat="69.6020890" lon="19.1036240">
    <ele>491.4</ele>
    <time>2026-06-03T17:40:15Z</time>
   </trkpt>
   <trkpt lat="69.6021030" lon="19.1036750">
    <ele>491.6</ele>
    <time>2026-06-03T17:40:16Z</time>
   </trkpt>
   <trkpt lat="69.6021030" lon="19.1036750">
    <ele>491.6</ele>
    <time>2026-06-03T17:40:17Z</time>
   </trkpt>
   <trkpt lat="69.6021030" lon="19.1036750">
    <ele>491.6</ele>
    <time>2026-06-03T17:40:18Z</time>
   </trkpt>
   <trkpt lat="69.6021120" lon="19.1037340">
    <ele>491.7</ele>
    <time>2026-06-03T17:40:19Z</time>
   </trkpt>
   <trkpt lat="69.6021120" lon="19.1037340">
    <ele>491.7</ele>
    <time>2026-06-03T17:40:20Z</time>
   </trkpt>
   <trkpt lat="69.6021200" lon="19.1037820">
    <ele>491.9</ele>
    <time>2026-06-03T17:40:21Z</time>
   </trkpt>
   <trkpt lat="69.6021200" lon="19.1037820">
    <ele>491.9</ele>
    <time>2026-06-03T17:40:22Z</time>
   </trkpt>
   <trkpt lat="69.6021290" lon="19.1038350">
    <ele>492.2</ele>
    <time>2026-06-03T17:40:23Z</time>
   </trkpt>
   <trkpt lat="69.6021290" lon="19.1038350">
    <ele>492.2</ele>
    <time>2026-06-03T17:40:24Z</time>
   </trkpt>
   <trkpt lat="69.6021290" lon="19.1038350">
    <ele>492.2</ele>
    <time>2026-06-03T17:40:25Z</time>
   </trkpt>
   <trkpt lat="69.6021260" lon="19.1039040">
    <ele>492.4</ele>
    <time>2026-06-03T17:40:26Z</time>
   </trkpt>
   <trkpt lat="69.6021260" lon="19.1039040">
    <ele>492.4</ele>
    <time>2026-06-03T17:40:27Z</time>
   </trkpt>
   <trkpt lat="69.6021260" lon="19.1039040">
    <ele>492.4</ele>
    <time>2026-06-03T17:40:28Z</time>
   </trkpt>
   <trkpt lat="69.6021190" lon="19.1039750">
    <ele>492.7</ele>
    <time>2026-06-03T17:40:29Z</time>
   </trkpt>
   <trkpt lat="69.6021190" lon="19.1039750">
    <ele>492.7</ele>
    <time>2026-06-03T17:40:30Z</time>
   </trkpt>
   <trkpt lat="69.6021190" lon="19.1039750">
    <ele>492.7</ele>
    <time>2026-06-03T17:40:31Z</time>
   </trkpt>
   <trkpt lat="69.6021190" lon="19.1040450">
    <ele>493.1</ele>
    <time>2026-06-03T17:40:32Z</time>
   </trkpt>
   <trkpt lat="69.6021190" lon="19.1040450">
    <ele>493.1</ele>
    <time>2026-06-03T17:40:33Z</time>
   </trkpt>
   <trkpt lat="69.6021190" lon="19.1040450">
    <ele>493.1</ele>
    <time>2026-06-03T17:40:34Z</time>
   </trkpt>
   <trkpt lat="69.6021240" lon="19.1041040">
    <ele>493.3</ele>
    <time>2026-06-03T17:40:35Z</time>
   </trkpt>
   <trkpt lat="69.6021240" lon="19.1041040">
    <ele>493.3</ele>
    <time>2026-06-03T17:40:36Z</time>
   </trkpt>
   <trkpt lat="69.6021240" lon="19.1041040">
    <ele>493.3</ele>
    <time>2026-06-03T17:40:37Z</time>
   </trkpt>
   <trkpt lat="69.6021300" lon="19.1041600">
    <ele>493.6</ele>
    <time>2026-06-03T17:40:38Z</time>
   </trkpt>
   <trkpt lat="69.6021300" lon="19.1041600">
    <ele>493.6</ele>
    <time>2026-06-03T17:40:39Z</time>
   </trkpt>
   <trkpt lat="69.6021300" lon="19.1041600">
    <ele>493.6</ele>
    <time>2026-06-03T17:40:40Z</time>
   </trkpt>
   <trkpt lat="69.6021300" lon="19.1041600">
    <ele>493.6</ele>
    <time>2026-06-03T17:40:41Z</time>
   </trkpt>
   <trkpt lat="69.6021300" lon="19.1042180">
    <ele>493.9</ele>
    <time>2026-06-03T17:40:42Z</time>
   </trkpt>
   <trkpt lat="69.6021300" lon="19.1042180">
    <ele>493.9</ele>
    <time>2026-06-03T17:40:43Z</time>
   </trkpt>
   <trkpt lat="69.6021300" lon="19.1042180">
    <ele>493.9</ele>
    <time>2026-06-03T17:40:44Z</time>
   </trkpt>
   <trkpt lat="69.6021300" lon="19.1042180">
    <ele>493.9</ele>
    <time>2026-06-03T17:40:45Z</time>
   </trkpt>
   <trkpt lat="69.6021420" lon="19.1042640">
    <ele>494.2</ele>
    <time>2026-06-03T17:40:46Z</time>
   </trkpt>
   <trkpt lat="69.6021420" lon="19.1042640">
    <ele>494.2</ele>
    <time>2026-06-03T17:40:47Z</time>
   </trkpt>
   <trkpt lat="69.6021420" lon="19.1042640">
    <ele>494.2</ele>
    <time>2026-06-03T17:40:48Z</time>
   </trkpt>
   <trkpt lat="69.6021430" lon="19.1043350">
    <ele>494.5</ele>
    <time>2026-06-03T17:40:49Z</time>
   </trkpt>
   <trkpt lat="69.6021430" lon="19.1043350">
    <ele>494.5</ele>
    <time>2026-06-03T17:40:50Z</time>
   </trkpt>
   <trkpt lat="69.6021430" lon="19.1043350">
    <ele>494.5</ele>
    <time>2026-06-03T17:40:51Z</time>
   </trkpt>
   <trkpt lat="69.6021490" lon="19.1044010">
    <ele>494.8</ele>
    <time>2026-06-03T17:40:52Z</time>
   </trkpt>
   <trkpt lat="69.6021490" lon="19.1044010">
    <ele>494.8</ele>
    <time>2026-06-03T17:40:53Z</time>
   </trkpt>
   <trkpt lat="69.6021490" lon="19.1044010">
    <ele>494.8</ele>
    <time>2026-06-03T17:40:54Z</time>
   </trkpt>
   <trkpt lat="69.6021510" lon="19.1044630">
    <ele>495.1</ele>
    <time>2026-06-03T17:40:55Z</time>
   </trkpt>
   <trkpt lat="69.6021510" lon="19.1044630">
    <ele>495.1</ele>
    <time>2026-06-03T17:40:56Z</time>
   </trkpt>
   <trkpt lat="69.6021510" lon="19.1044630">
    <ele>495.1</ele>
    <time>2026-06-03T17:40:57Z</time>
   </trkpt>
   <trkpt lat="69.6021490" lon="19.1045230">
    <ele>495.3</ele>
    <time>2026-06-03T17:40:58Z</time>
   </trkpt>
   <trkpt lat="69.6021490" lon="19.1045230">
    <ele>495.3</ele>
    <time>2026-06-03T17:40:59Z</time>
   </trkpt>
   <trkpt lat="69.6021460" lon="19.1045780">
    <ele>495.6</ele>
    <time>2026-06-03T17:41:00Z</time>
   </trkpt>
   <trkpt lat="69.6021460" lon="19.1045780">
    <ele>495.6</ele>
    <time>2026-06-03T17:41:01Z</time>
   </trkpt>
   <trkpt lat="69.6021460" lon="19.1045780">
    <ele>495.6</ele>
    <time>2026-06-03T17:41:02Z</time>
   </trkpt>
   <trkpt lat="69.6021460" lon="19.1046490">
    <ele>495.9</ele>
    <time>2026-06-03T17:41:03Z</time>
   </trkpt>
   <trkpt lat="69.6021460" lon="19.1046490">
    <ele>495.9</ele>
    <time>2026-06-03T17:41:04Z</time>
   </trkpt>
   <trkpt lat="69.6021460" lon="19.1046490">
    <ele>495.9</ele>
    <time>2026-06-03T17:41:05Z</time>
   </trkpt>
   <trkpt lat="69.6021430" lon="19.1047190">
    <ele>496.2</ele>
    <time>2026-06-03T17:41:06Z</time>
   </trkpt>
   <trkpt lat="69.6021430" lon="19.1047190">
    <ele>496.2</ele>
    <time>2026-06-03T17:41:07Z</time>
   </trkpt>
   <trkpt lat="69.6021420" lon="19.1047770">
    <ele>496.4</ele>
    <time>2026-06-03T17:41:08Z</time>
   </trkpt>
   <trkpt lat="69.6021420" lon="19.1047770">
    <ele>496.4</ele>
    <time>2026-06-03T17:41:09Z</time>
   </trkpt>
   <trkpt lat="69.6021400" lon="19.1048390">
    <ele>496.7</ele>
    <time>2026-06-03T17:41:10Z</time>
   </trkpt>
   <trkpt lat="69.6021400" lon="19.1048390">
    <ele>496.7</ele>
    <time>2026-06-03T17:41:11Z</time>
   </trkpt>
   <trkpt lat="69.6021370" lon="19.1048900">
    <ele>496.9</ele>
    <time>2026-06-03T17:41:12Z</time>
   </trkpt>
   <trkpt lat="69.6021370" lon="19.1048900">
    <ele>496.9</ele>
    <time>2026-06-03T17:41:13Z</time>
   </trkpt>
   <trkpt lat="69.6021310" lon="19.1049400">
    <ele>497.1</ele>
    <time>2026-06-03T17:41:14Z</time>
   </trkpt>
   <trkpt lat="69.6021310" lon="19.1049400">
    <ele>497.1</ele>
    <time>2026-06-03T17:41:15Z</time>
   </trkpt>
   <trkpt lat="69.6021310" lon="19.1049400">
    <ele>497.1</ele>
    <time>2026-06-03T17:41:16Z</time>
   </trkpt>
   <trkpt lat="69.6021190" lon="19.1050030">
    <ele>497.3</ele>
    <time>2026-06-03T17:41:17Z</time>
   </trkpt>
   <trkpt lat="69.6021190" lon="19.1050030">
    <ele>497.3</ele>
    <time>2026-06-03T17:41:18Z</time>
   </trkpt>
   <trkpt lat="69.6021190" lon="19.1050030">
    <ele>497.3</ele>
    <time>2026-06-03T17:41:19Z</time>
   </trkpt>
   <trkpt lat="69.6021110" lon="19.1050620">
    <ele>497.6</ele>
    <time>2026-06-03T17:41:20Z</time>
   </trkpt>
   <trkpt lat="69.6021110" lon="19.1050620">
    <ele>497.6</ele>
    <time>2026-06-03T17:41:21Z</time>
   </trkpt>
   <trkpt lat="69.6021110" lon="19.1050620">
    <ele>497.6</ele>
    <time>2026-06-03T17:41:22Z</time>
   </trkpt>
   <trkpt lat="69.6020980" lon="19.1051170">
    <ele>497.9</ele>
    <time>2026-06-03T17:41:23Z</time>
   </trkpt>
   <trkpt lat="69.6020980" lon="19.1051170">
    <ele>497.9</ele>
    <time>2026-06-03T17:41:24Z</time>
   </trkpt>
   <trkpt lat="69.6020980" lon="19.1051170">
    <ele>497.9</ele>
    <time>2026-06-03T17:41:25Z</time>
   </trkpt>
   <trkpt lat="69.6020800" lon="19.1051750">
    <ele>498.2</ele>
    <time>2026-06-03T17:41:26Z</time>
   </trkpt>
   <trkpt lat="69.6020800" lon="19.1051750">
    <ele>498.2</ele>
    <time>2026-06-03T17:41:27Z</time>
   </trkpt>
   <trkpt lat="69.6020800" lon="19.1051750">
    <ele>498.2</ele>
    <time>2026-06-03T17:41:28Z</time>
   </trkpt>
   <trkpt lat="69.6020690" lon="19.1052280">
    <ele>498.4</ele>
    <time>2026-06-03T17:41:29Z</time>
   </trkpt>
   <trkpt lat="69.6020690" lon="19.1052280">
    <ele>498.4</ele>
    <time>2026-06-03T17:41:30Z</time>
   </trkpt>
   <trkpt lat="69.6020690" lon="19.1052280">
    <ele>498.4</ele>
    <time>2026-06-03T17:41:31Z</time>
   </trkpt>
   <trkpt lat="69.6020690" lon="19.1052280">
    <ele>498.4</ele>
    <time>2026-06-03T17:41:32Z</time>
   </trkpt>
   <trkpt lat="69.6020690" lon="19.1052280">
    <ele>498.4</ele>
    <time>2026-06-03T17:41:33Z</time>
   </trkpt>
   <trkpt lat="69.6020690" lon="19.1052280">
    <ele>498.4</ele>
    <time>2026-06-03T17:41:34Z</time>
   </trkpt>
   <trkpt lat="69.6020590" lon="19.1052800">
    <ele>498.6</ele>
    <time>2026-06-03T17:41:35Z</time>
   </trkpt>
   <trkpt lat="69.6020590" lon="19.1052800">
    <ele>498.6</ele>
    <time>2026-06-03T17:41:36Z</time>
   </trkpt>
   <trkpt lat="69.6020590" lon="19.1052800">
    <ele>498.6</ele>
    <time>2026-06-03T17:41:37Z</time>
   </trkpt>
   <trkpt lat="69.6020590" lon="19.1052800">
    <ele>498.6</ele>
    <time>2026-06-03T17:41:38Z</time>
   </trkpt>
   <trkpt lat="69.6020430" lon="19.1053130">
    <ele>498.9</ele>
    <time>2026-06-03T17:41:39Z</time>
   </trkpt>
   <trkpt lat="69.6020430" lon="19.1053130">
    <ele>498.9</ele>
    <time>2026-06-03T17:41:40Z</time>
   </trkpt>
   <trkpt lat="69.6020430" lon="19.1053130">
    <ele>498.9</ele>
    <time>2026-06-03T17:41:41Z</time>
   </trkpt>
   <trkpt lat="69.6020430" lon="19.1053130">
    <ele>498.9</ele>
    <time>2026-06-03T17:41:42Z</time>
   </trkpt>
   <trkpt lat="69.6020500" lon="19.1053800">
    <ele>499.3</ele>
    <time>2026-06-03T17:41:43Z</time>
   </trkpt>
   <trkpt lat="69.6020500" lon="19.1053800">
    <ele>499.3</ele>
    <time>2026-06-03T17:41:44Z</time>
   </trkpt>
   <trkpt lat="69.6020500" lon="19.1053800">
    <ele>499.3</ele>
    <time>2026-06-03T17:41:45Z</time>
   </trkpt>
   <trkpt lat="69.6020490" lon="19.1054430">
    <ele>500.1</ele>
    <time>2026-06-03T17:41:46Z</time>
   </trkpt>
   <trkpt lat="69.6020490" lon="19.1054430">
    <ele>500.1</ele>
    <time>2026-06-03T17:41:47Z</time>
   </trkpt>
   <trkpt lat="69.6020490" lon="19.1054430">
    <ele>500.1</ele>
    <time>2026-06-03T17:41:48Z</time>
   </trkpt>
   <trkpt lat="69.6020500" lon="19.1055000">
    <ele>500.5</ele>
    <time>2026-06-03T17:41:49Z</time>
   </trkpt>
   <trkpt lat="69.6020500" lon="19.1055000">
    <ele>500.5</ele>
    <time>2026-06-03T17:41:50Z</time>
   </trkpt>
   <trkpt lat="69.6020500" lon="19.1055000">
    <ele>500.5</ele>
    <time>2026-06-03T17:41:51Z</time>
   </trkpt>
   <trkpt lat="69.6020470" lon="19.1055770">
    <ele>501.4</ele>
    <time>2026-06-03T17:41:52Z</time>
   </trkpt>
   <trkpt lat="69.6020470" lon="19.1055770">
    <ele>501.4</ele>
    <time>2026-06-03T17:41:53Z</time>
   </trkpt>
   <trkpt lat="69.6020390" lon="19.1056270">
    <ele>501.9</ele>
    <time>2026-06-03T17:41:54Z</time>
   </trkpt>
   <trkpt lat="69.6020390" lon="19.1056270">
    <ele>501.9</ele>
    <time>2026-06-03T17:41:55Z</time>
   </trkpt>
   <trkpt lat="69.6020390" lon="19.1056270">
    <ele>501.9</ele>
    <time>2026-06-03T17:41:56Z</time>
   </trkpt>
   <trkpt lat="69.6020390" lon="19.1056270">
    <ele>501.9</ele>
    <time>2026-06-03T17:41:57Z</time>
   </trkpt>
   <trkpt lat="69.6020390" lon="19.1056830">
    <ele>502.3</ele>
    <time>2026-06-03T17:41:58Z</time>
   </trkpt>
   <trkpt lat="69.6020390" lon="19.1056830">
    <ele>502.3</ele>
    <time>2026-06-03T17:41:59Z</time>
   </trkpt>
   <trkpt lat="69.6020390" lon="19.1056830">
    <ele>502.3</ele>
    <time>2026-06-03T17:42:00Z</time>
   </trkpt>
   <trkpt lat="69.6020510" lon="19.1057240">
    <ele>502.8</ele>
    <time>2026-06-03T17:42:01Z</time>
   </trkpt>
   <trkpt lat="69.6020510" lon="19.1057240">
    <ele>502.8</ele>
    <time>2026-06-03T17:42:02Z</time>
   </trkpt>
   <trkpt lat="69.6020510" lon="19.1057240">
    <ele>502.8</ele>
    <time>2026-06-03T17:42:03Z</time>
   </trkpt>
   <trkpt lat="69.6020560" lon="19.1057790">
    <ele>503.3</ele>
    <time>2026-06-03T17:42:04Z</time>
   </trkpt>
   <trkpt lat="69.6020560" lon="19.1057790">
    <ele>503.3</ele>
    <time>2026-06-03T17:42:05Z</time>
   </trkpt>
   <trkpt lat="69.6020560" lon="19.1057790">
    <ele>503.3</ele>
    <time>2026-06-03T17:42:06Z</time>
   </trkpt>
   <trkpt lat="69.6020560" lon="19.1057790">
    <ele>503.3</ele>
    <time>2026-06-03T17:42:07Z</time>
   </trkpt>
   <trkpt lat="69.6020560" lon="19.1058370">
    <ele>504.3</ele>
    <time>2026-06-03T17:42:08Z</time>
   </trkpt>
   <trkpt lat="69.6020560" lon="19.1058370">
    <ele>504.3</ele>
    <time>2026-06-03T17:42:09Z</time>
   </trkpt>
   <trkpt lat="69.6020560" lon="19.1058370">
    <ele>504.3</ele>
    <time>2026-06-03T17:42:10Z</time>
   </trkpt>
   <trkpt lat="69.6020560" lon="19.1058370">
    <ele>504.3</ele>
    <time>2026-06-03T17:42:11Z</time>
   </trkpt>
   <trkpt lat="69.6020560" lon="19.1058930">
    <ele>504.9</ele>
    <time>2026-06-03T17:42:12Z</time>
   </trkpt>
   <trkpt lat="69.6020560" lon="19.1058930">
    <ele>504.9</ele>
    <time>2026-06-03T17:42:13Z</time>
   </trkpt>
   <trkpt lat="69.6020560" lon="19.1058930">
    <ele>504.9</ele>
    <time>2026-06-03T17:42:14Z</time>
   </trkpt>
   <trkpt lat="69.6020660" lon="19.1059390">
    <ele>505.5</ele>
    <time>2026-06-03T17:42:15Z</time>
   </trkpt>
   <trkpt lat="69.6020660" lon="19.1059390">
    <ele>505.5</ele>
    <time>2026-06-03T17:42:16Z</time>
   </trkpt>
   <trkpt lat="69.6020660" lon="19.1059390">
    <ele>505.5</ele>
    <time>2026-06-03T17:42:17Z</time>
   </trkpt>
   <trkpt lat="69.6020660" lon="19.1059390">
    <ele>505.5</ele>
    <time>2026-06-03T17:42:18Z</time>
   </trkpt>
   <trkpt lat="69.6020700" lon="19.1059980">
    <ele>506.8</ele>
    <time>2026-06-03T17:42:19Z</time>
   </trkpt>
   <trkpt lat="69.6020700" lon="19.1059980">
    <ele>506.8</ele>
    <time>2026-06-03T17:42:20Z</time>
   </trkpt>
   <trkpt lat="69.6020700" lon="19.1059980">
    <ele>506.8</ele>
    <time>2026-06-03T17:42:21Z</time>
   </trkpt>
   <trkpt lat="69.6020740" lon="19.1060520">
    <ele>507.5</ele>
    <time>2026-06-03T17:42:22Z</time>
   </trkpt>
   <trkpt lat="69.6020740" lon="19.1060520">
    <ele>507.5</ele>
    <time>2026-06-03T17:42:23Z</time>
   </trkpt>
   <trkpt lat="69.6020740" lon="19.1060520">
    <ele>507.5</ele>
    <time>2026-06-03T17:42:24Z</time>
   </trkpt>
   <trkpt lat="69.6020740" lon="19.1060520">
    <ele>507.5</ele>
    <time>2026-06-03T17:42:25Z</time>
   </trkpt>
   <trkpt lat="69.6020830" lon="19.1061010">
    <ele>508.2</ele>
    <time>2026-06-03T17:42:26Z</time>
   </trkpt>
   <trkpt lat="69.6020830" lon="19.1061010">
    <ele>508.2</ele>
    <time>2026-06-03T17:42:27Z</time>
   </trkpt>
   <trkpt lat="69.6020830" lon="19.1061010">
    <ele>508.2</ele>
    <time>2026-06-03T17:42:28Z</time>
   </trkpt>
   <trkpt lat="69.6020950" lon="19.1061470">
    <ele>509.0</ele>
    <time>2026-06-03T17:42:29Z</time>
   </trkpt>
   <trkpt lat="69.6020950" lon="19.1061470">
    <ele>509.0</ele>
    <time>2026-06-03T17:42:30Z</time>
   </trkpt>
   <trkpt lat="69.6020950" lon="19.1061470">
    <ele>509.0</ele>
    <time>2026-06-03T17:42:31Z</time>
   </trkpt>
   <trkpt lat="69.6020950" lon="19.1061470">
    <ele>509.0</ele>
    <time>2026-06-03T17:42:32Z</time>
   </trkpt>
   <trkpt lat="69.6021010" lon="19.1061990">
    <ele>509.9</ele>
    <time>2026-06-03T17:42:33Z</time>
   </trkpt>
   <trkpt lat="69.6021010" lon="19.1061990">
    <ele>509.9</ele>
    <time>2026-06-03T17:42:34Z</time>
   </trkpt>
   <trkpt lat="69.6021080" lon="19.1062550">
    <ele>511.3</ele>
    <time>2026-06-03T17:42:35Z</time>
   </trkpt>
   <trkpt lat="69.6021080" lon="19.1062550">
    <ele>511.3</ele>
    <time>2026-06-03T17:42:37Z</time>
   </trkpt>
   <trkpt lat="69.6021080" lon="19.1062550">
    <ele>511.3</ele>
    <time>2026-06-03T17:42:38Z</time>
   </trkpt>
   <trkpt lat="69.6021110" lon="19.1063100">
    <ele>512.0</ele>
    <time>2026-06-03T17:42:39Z</time>
   </trkpt>
   <trkpt lat="69.6021110" lon="19.1063100">
    <ele>512.0</ele>
    <time>2026-06-03T17:42:40Z</time>
   </trkpt>
   <trkpt lat="69.6021110" lon="19.1063100">
    <ele>512.0</ele>
    <time>2026-06-03T17:42:41Z</time>
   </trkpt>
   <trkpt lat="69.6021110" lon="19.1063100">
    <ele>512.0</ele>
    <time>2026-06-03T17:42:42Z</time>
   </trkpt>
   <trkpt lat="69.6021150" lon="19.1063800">
    <ele>512.8</ele>
    <time>2026-06-03T17:42:43Z</time>
   </trkpt>
   <trkpt lat="69.6021150" lon="19.1063800">
    <ele>512.8</ele>
    <time>2026-06-03T17:42:44Z</time>
   </trkpt>
   <trkpt lat="69.6021150" lon="19.1063800">
    <ele>512.8</ele>
    <time>2026-06-03T17:42:45Z</time>
   </trkpt>
   <trkpt lat="69.6021150" lon="19.1063800">
    <ele>512.8</ele>
    <time>2026-06-03T17:42:46Z</time>
   </trkpt>
   <trkpt lat="69.6021190" lon="19.1064380">
    <ele>514.1</ele>
    <time>2026-06-03T17:42:47Z</time>
   </trkpt>
   <trkpt lat="69.6021190" lon="19.1064380">
    <ele>514.1</ele>
    <time>2026-06-03T17:42:48Z</time>
   </trkpt>
   <trkpt lat="69.6021190" lon="19.1064380">
    <ele>514.1</ele>
    <time>2026-06-03T17:42:49Z</time>
   </trkpt>
   <trkpt lat="69.6021190" lon="19.1064380">
    <ele>514.1</ele>
    <time>2026-06-03T17:42:50Z</time>
   </trkpt>
   <trkpt lat="69.6021190" lon="19.1064380">
    <ele>514.1</ele>
    <time>2026-06-03T17:42:51Z</time>
   </trkpt>
   <trkpt lat="69.6021200" lon="19.1064930">
    <ele>514.7</ele>
    <time>2026-06-03T17:42:52Z</time>
   </trkpt>
   <trkpt lat="69.6021200" lon="19.1064930">
    <ele>514.7</ele>
    <time>2026-06-03T17:42:53Z</time>
   </trkpt>
   <trkpt lat="69.6021200" lon="19.1064930">
    <ele>514.7</ele>
    <time>2026-06-03T17:42:54Z</time>
   </trkpt>
   <trkpt lat="69.6021200" lon="19.1064930">
    <ele>514.7</ele>
    <time>2026-06-03T17:42:55Z</time>
   </trkpt>
   <trkpt lat="69.6021200" lon="19.1064930">
    <ele>514.7</ele>
    <time>2026-06-03T17:42:56Z</time>
   </trkpt>
   <trkpt lat="69.6021340" lon="19.1065420">
    <ele>515.3</ele>
    <time>2026-06-03T17:42:57Z</time>
   </trkpt>
   <trkpt lat="69.6021340" lon="19.1065420">
    <ele>515.3</ele>
    <time>2026-06-03T17:42:58Z</time>
   </trkpt>
   <trkpt lat="69.6021340" lon="19.1065420">
    <ele>515.3</ele>
    <time>2026-06-03T17:42:59Z</time>
   </trkpt>
   <trkpt lat="69.6021400" lon="19.1066020">
    <ele>516.5</ele>
    <time>2026-06-03T17:43:00Z</time>
   </trkpt>
   <trkpt lat="69.6021400" lon="19.1066020">
    <ele>516.5</ele>
    <time>2026-06-03T17:43:01Z</time>
   </trkpt>
   <trkpt lat="69.6021400" lon="19.1066020">
    <ele>516.5</ele>
    <time>2026-06-03T17:43:02Z</time>
   </trkpt>
   <trkpt lat="69.6021400" lon="19.1066020">
    <ele>516.5</ele>
    <time>2026-06-03T17:43:03Z</time>
   </trkpt>
   <trkpt lat="69.6021490" lon="19.1066570">
    <ele>517.0</ele>
    <time>2026-06-03T17:43:04Z</time>
   </trkpt>
   <trkpt lat="69.6021490" lon="19.1066570">
    <ele>517.0</ele>
    <time>2026-06-03T17:43:05Z</time>
   </trkpt>
   <trkpt lat="69.6021490" lon="19.1066570">
    <ele>517.0</ele>
    <time>2026-06-03T17:43:06Z</time>
   </trkpt>
   <trkpt lat="69.6021490" lon="19.1066570">
    <ele>517.0</ele>
    <time>2026-06-03T17:43:07Z</time>
   </trkpt>
   <trkpt lat="69.6021530" lon="19.1067120">
    <ele>517.6</ele>
    <time>2026-06-03T17:43:08Z</time>
   </trkpt>
   <trkpt lat="69.6021530" lon="19.1067120">
    <ele>517.6</ele>
    <time>2026-06-03T17:43:09Z</time>
   </trkpt>
   <trkpt lat="69.6021530" lon="19.1067120">
    <ele>517.6</ele>
    <time>2026-06-03T17:43:10Z</time>
   </trkpt>
   <trkpt lat="69.6021530" lon="19.1067120">
    <ele>517.6</ele>
    <time>2026-06-03T17:43:11Z</time>
   </trkpt>
   <trkpt lat="69.6021550" lon="19.1067780">
    <ele>519.0</ele>
    <time>2026-06-03T17:43:12Z</time>
   </trkpt>
   <trkpt lat="69.6021550" lon="19.1067780">
    <ele>519.0</ele>
    <time>2026-06-03T17:43:13Z</time>
   </trkpt>
   <trkpt lat="69.6021550" lon="19.1067780">
    <ele>519.0</ele>
    <time>2026-06-03T17:43:14Z</time>
   </trkpt>
   <trkpt lat="69.6021550" lon="19.1067780">
    <ele>519.0</ele>
    <time>2026-06-03T17:43:15Z</time>
   </trkpt>
   <trkpt lat="69.6021560" lon="19.1068430">
    <ele>519.8</ele>
    <time>2026-06-03T17:43:16Z</time>
   </trkpt>
   <trkpt lat="69.6021560" lon="19.1068430">
    <ele>519.8</ele>
    <time>2026-06-03T17:43:17Z</time>
   </trkpt>
   <trkpt lat="69.6021560" lon="19.1068430">
    <ele>519.8</ele>
    <time>2026-06-03T17:43:18Z</time>
   </trkpt>
   <trkpt lat="69.6021560" lon="19.1068430">
    <ele>519.8</ele>
    <time>2026-06-03T17:43:19Z</time>
   </trkpt>
   <trkpt lat="69.6021600" lon="19.1069010">
    <ele>521.1</ele>
    <time>2026-06-03T17:43:20Z</time>
   </trkpt>
   <trkpt lat="69.6021600" lon="19.1069010">
    <ele>521.1</ele>
    <time>2026-06-03T17:43:21Z</time>
   </trkpt>
   <trkpt lat="69.6021600" lon="19.1069010">
    <ele>521.1</ele>
    <time>2026-06-03T17:43:22Z</time>
   </trkpt>
   <trkpt lat="69.6021600" lon="19.1069010">
    <ele>521.1</ele>
    <time>2026-06-03T17:43:23Z</time>
   </trkpt>
   <trkpt lat="69.6021660" lon="19.1069570">
    <ele>521.8</ele>
    <time>2026-06-03T17:43:24Z</time>
   </trkpt>
   <trkpt lat="69.6021660" lon="19.1069570">
    <ele>521.8</ele>
    <time>2026-06-03T17:43:25Z</time>
   </trkpt>
   <trkpt lat="69.6021660" lon="19.1069570">
    <ele>521.9</ele>
    <time>2026-06-03T17:43:26Z</time>
   </trkpt>
   <trkpt lat="69.6021660" lon="19.1069570">
    <ele>521.9</ele>
    <time>2026-06-03T17:43:27Z</time>
   </trkpt>
   <trkpt lat="69.6021660" lon="19.1069570">
    <ele>521.9</ele>
    <time>2026-06-03T17:43:28Z</time>
   </trkpt>
   <trkpt lat="69.6021660" lon="19.1069570">
    <ele>521.9</ele>
    <time>2026-06-03T17:43:29Z</time>
   </trkpt>
   <trkpt lat="69.6021660" lon="19.1069570">
    <ele>521.9</ele>
    <time>2026-06-03T17:43:30Z</time>
   </trkpt>
   <trkpt lat="69.6021660" lon="19.1069570">
    <ele>521.9</ele>
    <time>2026-06-03T17:43:31Z</time>
   </trkpt>
   <trkpt lat="69.6021660" lon="19.1069570">
    <ele>521.9</ele>
    <time>2026-06-03T17:43:32Z</time>
   </trkpt>
   <trkpt lat="69.6021730" lon="19.1070060">
    <ele>522.7</ele>
    <time>2026-06-03T17:43:33Z</time>
   </trkpt>
   <trkpt lat="69.6021730" lon="19.1070060">
    <ele>522.7</ele>
    <time>2026-06-03T17:43:34Z</time>
   </trkpt>
   <trkpt lat="69.6021730" lon="19.1070060">
    <ele>522.7</ele>
    <time>2026-06-03T17:43:35Z</time>
   </trkpt>
   <trkpt lat="69.6021730" lon="19.1070060">
    <ele>522.7</ele>
    <time>2026-06-03T17:43:36Z</time>
   </trkpt>
   <trkpt lat="69.6021730" lon="19.1070060">
    <ele>522.7</ele>
    <time>2026-06-03T17:43:37Z</time>
   </trkpt>
   <trkpt lat="69.6021730" lon="19.1070060">
    <ele>522.7</ele>
    <time>2026-06-03T17:43:38Z</time>
   </trkpt>
   <trkpt lat="69.6021730" lon="19.1070060">
    <ele>522.7</ele>
    <time>2026-06-03T17:43:39Z</time>
   </trkpt>
   <trkpt lat="69.6021730" lon="19.1070060">
    <ele>522.7</ele>
    <time>2026-06-03T17:43:40Z</time>
   </trkpt>
   <trkpt lat="69.6021730" lon="19.1070060">
    <ele>522.7</ele>
    <time>2026-06-03T17:43:41Z</time>
   </trkpt>
   <trkpt lat="69.6021730" lon="19.1070060">
    <ele>522.7</ele>
    <time>2026-06-03T17:43:42Z</time>
   </trkpt>
   <trkpt lat="69.6021730" lon="19.1070060">
    <ele>522.7</ele>
    <time>2026-06-03T17:43:43Z</time>
   </trkpt>
   <trkpt lat="69.6021730" lon="19.1070060">
    <ele>522.7</ele>
    <time>2026-06-03T17:43:44Z</time>
   </trkpt>
   <trkpt lat="69.6021730" lon="19.1070060">
    <ele>522.7</ele>
    <time>2026-06-03T17:43:45Z</time>
   </trkpt>
   <trkpt lat="69.6021730" lon="19.1070060">
    <ele>522.7</ele>
    <time>2026-06-03T17:43:46Z</time>
   </trkpt>
   <trkpt lat="69.6021730" lon="19.1070060">
    <ele>522.7</ele>
    <time>2026-06-03T17:43:47Z</time>
   </trkpt>
   <trkpt lat="69.6021730" lon="19.1070060">
    <ele>522.7</ele>
    <time>2026-06-03T17:43:48Z</time>
   </trkpt>
   <trkpt lat="69.6021730" lon="19.1070060">
    <ele>522.7</ele>
    <time>2026-06-03T17:43:49Z</time>
   </trkpt>
   <trkpt lat="69.6021730" lon="19.1070060">
    <ele>522.7</ele>
    <time>2026-06-03T17:43:50Z</time>
   </trkpt>
   <trkpt lat="69.6021730" lon="19.1070060">
    <ele>522.7</ele>
    <time>2026-06-03T17:43:51Z</time>
   </trkpt>
   <trkpt lat="69.6021730" lon="19.1070060">
    <ele>522.7</ele>
    <time>2026-06-03T17:43:52Z</time>
   </trkpt>
   <trkpt lat="69.6021730" lon="19.1070060">
    <ele>522.7</ele>
    <time>2026-06-03T17:43:53Z</time>
   </trkpt>
   <trkpt lat="69.6021730" lon="19.1070060">
    <ele>522.7</ele>
    <time>2026-06-03T17:43:54Z</time>
   </trkpt>
   <trkpt lat="69.6021730" lon="19.1070060">
    <ele>522.7</ele>
    <time>2026-06-03T17:43:55Z</time>
   </trkpt>
   <trkpt lat="69.6021730" lon="19.1070060">
    <ele>522.7</ele>
    <time>2026-06-03T17:43:56Z</time>
   </trkpt>
   <trkpt lat="69.6021730" lon="19.1070060">
    <ele>522.7</ele>
    <time>2026-06-03T17:43:57Z</time>
   </trkpt>
   <trkpt lat="69.6021730" lon="19.1070060">
    <ele>522.7</ele>
    <time>2026-06-03T17:43:58Z</time>
   </trkpt>
   <trkpt lat="69.6021730" lon="19.1070060">
    <ele>522.7</ele>
    <time>2026-06-03T17:43:59Z</time>
   </trkpt>
   <trkpt lat="69.6021730" lon="19.1070060">
    <ele>522.7</ele>
    <time>2026-06-03T17:44:00Z</time>
   </trkpt>
   <trkpt lat="69.6021730" lon="19.1070060">
    <ele>522.7</ele>
    <time>2026-06-03T17:44:01Z</time>
   </trkpt>
   <trkpt lat="69.6021730" lon="19.1070060">
    <ele>522.7</ele>
    <time>2026-06-03T17:44:02Z</time>
   </trkpt>
   <trkpt lat="69.6021730" lon="19.1070060">
    <ele>522.7</ele>
    <time>2026-06-03T17:44:03Z</time>
   </trkpt>
   <trkpt lat="69.6021730" lon="19.1070060">
    <ele>522.7</ele>
    <time>2026-06-03T17:44:04Z</time>
   </trkpt>
   <trkpt lat="69.6021730" lon="19.1070060">
    <ele>522.7</ele>
    <time>2026-06-03T17:44:05Z</time>
   </trkpt>
   <trkpt lat="69.6021730" lon="19.1070060">
    <ele>522.7</ele>
    <time>2026-06-03T17:44:06Z</time>
   </trkpt>
   <trkpt lat="69.6021730" lon="19.1070060">
    <ele>522.7</ele>
    <time>2026-06-03T17:44:07Z</time>
   </trkpt>
   <trkpt lat="69.6021730" lon="19.1070060">
    <ele>522.7</ele>
    <time>2026-06-03T17:44:08Z</time>
   </trkpt>
   <trkpt lat="69.6021730" lon="19.1070060">
    <ele>522.7</ele>
    <time>2026-06-03T17:44:09Z</time>
   </trkpt>
   <trkpt lat="69.6021730" lon="19.1070060">
    <ele>522.7</ele>
    <time>2026-06-03T17:44:10Z</time>
   </trkpt>
   <trkpt lat="69.6021730" lon="19.1070060">
    <ele>522.7</ele>
    <time>2026-06-03T17:44:11Z</time>
   </trkpt>
   <trkpt lat="69.6021730" lon="19.1070060">
    <ele>522.7</ele>
    <time>2026-06-03T17:44:12Z</time>
   </trkpt>
   <trkpt lat="69.6021730" lon="19.1070060">
    <ele>522.7</ele>
    <time>2026-06-03T17:44:13Z</time>
   </trkpt>
   <trkpt lat="69.6021730" lon="19.1070060">
    <ele>522.7</ele>
    <time>2026-06-03T17:44:14Z</time>
   </trkpt>
   <trkpt lat="69.6021730" lon="19.1070060">
    <ele>522.7</ele>
    <time>2026-06-03T17:44:15Z</time>
   </trkpt>
   <trkpt lat="69.6021730" lon="19.1070060">
    <ele>522.7</ele>
    <time>2026-06-03T17:44:16Z</time>
   </trkpt>
   <trkpt lat="69.6021730" lon="19.1070060">
    <ele>522.7</ele>
    <time>2026-06-03T17:44:17Z</time>
   </trkpt>
   <trkpt lat="69.6021730" lon="19.1070060">
    <ele>522.7</ele>
    <time>2026-06-03T17:44:18Z</time>
   </trkpt>
   <trkpt lat="69.6021730" lon="19.1070060">
    <ele>522.7</ele>
    <time>2026-06-03T17:44:19Z</time>
   </trkpt>
   <trkpt lat="69.6021730" lon="19.1070060">
    <ele>522.7</ele>
    <time>2026-06-03T17:44:20Z</time>
   </trkpt>
   <trkpt lat="69.6021730" lon="19.1070060">
    <ele>522.7</ele>
    <time>2026-06-03T17:44:21Z</time>
   </trkpt>
   <trkpt lat="69.6021730" lon="19.1070060">
    <ele>522.7</ele>
    <time>2026-06-03T17:44:22Z</time>
   </trkpt>
   <trkpt lat="69.6021730" lon="19.1070060">
    <ele>522.7</ele>
    <time>2026-06-03T17:44:23Z</time>
   </trkpt>
   <trkpt lat="69.6021730" lon="19.1070060">
    <ele>522.7</ele>
    <time>2026-06-03T17:44:24Z</time>
   </trkpt>
   <trkpt lat="69.6021880" lon="19.1069690">
    <ele>521.7</ele>
    <time>2026-06-03T17:44:25Z</time>
   </trkpt>
   <trkpt lat="69.6021880" lon="19.1069690">
    <ele>521.7</ele>
    <time>2026-06-03T17:44:26Z</time>
   </trkpt>
   <trkpt lat="69.6021880" lon="19.1069690">
    <ele>521.7</ele>
    <time>2026-06-03T17:44:27Z</time>
   </trkpt>
   <trkpt lat="69.6021880" lon="19.1069690">
    <ele>521.7</ele>
    <time>2026-06-03T17:44:28Z</time>
   </trkpt>
   <trkpt lat="69.6021880" lon="19.1069690">
    <ele>521.7</ele>
    <time>2026-06-03T17:44:29Z</time>
   </trkpt>
   <trkpt lat="69.6021880" lon="19.1069690">
    <ele>521.7</ele>
    <time>2026-06-03T17:44:30Z</time>
   </trkpt>
   <trkpt lat="69.6021880" lon="19.1069690">
    <ele>521.7</ele>
    <time>2026-06-03T17:44:31Z</time>
   </trkpt>
   <trkpt lat="69.6021880" lon="19.1069690">
    <ele>521.7</ele>
    <time>2026-06-03T17:44:32Z</time>
   </trkpt>
   <trkpt lat="69.6021880" lon="19.1069690">
    <ele>521.7</ele>
    <time>2026-06-03T17:44:33Z</time>
   </trkpt>
   <trkpt lat="69.6021880" lon="19.1069690">
    <ele>521.7</ele>
    <time>2026-06-03T17:44:34Z</time>
   </trkpt>
   <trkpt lat="69.6021880" lon="19.1069690">
    <ele>521.7</ele>
    <time>2026-06-03T17:44:35Z</time>
   </trkpt>
   <trkpt lat="69.6021880" lon="19.1069690">
    <ele>521.7</ele>
    <time>2026-06-03T17:44:36Z</time>
   </trkpt>
   <trkpt lat="69.6021880" lon="19.1069690">
    <ele>521.7</ele>
    <time>2026-06-03T17:44:37Z</time>
   </trkpt>
   <trkpt lat="69.6021880" lon="19.1069690">
    <ele>521.7</ele>
    <time>2026-06-03T17:44:38Z</time>
   </trkpt>
   <trkpt lat="69.6021880" lon="19.1069690">
    <ele>521.7</ele>
    <time>2026-06-03T17:44:39Z</time>
   </trkpt>
   <trkpt lat="69.6021880" lon="19.1069690">
    <ele>521.7</ele>
    <time>2026-06-03T17:44:40Z</time>
   </trkpt>
   <trkpt lat="69.6021880" lon="19.1069690">
    <ele>521.7</ele>
    <time>2026-06-03T17:44:41Z</time>
   </trkpt>
   <trkpt lat="69.6021880" lon="19.1069690">
    <ele>521.7</ele>
    <time>2026-06-03T17:44:42Z</time>
   </trkpt>
   <trkpt lat="69.6021880" lon="19.1069690">
    <ele>521.7</ele>
    <time>2026-06-03T17:44:43Z</time>
   </trkpt>
   <trkpt lat="69.6021880" lon="19.1069690">
    <ele>521.7</ele>
    <time>2026-06-03T17:44:44Z</time>
   </trkpt>
   <trkpt lat="69.6021880" lon="19.1069690">
    <ele>521.7</ele>
    <time>2026-06-03T17:44:45Z</time>
   </trkpt>
   <trkpt lat="69.6021880" lon="19.1069690">
    <ele>521.7</ele>
    <time>2026-06-03T17:44:46Z</time>
   </trkpt>
   <trkpt lat="69.6021880" lon="19.1069690">
    <ele>521.7</ele>
    <time>2026-06-03T17:44:47Z</time>
   </trkpt>
   <trkpt lat="69.6021880" lon="19.1069690">
    <ele>521.7</ele>
    <time>2026-06-03T17:44:48Z</time>
   </trkpt>
   <trkpt lat="69.6021880" lon="19.1069690">
    <ele>521.7</ele>
    <time>2026-06-03T17:44:49Z</time>
   </trkpt>
   <trkpt lat="69.6021880" lon="19.1069690">
    <ele>521.7</ele>
    <time>2026-06-03T17:44:50Z</time>
   </trkpt>
   <trkpt lat="69.6021880" lon="19.1069690">
    <ele>521.7</ele>
    <time>2026-06-03T17:44:51Z</time>
   </trkpt>
   <trkpt lat="69.6021880" lon="19.1069690">
    <ele>521.7</ele>
    <time>2026-06-03T17:44:52Z</time>
   </trkpt>
   <trkpt lat="69.6021880" lon="19.1069690">
    <ele>521.7</ele>
    <time>2026-06-03T17:44:53Z</time>
   </trkpt>
   <trkpt lat="69.6021880" lon="19.1069690">
    <ele>521.7</ele>
    <time>2026-06-03T17:44:54Z</time>
   </trkpt>
   <trkpt lat="69.6021880" lon="19.1069690">
    <ele>521.7</ele>
    <time>2026-06-03T17:44:55Z</time>
   </trkpt>
   <trkpt lat="69.6021880" lon="19.1069690">
    <ele>521.7</ele>
    <time>2026-06-03T17:44:56Z</time>
   </trkpt>
   <trkpt lat="69.6021880" lon="19.1069690">
    <ele>521.7</ele>
    <time>2026-06-03T17:44:57Z</time>
   </trkpt>
   <trkpt lat="69.6021880" lon="19.1069690">
    <ele>521.7</ele>
    <time>2026-06-03T17:44:58Z</time>
   </trkpt>
   <trkpt lat="69.6021880" lon="19.1069690">
    <ele>521.7</ele>
    <time>2026-06-03T17:44:59Z</time>
   </trkpt>
   <trkpt lat="69.6021880" lon="19.1069690">
    <ele>521.7</ele>
    <time>2026-06-03T17:45:00Z</time>
   </trkpt>
   <trkpt lat="69.6021880" lon="19.1069690">
    <ele>521.7</ele>
    <time>2026-06-03T17:45:01Z</time>
   </trkpt>
   <trkpt lat="69.6021880" lon="19.1069690">
    <ele>521.8</ele>
    <time>2026-06-03T17:45:02Z</time>
   </trkpt>
   <trkpt lat="69.6021880" lon="19.1069690">
    <ele>521.8</ele>
    <time>2026-06-03T17:45:03Z</time>
   </trkpt>
   <trkpt lat="69.6021880" lon="19.1069690">
    <ele>521.8</ele>
    <time>2026-06-03T17:45:04Z</time>
   </trkpt>
   <trkpt lat="69.6021880" lon="19.1069690">
    <ele>521.8</ele>
    <time>2026-06-03T17:45:05Z</time>
   </trkpt>
   <trkpt lat="69.6021880" lon="19.1069690">
    <ele>521.8</ele>
    <time>2026-06-03T17:45:06Z</time>
   </trkpt>
   <trkpt lat="69.6021880" lon="19.1069690">
    <ele>521.8</ele>
    <time>2026-06-03T17:45:07Z</time>
   </trkpt>
   <trkpt lat="69.6021880" lon="19.1069690">
    <ele>521.8</ele>
    <time>2026-06-03T17:45:08Z</time>
   </trkpt>
   <trkpt lat="69.6021880" lon="19.1069690">
    <ele>521.8</ele>
    <time>2026-06-03T17:45:09Z</time>
   </trkpt>
   <trkpt lat="69.6021880" lon="19.1069690">
    <ele>521.8</ele>
    <time>2026-06-03T17:45:10Z</time>
   </trkpt>
   <trkpt lat="69.6021880" lon="19.1069690">
    <ele>521.8</ele>
    <time>2026-06-03T17:45:11Z</time>
   </trkpt>
   <trkpt lat="69.6021880" lon="19.1069690">
    <ele>521.8</ele>
    <time>2026-06-03T17:45:12Z</time>
   </trkpt>
   <trkpt lat="69.6021880" lon="19.1069690">
    <ele>521.8</ele>
    <time>2026-06-03T17:45:13Z</time>
   </trkpt>
   <trkpt lat="69.6021880" lon="19.1069690">
    <ele>521.8</ele>
    <time>2026-06-03T17:45:14Z</time>
   </trkpt>
   <trkpt lat="69.6021880" lon="19.1069690">
    <ele>521.8</ele>
    <time>2026-06-03T17:45:15Z</time>
   </trkpt>
   <trkpt lat="69.6021880" lon="19.1069690">
    <ele>521.8</ele>
    <time>2026-06-03T17:45:16Z</time>
   </trkpt>
   <trkpt lat="69.6021880" lon="19.1069690">
    <ele>521.8</ele>
    <time>2026-06-03T17:45:17Z</time>
   </trkpt>
   <trkpt lat="69.6021880" lon="19.1069690">
    <ele>521.8</ele>
    <time>2026-06-03T17:45:18Z</time>
   </trkpt>
   <trkpt lat="69.6021880" lon="19.1069690">
    <ele>521.8</ele>
    <time>2026-06-03T17:45:19Z</time>
   </trkpt>
   <trkpt lat="69.6021880" lon="19.1069690">
    <ele>521.8</ele>
    <time>2026-06-03T17:45:20Z</time>
   </trkpt>
   <trkpt lat="69.6021880" lon="19.1069690">
    <ele>521.8</ele>
    <time>2026-06-03T17:45:21Z</time>
   </trkpt>
   <trkpt lat="69.6021880" lon="19.1069690">
    <ele>521.8</ele>
    <time>2026-06-03T17:45:22Z</time>
   </trkpt>
   <trkpt lat="69.6021880" lon="19.1069690">
    <ele>521.8</ele>
    <time>2026-06-03T17:45:23Z</time>
   </trkpt>
   <trkpt lat="69.6021880" lon="19.1069690">
    <ele>521.8</ele>
    <time>2026-06-03T17:45:24Z</time>
   </trkpt>
   <trkpt lat="69.6021880" lon="19.1069690">
    <ele>521.8</ele>
    <time>2026-06-03T17:45:25Z</time>
   </trkpt>
   <trkpt lat="69.6021880" lon="19.1069690">
    <ele>521.8</ele>
    <time>2026-06-03T17:45:26Z</time>
   </trkpt>
   <trkpt lat="69.6021880" lon="19.1069690">
    <ele>521.8</ele>
    <time>2026-06-03T17:45:27Z</time>
   </trkpt>
   <trkpt lat="69.6021880" lon="19.1069690">
    <ele>521.8</ele>
    <time>2026-06-03T17:45:28Z</time>
   </trkpt>
   <trkpt lat="69.6021880" lon="19.1069690">
    <ele>521.8</ele>
    <time>2026-06-03T17:45:29Z</time>
   </trkpt>
   <trkpt lat="69.6021880" lon="19.1069690">
    <ele>521.8</ele>
    <time>2026-06-03T17:45:30Z</time>
   </trkpt>
   <trkpt lat="69.6021880" lon="19.1069690">
    <ele>521.8</ele>
    <time>2026-06-03T17:45:31Z</time>
   </trkpt>
   <trkpt lat="69.6021880" lon="19.1069690">
    <ele>521.8</ele>
    <time>2026-06-03T17:45:32Z</time>
   </trkpt>
   <trkpt lat="69.6021880" lon="19.1069690">
    <ele>521.8</ele>
    <time>2026-06-03T17:45:33Z</time>
   </trkpt>
   <trkpt lat="69.6021880" lon="19.1069690">
    <ele>521.8</ele>
    <time>2026-06-03T17:45:34Z</time>
   </trkpt>
   <trkpt lat="69.6021880" lon="19.1069690">
    <ele>521.8</ele>
    <time>2026-06-03T17:45:35Z</time>
   </trkpt>
   <trkpt lat="69.6021880" lon="19.1069690">
    <ele>521.8</ele>
    <time>2026-06-03T17:45:36Z</time>
   </trkpt>
   <trkpt lat="69.6021880" lon="19.1069690">
    <ele>521.8</ele>
    <time>2026-06-03T17:45:37Z</time>
   </trkpt>
   <trkpt lat="69.6021880" lon="19.1069690">
    <ele>521.8</ele>
    <time>2026-06-03T17:45:38Z</time>
   </trkpt>
   <trkpt lat="69.6021880" lon="19.1069690">
    <ele>521.8</ele>
    <time>2026-06-03T17:45:39Z</time>
   </trkpt>
   <trkpt lat="69.6021880" lon="19.1069690">
    <ele>521.8</ele>
    <time>2026-06-03T17:45:40Z</time>
   </trkpt>
   <trkpt lat="69.6021880" lon="19.1069690">
    <ele>521.8</ele>
    <time>2026-06-03T17:45:41Z</time>
   </trkpt>
   <trkpt lat="69.6021880" lon="19.1069690">
    <ele>521.8</ele>
    <time>2026-06-03T17:45:42Z</time>
   </trkpt>
   <trkpt lat="69.6021880" lon="19.1069690">
    <ele>521.8</ele>
    <time>2026-06-03T17:45:43Z</time>
   </trkpt>
   <trkpt lat="69.6021880" lon="19.1069690">
    <ele>521.8</ele>
    <time>2026-06-03T17:45:44Z</time>
   </trkpt>
   <trkpt lat="69.6021880" lon="19.1069690">
    <ele>521.8</ele>
    <time>2026-06-03T17:45:45Z</time>
   </trkpt>
   <trkpt lat="69.6021880" lon="19.1069690">
    <ele>521.8</ele>
    <time>2026-06-03T17:45:46Z</time>
   </trkpt>
   <trkpt lat="69.6021880" lon="19.1069690">
    <ele>521.8</ele>
    <time>2026-06-03T17:45:47Z</time>
   </trkpt>
   <trkpt lat="69.6021880" lon="19.1069690">
    <ele>521.8</ele>
    <time>2026-06-03T17:45:48Z</time>
   </trkpt>
   <trkpt lat="69.6021880" lon="19.1069690">
    <ele>521.8</ele>
    <time>2026-06-03T17:45:49Z</time>
   </trkpt>
   <trkpt lat="69.6021880" lon="19.1069690">
    <ele>521.8</ele>
    <time>2026-06-03T17:45:50Z</time>
   </trkpt>
   <trkpt lat="69.6021880" lon="19.1069690">
    <ele>521.8</ele>
    <time>2026-06-03T17:45:51Z</time>
   </trkpt>
   <trkpt lat="69.6021880" lon="19.1069690">
    <ele>521.8</ele>
    <time>2026-06-03T17:45:52Z</time>
   </trkpt>
   <trkpt lat="69.6021880" lon="19.1069690">
    <ele>521.8</ele>
    <time>2026-06-03T17:45:53Z</time>
   </trkpt>
   <trkpt lat="69.6021880" lon="19.1069690">
    <ele>521.8</ele>
    <time>2026-06-03T17:45:54Z</time>
   </trkpt>
   <trkpt lat="69.6021880" lon="19.1069690">
    <ele>521.8</ele>
    <time>2026-06-03T17:45:55Z</time>
   </trkpt>
   <trkpt lat="69.6021880" lon="19.1069690">
    <ele>521.8</ele>
    <time>2026-06-03T17:45:56Z</time>
   </trkpt>
   <trkpt lat="69.6021880" lon="19.1069690">
    <ele>521.8</ele>
    <time>2026-06-03T17:45:57Z</time>
   </trkpt>
   <trkpt lat="69.6021880" lon="19.1069690">
    <ele>521.8</ele>
    <time>2026-06-03T17:45:58Z</time>
   </trkpt>
   <trkpt lat="69.6021880" lon="19.1069690">
    <ele>521.8</ele>
    <time>2026-06-03T17:45:59Z</time>
   </trkpt>
   <trkpt lat="69.6021880" lon="19.1069690">
    <ele>521.9</ele>
    <time>2026-06-03T17:46:00Z</time>
   </trkpt>
   <trkpt lat="69.6021880" lon="19.1069690">
    <ele>521.9</ele>
    <time>2026-06-03T17:46:01Z</time>
   </trkpt>
   <trkpt lat="69.6021880" lon="19.1069690">
    <ele>521.9</ele>
    <time>2026-06-03T17:46:02Z</time>
   </trkpt>
   <trkpt lat="69.6021880" lon="19.1069690">
    <ele>521.9</ele>
    <time>2026-06-03T17:46:03Z</time>
   </trkpt>
   <trkpt lat="69.6021880" lon="19.1069690">
    <ele>521.9</ele>
    <time>2026-06-03T17:46:04Z</time>
   </trkpt>
   <trkpt lat="69.6021880" lon="19.1069690">
    <ele>521.9</ele>
    <time>2026-06-03T17:46:05Z</time>
   </trkpt>
   <trkpt lat="69.6021880" lon="19.1069690">
    <ele>521.9</ele>
    <time>2026-06-03T17:46:06Z</time>
   </trkpt>
   <trkpt lat="69.6021880" lon="19.1069690">
    <ele>521.9</ele>
    <time>2026-06-03T17:46:07Z</time>
   </trkpt>
   <trkpt lat="69.6021880" lon="19.1069690">
    <ele>521.9</ele>
    <time>2026-06-03T17:46:08Z</time>
   </trkpt>
   <trkpt lat="69.6021880" lon="19.1069690">
    <ele>521.9</ele>
    <time>2026-06-03T17:46:09Z</time>
   </trkpt>
   <trkpt lat="69.6021880" lon="19.1069690">
    <ele>521.9</ele>
    <time>2026-06-03T17:46:10Z</time>
   </trkpt>
   <trkpt lat="69.6021880" lon="19.1069690">
    <ele>521.9</ele>
    <time>2026-06-03T17:46:11Z</time>
   </trkpt>
   <trkpt lat="69.6021880" lon="19.1069690">
    <ele>521.9</ele>
    <time>2026-06-03T17:46:12Z</time>
   </trkpt>
   <trkpt lat="69.6021880" lon="19.1069690">
    <ele>521.9</ele>
    <time>2026-06-03T17:46:13Z</time>
   </trkpt>
   <trkpt lat="69.6021880" lon="19.1069690">
    <ele>521.9</ele>
    <time>2026-06-03T17:46:14Z</time>
   </trkpt>
   <trkpt lat="69.6021880" lon="19.1069690">
    <ele>521.9</ele>
    <time>2026-06-03T17:46:15Z</time>
   </trkpt>
   <trkpt lat="69.6021880" lon="19.1069690">
    <ele>521.9</ele>
    <time>2026-06-03T17:46:16Z</time>
   </trkpt>
   <trkpt lat="69.6021880" lon="19.1069690">
    <ele>521.9</ele>
    <time>2026-06-03T17:46:17Z</time>
   </trkpt>
   <trkpt lat="69.6021880" lon="19.1069690">
    <ele>521.9</ele>
    <time>2026-06-03T17:46:18Z</time>
   </trkpt>
   <trkpt lat="69.6021880" lon="19.1069690">
    <ele>521.9</ele>
    <time>2026-06-03T17:46:19Z</time>
   </trkpt>
   <trkpt lat="69.6021880" lon="19.1069690">
    <ele>521.9</ele>
    <time>2026-06-03T17:46:20Z</time>
   </trkpt>
   <trkpt lat="69.6021880" lon="19.1069690">
    <ele>521.9</ele>
    <time>2026-06-03T17:46:21Z</time>
   </trkpt>
   <trkpt lat="69.6021880" lon="19.1069690">
    <ele>521.9</ele>
    <time>2026-06-03T17:46:22Z</time>
   </trkpt>
   <trkpt lat="69.6021880" lon="19.1069690">
    <ele>521.9</ele>
    <time>2026-06-03T17:46:23Z</time>
   </trkpt>
   <trkpt lat="69.6021880" lon="19.1069690">
    <ele>521.9</ele>
    <time>2026-06-03T17:46:24Z</time>
   </trkpt>
   <trkpt lat="69.6021880" lon="19.1069690">
    <ele>521.9</ele>
    <time>2026-06-03T17:46:25Z</time>
   </trkpt>
   <trkpt lat="69.6021880" lon="19.1069690">
    <ele>521.9</ele>
    <time>2026-06-03T17:46:26Z</time>
   </trkpt>
   <trkpt lat="69.6021880" lon="19.1069690">
    <ele>521.9</ele>
    <time>2026-06-03T17:46:27Z</time>
   </trkpt>
   <trkpt lat="69.6021880" lon="19.1069690">
    <ele>521.9</ele>
    <time>2026-06-03T17:46:28Z</time>
   </trkpt>
   <trkpt lat="69.6021880" lon="19.1069690">
    <ele>521.9</ele>
    <time>2026-06-03T17:46:29Z</time>
   </trkpt>
   <trkpt lat="69.6021880" lon="19.1069690">
    <ele>521.9</ele>
    <time>2026-06-03T17:46:30Z</time>
   </trkpt>
   <trkpt lat="69.6021880" lon="19.1069690">
    <ele>521.9</ele>
    <time>2026-06-03T17:46:31Z</time>
   </trkpt>
   <trkpt lat="69.6021880" lon="19.1069690">
    <ele>521.9</ele>
    <time>2026-06-03T17:46:32Z</time>
   </trkpt>
   <trkpt lat="69.6021880" lon="19.1069690">
    <ele>521.9</ele>
    <time>2026-06-03T17:46:33Z</time>
   </trkpt>
   <trkpt lat="69.6021880" lon="19.1069690">
    <ele>521.9</ele>
    <time>2026-06-03T17:46:34Z</time>
   </trkpt>
   <trkpt lat="69.6021880" lon="19.1069690">
    <ele>521.9</ele>
    <time>2026-06-03T17:46:35Z</time>
   </trkpt>
   <trkpt lat="69.6021880" lon="19.1069690">
    <ele>521.9</ele>
    <time>2026-06-03T17:46:36Z</time>
   </trkpt>
   <trkpt lat="69.6021880" lon="19.1069690">
    <ele>521.9</ele>
    <time>2026-06-03T17:46:37Z</time>
   </trkpt>
   <trkpt lat="69.6021880" lon="19.1069690">
    <ele>521.9</ele>
    <time>2026-06-03T17:46:38Z</time>
   </trkpt>
   <trkpt lat="69.6021880" lon="19.1069690">
    <ele>521.9</ele>
    <time>2026-06-03T17:46:39Z</time>
   </trkpt>
   <trkpt lat="69.6021880" lon="19.1069690">
    <ele>521.9</ele>
    <time>2026-06-03T17:46:40Z</time>
   </trkpt>
   <trkpt lat="69.6021880" lon="19.1069690">
    <ele>521.9</ele>
    <time>2026-06-03T17:46:41Z</time>
   </trkpt>
   <trkpt lat="69.6021880" lon="19.1069690">
    <ele>521.9</ele>
    <time>2026-06-03T17:46:42Z</time>
   </trkpt>
   <trkpt lat="69.6021880" lon="19.1069690">
    <ele>521.9</ele>
    <time>2026-06-03T17:46:43Z</time>
   </trkpt>
   <trkpt lat="69.6021880" lon="19.1069690">
    <ele>521.9</ele>
    <time>2026-06-03T17:46:44Z</time>
   </trkpt>
   <trkpt lat="69.6021880" lon="19.1069690">
    <ele>521.9</ele>
    <time>2026-06-03T17:46:45Z</time>
   </trkpt>
   <trkpt lat="69.6021880" lon="19.1069690">
    <ele>521.9</ele>
    <time>2026-06-03T17:46:46Z</time>
   </trkpt>
   <trkpt lat="69.6021880" lon="19.1069690">
    <ele>521.9</ele>
    <time>2026-06-03T17:46:47Z</time>
   </trkpt>
   <trkpt lat="69.6021880" lon="19.1069690">
    <ele>521.9</ele>
    <time>2026-06-03T17:46:48Z</time>
   </trkpt>
   <trkpt lat="69.6021880" lon="19.1069690">
    <ele>521.9</ele>
    <time>2026-06-03T17:46:49Z</time>
   </trkpt>
   <trkpt lat="69.6021880" lon="19.1069690">
    <ele>521.9</ele>
    <time>2026-06-03T17:46:50Z</time>
   </trkpt>
   <trkpt lat="69.6021880" lon="19.1069690">
    <ele>521.9</ele>
    <time>2026-06-03T17:46:51Z</time>
   </trkpt>
   <trkpt lat="69.6021880" lon="19.1069690">
    <ele>521.9</ele>
    <time>2026-06-03T17:46:52Z</time>
   </trkpt>
   <trkpt lat="69.6021880" lon="19.1069690">
    <ele>521.9</ele>
    <time>2026-06-03T17:46:53Z</time>
   </trkpt>
   <trkpt lat="69.6021880" lon="19.1069690">
    <ele>521.9</ele>
    <time>2026-06-03T17:46:54Z</time>
   </trkpt>
   <trkpt lat="69.6021880" lon="19.1069690">
    <ele>521.9</ele>
    <time>2026-06-03T17:46:55Z</time>
   </trkpt>
   <trkpt lat="69.6021880" lon="19.1069690">
    <ele>521.9</ele>
    <time>2026-06-03T17:46:56Z</time>
   </trkpt>
   <trkpt lat="69.6021880" lon="19.1069690">
    <ele>521.9</ele>
    <time>2026-06-03T17:46:57Z</time>
   </trkpt>
   <trkpt lat="69.6021880" lon="19.1069690">
    <ele>522.0</ele>
    <time>2026-06-03T17:46:58Z</time>
   </trkpt>
   <trkpt lat="69.6021880" lon="19.1069690">
    <ele>522.0</ele>
    <time>2026-06-03T17:46:59Z</time>
   </trkpt>
   <trkpt lat="69.6021880" lon="19.1069690">
    <ele>522.0</ele>
    <time>2026-06-03T17:47:00Z</time>
   </trkpt>
   <trkpt lat="69.6021880" lon="19.1069690">
    <ele>522.0</ele>
    <time>2026-06-03T17:47:01Z</time>
   </trkpt>
   <trkpt lat="69.6021880" lon="19.1069690">
    <ele>522.0</ele>
    <time>2026-06-03T17:47:02Z</time>
   </trkpt>
   <trkpt lat="69.6021880" lon="19.1069690">
    <ele>522.0</ele>
    <time>2026-06-03T17:47:03Z</time>
   </trkpt>
   <trkpt lat="69.6021880" lon="19.1069690">
    <ele>522.0</ele>
    <time>2026-06-03T17:47:04Z</time>
   </trkpt>
   <trkpt lat="69.6021880" lon="19.1069690">
    <ele>522.0</ele>
    <time>2026-06-03T17:47:05Z</time>
   </trkpt>
   <trkpt lat="69.6021880" lon="19.1069690">
    <ele>522.0</ele>
    <time>2026-06-03T17:47:06Z</time>
   </trkpt>
   <trkpt lat="69.6021880" lon="19.1069690">
    <ele>522.0</ele>
    <time>2026-06-03T17:47:07Z</time>
   </trkpt>
   <trkpt lat="69.6021880" lon="19.1069690">
    <ele>522.0</ele>
    <time>2026-06-03T17:47:08Z</time>
   </trkpt>
   <trkpt lat="69.6021880" lon="19.1069690">
    <ele>522.0</ele>
    <time>2026-06-03T17:47:09Z</time>
   </trkpt>
   <trkpt lat="69.6021880" lon="19.1069690">
    <ele>522.0</ele>
    <time>2026-06-03T17:47:10Z</time>
   </trkpt>
   <trkpt lat="69.6021880" lon="19.1069690">
    <ele>522.0</ele>
    <time>2026-06-03T17:47:11Z</time>
   </trkpt>
   <trkpt lat="69.6021880" lon="19.1069690">
    <ele>522.0</ele>
    <time>2026-06-03T17:47:12Z</time>
   </trkpt>
   <trkpt lat="69.6021880" lon="19.1069690">
    <ele>522.0</ele>
    <time>2026-06-03T17:47:13Z</time>
   </trkpt>
   <trkpt lat="69.6021880" lon="19.1069690">
    <ele>522.0</ele>
    <time>2026-06-03T17:47:14Z</time>
   </trkpt>
   <trkpt lat="69.6021880" lon="19.1069690">
    <ele>522.0</ele>
    <time>2026-06-03T17:47:15Z</time>
   </trkpt>
   <trkpt lat="69.6021880" lon="19.1069690">
    <ele>522.0</ele>
    <time>2026-06-03T17:47:16Z</time>
   </trkpt>
   <trkpt lat="69.6021880" lon="19.1069690">
    <ele>522.0</ele>
    <time>2026-06-03T17:47:17Z</time>
   </trkpt>
   <trkpt lat="69.6021880" lon="19.1069690">
    <ele>522.0</ele>
    <time>2026-06-03T17:47:18Z</time>
   </trkpt>
   <trkpt lat="69.6021880" lon="19.1069690">
    <ele>522.0</ele>
    <time>2026-06-03T17:47:19Z</time>
   </trkpt>
   <trkpt lat="69.6021880" lon="19.1069690">
    <ele>522.0</ele>
    <time>2026-06-03T17:47:20Z</time>
   </trkpt>
   <trkpt lat="69.6021880" lon="19.1069690">
    <ele>522.0</ele>
    <time>2026-06-03T17:47:21Z</time>
   </trkpt>
   <trkpt lat="69.6021880" lon="19.1069690">
    <ele>522.0</ele>
    <time>2026-06-03T17:47:22Z</time>
   </trkpt>
   <trkpt lat="69.6021880" lon="19.1069690">
    <ele>522.0</ele>
    <time>2026-06-03T17:47:23Z</time>
   </trkpt>
   <trkpt lat="69.6021880" lon="19.1069690">
    <ele>522.0</ele>
    <time>2026-06-03T17:47:24Z</time>
   </trkpt>
   <trkpt lat="69.6021880" lon="19.1069690">
    <ele>522.0</ele>
    <time>2026-06-03T17:47:25Z</time>
   </trkpt>
   <trkpt lat="69.6021880" lon="19.1069690">
    <ele>522.0</ele>
    <time>2026-06-03T17:47:26Z</time>
   </trkpt>
   <trkpt lat="69.6021880" lon="19.1069690">
    <ele>522.0</ele>
    <time>2026-06-03T17:47:27Z</time>
   </trkpt>
   <trkpt lat="69.6021880" lon="19.1069690">
    <ele>522.0</ele>
    <time>2026-06-03T17:47:28Z</time>
   </trkpt>
   <trkpt lat="69.6021880" lon="19.1069690">
    <ele>522.0</ele>
    <time>2026-06-03T17:47:29Z</time>
   </trkpt>
   <trkpt lat="69.6021880" lon="19.1069690">
    <ele>522.0</ele>
    <time>2026-06-03T17:47:30Z</time>
   </trkpt>
   <trkpt lat="69.6021880" lon="19.1069690">
    <ele>522.0</ele>
    <time>2026-06-03T17:47:31Z</time>
   </trkpt>
   <trkpt lat="69.6021880" lon="19.1069690">
    <ele>522.0</ele>
    <time>2026-06-03T17:47:32Z</time>
   </trkpt>
   <trkpt lat="69.6021880" lon="19.1069690">
    <ele>522.0</ele>
    <time>2026-06-03T17:47:33Z</time>
   </trkpt>
   <trkpt lat="69.6021880" lon="19.1069690">
    <ele>522.0</ele>
    <time>2026-06-03T17:47:34Z</time>
   </trkpt>
   <trkpt lat="69.6021880" lon="19.1069690">
    <ele>522.0</ele>
    <time>2026-06-03T17:47:35Z</time>
   </trkpt>
   <trkpt lat="69.6021880" lon="19.1069690">
    <ele>522.0</ele>
    <time>2026-06-03T17:47:36Z</time>
   </trkpt>
   <trkpt lat="69.6021880" lon="19.1069690">
    <ele>522.0</ele>
    <time>2026-06-03T17:47:37Z</time>
   </trkpt>
   <trkpt lat="69.6021880" lon="19.1069690">
    <ele>522.0</ele>
    <time>2026-06-03T17:47:38Z</time>
   </trkpt>
   <trkpt lat="69.6021880" lon="19.1069690">
    <ele>522.0</ele>
    <time>2026-06-03T17:47:39Z</time>
   </trkpt>
   <trkpt lat="69.6021880" lon="19.1069690">
    <ele>522.0</ele>
    <time>2026-06-03T17:47:40Z</time>
   </trkpt>
   <trkpt lat="69.6021880" lon="19.1069690">
    <ele>522.0</ele>
    <time>2026-06-03T17:47:41Z</time>
   </trkpt>
   <trkpt lat="69.6021880" lon="19.1069690">
    <ele>522.0</ele>
    <time>2026-06-03T17:47:42Z</time>
   </trkpt>
   <trkpt lat="69.6021880" lon="19.1069690">
    <ele>522.0</ele>
    <time>2026-06-03T17:47:43Z</time>
   </trkpt>
   <trkpt lat="69.6021880" lon="19.1069690">
    <ele>522.0</ele>
    <time>2026-06-03T17:47:44Z</time>
   </trkpt>
   <trkpt lat="69.6021880" lon="19.1069690">
    <ele>522.0</ele>
    <time>2026-06-03T17:47:45Z</time>
   </trkpt>
   <trkpt lat="69.6021880" lon="19.1069690">
    <ele>522.0</ele>
    <time>2026-06-03T17:47:46Z</time>
   </trkpt>
   <trkpt lat="69.6021880" lon="19.1069690">
    <ele>522.0</ele>
    <time>2026-06-03T17:47:47Z</time>
   </trkpt>
   <trkpt lat="69.6021880" lon="19.1069690">
    <ele>522.0</ele>
    <time>2026-06-03T17:47:48Z</time>
   </trkpt>
   <trkpt lat="69.6021880" lon="19.1069690">
    <ele>522.0</ele>
    <time>2026-06-03T17:47:49Z</time>
   </trkpt>
   <trkpt lat="69.6021880" lon="19.1069690">
    <ele>522.0</ele>
    <time>2026-06-03T17:47:50Z</time>
   </trkpt>
   <trkpt lat="69.6021880" lon="19.1069690">
    <ele>522.0</ele>
    <time>2026-06-03T17:47:51Z</time>
   </trkpt>
   <trkpt lat="69.6021880" lon="19.1069690">
    <ele>522.0</ele>
    <time>2026-06-03T17:47:52Z</time>
   </trkpt>
   <trkpt lat="69.6021880" lon="19.1069690">
    <ele>522.0</ele>
    <time>2026-06-03T17:47:53Z</time>
   </trkpt>
   <trkpt lat="69.6021880" lon="19.1069690">
    <ele>522.0</ele>
    <time>2026-06-03T17:47:54Z</time>
   </trkpt>
   <trkpt lat="69.6021880" lon="19.1069690">
    <ele>522.0</ele>
    <time>2026-06-03T17:47:55Z</time>
   </trkpt>
   <trkpt lat="69.6021880" lon="19.1069690">
    <ele>522.1</ele>
    <time>2026-06-03T17:47:56Z</time>
   </trkpt>
   <trkpt lat="69.6021880" lon="19.1069690">
    <ele>522.1</ele>
    <time>2026-06-03T17:47:57Z</time>
   </trkpt>
   <trkpt lat="69.6021880" lon="19.1069690">
    <ele>522.1</ele>
    <time>2026-06-03T17:47:58Z</time>
   </trkpt>
   <trkpt lat="69.6021880" lon="19.1069690">
    <ele>522.1</ele>
    <time>2026-06-03T17:47:59Z</time>
   </trkpt>
   <trkpt lat="69.6021880" lon="19.1069690">
    <ele>522.1</ele>
    <time>2026-06-03T17:48:00Z</time>
   </trkpt>
   <trkpt lat="69.6021880" lon="19.1069690">
    <ele>522.1</ele>
    <time>2026-06-03T17:48:01Z</time>
   </trkpt>
   <trkpt lat="69.6021880" lon="19.1069690">
    <ele>522.1</ele>
    <time>2026-06-03T17:48:02Z</time>
   </trkpt>
   <trkpt lat="69.6021880" lon="19.1069690">
    <ele>522.1</ele>
    <time>2026-06-03T17:48:03Z</time>
   </trkpt>
   <trkpt lat="69.6021880" lon="19.1069690">
    <ele>522.1</ele>
    <time>2026-06-03T17:48:04Z</time>
   </trkpt>
   <trkpt lat="69.6021880" lon="19.1069690">
    <ele>522.1</ele>
    <time>2026-06-03T17:48:05Z</time>
   </trkpt>
   <trkpt lat="69.6021880" lon="19.1069690">
    <ele>522.1</ele>
    <time>2026-06-03T17:48:06Z</time>
   </trkpt>
   <trkpt lat="69.6021880" lon="19.1069690">
    <ele>522.1</ele>
    <time>2026-06-03T17:48:07Z</time>
   </trkpt>
   <trkpt lat="69.6021880" lon="19.1069690">
    <ele>522.1</ele>
    <time>2026-06-03T17:48:08Z</time>
   </trkpt>
   <trkpt lat="69.6021880" lon="19.1069690">
    <ele>522.1</ele>
    <time>2026-06-03T17:48:09Z</time>
   </trkpt>
   <trkpt lat="69.6021880" lon="19.1069690">
    <ele>522.1</ele>
    <time>2026-06-03T17:48:10Z</time>
   </trkpt>
   <trkpt lat="69.6021880" lon="19.1069690">
    <ele>522.1</ele>
    <time>2026-06-03T17:48:11Z</time>
   </trkpt>
   <trkpt lat="69.6021880" lon="19.1069690">
    <ele>522.1</ele>
    <time>2026-06-03T17:48:12Z</time>
   </trkpt>
   <trkpt lat="69.6021880" lon="19.1069690">
    <ele>522.1</ele>
    <time>2026-06-03T17:48:13Z</time>
   </trkpt>
   <trkpt lat="69.6021880" lon="19.1069690">
    <ele>522.1</ele>
    <time>2026-06-03T17:48:14Z</time>
   </trkpt>
   <trkpt lat="69.6021880" lon="19.1069690">
    <ele>522.1</ele>
    <time>2026-06-03T17:48:15Z</time>
   </trkpt>
   <trkpt lat="69.6021880" lon="19.1069690">
    <ele>522.1</ele>
    <time>2026-06-03T17:48:16Z</time>
   </trkpt>
   <trkpt lat="69.6021880" lon="19.1069690">
    <ele>522.1</ele>
    <time>2026-06-03T17:48:17Z</time>
   </trkpt>
   <trkpt lat="69.6021880" lon="19.1069690">
    <ele>522.1</ele>
    <time>2026-06-03T17:48:18Z</time>
   </trkpt>
   <trkpt lat="69.6021880" lon="19.1069690">
    <ele>522.1</ele>
    <time>2026-06-03T17:48:19Z</time>
   </trkpt>
   <trkpt lat="69.6021880" lon="19.1069690">
    <ele>522.1</ele>
    <time>2026-06-03T17:48:20Z</time>
   </trkpt>
   <trkpt lat="69.6021880" lon="19.1069690">
    <ele>522.1</ele>
    <time>2026-06-03T17:48:21Z</time>
   </trkpt>
   <trkpt lat="69.6021880" lon="19.1069690">
    <ele>522.1</ele>
    <time>2026-06-03T17:48:22Z</time>
   </trkpt>
   <trkpt lat="69.6021880" lon="19.1069690">
    <ele>522.1</ele>
    <time>2026-06-03T17:48:23Z</time>
   </trkpt>
   <trkpt lat="69.6021880" lon="19.1069690">
    <ele>522.1</ele>
    <time>2026-06-03T17:48:24Z</time>
   </trkpt>
   <trkpt lat="69.6021880" lon="19.1069690">
    <ele>522.1</ele>
    <time>2026-06-03T17:48:25Z</time>
   </trkpt>
   <trkpt lat="69.6021880" lon="19.1069690">
    <ele>522.1</ele>
    <time>2026-06-03T17:48:26Z</time>
   </trkpt>
   <trkpt lat="69.6021880" lon="19.1069690">
    <ele>522.1</ele>
    <time>2026-06-03T17:48:27Z</time>
   </trkpt>
   <trkpt lat="69.6021880" lon="19.1069690">
    <ele>522.1</ele>
    <time>2026-06-03T17:48:28Z</time>
   </trkpt>
   <trkpt lat="69.6021880" lon="19.1069690">
    <ele>522.1</ele>
    <time>2026-06-03T17:48:29Z</time>
   </trkpt>
   <trkpt lat="69.6021880" lon="19.1069690">
    <ele>522.1</ele>
    <time>2026-06-03T17:48:30Z</time>
   </trkpt>
   <trkpt lat="69.6021880" lon="19.1069690">
    <ele>522.1</ele>
    <time>2026-06-03T17:48:31Z</time>
   </trkpt>
   <trkpt lat="69.6021880" lon="19.1069690">
    <ele>522.1</ele>
    <time>2026-06-03T17:48:32Z</time>
   </trkpt>
   <trkpt lat="69.6021880" lon="19.1069690">
    <ele>522.1</ele>
    <time>2026-06-03T17:48:33Z</time>
   </trkpt>
   <trkpt lat="69.6021880" lon="19.1069690">
    <ele>522.1</ele>
    <time>2026-06-03T17:48:34Z</time>
   </trkpt>
   <trkpt lat="69.6021880" lon="19.1069690">
    <ele>522.1</ele>
    <time>2026-06-03T17:48:35Z</time>
   </trkpt>
   <trkpt lat="69.6021880" lon="19.1069690">
    <ele>522.1</ele>
    <time>2026-06-03T17:48:36Z</time>
   </trkpt>
   <trkpt lat="69.6021880" lon="19.1069690">
    <ele>522.1</ele>
    <time>2026-06-03T17:48:37Z</time>
   </trkpt>
   <trkpt lat="69.6021880" lon="19.1069690">
    <ele>522.1</ele>
    <time>2026-06-03T17:48:38Z</time>
   </trkpt>
   <trkpt lat="69.6021880" lon="19.1069690">
    <ele>522.1</ele>
    <time>2026-06-03T17:48:39Z</time>
   </trkpt>
   <trkpt lat="69.6021880" lon="19.1069690">
    <ele>522.1</ele>
    <time>2026-06-03T17:48:40Z</time>
   </trkpt>
   <trkpt lat="69.6021880" lon="19.1069690">
    <ele>522.1</ele>
    <time>2026-06-03T17:48:41Z</time>
   </trkpt>
   <trkpt lat="69.6021880" lon="19.1069690">
    <ele>522.1</ele>
    <time>2026-06-03T17:48:42Z</time>
   </trkpt>
   <trkpt lat="69.6021880" lon="19.1069690">
    <ele>522.1</ele>
    <time>2026-06-03T17:48:43Z</time>
   </trkpt>
   <trkpt lat="69.6021880" lon="19.1069690">
    <ele>522.1</ele>
    <time>2026-06-03T17:48:44Z</time>
   </trkpt>
   <trkpt lat="69.6021880" lon="19.1069690">
    <ele>522.1</ele>
    <time>2026-06-03T17:48:45Z</time>
   </trkpt>
   <trkpt lat="69.6021880" lon="19.1069690">
    <ele>522.1</ele>
    <time>2026-06-03T17:48:46Z</time>
   </trkpt>
   <trkpt lat="69.6021880" lon="19.1069690">
    <ele>522.1</ele>
    <time>2026-06-03T17:48:47Z</time>
   </trkpt>
   <trkpt lat="69.6021880" lon="19.1069690">
    <ele>522.1</ele>
    <time>2026-06-03T17:48:48Z</time>
   </trkpt>
   <trkpt lat="69.6021880" lon="19.1069690">
    <ele>522.1</ele>
    <time>2026-06-03T17:48:49Z</time>
   </trkpt>
   <trkpt lat="69.6021880" lon="19.1069690">
    <ele>522.1</ele>
    <time>2026-06-03T17:48:50Z</time>
   </trkpt>
   <trkpt lat="69.6021880" lon="19.1069690">
    <ele>522.1</ele>
    <time>2026-06-03T17:48:51Z</time>
   </trkpt>
   <trkpt lat="69.6021880" lon="19.1069690">
    <ele>522.1</ele>
    <time>2026-06-03T17:48:52Z</time>
   </trkpt>
   <trkpt lat="69.6021880" lon="19.1069690">
    <ele>522.1</ele>
    <time>2026-06-03T17:48:53Z</time>
   </trkpt>
   <trkpt lat="69.6021880" lon="19.1069690">
    <ele>522.2</ele>
    <time>2026-06-03T17:48:54Z</time>
   </trkpt>
   <trkpt lat="69.6021880" lon="19.1069690">
    <ele>522.2</ele>
    <time>2026-06-03T17:48:55Z</time>
   </trkpt>
   <trkpt lat="69.6021880" lon="19.1069690">
    <ele>522.2</ele>
    <time>2026-06-03T17:48:56Z</time>
   </trkpt>
   <trkpt lat="69.6021880" lon="19.1069690">
    <ele>522.2</ele>
    <time>2026-06-03T17:48:57Z</time>
   </trkpt>
   <trkpt lat="69.6021880" lon="19.1069690">
    <ele>522.2</ele>
    <time>2026-06-03T17:48:58Z</time>
   </trkpt>
   <trkpt lat="69.6021880" lon="19.1069690">
    <ele>522.2</ele>
    <time>2026-06-03T17:48:59Z</time>
   </trkpt>
   <trkpt lat="69.6021880" lon="19.1069690">
    <ele>522.2</ele>
    <time>2026-06-03T17:49:00Z</time>
   </trkpt>
   <trkpt lat="69.6021880" lon="19.1069690">
    <ele>522.2</ele>
    <time>2026-06-03T17:49:01Z</time>
   </trkpt>
   <trkpt lat="69.6021880" lon="19.1069690">
    <ele>522.2</ele>
    <time>2026-06-03T17:49:02Z</time>
   </trkpt>
   <trkpt lat="69.6021880" lon="19.1069690">
    <ele>522.2</ele>
    <time>2026-06-03T17:49:03Z</time>
   </trkpt>
   <trkpt lat="69.6021880" lon="19.1069690">
    <ele>522.2</ele>
    <time>2026-06-03T17:49:04Z</time>
   </trkpt>
   <trkpt lat="69.6021880" lon="19.1069690">
    <ele>522.2</ele>
    <time>2026-06-03T17:49:05Z</time>
   </trkpt>
   <trkpt lat="69.6021880" lon="19.1069690">
    <ele>522.2</ele>
    <time>2026-06-03T17:49:06Z</time>
   </trkpt>
   <trkpt lat="69.6021880" lon="19.1069690">
    <ele>522.2</ele>
    <time>2026-06-03T17:49:07Z</time>
   </trkpt>
   <trkpt lat="69.6021880" lon="19.1069690">
    <ele>522.2</ele>
    <time>2026-06-03T17:49:08Z</time>
   </trkpt>
   <trkpt lat="69.6021880" lon="19.1069690">
    <ele>522.2</ele>
    <time>2026-06-03T17:49:09Z</time>
   </trkpt>
   <trkpt lat="69.6021880" lon="19.1069690">
    <ele>522.2</ele>
    <time>2026-06-03T17:49:10Z</time>
   </trkpt>
   <trkpt lat="69.6021880" lon="19.1069690">
    <ele>522.2</ele>
    <time>2026-06-03T17:49:11Z</time>
   </trkpt>
   <trkpt lat="69.6021880" lon="19.1069690">
    <ele>522.2</ele>
    <time>2026-06-03T17:49:12Z</time>
   </trkpt>
   <trkpt lat="69.6021880" lon="19.1069690">
    <ele>522.2</ele>
    <time>2026-06-03T17:49:13Z</time>
   </trkpt>
   <trkpt lat="69.6021880" lon="19.1069690">
    <ele>522.2</ele>
    <time>2026-06-03T17:49:14Z</time>
   </trkpt>
   <trkpt lat="69.6021880" lon="19.1069690">
    <ele>522.2</ele>
    <time>2026-06-03T17:49:15Z</time>
   </trkpt>
   <trkpt lat="69.6021880" lon="19.1069690">
    <ele>522.2</ele>
    <time>2026-06-03T17:49:16Z</time>
   </trkpt>
   <trkpt lat="69.6021880" lon="19.1069690">
    <ele>522.2</ele>
    <time>2026-06-03T17:49:17Z</time>
   </trkpt>
   <trkpt lat="69.6021880" lon="19.1069690">
    <ele>522.2</ele>
    <time>2026-06-03T17:49:18Z</time>
   </trkpt>
   <trkpt lat="69.6021880" lon="19.1069690">
    <ele>522.2</ele>
    <time>2026-06-03T17:49:19Z</time>
   </trkpt>
   <trkpt lat="69.6021880" lon="19.1069690">
    <ele>522.2</ele>
    <time>2026-06-03T17:49:20Z</time>
   </trkpt>
   <trkpt lat="69.6021880" lon="19.1069690">
    <ele>522.2</ele>
    <time>2026-06-03T17:49:21Z</time>
   </trkpt>
   <trkpt lat="69.6021880" lon="19.1069690">
    <ele>522.2</ele>
    <time>2026-06-03T17:49:22Z</time>
   </trkpt>
   <trkpt lat="69.6021880" lon="19.1069690">
    <ele>522.2</ele>
    <time>2026-06-03T17:49:23Z</time>
   </trkpt>
   <trkpt lat="69.6021880" lon="19.1069690">
    <ele>522.2</ele>
    <time>2026-06-03T17:49:24Z</time>
   </trkpt>
   <trkpt lat="69.6021880" lon="19.1069690">
    <ele>522.2</ele>
    <time>2026-06-03T17:49:25Z</time>
   </trkpt>
   <trkpt lat="69.6021880" lon="19.1069690">
    <ele>522.2</ele>
    <time>2026-06-03T17:49:26Z</time>
   </trkpt>
   <trkpt lat="69.6021880" lon="19.1069690">
    <ele>522.2</ele>
    <time>2026-06-03T17:49:27Z</time>
   </trkpt>
   <trkpt lat="69.6021880" lon="19.1069690">
    <ele>522.2</ele>
    <time>2026-06-03T17:49:28Z</time>
   </trkpt>
   <trkpt lat="69.6021880" lon="19.1069690">
    <ele>522.2</ele>
    <time>2026-06-03T17:49:29Z</time>
   </trkpt>
   <trkpt lat="69.6021880" lon="19.1069690">
    <ele>522.2</ele>
    <time>2026-06-03T17:49:30Z</time>
   </trkpt>
   <trkpt lat="69.6021880" lon="19.1069690">
    <ele>522.2</ele>
    <time>2026-06-03T17:49:31Z</time>
   </trkpt>
   <trkpt lat="69.6021880" lon="19.1069690">
    <ele>522.2</ele>
    <time>2026-06-03T17:49:32Z</time>
   </trkpt>
   <trkpt lat="69.6021880" lon="19.1069690">
    <ele>522.2</ele>
    <time>2026-06-03T17:49:33Z</time>
   </trkpt>
   <trkpt lat="69.6021880" lon="19.1069690">
    <ele>522.2</ele>
    <time>2026-06-03T17:49:34Z</time>
   </trkpt>
   <trkpt lat="69.6021880" lon="19.1069690">
    <ele>522.2</ele>
    <time>2026-06-03T17:49:35Z</time>
   </trkpt>
   <trkpt lat="69.6021880" lon="19.1069690">
    <ele>522.2</ele>
    <time>2026-06-03T17:49:36Z</time>
   </trkpt>
   <trkpt lat="69.6021880" lon="19.1069690">
    <ele>522.2</ele>
    <time>2026-06-03T17:49:37Z</time>
   </trkpt>
   <trkpt lat="69.6021880" lon="19.1069690">
    <ele>522.2</ele>
    <time>2026-06-03T17:49:38Z</time>
   </trkpt>
   <trkpt lat="69.6021880" lon="19.1069690">
    <ele>522.2</ele>
    <time>2026-06-03T17:49:39Z</time>
   </trkpt>
   <trkpt lat="69.6021880" lon="19.1069690">
    <ele>522.2</ele>
    <time>2026-06-03T17:49:40Z</time>
   </trkpt>
   <trkpt lat="69.6021880" lon="19.1069690">
    <ele>522.2</ele>
    <time>2026-06-03T17:49:41Z</time>
   </trkpt>
   <trkpt lat="69.6021880" lon="19.1069690">
    <ele>522.2</ele>
    <time>2026-06-03T17:49:42Z</time>
   </trkpt>
   <trkpt lat="69.6021880" lon="19.1069690">
    <ele>522.2</ele>
    <time>2026-06-03T17:49:43Z</time>
   </trkpt>
   <trkpt lat="69.6021880" lon="19.1069690">
    <ele>522.2</ele>
    <time>2026-06-03T17:49:44Z</time>
   </trkpt>
   <trkpt lat="69.6021880" lon="19.1069690">
    <ele>522.2</ele>
    <time>2026-06-03T17:49:45Z</time>
   </trkpt>
   <trkpt lat="69.6021880" lon="19.1069690">
    <ele>522.2</ele>
    <time>2026-06-03T17:49:46Z</time>
   </trkpt>
   <trkpt lat="69.6021880" lon="19.1069690">
    <ele>522.2</ele>
    <time>2026-06-03T17:49:47Z</time>
   </trkpt>
   <trkpt lat="69.6021880" lon="19.1069690">
    <ele>522.2</ele>
    <time>2026-06-03T17:49:48Z</time>
   </trkpt>
   <trkpt lat="69.6021880" lon="19.1069690">
    <ele>522.2</ele>
    <time>2026-06-03T17:49:49Z</time>
   </trkpt>
   <trkpt lat="69.6021880" lon="19.1069690">
    <ele>522.2</ele>
    <time>2026-06-03T17:49:50Z</time>
   </trkpt>
   <trkpt lat="69.6021880" lon="19.1069690">
    <ele>522.2</ele>
    <time>2026-06-03T17:49:51Z</time>
   </trkpt>
   <trkpt lat="69.6021880" lon="19.1069690">
    <ele>522.3</ele>
    <time>2026-06-03T17:49:52Z</time>
   </trkpt>
   <trkpt lat="69.6021880" lon="19.1069690">
    <ele>522.3</ele>
    <time>2026-06-03T17:49:53Z</time>
   </trkpt>
   <trkpt lat="69.6021880" lon="19.1069690">
    <ele>522.3</ele>
    <time>2026-06-03T17:49:54Z</time>
   </trkpt>
   <trkpt lat="69.6021880" lon="19.1069690">
    <ele>522.3</ele>
    <time>2026-06-03T17:49:55Z</time>
   </trkpt>
   <trkpt lat="69.6021880" lon="19.1069690">
    <ele>522.3</ele>
    <time>2026-06-03T17:49:56Z</time>
   </trkpt>
   <trkpt lat="69.6021880" lon="19.1069690">
    <ele>522.3</ele>
    <time>2026-06-03T17:49:57Z</time>
   </trkpt>
   <trkpt lat="69.6021880" lon="19.1069690">
    <ele>522.3</ele>
    <time>2026-06-03T17:49:58Z</time>
   </trkpt>
   <trkpt lat="69.6021880" lon="19.1069690">
    <ele>522.3</ele>
    <time>2026-06-03T17:49:59Z</time>
   </trkpt>
   <trkpt lat="69.6021880" lon="19.1069690">
    <ele>522.3</ele>
    <time>2026-06-03T17:50:00Z</time>
   </trkpt>
   <trkpt lat="69.6021880" lon="19.1069690">
    <ele>522.3</ele>
    <time>2026-06-03T17:50:01Z</time>
   </trkpt>
   <trkpt lat="69.6021880" lon="19.1069690">
    <ele>522.3</ele>
    <time>2026-06-03T17:50:02Z</time>
   </trkpt>
   <trkpt lat="69.6021880" lon="19.1069690">
    <ele>522.3</ele>
    <time>2026-06-03T17:50:03Z</time>
   </trkpt>
   <trkpt lat="69.6021880" lon="19.1069690">
    <ele>522.3</ele>
    <time>2026-06-03T17:50:04Z</time>
   </trkpt>
   <trkpt lat="69.6021880" lon="19.1069690">
    <ele>522.3</ele>
    <time>2026-06-03T17:50:05Z</time>
   </trkpt>
   <trkpt lat="69.6021880" lon="19.1069690">
    <ele>522.3</ele>
    <time>2026-06-03T17:50:06Z</time>
   </trkpt>
   <trkpt lat="69.6021880" lon="19.1069690">
    <ele>522.3</ele>
    <time>2026-06-03T17:50:07Z</time>
   </trkpt>
   <trkpt lat="69.6021880" lon="19.1069690">
    <ele>522.3</ele>
    <time>2026-06-03T17:50:08Z</time>
   </trkpt>
   <trkpt lat="69.6021880" lon="19.1069690">
    <ele>522.3</ele>
    <time>2026-06-03T17:50:09Z</time>
   </trkpt>
   <trkpt lat="69.6021880" lon="19.1069690">
    <ele>522.3</ele>
    <time>2026-06-03T17:50:10Z</time>
   </trkpt>
   <trkpt lat="69.6021880" lon="19.1069690">
    <ele>522.3</ele>
    <time>2026-06-03T17:50:11Z</time>
   </trkpt>
   <trkpt lat="69.6021880" lon="19.1069690">
    <ele>522.3</ele>
    <time>2026-06-03T17:50:12Z</time>
   </trkpt>
   <trkpt lat="69.6021880" lon="19.1069690">
    <ele>522.3</ele>
    <time>2026-06-03T17:50:13Z</time>
   </trkpt>
   <trkpt lat="69.6021880" lon="19.1069690">
    <ele>522.3</ele>
    <time>2026-06-03T17:50:14Z</time>
   </trkpt>
   <trkpt lat="69.6021880" lon="19.1069690">
    <ele>522.3</ele>
    <time>2026-06-03T17:50:15Z</time>
   </trkpt>
   <trkpt lat="69.6021880" lon="19.1069690">
    <ele>522.3</ele>
    <time>2026-06-03T17:50:16Z</time>
   </trkpt>
   <trkpt lat="69.6021880" lon="19.1069690">
    <ele>522.3</ele>
    <time>2026-06-03T17:50:17Z</time>
   </trkpt>
   <trkpt lat="69.6021880" lon="19.1069690">
    <ele>522.3</ele>
    <time>2026-06-03T17:50:18Z</time>
   </trkpt>
   <trkpt lat="69.6021880" lon="19.1069690">
    <ele>522.3</ele>
    <time>2026-06-03T17:50:19Z</time>
   </trkpt>
   <trkpt lat="69.6021880" lon="19.1069690">
    <ele>522.3</ele>
    <time>2026-06-03T17:50:20Z</time>
   </trkpt>
   <trkpt lat="69.6021880" lon="19.1069690">
    <ele>522.3</ele>
    <time>2026-06-03T17:50:21Z</time>
   </trkpt>
   <trkpt lat="69.6021880" lon="19.1069690">
    <ele>522.3</ele>
    <time>2026-06-03T17:50:22Z</time>
   </trkpt>
   <trkpt lat="69.6021880" lon="19.1069690">
    <ele>522.3</ele>
    <time>2026-06-03T17:50:23Z</time>
   </trkpt>
   <trkpt lat="69.6021880" lon="19.1069690">
    <ele>522.3</ele>
    <time>2026-06-03T17:50:24Z</time>
   </trkpt>
   <trkpt lat="69.6021880" lon="19.1069690">
    <ele>522.3</ele>
    <time>2026-06-03T17:50:25Z</time>
   </trkpt>
   <trkpt lat="69.6021880" lon="19.1069690">
    <ele>522.3</ele>
    <time>2026-06-03T17:50:26Z</time>
   </trkpt>
   <trkpt lat="69.6021880" lon="19.1069690">
    <ele>522.3</ele>
    <time>2026-06-03T17:50:27Z</time>
   </trkpt>
   <trkpt lat="69.6021880" lon="19.1069690">
    <ele>522.3</ele>
    <time>2026-06-03T17:50:28Z</time>
   </trkpt>
   <trkpt lat="69.6021880" lon="19.1069690">
    <ele>522.3</ele>
    <time>2026-06-03T17:50:29Z</time>
   </trkpt>
   <trkpt lat="69.6021880" lon="19.1069690">
    <ele>522.3</ele>
    <time>2026-06-03T17:50:30Z</time>
   </trkpt>
   <trkpt lat="69.6021880" lon="19.1069690">
    <ele>522.3</ele>
    <time>2026-06-03T17:50:31Z</time>
   </trkpt>
   <trkpt lat="69.6021880" lon="19.1069690">
    <ele>522.3</ele>
    <time>2026-06-03T17:50:32Z</time>
   </trkpt>
   <trkpt lat="69.6021880" lon="19.1069690">
    <ele>522.3</ele>
    <time>2026-06-03T17:50:33Z</time>
   </trkpt>
   <trkpt lat="69.6021880" lon="19.1069690">
    <ele>522.3</ele>
    <time>2026-06-03T17:50:34Z</time>
   </trkpt>
   <trkpt lat="69.6021880" lon="19.1069690">
    <ele>522.3</ele>
    <time>2026-06-03T17:50:35Z</time>
   </trkpt>
   <trkpt lat="69.6021880" lon="19.1069690">
    <ele>522.3</ele>
    <time>2026-06-03T17:50:36Z</time>
   </trkpt>
   <trkpt lat="69.6021880" lon="19.1069690">
    <ele>522.3</ele>
    <time>2026-06-03T17:50:37Z</time>
   </trkpt>
   <trkpt lat="69.6021880" lon="19.1069690">
    <ele>522.3</ele>
    <time>2026-06-03T17:50:38Z</time>
   </trkpt>
   <trkpt lat="69.6021880" lon="19.1069690">
    <ele>522.3</ele>
    <time>2026-06-03T17:50:39Z</time>
   </trkpt>
   <trkpt lat="69.6021880" lon="19.1069690">
    <ele>522.3</ele>
    <time>2026-06-03T17:50:40Z</time>
   </trkpt>
   <trkpt lat="69.6021880" lon="19.1069690">
    <ele>522.3</ele>
    <time>2026-06-03T17:50:41Z</time>
   </trkpt>
   <trkpt lat="69.6021880" lon="19.1069690">
    <ele>522.3</ele>
    <time>2026-06-03T17:50:42Z</time>
   </trkpt>
   <trkpt lat="69.6021880" lon="19.1069690">
    <ele>522.3</ele>
    <time>2026-06-03T17:50:43Z</time>
   </trkpt>
   <trkpt lat="69.6021810" lon="19.1070200">
    <ele>523.1</ele>
    <time>2026-06-03T17:50:44Z</time>
   </trkpt>
   <trkpt lat="69.6021810" lon="19.1070200">
    <ele>523.2</ele>
    <time>2026-06-03T17:50:45Z</time>
   </trkpt>
   <trkpt lat="69.6021810" lon="19.1070200">
    <ele>523.2</ele>
    <time>2026-06-03T17:50:46Z</time>
   </trkpt>
   <trkpt lat="69.6021810" lon="19.1070200">
    <ele>523.2</ele>
    <time>2026-06-03T17:50:47Z</time>
   </trkpt>
   <trkpt lat="69.6021810" lon="19.1070200">
    <ele>523.2</ele>
    <time>2026-06-03T17:50:48Z</time>
   </trkpt>
   <trkpt lat="69.6021810" lon="19.1070200">
    <ele>523.2</ele>
    <time>2026-06-03T17:50:49Z</time>
   </trkpt>
   <trkpt lat="69.6021810" lon="19.1070200">
    <ele>523.2</ele>
    <time>2026-06-03T17:50:50Z</time>
   </trkpt>
   <trkpt lat="69.6021810" lon="19.1070200">
    <ele>523.2</ele>
    <time>2026-06-03T17:50:51Z</time>
   </trkpt>
   <trkpt lat="69.6021810" lon="19.1070200">
    <ele>523.2</ele>
    <time>2026-06-03T17:50:52Z</time>
   </trkpt>
   <trkpt lat="69.6021810" lon="19.1070200">
    <ele>523.2</ele>
    <time>2026-06-03T17:50:53Z</time>
   </trkpt>
   <trkpt lat="69.6021810" lon="19.1070200">
    <ele>523.2</ele>
    <time>2026-06-03T17:50:54Z</time>
   </trkpt>
   <trkpt lat="69.6021810" lon="19.1070200">
    <ele>523.2</ele>
    <time>2026-06-03T17:50:55Z</time>
   </trkpt>
   <trkpt lat="69.6021810" lon="19.1070200">
    <ele>523.2</ele>
    <time>2026-06-03T17:50:56Z</time>
   </trkpt>
   <trkpt lat="69.6021810" lon="19.1070200">
    <ele>523.2</ele>
    <time>2026-06-03T17:50:57Z</time>
   </trkpt>
   <trkpt lat="69.6021810" lon="19.1070200">
    <ele>523.2</ele>
    <time>2026-06-03T17:50:58Z</time>
   </trkpt>
   <trkpt lat="69.6021810" lon="19.1070200">
    <ele>523.2</ele>
    <time>2026-06-03T17:50:59Z</time>
   </trkpt>
   <trkpt lat="69.6021810" lon="19.1070200">
    <ele>523.2</ele>
    <time>2026-06-03T17:51:00Z</time>
   </trkpt>
   <trkpt lat="69.6021810" lon="19.1070200">
    <ele>523.2</ele>
    <time>2026-06-03T17:51:01Z</time>
   </trkpt>
   <trkpt lat="69.6021810" lon="19.1070200">
    <ele>523.2</ele>
    <time>2026-06-03T17:51:02Z</time>
   </trkpt>
   <trkpt lat="69.6021810" lon="19.1070200">
    <ele>523.2</ele>
    <time>2026-06-03T17:51:03Z</time>
   </trkpt>
   <trkpt lat="69.6021810" lon="19.1070200">
    <ele>523.2</ele>
    <time>2026-06-03T17:51:04Z</time>
   </trkpt>
   <trkpt lat="69.6021810" lon="19.1070200">
    <ele>523.2</ele>
    <time>2026-06-03T17:51:05Z</time>
   </trkpt>
   <trkpt lat="69.6021810" lon="19.1070200">
    <ele>523.2</ele>
    <time>2026-06-03T17:51:06Z</time>
   </trkpt>
   <trkpt lat="69.6021810" lon="19.1070200">
    <ele>523.2</ele>
    <time>2026-06-03T17:51:07Z</time>
   </trkpt>
   <trkpt lat="69.6021810" lon="19.1070200">
    <ele>523.2</ele>
    <time>2026-06-03T17:51:08Z</time>
   </trkpt>
   <trkpt lat="69.6021810" lon="19.1070200">
    <ele>523.2</ele>
    <time>2026-06-03T17:51:09Z</time>
   </trkpt>
   <trkpt lat="69.6021810" lon="19.1070200">
    <ele>523.2</ele>
    <time>2026-06-03T17:51:10Z</time>
   </trkpt>
   <trkpt lat="69.6021810" lon="19.1070200">
    <ele>523.2</ele>
    <time>2026-06-03T17:51:11Z</time>
   </trkpt>
   <trkpt lat="69.6021810" lon="19.1070200">
    <ele>523.2</ele>
    <time>2026-06-03T17:51:12Z</time>
   </trkpt>
   <trkpt lat="69.6021810" lon="19.1070200">
    <ele>523.2</ele>
    <time>2026-06-03T17:51:13Z</time>
   </trkpt>
   <trkpt lat="69.6021810" lon="19.1070200">
    <ele>523.2</ele>
    <time>2026-06-03T17:51:14Z</time>
   </trkpt>
   <trkpt lat="69.6021810" lon="19.1070200">
    <ele>523.2</ele>
    <time>2026-06-03T17:51:15Z</time>
   </trkpt>
   <trkpt lat="69.6021810" lon="19.1070200">
    <ele>523.2</ele>
    <time>2026-06-03T17:51:16Z</time>
   </trkpt>
   <trkpt lat="69.6021810" lon="19.1070200">
    <ele>523.2</ele>
    <time>2026-06-03T17:51:17Z</time>
   </trkpt>
   <trkpt lat="69.6021810" lon="19.1070200">
    <ele>523.2</ele>
    <time>2026-06-03T17:51:18Z</time>
   </trkpt>
   <trkpt lat="69.6021810" lon="19.1070200">
    <ele>523.2</ele>
    <time>2026-06-03T17:51:19Z</time>
   </trkpt>
   <trkpt lat="69.6021810" lon="19.1070200">
    <ele>523.2</ele>
    <time>2026-06-03T17:51:20Z</time>
   </trkpt>
   <trkpt lat="69.6021810" lon="19.1070200">
    <ele>523.2</ele>
    <time>2026-06-03T17:51:21Z</time>
   </trkpt>
   <trkpt lat="69.6021810" lon="19.1070200">
    <ele>523.2</ele>
    <time>2026-06-03T17:51:22Z</time>
   </trkpt>
   <trkpt lat="69.6021810" lon="19.1070200">
    <ele>523.2</ele>
    <time>2026-06-03T17:51:23Z</time>
   </trkpt>
   <trkpt lat="69.6021810" lon="19.1070200">
    <ele>523.2</ele>
    <time>2026-06-03T17:51:24Z</time>
   </trkpt>
   <trkpt lat="69.6021810" lon="19.1070200">
    <ele>523.2</ele>
    <time>2026-06-03T17:51:25Z</time>
   </trkpt>
   <trkpt lat="69.6021810" lon="19.1070200">
    <ele>523.2</ele>
    <time>2026-06-03T17:51:26Z</time>
   </trkpt>
   <trkpt lat="69.6021810" lon="19.1070200">
    <ele>523.2</ele>
    <time>2026-06-03T17:51:27Z</time>
   </trkpt>
   <trkpt lat="69.6021810" lon="19.1070200">
    <ele>523.2</ele>
    <time>2026-06-03T17:51:28Z</time>
   </trkpt>
   <trkpt lat="69.6021810" lon="19.1070200">
    <ele>523.2</ele>
    <time>2026-06-03T17:51:29Z</time>
   </trkpt>
   <trkpt lat="69.6021810" lon="19.1070200">
    <ele>523.2</ele>
    <time>2026-06-03T17:51:30Z</time>
   </trkpt>
   <trkpt lat="69.6021810" lon="19.1070200">
    <ele>523.2</ele>
    <time>2026-06-03T17:51:31Z</time>
   </trkpt>
   <trkpt lat="69.6021810" lon="19.1070200">
    <ele>523.2</ele>
    <time>2026-06-03T17:51:32Z</time>
   </trkpt>
   <trkpt lat="69.6021810" lon="19.1070200">
    <ele>523.2</ele>
    <time>2026-06-03T17:51:33Z</time>
   </trkpt>
   <trkpt lat="69.6021810" lon="19.1070200">
    <ele>523.2</ele>
    <time>2026-06-03T17:51:34Z</time>
   </trkpt>
   <trkpt lat="69.6021810" lon="19.1070200">
    <ele>523.2</ele>
    <time>2026-06-03T17:51:35Z</time>
   </trkpt>
   <trkpt lat="69.6021810" lon="19.1070200">
    <ele>523.2</ele>
    <time>2026-06-03T17:51:36Z</time>
   </trkpt>
   <trkpt lat="69.6021810" lon="19.1070200">
    <ele>523.2</ele>
    <time>2026-06-03T17:51:37Z</time>
   </trkpt>
   <trkpt lat="69.6021810" lon="19.1070200">
    <ele>523.2</ele>
    <time>2026-06-03T17:51:38Z</time>
   </trkpt>
   <trkpt lat="69.6021810" lon="19.1070200">
    <ele>523.2</ele>
    <time>2026-06-03T17:51:39Z</time>
   </trkpt>
   <trkpt lat="69.6021810" lon="19.1070200">
    <ele>523.2</ele>
    <time>2026-06-03T17:51:40Z</time>
   </trkpt>
   <trkpt lat="69.6021810" lon="19.1070200">
    <ele>523.2</ele>
    <time>2026-06-03T17:51:41Z</time>
   </trkpt>
   <trkpt lat="69.6021810" lon="19.1070200">
    <ele>523.2</ele>
    <time>2026-06-03T17:51:42Z</time>
   </trkpt>
   <trkpt lat="69.6021810" lon="19.1070200">
    <ele>523.3</ele>
    <time>2026-06-03T17:51:43Z</time>
   </trkpt>
   <trkpt lat="69.6021810" lon="19.1070200">
    <ele>523.3</ele>
    <time>2026-06-03T17:51:44Z</time>
   </trkpt>
   <trkpt lat="69.6021810" lon="19.1070200">
    <ele>523.3</ele>
    <time>2026-06-03T17:51:45Z</time>
   </trkpt>
   <trkpt lat="69.6021810" lon="19.1070200">
    <ele>523.3</ele>
    <time>2026-06-03T17:51:46Z</time>
   </trkpt>
   <trkpt lat="69.6021810" lon="19.1070200">
    <ele>523.3</ele>
    <time>2026-06-03T17:51:47Z</time>
   </trkpt>
   <trkpt lat="69.6021810" lon="19.1070200">
    <ele>523.3</ele>
    <time>2026-06-03T17:51:48Z</time>
   </trkpt>
   <trkpt lat="69.6021810" lon="19.1070200">
    <ele>523.3</ele>
    <time>2026-06-03T17:51:49Z</time>
   </trkpt>
   <trkpt lat="69.6021810" lon="19.1070200">
    <ele>523.3</ele>
    <time>2026-06-03T17:51:50Z</time>
   </trkpt>
   <trkpt lat="69.6021810" lon="19.1070200">
    <ele>523.3</ele>
    <time>2026-06-03T17:51:51Z</time>
   </trkpt>
   <trkpt lat="69.6021810" lon="19.1070200">
    <ele>523.3</ele>
    <time>2026-06-03T17:51:52Z</time>
   </trkpt>
   <trkpt lat="69.6021810" lon="19.1070200">
    <ele>523.3</ele>
    <time>2026-06-03T17:51:53Z</time>
   </trkpt>
   <trkpt lat="69.6021810" lon="19.1070200">
    <ele>523.3</ele>
    <time>2026-06-03T17:51:54Z</time>
   </trkpt>
   <trkpt lat="69.6021810" lon="19.1070200">
    <ele>523.3</ele>
    <time>2026-06-03T17:51:55Z</time>
   </trkpt>
   <trkpt lat="69.6021810" lon="19.1070200">
    <ele>523.3</ele>
    <time>2026-06-03T17:51:56Z</time>
   </trkpt>
   <trkpt lat="69.6021810" lon="19.1070200">
    <ele>523.3</ele>
    <time>2026-06-03T17:51:57Z</time>
   </trkpt>
   <trkpt lat="69.6021810" lon="19.1070200">
    <ele>523.3</ele>
    <time>2026-06-03T17:51:58Z</time>
   </trkpt>
   <trkpt lat="69.6021810" lon="19.1070200">
    <ele>523.3</ele>
    <time>2026-06-03T17:51:59Z</time>
   </trkpt>
   <trkpt lat="69.6021810" lon="19.1070200">
    <ele>523.3</ele>
    <time>2026-06-03T17:52:00Z</time>
   </trkpt>
   <trkpt lat="69.6021810" lon="19.1070200">
    <ele>523.3</ele>
    <time>2026-06-03T17:52:01Z</time>
   </trkpt>
   <trkpt lat="69.6021810" lon="19.1070200">
    <ele>523.3</ele>
    <time>2026-06-03T17:52:02Z</time>
   </trkpt>
   <trkpt lat="69.6021810" lon="19.1070200">
    <ele>523.3</ele>
    <time>2026-06-03T17:52:03Z</time>
   </trkpt>
   <trkpt lat="69.6021810" lon="19.1070200">
    <ele>523.3</ele>
    <time>2026-06-03T17:52:04Z</time>
   </trkpt>
   <trkpt lat="69.6021810" lon="19.1070200">
    <ele>523.3</ele>
    <time>2026-06-03T17:52:05Z</time>
   </trkpt>
   <trkpt lat="69.6021810" lon="19.1070200">
    <ele>523.3</ele>
    <time>2026-06-03T17:52:06Z</time>
   </trkpt>
   <trkpt lat="69.6021810" lon="19.1070200">
    <ele>523.3</ele>
    <time>2026-06-03T17:52:07Z</time>
   </trkpt>
   <trkpt lat="69.6021810" lon="19.1070200">
    <ele>523.3</ele>
    <time>2026-06-03T17:52:08Z</time>
   </trkpt>
   <trkpt lat="69.6021810" lon="19.1070200">
    <ele>523.3</ele>
    <time>2026-06-03T17:52:09Z</time>
   </trkpt>
   <trkpt lat="69.6021810" lon="19.1070200">
    <ele>523.3</ele>
    <time>2026-06-03T17:52:10Z</time>
   </trkpt>
   <trkpt lat="69.6021810" lon="19.1070200">
    <ele>523.3</ele>
    <time>2026-06-03T17:52:11Z</time>
   </trkpt>
   <trkpt lat="69.6021810" lon="19.1070200">
    <ele>523.3</ele>
    <time>2026-06-03T17:52:12Z</time>
   </trkpt>
   <trkpt lat="69.6021810" lon="19.1070200">
    <ele>523.3</ele>
    <time>2026-06-03T17:52:13Z</time>
   </trkpt>
   <trkpt lat="69.6021810" lon="19.1070200">
    <ele>523.3</ele>
    <time>2026-06-03T17:52:14Z</time>
   </trkpt>
   <trkpt lat="69.6021810" lon="19.1070200">
    <ele>523.3</ele>
    <time>2026-06-03T17:52:15Z</time>
   </trkpt>
   <trkpt lat="69.6021810" lon="19.1070200">
    <ele>523.3</ele>
    <time>2026-06-03T17:52:16Z</time>
   </trkpt>
   <trkpt lat="69.6021810" lon="19.1070200">
    <ele>523.3</ele>
    <time>2026-06-03T17:52:17Z</time>
   </trkpt>
   <trkpt lat="69.6021810" lon="19.1070200">
    <ele>523.3</ele>
    <time>2026-06-03T17:52:18Z</time>
   </trkpt>
   <trkpt lat="69.6021810" lon="19.1070200">
    <ele>523.3</ele>
    <time>2026-06-03T17:52:19Z</time>
   </trkpt>
   <trkpt lat="69.6021810" lon="19.1070200">
    <ele>523.3</ele>
    <time>2026-06-03T17:52:20Z</time>
   </trkpt>
   <trkpt lat="69.6021810" lon="19.1070200">
    <ele>523.3</ele>
    <time>2026-06-03T17:52:21Z</time>
   </trkpt>
   <trkpt lat="69.6021810" lon="19.1070200">
    <ele>523.3</ele>
    <time>2026-06-03T17:52:22Z</time>
   </trkpt>
   <trkpt lat="69.6021810" lon="19.1070200">
    <ele>523.3</ele>
    <time>2026-06-03T17:52:23Z</time>
   </trkpt>
   <trkpt lat="69.6021810" lon="19.1070200">
    <ele>523.3</ele>
    <time>2026-06-03T17:52:24Z</time>
   </trkpt>
   <trkpt lat="69.6021810" lon="19.1070200">
    <ele>523.3</ele>
    <time>2026-06-03T17:52:25Z</time>
   </trkpt>
   <trkpt lat="69.6021870" lon="19.1069680">
    <ele>522.5</ele>
    <time>2026-06-03T17:52:26Z</time>
   </trkpt>
   <trkpt lat="69.6021870" lon="19.1069680">
    <ele>522.5</ele>
    <time>2026-06-03T17:52:27Z</time>
   </trkpt>
   <trkpt lat="69.6021870" lon="19.1069680">
    <ele>522.5</ele>
    <time>2026-06-03T17:52:28Z</time>
   </trkpt>
   <trkpt lat="69.6021870" lon="19.1069680">
    <ele>522.5</ele>
    <time>2026-06-03T17:52:29Z</time>
   </trkpt>
   <trkpt lat="69.6021870" lon="19.1069680">
    <ele>522.5</ele>
    <time>2026-06-03T17:52:30Z</time>
   </trkpt>
   <trkpt lat="69.6021870" lon="19.1069680">
    <ele>522.5</ele>
    <time>2026-06-03T17:52:31Z</time>
   </trkpt>
   <trkpt lat="69.6021870" lon="19.1069680">
    <ele>522.5</ele>
    <time>2026-06-03T17:52:32Z</time>
   </trkpt>
   <trkpt lat="69.6021870" lon="19.1069680">
    <ele>522.5</ele>
    <time>2026-06-03T17:52:33Z</time>
   </trkpt>
   <trkpt lat="69.6021870" lon="19.1069680">
    <ele>522.5</ele>
    <time>2026-06-03T17:52:34Z</time>
   </trkpt>
   <trkpt lat="69.6021870" lon="19.1069680">
    <ele>522.5</ele>
    <time>2026-06-03T17:52:35Z</time>
   </trkpt>
   <trkpt lat="69.6021870" lon="19.1069680">
    <ele>522.5</ele>
    <time>2026-06-03T17:52:36Z</time>
   </trkpt>
   <trkpt lat="69.6021870" lon="19.1069680">
    <ele>522.5</ele>
    <time>2026-06-03T17:52:37Z</time>
   </trkpt>
   <trkpt lat="69.6021870" lon="19.1069680">
    <ele>522.5</ele>
    <time>2026-06-03T17:52:38Z</time>
   </trkpt>
   <trkpt lat="69.6021870" lon="19.1069680">
    <ele>522.5</ele>
    <time>2026-06-03T17:52:39Z</time>
   </trkpt>
   <trkpt lat="69.6021870" lon="19.1069680">
    <ele>522.5</ele>
    <time>2026-06-03T17:52:40Z</time>
   </trkpt>
   <trkpt lat="69.6021870" lon="19.1069680">
    <ele>522.5</ele>
    <time>2026-06-03T17:52:41Z</time>
   </trkpt>
   <trkpt lat="69.6021870" lon="19.1069680">
    <ele>522.5</ele>
    <time>2026-06-03T17:52:42Z</time>
   </trkpt>
   <trkpt lat="69.6021870" lon="19.1069680">
    <ele>522.5</ele>
    <time>2026-06-03T17:52:43Z</time>
   </trkpt>
   <trkpt lat="69.6021870" lon="19.1069680">
    <ele>522.5</ele>
    <time>2026-06-03T17:52:44Z</time>
   </trkpt>
   <trkpt lat="69.6021870" lon="19.1069680">
    <ele>522.5</ele>
    <time>2026-06-03T17:52:45Z</time>
   </trkpt>
   <trkpt lat="69.6021870" lon="19.1069680">
    <ele>522.6</ele>
    <time>2026-06-03T17:52:46Z</time>
   </trkpt>
   <trkpt lat="69.6021870" lon="19.1069680">
    <ele>522.6</ele>
    <time>2026-06-03T17:52:47Z</time>
   </trkpt>
   <trkpt lat="69.6021870" lon="19.1069680">
    <ele>522.6</ele>
    <time>2026-06-03T17:52:48Z</time>
   </trkpt>
   <trkpt lat="69.6021870" lon="19.1069680">
    <ele>522.6</ele>
    <time>2026-06-03T17:52:49Z</time>
   </trkpt>
   <trkpt lat="69.6021870" lon="19.1069680">
    <ele>522.6</ele>
    <time>2026-06-03T17:52:50Z</time>
   </trkpt>
   <trkpt lat="69.6021870" lon="19.1069680">
    <ele>522.6</ele>
    <time>2026-06-03T17:52:51Z</time>
   </trkpt>
   <trkpt lat="69.6021870" lon="19.1069680">
    <ele>522.6</ele>
    <time>2026-06-03T17:52:52Z</time>
   </trkpt>
   <trkpt lat="69.6021870" lon="19.1069680">
    <ele>522.6</ele>
    <time>2026-06-03T17:52:53Z</time>
   </trkpt>
   <trkpt lat="69.6021870" lon="19.1069680">
    <ele>522.6</ele>
    <time>2026-06-03T17:52:54Z</time>
   </trkpt>
   <trkpt lat="69.6021870" lon="19.1069680">
    <ele>522.6</ele>
    <time>2026-06-03T17:52:55Z</time>
   </trkpt>
   <trkpt lat="69.6021870" lon="19.1069680">
    <ele>522.6</ele>
    <time>2026-06-03T17:52:56Z</time>
   </trkpt>
   <trkpt lat="69.6021800" lon="19.1070350">
    <ele>524.2</ele>
    <time>2026-06-03T17:52:57Z</time>
   </trkpt>
   <trkpt lat="69.6021800" lon="19.1070350">
    <ele>524.2</ele>
    <time>2026-06-03T17:52:58Z</time>
   </trkpt>
   <trkpt lat="69.6021800" lon="19.1070350">
    <ele>524.2</ele>
    <time>2026-06-03T17:52:59Z</time>
   </trkpt>
   <trkpt lat="69.6021680" lon="19.1071040">
    <ele>525.2</ele>
    <time>2026-06-03T17:53:00Z</time>
   </trkpt>
   <trkpt lat="69.6021680" lon="19.1071040">
    <ele>525.2</ele>
    <time>2026-06-03T17:53:01Z</time>
   </trkpt>
   <trkpt lat="69.6021570" lon="19.1071510">
    <ele>526.2</ele>
    <time>2026-06-03T17:53:02Z</time>
   </trkpt>
   <trkpt lat="69.6021570" lon="19.1071510">
    <ele>526.2</ele>
    <time>2026-06-03T17:53:03Z</time>
   </trkpt>
   <trkpt lat="69.6021570" lon="19.1071510">
    <ele>526.2</ele>
    <time>2026-06-03T17:53:04Z</time>
   </trkpt>
   <trkpt lat="69.6021420" lon="19.1072170">
    <ele>527.8</ele>
    <time>2026-06-03T17:53:05Z</time>
   </trkpt>
   <trkpt lat="69.6021420" lon="19.1072170">
    <ele>527.8</ele>
    <time>2026-06-03T17:53:06Z</time>
   </trkpt>
   <trkpt lat="69.6021310" lon="19.1072600">
    <ele>528.5</ele>
    <time>2026-06-03T17:53:07Z</time>
   </trkpt>
   <trkpt lat="69.6021310" lon="19.1072600">
    <ele>528.5</ele>
    <time>2026-06-03T17:53:08Z</time>
   </trkpt>
   <trkpt lat="69.6021180" lon="19.1073070">
    <ele>529.2</ele>
    <time>2026-06-03T17:53:09Z</time>
   </trkpt>
   <trkpt lat="69.6021180" lon="19.1073070">
    <ele>529.2</ele>
    <time>2026-06-03T17:53:10Z</time>
   </trkpt>
   <trkpt lat="69.6021180" lon="19.1073070">
    <ele>529.2</ele>
    <time>2026-06-03T17:53:11Z</time>
   </trkpt>
   <trkpt lat="69.6021000" lon="19.1073680">
    <ele>529.8</ele>
    <time>2026-06-03T17:53:12Z</time>
   </trkpt>
   <trkpt lat="69.6021000" lon="19.1073680">
    <ele>529.8</ele>
    <time>2026-06-03T17:53:13Z</time>
   </trkpt>
   <trkpt lat="69.6021000" lon="19.1073680">
    <ele>529.8</ele>
    <time>2026-06-03T17:53:14Z</time>
   </trkpt>
   <trkpt lat="69.6020830" lon="19.1074250">
    <ele>530.8</ele>
    <time>2026-06-03T17:53:15Z</time>
   </trkpt>
   <trkpt lat="69.6020830" lon="19.1074250">
    <ele>530.8</ele>
    <time>2026-06-03T17:53:16Z</time>
   </trkpt>
   <trkpt lat="69.6020710" lon="19.1074750">
    <ele>531.5</ele>
    <time>2026-06-03T17:53:17Z</time>
   </trkpt>
   <trkpt lat="69.6020710" lon="19.1074750">
    <ele>531.5</ele>
    <time>2026-06-03T17:53:18Z</time>
   </trkpt>
   <trkpt lat="69.6020710" lon="19.1074750">
    <ele>531.5</ele>
    <time>2026-06-03T17:53:19Z</time>
   </trkpt>
   <trkpt lat="69.6020710" lon="19.1074750">
    <ele>531.5</ele>
    <time>2026-06-03T17:53:20Z</time>
   </trkpt>
   <trkpt lat="69.6020710" lon="19.1074750">
    <ele>531.5</ele>
    <time>2026-06-03T17:53:21Z</time>
   </trkpt>
   <trkpt lat="69.6020710" lon="19.1074750">
    <ele>531.5</ele>
    <time>2026-06-03T17:53:22Z</time>
   </trkpt>
   <trkpt lat="69.6020710" lon="19.1074750">
    <ele>531.5</ele>
    <time>2026-06-03T17:53:23Z</time>
   </trkpt>
   <trkpt lat="69.6020710" lon="19.1074750">
    <ele>531.5</ele>
    <time>2026-06-03T17:53:24Z</time>
   </trkpt>
   <trkpt lat="69.6020710" lon="19.1074750">
    <ele>531.5</ele>
    <time>2026-06-03T17:53:25Z</time>
   </trkpt>
   <trkpt lat="69.6020710" lon="19.1074750">
    <ele>531.5</ele>
    <time>2026-06-03T17:53:26Z</time>
   </trkpt>
   <trkpt lat="69.6020710" lon="19.1074750">
    <ele>531.5</ele>
    <time>2026-06-03T17:53:27Z</time>
   </trkpt>
   <trkpt lat="69.6020710" lon="19.1074750">
    <ele>531.5</ele>
    <time>2026-06-03T17:53:28Z</time>
   </trkpt>
   <trkpt lat="69.6020710" lon="19.1074750">
    <ele>531.5</ele>
    <time>2026-06-03T17:53:29Z</time>
   </trkpt>
   <trkpt lat="69.6020710" lon="19.1074750">
    <ele>531.5</ele>
    <time>2026-06-03T17:53:30Z</time>
   </trkpt>
   <trkpt lat="69.6020610" lon="19.1075240">
    <ele>532.1</ele>
    <time>2026-06-03T17:53:31Z</time>
   </trkpt>
   <trkpt lat="69.6020610" lon="19.1075240">
    <ele>532.1</ele>
    <time>2026-06-03T17:53:32Z</time>
   </trkpt>
   <trkpt lat="69.6020480" lon="19.1075630">
    <ele>532.6</ele>
    <time>2026-06-03T17:53:33Z</time>
   </trkpt>
   <trkpt lat="69.6020480" lon="19.1075630">
    <ele>532.6</ele>
    <time>2026-06-03T17:53:34Z</time>
   </trkpt>
   <trkpt lat="69.6020480" lon="19.1075630">
    <ele>532.6</ele>
    <time>2026-06-03T17:53:35Z</time>
   </trkpt>
   <trkpt lat="69.6020310" lon="19.1076140">
    <ele>533.2</ele>
    <time>2026-06-03T17:53:36Z</time>
   </trkpt>
   <trkpt lat="69.6020310" lon="19.1076140">
    <ele>533.2</ele>
    <time>2026-06-03T17:53:37Z</time>
   </trkpt>
   <trkpt lat="69.6020310" lon="19.1076140">
    <ele>533.2</ele>
    <time>2026-06-03T17:53:38Z</time>
   </trkpt>
   <trkpt lat="69.6020150" lon="19.1076580">
    <ele>533.9</ele>
    <time>2026-06-03T17:53:39Z</time>
   </trkpt>
   <trkpt lat="69.6020150" lon="19.1076580">
    <ele>533.9</ele>
    <time>2026-06-03T17:53:40Z</time>
   </trkpt>
   <trkpt lat="69.6020150" lon="19.1076580">
    <ele>533.9</ele>
    <time>2026-06-03T17:53:41Z</time>
   </trkpt>
   <trkpt lat="69.6020020" lon="19.1076990">
    <ele>534.6</ele>
    <time>2026-06-03T17:53:42Z</time>
   </trkpt>
   <trkpt lat="69.6020020" lon="19.1076990">
    <ele>534.6</ele>
    <time>2026-06-03T17:53:43Z</time>
   </trkpt>
   <trkpt lat="69.6020020" lon="19.1076990">
    <ele>534.6</ele>
    <time>2026-06-03T17:53:44Z</time>
   </trkpt>
   <trkpt lat="69.6019900" lon="19.1077470">
    <ele>535.4</ele>
    <time>2026-06-03T17:53:45Z</time>
   </trkpt>
   <trkpt lat="69.6019900" lon="19.1077470">
    <ele>535.4</ele>
    <time>2026-06-03T17:53:46Z</time>
   </trkpt>
   <trkpt lat="69.6019900" lon="19.1077470">
    <ele>535.4</ele>
    <time>2026-06-03T17:53:47Z</time>
   </trkpt>
   <trkpt lat="69.6019800" lon="19.1077960">
    <ele>536.1</ele>
    <time>2026-06-03T17:53:48Z</time>
   </trkpt>
   <trkpt lat="69.6019800" lon="19.1077960">
    <ele>536.1</ele>
    <time>2026-06-03T17:53:49Z</time>
   </trkpt>
   <trkpt lat="69.6019800" lon="19.1077960">
    <ele>536.1</ele>
    <time>2026-06-03T17:53:50Z</time>
   </trkpt>
   <trkpt lat="69.6019800" lon="19.1077960">
    <ele>536.1</ele>
    <time>2026-06-03T17:53:51Z</time>
   </trkpt>
   <trkpt lat="69.6019660" lon="19.1078380">
    <ele>537.0</ele>
    <time>2026-06-03T17:53:52Z</time>
   </trkpt>
   <trkpt lat="69.6019660" lon="19.1078380">
    <ele>537.0</ele>
    <time>2026-06-03T17:53:53Z</time>
   </trkpt>
   <trkpt lat="69.6019660" lon="19.1078380">
    <ele>537.0</ele>
    <time>2026-06-03T17:53:54Z</time>
   </trkpt>
   <trkpt lat="69.6019540" lon="19.1078800">
    <ele>537.8</ele>
    <time>2026-06-03T17:53:55Z</time>
   </trkpt>
   <trkpt lat="69.6019540" lon="19.1078800">
    <ele>537.8</ele>
    <time>2026-06-03T17:53:56Z</time>
   </trkpt>
   <trkpt lat="69.6019540" lon="19.1078800">
    <ele>537.8</ele>
    <time>2026-06-03T17:53:57Z</time>
   </trkpt>
   <trkpt lat="69.6019420" lon="19.1079240">
    <ele>538.7</ele>
    <time>2026-06-03T17:53:58Z</time>
   </trkpt>
   <trkpt lat="69.6019420" lon="19.1079240">
    <ele>538.7</ele>
    <time>2026-06-03T17:53:59Z</time>
   </trkpt>
   <trkpt lat="69.6019420" lon="19.1079240">
    <ele>538.7</ele>
    <time>2026-06-03T17:54:00Z</time>
   </trkpt>
   <trkpt lat="69.6019420" lon="19.1079240">
    <ele>538.7</ele>
    <time>2026-06-03T17:54:01Z</time>
   </trkpt>
   <trkpt lat="69.6019300" lon="19.1079680">
    <ele>539.6</ele>
    <time>2026-06-03T17:54:02Z</time>
   </trkpt>
   <trkpt lat="69.6019300" lon="19.1079680">
    <ele>539.6</ele>
    <time>2026-06-03T17:54:03Z</time>
   </trkpt>
   <trkpt lat="69.6019300" lon="19.1079680">
    <ele>539.6</ele>
    <time>2026-06-03T17:54:04Z</time>
   </trkpt>
   <trkpt lat="69.6019170" lon="19.1080090">
    <ele>540.5</ele>
    <time>2026-06-03T17:54:05Z</time>
   </trkpt>
   <trkpt lat="69.6019170" lon="19.1080090">
    <ele>540.5</ele>
    <time>2026-06-03T17:54:06Z</time>
   </trkpt>
   <trkpt lat="69.6019170" lon="19.1080090">
    <ele>540.5</ele>
    <time>2026-06-03T17:54:07Z</time>
   </trkpt>
   <trkpt lat="69.6019050" lon="19.1080450">
    <ele>541.3</ele>
    <time>2026-06-03T17:54:08Z</time>
   </trkpt>
   <trkpt lat="69.6019050" lon="19.1080450">
    <ele>541.3</ele>
    <time>2026-06-03T17:54:09Z</time>
   </trkpt>
   <trkpt lat="69.6019050" lon="19.1080450">
    <ele>541.3</ele>
    <time>2026-06-03T17:54:10Z</time>
   </trkpt>
   <trkpt lat="69.6019050" lon="19.1080450">
    <ele>541.3</ele>
    <time>2026-06-03T17:54:11Z</time>
   </trkpt>
   <trkpt lat="69.6018910" lon="19.1080900">
    <ele>542.2</ele>
    <time>2026-06-03T17:54:12Z</time>
   </trkpt>
   <trkpt lat="69.6018910" lon="19.1080900">
    <ele>542.2</ele>
    <time>2026-06-03T17:54:13Z</time>
   </trkpt>
   <trkpt lat="69.6018910" lon="19.1080900">
    <ele>542.2</ele>
    <time>2026-06-03T17:54:14Z</time>
   </trkpt>
   <trkpt lat="69.6018910" lon="19.1080900">
    <ele>542.2</ele>
    <time>2026-06-03T17:54:15Z</time>
   </trkpt>
   <trkpt lat="69.6018750" lon="19.1081330">
    <ele>543.2</ele>
    <time>2026-06-03T17:54:16Z</time>
   </trkpt>
   <trkpt lat="69.6018750" lon="19.1081330">
    <ele>543.2</ele>
    <time>2026-06-03T17:54:17Z</time>
   </trkpt>
   <trkpt lat="69.6018750" lon="19.1081330">
    <ele>543.2</ele>
    <time>2026-06-03T17:54:18Z</time>
   </trkpt>
   <trkpt lat="69.6018750" lon="19.1081330">
    <ele>543.2</ele>
    <time>2026-06-03T17:54:19Z</time>
   </trkpt>
   <trkpt lat="69.6018750" lon="19.1081330">
    <ele>543.2</ele>
    <time>2026-06-03T17:54:20Z</time>
   </trkpt>
   <trkpt lat="69.6018710" lon="19.1081980">
    <ele>544.9</ele>
    <time>2026-06-03T17:54:21Z</time>
   </trkpt>
   <trkpt lat="69.6018710" lon="19.1081980">
    <ele>544.9</ele>
    <time>2026-06-03T17:54:22Z</time>
   </trkpt>
   <trkpt lat="69.6018710" lon="19.1081980">
    <ele>544.9</ele>
    <time>2026-06-03T17:54:23Z</time>
   </trkpt>
   <trkpt lat="69.6018710" lon="19.1081980">
    <ele>544.9</ele>
    <time>2026-06-03T17:54:24Z</time>
   </trkpt>
   <trkpt lat="69.6018730" lon="19.1082560">
    <ele>545.6</ele>
    <time>2026-06-03T17:54:25Z</time>
   </trkpt>
   <trkpt lat="69.6018730" lon="19.1082560">
    <ele>545.6</ele>
    <time>2026-06-03T17:54:26Z</time>
   </trkpt>
   <trkpt lat="69.6018730" lon="19.1082560">
    <ele>545.6</ele>
    <time>2026-06-03T17:54:27Z</time>
   </trkpt>
   <trkpt lat="69.6018740" lon="19.1083080">
    <ele>546.3</ele>
    <time>2026-06-03T17:54:28Z</time>
   </trkpt>
   <trkpt lat="69.6018740" lon="19.1083080">
    <ele>546.3</ele>
    <time>2026-06-03T17:54:29Z</time>
   </trkpt>
   <trkpt lat="69.6018740" lon="19.1083080">
    <ele>546.3</ele>
    <time>2026-06-03T17:54:30Z</time>
   </trkpt>
   <trkpt lat="69.6018740" lon="19.1083080">
    <ele>546.3</ele>
    <time>2026-06-03T17:54:31Z</time>
   </trkpt>
   <trkpt lat="69.6018770" lon="19.1083780">
    <ele>547.5</ele>
    <time>2026-06-03T17:54:32Z</time>
   </trkpt>
   <trkpt lat="69.6018770" lon="19.1083780">
    <ele>547.5</ele>
    <time>2026-06-03T17:54:33Z</time>
   </trkpt>
   <trkpt lat="69.6018770" lon="19.1083780">
    <ele>547.5</ele>
    <time>2026-06-03T17:54:34Z</time>
   </trkpt>
   <trkpt lat="69.6018770" lon="19.1083780">
    <ele>547.5</ele>
    <time>2026-06-03T17:54:35Z</time>
   </trkpt>
   <trkpt lat="69.6018810" lon="19.1084380">
    <ele>548.1</ele>
    <time>2026-06-03T17:54:36Z</time>
   </trkpt>
   <trkpt lat="69.6018810" lon="19.1084380">
    <ele>548.1</ele>
    <time>2026-06-03T17:54:37Z</time>
   </trkpt>
   <trkpt lat="69.6018860" lon="19.1084900">
    <ele>549.4</ele>
    <time>2026-06-03T17:54:38Z</time>
   </trkpt>
   <trkpt lat="69.6018860" lon="19.1084900">
    <ele>549.4</ele>
    <time>2026-06-03T17:54:39Z</time>
   </trkpt>
   <trkpt lat="69.6018860" lon="19.1084900">
    <ele>549.4</ele>
    <time>2026-06-03T17:54:40Z</time>
   </trkpt>
   <trkpt lat="69.6018860" lon="19.1084900">
    <ele>549.4</ele>
    <time>2026-06-03T17:54:41Z</time>
   </trkpt>
   <trkpt lat="69.6018900" lon="19.1085430">
    <ele>549.9</ele>
    <time>2026-06-03T17:54:42Z</time>
   </trkpt>
   <trkpt lat="69.6018900" lon="19.1085430">
    <ele>549.9</ele>
    <time>2026-06-03T17:54:43Z</time>
   </trkpt>
   <trkpt lat="69.6018900" lon="19.1085430">
    <ele>549.9</ele>
    <time>2026-06-03T17:54:44Z</time>
   </trkpt>
   <trkpt lat="69.6018900" lon="19.1085430">
    <ele>549.9</ele>
    <time>2026-06-03T17:54:45Z</time>
   </trkpt>
   <trkpt lat="69.6018940" lon="19.1086040">
    <ele>550.5</ele>
    <time>2026-06-03T17:54:46Z</time>
   </trkpt>
   <trkpt lat="69.6018940" lon="19.1086040">
    <ele>550.5</ele>
    <time>2026-06-03T17:54:47Z</time>
   </trkpt>
   <trkpt lat="69.6018940" lon="19.1086040">
    <ele>550.5</ele>
    <time>2026-06-03T17:54:48Z</time>
   </trkpt>
   <trkpt lat="69.6018940" lon="19.1086040">
    <ele>550.5</ele>
    <time>2026-06-03T17:54:49Z</time>
   </trkpt>
   <trkpt lat="69.6018950" lon="19.1086630">
    <ele>551.7</ele>
    <time>2026-06-03T17:54:50Z</time>
   </trkpt>
   <trkpt lat="69.6018950" lon="19.1086630">
    <ele>551.7</ele>
    <time>2026-06-03T17:54:51Z</time>
   </trkpt>
   <trkpt lat="69.6018950" lon="19.1086630">
    <ele>551.7</ele>
    <time>2026-06-03T17:54:52Z</time>
   </trkpt>
   <trkpt lat="69.6018950" lon="19.1086630">
    <ele>551.7</ele>
    <time>2026-06-03T17:54:53Z</time>
   </trkpt>
   <trkpt lat="69.6018950" lon="19.1086630">
    <ele>551.7</ele>
    <time>2026-06-03T17:54:54Z</time>
   </trkpt>
   <trkpt lat="69.6018950" lon="19.1086630">
    <ele>551.7</ele>
    <time>2026-06-03T17:54:55Z</time>
   </trkpt>
   <trkpt lat="69.6018950" lon="19.1086630">
    <ele>551.7</ele>
    <time>2026-06-03T17:54:56Z</time>
   </trkpt>
   <trkpt lat="69.6018930" lon="19.1087160">
    <ele>552.4</ele>
    <time>2026-06-03T17:54:57Z</time>
   </trkpt>
   <trkpt lat="69.6018930" lon="19.1087160">
    <ele>552.4</ele>
    <time>2026-06-03T17:54:58Z</time>
   </trkpt>
   <trkpt lat="69.6018930" lon="19.1087160">
    <ele>552.4</ele>
    <time>2026-06-03T17:54:59Z</time>
   </trkpt>
   <trkpt lat="69.6018930" lon="19.1087160">
    <ele>552.4</ele>
    <time>2026-06-03T17:55:00Z</time>
   </trkpt>
   <trkpt lat="69.6018900" lon="19.1087740">
    <ele>553.0</ele>
    <time>2026-06-03T17:55:01Z</time>
   </trkpt>
   <trkpt lat="69.6018900" lon="19.1087740">
    <ele>553.0</ele>
    <time>2026-06-03T17:55:02Z</time>
   </trkpt>
   <trkpt lat="69.6018900" lon="19.1087740">
    <ele>553.0</ele>
    <time>2026-06-03T17:55:03Z</time>
   </trkpt>
   <trkpt lat="69.6018920" lon="19.1088290">
    <ele>553.6</ele>
    <time>2026-06-03T17:55:04Z</time>
   </trkpt>
   <trkpt lat="69.6018920" lon="19.1088290">
    <ele>553.6</ele>
    <time>2026-06-03T17:55:05Z</time>
   </trkpt>
   <trkpt lat="69.6018920" lon="19.1088290">
    <ele>553.6</ele>
    <time>2026-06-03T17:55:06Z</time>
   </trkpt>
   <trkpt lat="69.6018940" lon="19.1088810">
    <ele>554.9</ele>
    <time>2026-06-03T17:55:07Z</time>
   </trkpt>
   <trkpt lat="69.6018940" lon="19.1088810">
    <ele>554.9</ele>
    <time>2026-06-03T17:55:08Z</time>
   </trkpt>
   <trkpt lat="69.6018940" lon="19.1088810">
    <ele>554.9</ele>
    <time>2026-06-03T17:55:09Z</time>
   </trkpt>
   <trkpt lat="69.6018940" lon="19.1089390">
    <ele>555.5</ele>
    <time>2026-06-03T17:55:10Z</time>
   </trkpt>
   <trkpt lat="69.6018940" lon="19.1089390">
    <ele>555.5</ele>
    <time>2026-06-03T17:55:11Z</time>
   </trkpt>
   <trkpt lat="69.6018940" lon="19.1089390">
    <ele>555.5</ele>
    <time>2026-06-03T17:55:12Z</time>
   </trkpt>
   <trkpt lat="69.6018940" lon="19.1089390">
    <ele>555.5</ele>
    <time>2026-06-03T17:55:13Z</time>
   </trkpt>
   <trkpt lat="69.6018970" lon="19.1090030">
    <ele>556.9</ele>
    <time>2026-06-03T17:55:14Z</time>
   </trkpt>
   <trkpt lat="69.6018970" lon="19.1090030">
    <ele>556.9</ele>
    <time>2026-06-03T17:55:15Z</time>
   </trkpt>
   <trkpt lat="69.6018970" lon="19.1090030">
    <ele>556.9</ele>
    <time>2026-06-03T17:55:16Z</time>
   </trkpt>
   <trkpt lat="69.6018970" lon="19.1090030">
    <ele>556.9</ele>
    <time>2026-06-03T17:55:17Z</time>
   </trkpt>
   <trkpt lat="69.6018940" lon="19.1090620">
    <ele>557.5</ele>
    <time>2026-06-03T17:55:18Z</time>
   </trkpt>
   <trkpt lat="69.6018940" lon="19.1090620">
    <ele>557.6</ele>
    <time>2026-06-03T17:55:19Z</time>
   </trkpt>
   <trkpt lat="69.6018940" lon="19.1090620">
    <ele>557.6</ele>
    <time>2026-06-03T17:55:20Z</time>
   </trkpt>
   <trkpt lat="69.6018940" lon="19.1090620">
    <ele>557.6</ele>
    <time>2026-06-03T17:55:21Z</time>
   </trkpt>
   <trkpt lat="69.6018940" lon="19.1091240">
    <ele>558.2</ele>
    <time>2026-06-03T17:55:22Z</time>
   </trkpt>
   <trkpt lat="69.6018940" lon="19.1091240">
    <ele>558.2</ele>
    <time>2026-06-03T17:55:23Z</time>
   </trkpt>
   <trkpt lat="69.6018940" lon="19.1091240">
    <ele>558.2</ele>
    <time>2026-06-03T17:55:24Z</time>
   </trkpt>
   <trkpt lat="69.6018940" lon="19.1091240">
    <ele>558.2</ele>
    <time>2026-06-03T17:55:25Z</time>
   </trkpt>
   <trkpt lat="69.6018930" lon="19.1091900">
    <ele>559.6</ele>
    <time>2026-06-03T17:55:26Z</time>
   </trkpt>
   <trkpt lat="69.6018930" lon="19.1091900">
    <ele>559.6</ele>
    <time>2026-06-03T17:55:27Z</time>
   </trkpt>
   <trkpt lat="69.6018930" lon="19.1091900">
    <ele>559.6</ele>
    <time>2026-06-03T17:55:28Z</time>
   </trkpt>
   <trkpt lat="69.6018930" lon="19.1091900">
    <ele>559.6</ele>
    <time>2026-06-03T17:55:29Z</time>
   </trkpt>
   <trkpt lat="69.6018910" lon="19.1092500">
    <ele>560.3</ele>
    <time>2026-06-03T17:55:30Z</time>
   </trkpt>
   <trkpt lat="69.6018910" lon="19.1092500">
    <ele>560.3</ele>
    <time>2026-06-03T17:55:31Z</time>
   </trkpt>
   <trkpt lat="69.6018910" lon="19.1092500">
    <ele>560.3</ele>
    <time>2026-06-03T17:55:32Z</time>
   </trkpt>
   <trkpt lat="69.6018910" lon="19.1092500">
    <ele>560.3</ele>
    <time>2026-06-03T17:55:33Z</time>
   </trkpt>
   <trkpt lat="69.6018920" lon="19.1093090">
    <ele>561.7</ele>
    <time>2026-06-03T17:55:34Z</time>
   </trkpt>
   <trkpt lat="69.6018920" lon="19.1093090">
    <ele>561.7</ele>
    <time>2026-06-03T17:55:35Z</time>
   </trkpt>
   <trkpt lat="69.6018920" lon="19.1093090">
    <ele>561.7</ele>
    <time>2026-06-03T17:55:36Z</time>
   </trkpt>
   <trkpt lat="69.6018920" lon="19.1093090">
    <ele>561.7</ele>
    <time>2026-06-03T17:55:37Z</time>
   </trkpt>
   <trkpt lat="69.6018920" lon="19.1093640">
    <ele>562.3</ele>
    <time>2026-06-03T17:55:38Z</time>
   </trkpt>
   <trkpt lat="69.6018920" lon="19.1093640">
    <ele>562.3</ele>
    <time>2026-06-03T17:55:39Z</time>
   </trkpt>
   <trkpt lat="69.6018920" lon="19.1093640">
    <ele>562.3</ele>
    <time>2026-06-03T17:55:40Z</time>
   </trkpt>
   <trkpt lat="69.6018920" lon="19.1093640">
    <ele>562.3</ele>
    <time>2026-06-03T17:55:41Z</time>
   </trkpt>
   <trkpt lat="69.6018920" lon="19.1093640">
    <ele>562.3</ele>
    <time>2026-06-03T17:55:42Z</time>
   </trkpt>
   <trkpt lat="69.6018920" lon="19.1093640">
    <ele>562.3</ele>
    <time>2026-06-03T17:55:43Z</time>
   </trkpt>
   <trkpt lat="69.6018920" lon="19.1093640">
    <ele>562.3</ele>
    <time>2026-06-03T17:55:44Z</time>
   </trkpt>
   <trkpt lat="69.6018920" lon="19.1093640">
    <ele>562.3</ele>
    <time>2026-06-03T17:55:45Z</time>
   </trkpt>
   <trkpt lat="69.6018920" lon="19.1093640">
    <ele>562.3</ele>
    <time>2026-06-03T17:55:46Z</time>
   </trkpt>
   <trkpt lat="69.6018920" lon="19.1093640">
    <ele>562.3</ele>
    <time>2026-06-03T17:55:47Z</time>
   </trkpt>
   <trkpt lat="69.6018880" lon="19.1094150">
    <ele>563.3</ele>
    <time>2026-06-03T17:55:48Z</time>
   </trkpt>
   <trkpt lat="69.6018880" lon="19.1094150">
    <ele>563.3</ele>
    <time>2026-06-03T17:55:49Z</time>
   </trkpt>
   <trkpt lat="69.6018880" lon="19.1094150">
    <ele>563.3</ele>
    <time>2026-06-03T17:55:50Z</time>
   </trkpt>
   <trkpt lat="69.6018880" lon="19.1094150">
    <ele>563.3</ele>
    <time>2026-06-03T17:55:51Z</time>
   </trkpt>
   <trkpt lat="69.6018880" lon="19.1094150">
    <ele>563.3</ele>
    <time>2026-06-03T17:55:52Z</time>
   </trkpt>
   <trkpt lat="69.6018880" lon="19.1094150">
    <ele>563.3</ele>
    <time>2026-06-03T17:55:53Z</time>
   </trkpt>
   <trkpt lat="69.6018880" lon="19.1094150">
    <ele>563.3</ele>
    <time>2026-06-03T17:55:54Z</time>
   </trkpt>
   <trkpt lat="69.6018880" lon="19.1094150">
    <ele>563.3</ele>
    <time>2026-06-03T17:55:55Z</time>
   </trkpt>
   <trkpt lat="69.6018880" lon="19.1094150">
    <ele>563.3</ele>
    <time>2026-06-03T17:55:56Z</time>
   </trkpt>
   <trkpt lat="69.6018880" lon="19.1094150">
    <ele>563.3</ele>
    <time>2026-06-03T17:55:57Z</time>
   </trkpt>
   <trkpt lat="69.6018880" lon="19.1094150">
    <ele>563.3</ele>
    <time>2026-06-03T17:55:58Z</time>
   </trkpt>
   <trkpt lat="69.6018880" lon="19.1094150">
    <ele>563.3</ele>
    <time>2026-06-03T17:55:59Z</time>
   </trkpt>
   <trkpt lat="69.6018880" lon="19.1094150">
    <ele>563.3</ele>
    <time>2026-06-03T17:56:00Z</time>
   </trkpt>
   <trkpt lat="69.6018880" lon="19.1094150">
    <ele>563.3</ele>
    <time>2026-06-03T17:56:01Z</time>
   </trkpt>
   <trkpt lat="69.6018880" lon="19.1094150">
    <ele>563.3</ele>
    <time>2026-06-03T17:56:02Z</time>
   </trkpt>
   <trkpt lat="69.6018880" lon="19.1094150">
    <ele>563.3</ele>
    <time>2026-06-03T17:56:03Z</time>
   </trkpt>
   <trkpt lat="69.6018880" lon="19.1094150">
    <ele>563.3</ele>
    <time>2026-06-03T17:56:04Z</time>
   </trkpt>
   <trkpt lat="69.6018880" lon="19.1094150">
    <ele>563.3</ele>
    <time>2026-06-03T17:56:05Z</time>
   </trkpt>
   <trkpt lat="69.6018880" lon="19.1094150">
    <ele>563.3</ele>
    <time>2026-06-03T17:56:06Z</time>
   </trkpt>
   <trkpt lat="69.6019070" lon="19.1094170">
    <ele>562.8</ele>
    <time>2026-06-03T17:56:07Z</time>
   </trkpt>
   <trkpt lat="69.6019070" lon="19.1094170">
    <ele>562.8</ele>
    <time>2026-06-03T17:56:08Z</time>
   </trkpt>
   <trkpt lat="69.6019070" lon="19.1094170">
    <ele>562.8</ele>
    <time>2026-06-03T17:56:09Z</time>
   </trkpt>
   <trkpt lat="69.6019070" lon="19.1094170">
    <ele>562.8</ele>
    <time>2026-06-03T17:56:10Z</time>
   </trkpt>
   <trkpt lat="69.6019070" lon="19.1094170">
    <ele>562.8</ele>
    <time>2026-06-03T17:56:11Z</time>
   </trkpt>
   <trkpt lat="69.6019070" lon="19.1094170">
    <ele>562.8</ele>
    <time>2026-06-03T17:56:12Z</time>
   </trkpt>
   <trkpt lat="69.6019070" lon="19.1094170">
    <ele>562.8</ele>
    <time>2026-06-03T17:56:13Z</time>
   </trkpt>
   <trkpt lat="69.6019070" lon="19.1094170">
    <ele>562.8</ele>
    <time>2026-06-03T17:56:14Z</time>
   </trkpt>
   <trkpt lat="69.6019070" lon="19.1094170">
    <ele>562.8</ele>
    <time>2026-06-03T17:56:15Z</time>
   </trkpt>
   <trkpt lat="69.6019070" lon="19.1094170">
    <ele>562.8</ele>
    <time>2026-06-03T17:56:16Z</time>
   </trkpt>
   <trkpt lat="69.6019070" lon="19.1094170">
    <ele>562.8</ele>
    <time>2026-06-03T17:56:17Z</time>
   </trkpt>
   <trkpt lat="69.6019070" lon="19.1094170">
    <ele>562.8</ele>
    <time>2026-06-03T17:56:18Z</time>
   </trkpt>
   <trkpt lat="69.6019070" lon="19.1094170">
    <ele>562.8</ele>
    <time>2026-06-03T17:56:19Z</time>
   </trkpt>
   <trkpt lat="69.6019070" lon="19.1094170">
    <ele>562.8</ele>
    <time>2026-06-03T17:56:20Z</time>
   </trkpt>
   <trkpt lat="69.6019070" lon="19.1094170">
    <ele>562.8</ele>
    <time>2026-06-03T17:56:21Z</time>
   </trkpt>
   <trkpt lat="69.6019070" lon="19.1094170">
    <ele>562.8</ele>
    <time>2026-06-03T17:56:22Z</time>
   </trkpt>
   <trkpt lat="69.6019070" lon="19.1094170">
    <ele>562.8</ele>
    <time>2026-06-03T17:56:23Z</time>
   </trkpt>
   <trkpt lat="69.6019070" lon="19.1094170">
    <ele>562.8</ele>
    <time>2026-06-03T17:56:24Z</time>
   </trkpt>
   <trkpt lat="69.6019070" lon="19.1094170">
    <ele>562.8</ele>
    <time>2026-06-03T17:56:25Z</time>
   </trkpt>
   <trkpt lat="69.6019190" lon="19.1093740">
    <ele>562.0</ele>
    <time>2026-06-03T17:56:26Z</time>
   </trkpt>
   <trkpt lat="69.6019190" lon="19.1093740">
    <ele>562.0</ele>
    <time>2026-06-03T17:56:27Z</time>
   </trkpt>
   <trkpt lat="69.6019190" lon="19.1093740">
    <ele>562.0</ele>
    <time>2026-06-03T17:56:28Z</time>
   </trkpt>
   <trkpt lat="69.6019190" lon="19.1093740">
    <ele>562.0</ele>
    <time>2026-06-03T17:56:29Z</time>
   </trkpt>
   <trkpt lat="69.6019190" lon="19.1093740">
    <ele>562.0</ele>
    <time>2026-06-03T17:56:30Z</time>
   </trkpt>
   <trkpt lat="69.6019190" lon="19.1093740">
    <ele>562.0</ele>
    <time>2026-06-03T17:56:31Z</time>
   </trkpt>
   <trkpt lat="69.6019190" lon="19.1093740">
    <ele>562.0</ele>
    <time>2026-06-03T17:56:32Z</time>
   </trkpt>
   <trkpt lat="69.6019190" lon="19.1093740">
    <ele>562.0</ele>
    <time>2026-06-03T17:56:33Z</time>
   </trkpt>
   <trkpt lat="69.6019190" lon="19.1093740">
    <ele>562.0</ele>
    <time>2026-06-03T17:56:34Z</time>
   </trkpt>
   <trkpt lat="69.6019190" lon="19.1093740">
    <ele>562.0</ele>
    <time>2026-06-03T17:56:35Z</time>
   </trkpt>
   <trkpt lat="69.6019190" lon="19.1093740">
    <ele>562.0</ele>
    <time>2026-06-03T17:56:36Z</time>
   </trkpt>
   <trkpt lat="69.6019190" lon="19.1093740">
    <ele>562.0</ele>
    <time>2026-06-03T17:56:37Z</time>
   </trkpt>
   <trkpt lat="69.6019190" lon="19.1093740">
    <ele>562.0</ele>
    <time>2026-06-03T17:56:38Z</time>
   </trkpt>
   <trkpt lat="69.6019190" lon="19.1093740">
    <ele>562.0</ele>
    <time>2026-06-03T17:56:39Z</time>
   </trkpt>
   <trkpt lat="69.6019190" lon="19.1093740">
    <ele>562.0</ele>
    <time>2026-06-03T17:56:40Z</time>
   </trkpt>
   <trkpt lat="69.6019190" lon="19.1093740">
    <ele>562.0</ele>
    <time>2026-06-03T17:56:41Z</time>
   </trkpt>
   <trkpt lat="69.6019190" lon="19.1093740">
    <ele>562.0</ele>
    <time>2026-06-03T17:56:42Z</time>
   </trkpt>
   <trkpt lat="69.6019190" lon="19.1093740">
    <ele>562.0</ele>
    <time>2026-06-03T17:56:43Z</time>
   </trkpt>
   <trkpt lat="69.6019190" lon="19.1093740">
    <ele>562.0</ele>
    <time>2026-06-03T17:56:44Z</time>
   </trkpt>
   <trkpt lat="69.6019220" lon="19.1094290">
    <ele>562.7</ele>
    <time>2026-06-03T17:56:45Z</time>
   </trkpt>
   <trkpt lat="69.6019220" lon="19.1094290">
    <ele>562.7</ele>
    <time>2026-06-03T17:56:46Z</time>
   </trkpt>
   <trkpt lat="69.6019220" lon="19.1094290">
    <ele>562.7</ele>
    <time>2026-06-03T17:56:47Z</time>
   </trkpt>
   <trkpt lat="69.6019210" lon="19.1094930">
    <ele>564.0</ele>
    <time>2026-06-03T17:56:48Z</time>
   </trkpt>
   <trkpt lat="69.6019210" lon="19.1094930">
    <ele>564.0</ele>
    <time>2026-06-03T17:56:49Z</time>
   </trkpt>
   <trkpt lat="69.6019210" lon="19.1094930">
    <ele>564.0</ele>
    <time>2026-06-03T17:56:50Z</time>
   </trkpt>
   <trkpt lat="69.6019210" lon="19.1094930">
    <ele>564.0</ele>
    <time>2026-06-03T17:56:51Z</time>
   </trkpt>
   <trkpt lat="69.6019210" lon="19.1094930">
    <ele>564.0</ele>
    <time>2026-06-03T17:56:52Z</time>
   </trkpt>
   <trkpt lat="69.6019210" lon="19.1094930">
    <ele>564.0</ele>
    <time>2026-06-03T17:56:53Z</time>
   </trkpt>
   <trkpt lat="69.6019210" lon="19.1094930">
    <ele>564.0</ele>
    <time>2026-06-03T17:56:54Z</time>
   </trkpt>
   <trkpt lat="69.6019210" lon="19.1094930">
    <ele>564.0</ele>
    <time>2026-06-03T17:56:55Z</time>
   </trkpt>
   <trkpt lat="69.6019210" lon="19.1094930">
    <ele>564.0</ele>
    <time>2026-06-03T17:56:56Z</time>
   </trkpt>
   <trkpt lat="69.6019210" lon="19.1094930">
    <ele>564.0</ele>
    <time>2026-06-03T17:56:57Z</time>
   </trkpt>
   <trkpt lat="69.6019210" lon="19.1094930">
    <ele>564.0</ele>
    <time>2026-06-03T17:56:58Z</time>
   </trkpt>
   <trkpt lat="69.6019210" lon="19.1094930">
    <ele>564.0</ele>
    <time>2026-06-03T17:56:59Z</time>
   </trkpt>
   <trkpt lat="69.6019210" lon="19.1094930">
    <ele>564.0</ele>
    <time>2026-06-03T17:57:00Z</time>
   </trkpt>
   <trkpt lat="69.6019210" lon="19.1094930">
    <ele>564.0</ele>
    <time>2026-06-03T17:57:01Z</time>
   </trkpt>
   <trkpt lat="69.6019130" lon="19.1095500">
    <ele>564.9</ele>
    <time>2026-06-03T17:57:02Z</time>
   </trkpt>
   <trkpt lat="69.6019130" lon="19.1095500">
    <ele>564.9</ele>
    <time>2026-06-03T17:57:03Z</time>
   </trkpt>
   <trkpt lat="69.6019130" lon="19.1095500">
    <ele>564.9</ele>
    <time>2026-06-03T17:57:04Z</time>
   </trkpt>
   <trkpt lat="69.6019080" lon="19.1096000">
    <ele>565.6</ele>
    <time>2026-06-03T17:57:05Z</time>
   </trkpt>
   <trkpt lat="69.6019080" lon="19.1096000">
    <ele>565.6</ele>
    <time>2026-06-03T17:57:06Z</time>
   </trkpt>
   <trkpt lat="69.6019080" lon="19.1096000">
    <ele>565.6</ele>
    <time>2026-06-03T17:57:07Z</time>
   </trkpt>
   <trkpt lat="69.6019010" lon="19.1096550">
    <ele>567.2</ele>
    <time>2026-06-03T17:57:08Z</time>
   </trkpt>
   <trkpt lat="69.6019010" lon="19.1096550">
    <ele>567.2</ele>
    <time>2026-06-03T17:57:09Z</time>
   </trkpt>
   <trkpt lat="69.6018940" lon="19.1097200">
    <ele>567.9</ele>
    <time>2026-06-03T17:57:10Z</time>
   </trkpt>
   <trkpt lat="69.6018940" lon="19.1097200">
    <ele>568.0</ele>
    <time>2026-06-03T17:57:11Z</time>
   </trkpt>
   <trkpt lat="69.6018940" lon="19.1097200">
    <ele>568.0</ele>
    <time>2026-06-03T17:57:12Z</time>
   </trkpt>
   <trkpt lat="69.6018940" lon="19.1097200">
    <ele>568.0</ele>
    <time>2026-06-03T17:57:13Z</time>
   </trkpt>
   <trkpt lat="69.6018800" lon="19.1097660">
    <ele>569.0</ele>
    <time>2026-06-03T17:57:14Z</time>
   </trkpt>
   <trkpt lat="69.6018800" lon="19.1097660">
    <ele>569.0</ele>
    <time>2026-06-03T17:57:15Z</time>
   </trkpt>
   <trkpt lat="69.6018800" lon="19.1097660">
    <ele>569.0</ele>
    <time>2026-06-03T17:57:16Z</time>
   </trkpt>
   <trkpt lat="69.6018680" lon="19.1098130">
    <ele>570.2</ele>
    <time>2026-06-03T17:57:17Z</time>
   </trkpt>
   <trkpt lat="69.6018680" lon="19.1098130">
    <ele>570.2</ele>
    <time>2026-06-03T17:57:18Z</time>
   </trkpt>
   <trkpt lat="69.6018680" lon="19.1098130">
    <ele>570.2</ele>
    <time>2026-06-03T17:57:19Z</time>
   </trkpt>
   <trkpt lat="69.6018520" lon="19.1098510">
    <ele>571.3</ele>
    <time>2026-06-03T17:57:20Z</time>
   </trkpt>
   <trkpt lat="69.6018520" lon="19.1098510">
    <ele>571.4</ele>
    <time>2026-06-03T17:57:21Z</time>
   </trkpt>
   <trkpt lat="69.6018520" lon="19.1098510">
    <ele>571.4</ele>
    <time>2026-06-03T17:57:22Z</time>
   </trkpt>
   <trkpt lat="69.6018520" lon="19.1098510">
    <ele>571.4</ele>
    <time>2026-06-03T17:57:23Z</time>
   </trkpt>
   <trkpt lat="69.6018340" lon="19.1098950">
    <ele>572.6</ele>
    <time>2026-06-03T17:57:24Z</time>
   </trkpt>
   <trkpt lat="69.6018340" lon="19.1098950">
    <ele>572.6</ele>
    <time>2026-06-03T17:57:25Z</time>
   </trkpt>
   <trkpt lat="69.6018340" lon="19.1098950">
    <ele>572.6</ele>
    <time>2026-06-03T17:57:26Z</time>
   </trkpt>
   <trkpt lat="69.6018340" lon="19.1098950">
    <ele>572.6</ele>
    <time>2026-06-03T17:57:27Z</time>
   </trkpt>
   <trkpt lat="69.6018130" lon="19.1099290">
    <ele>574.2</ele>
    <time>2026-06-03T17:57:28Z</time>
   </trkpt>
   <trkpt lat="69.6018130" lon="19.1099290">
    <ele>574.2</ele>
    <time>2026-06-03T17:57:29Z</time>
   </trkpt>
   <trkpt lat="69.6018130" lon="19.1099290">
    <ele>574.2</ele>
    <time>2026-06-03T17:57:30Z</time>
   </trkpt>
   <trkpt lat="69.6018130" lon="19.1099290">
    <ele>574.3</ele>
    <time>2026-06-03T17:57:31Z</time>
   </trkpt>
   <trkpt lat="69.6017960" lon="19.1099690">
    <ele>575.5</ele>
    <time>2026-06-03T17:57:32Z</time>
   </trkpt>
   <trkpt lat="69.6017960" lon="19.1099690">
    <ele>575.5</ele>
    <time>2026-06-03T17:57:33Z</time>
   </trkpt>
   <trkpt lat="69.6017960" lon="19.1099690">
    <ele>575.5</ele>
    <time>2026-06-03T17:57:34Z</time>
   </trkpt>
   <trkpt lat="69.6017960" lon="19.1099690">
    <ele>575.5</ele>
    <time>2026-06-03T17:57:35Z</time>
   </trkpt>
   <trkpt lat="69.6017790" lon="19.1100000">
    <ele>576.7</ele>
    <time>2026-06-03T17:57:36Z</time>
   </trkpt>
   <trkpt lat="69.6017790" lon="19.1100000">
    <ele>576.7</ele>
    <time>2026-06-03T17:57:37Z</time>
   </trkpt>
   <trkpt lat="69.6017790" lon="19.1100000">
    <ele>576.8</ele>
    <time>2026-06-03T17:57:38Z</time>
   </trkpt>
   <trkpt lat="69.6017790" lon="19.1100000">
    <ele>576.8</ele>
    <time>2026-06-03T17:57:39Z</time>
   </trkpt>
   <trkpt lat="69.6017640" lon="19.1100330">
    <ele>578.0</ele>
    <time>2026-06-03T17:57:40Z</time>
   </trkpt>
   <trkpt lat="69.6017640" lon="19.1100330">
    <ele>578.0</ele>
    <time>2026-06-03T17:57:41Z</time>
   </trkpt>
   <trkpt lat="69.6017640" lon="19.1100330">
    <ele>578.0</ele>
    <time>2026-06-03T17:57:42Z</time>
   </trkpt>
   <trkpt lat="69.6017640" lon="19.1100330">
    <ele>578.0</ele>
    <time>2026-06-03T17:57:43Z</time>
   </trkpt>
   <trkpt lat="69.6017450" lon="19.1100630">
    <ele>578.5</ele>
    <time>2026-06-03T17:57:44Z</time>
   </trkpt>
   <trkpt lat="69.6017450" lon="19.1100630">
    <ele>578.5</ele>
    <time>2026-06-03T17:57:45Z</time>
   </trkpt>
   <trkpt lat="69.6017450" lon="19.1100630">
    <ele>578.5</ele>
    <time>2026-06-03T17:57:46Z</time>
   </trkpt>
   <trkpt lat="69.6017450" lon="19.1100630">
    <ele>578.5</ele>
    <time>2026-06-03T17:57:47Z</time>
   </trkpt>
   <trkpt lat="69.6017270" lon="19.1100990">
    <ele>579.8</ele>
    <time>2026-06-03T17:57:48Z</time>
   </trkpt>
   <trkpt lat="69.6017270" lon="19.1100990">
    <ele>579.8</ele>
    <time>2026-06-03T17:57:49Z</time>
   </trkpt>
   <trkpt lat="69.6017270" lon="19.1100990">
    <ele>579.8</ele>
    <time>2026-06-03T17:57:50Z</time>
   </trkpt>
   <trkpt lat="69.6017270" lon="19.1100990">
    <ele>579.8</ele>
    <time>2026-06-03T17:57:51Z</time>
   </trkpt>
   <trkpt lat="69.6017070" lon="19.1101250">
    <ele>581.5</ele>
    <time>2026-06-03T17:57:52Z</time>
   </trkpt>
   <trkpt lat="69.6017070" lon="19.1101250">
    <ele>581.5</ele>
    <time>2026-06-03T17:57:53Z</time>
   </trkpt>
   <trkpt lat="69.6017070" lon="19.1101250">
    <ele>581.5</ele>
    <time>2026-06-03T17:57:54Z</time>
   </trkpt>
   <trkpt lat="69.6017070" lon="19.1101250">
    <ele>581.5</ele>
    <time>2026-06-03T17:57:55Z</time>
   </trkpt>
   <trkpt lat="69.6017070" lon="19.1101250">
    <ele>581.5</ele>
    <time>2026-06-03T17:57:56Z</time>
   </trkpt>
   <trkpt lat="69.6016900" lon="19.1101550">
    <ele>581.9</ele>
    <time>2026-06-03T17:57:57Z</time>
   </trkpt>
   <trkpt lat="69.6016900" lon="19.1101550">
    <ele>581.9</ele>
    <time>2026-06-03T17:57:58Z</time>
   </trkpt>
   <trkpt lat="69.6016900" lon="19.1101550">
    <ele>581.9</ele>
    <time>2026-06-03T17:57:59Z</time>
   </trkpt>
   <trkpt lat="69.6016900" lon="19.1101550">
    <ele>581.9</ele>
    <time>2026-06-03T17:58:00Z</time>
   </trkpt>
   <trkpt lat="69.6016900" lon="19.1101550">
    <ele>581.9</ele>
    <time>2026-06-03T17:58:01Z</time>
   </trkpt>
   <trkpt lat="69.6016900" lon="19.1101550">
    <ele>581.9</ele>
    <time>2026-06-03T17:58:02Z</time>
   </trkpt>
   <trkpt lat="69.6016900" lon="19.1101550">
    <ele>581.9</ele>
    <time>2026-06-03T17:58:03Z</time>
   </trkpt>
   <trkpt lat="69.6016900" lon="19.1101550">
    <ele>581.9</ele>
    <time>2026-06-03T17:58:04Z</time>
   </trkpt>
   <trkpt lat="69.6016740" lon="19.1101990">
    <ele>583.1</ele>
    <time>2026-06-03T17:58:05Z</time>
   </trkpt>
   <trkpt lat="69.6016740" lon="19.1101990">
    <ele>583.1</ele>
    <time>2026-06-03T17:58:06Z</time>
   </trkpt>
   <trkpt lat="69.6016740" lon="19.1101990">
    <ele>583.1</ele>
    <time>2026-06-03T17:58:07Z</time>
   </trkpt>
   <trkpt lat="69.6016740" lon="19.1101990">
    <ele>583.1</ele>
    <time>2026-06-03T17:58:08Z</time>
   </trkpt>
   <trkpt lat="69.6016740" lon="19.1101990">
    <ele>583.1</ele>
    <time>2026-06-03T17:58:09Z</time>
   </trkpt>
   <trkpt lat="69.6016590" lon="19.1102300">
    <ele>584.2</ele>
    <time>2026-06-03T17:58:10Z</time>
   </trkpt>
   <trkpt lat="69.6016590" lon="19.1102300">
    <ele>584.2</ele>
    <time>2026-06-03T17:58:11Z</time>
   </trkpt>
   <trkpt lat="69.6016590" lon="19.1102300">
    <ele>584.2</ele>
    <time>2026-06-03T17:58:12Z</time>
   </trkpt>
   <trkpt lat="69.6016590" lon="19.1102300">
    <ele>584.2</ele>
    <time>2026-06-03T17:58:13Z</time>
   </trkpt>
   <trkpt lat="69.6016420" lon="19.1102620">
    <ele>585.4</ele>
    <time>2026-06-03T17:58:14Z</time>
   </trkpt>
   <trkpt lat="69.6016420" lon="19.1102620">
    <ele>585.4</ele>
    <time>2026-06-03T17:58:15Z</time>
   </trkpt>
   <trkpt lat="69.6016420" lon="19.1102620">
    <ele>585.4</ele>
    <time>2026-06-03T17:58:16Z</time>
   </trkpt>
   <trkpt lat="69.6016420" lon="19.1102620">
    <ele>585.4</ele>
    <time>2026-06-03T17:58:17Z</time>
   </trkpt>
   <trkpt lat="69.6016280" lon="19.1102970">
    <ele>586.5</ele>
    <time>2026-06-03T17:58:18Z</time>
   </trkpt>
   <trkpt lat="69.6016280" lon="19.1102970">
    <ele>586.5</ele>
    <time>2026-06-03T17:58:19Z</time>
   </trkpt>
   <trkpt lat="69.6016280" lon="19.1102970">
    <ele>586.5</ele>
    <time>2026-06-03T17:58:20Z</time>
   </trkpt>
   <trkpt lat="69.6016280" lon="19.1102970">
    <ele>586.5</ele>
    <time>2026-06-03T17:58:21Z</time>
   </trkpt>
   <trkpt lat="69.6016120" lon="19.1103260">
    <ele>586.8</ele>
    <time>2026-06-03T17:58:22Z</time>
   </trkpt>
   <trkpt lat="69.6016120" lon="19.1103260">
    <ele>586.8</ele>
    <time>2026-06-03T17:58:23Z</time>
   </trkpt>
   <trkpt lat="69.6016120" lon="19.1103260">
    <ele>586.8</ele>
    <time>2026-06-03T17:58:24Z</time>
   </trkpt>
   <trkpt lat="69.6016120" lon="19.1103260">
    <ele>586.8</ele>
    <time>2026-06-03T17:58:25Z</time>
   </trkpt>
   <trkpt lat="69.6016120" lon="19.1103260">
    <ele>586.8</ele>
    <time>2026-06-03T17:58:26Z</time>
   </trkpt>
   <trkpt lat="69.6016010" lon="19.1103750">
    <ele>588.7</ele>
    <time>2026-06-03T17:58:27Z</time>
   </trkpt>
   <trkpt lat="69.6016010" lon="19.1103750">
    <ele>588.7</ele>
    <time>2026-06-03T17:58:28Z</time>
   </trkpt>
   <trkpt lat="69.6016010" lon="19.1103750">
    <ele>588.7</ele>
    <time>2026-06-03T17:58:29Z</time>
   </trkpt>
   <trkpt lat="69.6016010" lon="19.1103750">
    <ele>588.7</ele>
    <time>2026-06-03T17:58:30Z</time>
   </trkpt>
   <trkpt lat="69.6016050" lon="19.1104320">
    <ele>589.1</ele>
    <time>2026-06-03T17:58:31Z</time>
   </trkpt>
   <trkpt lat="69.6016050" lon="19.1104320">
    <ele>589.1</ele>
    <time>2026-06-03T17:58:32Z</time>
   </trkpt>
   <trkpt lat="69.6016050" lon="19.1104320">
    <ele>589.1</ele>
    <time>2026-06-03T17:58:33Z</time>
   </trkpt>
   <trkpt lat="69.6016050" lon="19.1104320">
    <ele>589.1</ele>
    <time>2026-06-03T17:58:34Z</time>
   </trkpt>
   <trkpt lat="69.6016080" lon="19.1104860">
    <ele>589.9</ele>
    <time>2026-06-03T17:58:35Z</time>
   </trkpt>
   <trkpt lat="69.6016080" lon="19.1104860">
    <ele>589.9</ele>
    <time>2026-06-03T17:58:36Z</time>
   </trkpt>
   <trkpt lat="69.6016080" lon="19.1104860">
    <ele>589.9</ele>
    <time>2026-06-03T17:58:37Z</time>
   </trkpt>
   <trkpt lat="69.6016080" lon="19.1104860">
    <ele>589.9</ele>
    <time>2026-06-03T17:58:38Z</time>
   </trkpt>
   <trkpt lat="69.6016130" lon="19.1105430">
    <ele>590.6</ele>
    <time>2026-06-03T17:58:39Z</time>
   </trkpt>
   <trkpt lat="69.6016130" lon="19.1105430">
    <ele>590.6</ele>
    <time>2026-06-03T17:58:40Z</time>
   </trkpt>
   <trkpt lat="69.6016130" lon="19.1105430">
    <ele>590.6</ele>
    <time>2026-06-03T17:58:41Z</time>
   </trkpt>
   <trkpt lat="69.6016130" lon="19.1105430">
    <ele>590.6</ele>
    <time>2026-06-03T17:58:42Z</time>
   </trkpt>
   <trkpt lat="69.6016170" lon="19.1106000">
    <ele>592.1</ele>
    <time>2026-06-03T17:58:43Z</time>
   </trkpt>
   <trkpt lat="69.6016170" lon="19.1106000">
    <ele>592.1</ele>
    <time>2026-06-03T17:58:44Z</time>
   </trkpt>
   <trkpt lat="69.6016170" lon="19.1106000">
    <ele>592.1</ele>
    <time>2026-06-03T17:58:45Z</time>
   </trkpt>
   <trkpt lat="69.6016170" lon="19.1106000">
    <ele>592.1</ele>
    <time>2026-06-03T17:58:46Z</time>
   </trkpt>
   <trkpt lat="69.6016170" lon="19.1106000">
    <ele>592.1</ele>
    <time>2026-06-03T17:58:47Z</time>
   </trkpt>
   <trkpt lat="69.6016060" lon="19.1106530">
    <ele>592.8</ele>
    <time>2026-06-03T17:58:48Z</time>
   </trkpt>
   <trkpt lat="69.6016060" lon="19.1106530">
    <ele>592.8</ele>
    <time>2026-06-03T17:58:49Z</time>
   </trkpt>
   <trkpt lat="69.6016060" lon="19.1106530">
    <ele>592.8</ele>
    <time>2026-06-03T17:58:50Z</time>
   </trkpt>
   <trkpt lat="69.6016060" lon="19.1106530">
    <ele>592.8</ele>
    <time>2026-06-03T17:58:51Z</time>
   </trkpt>
   <trkpt lat="69.6016060" lon="19.1106530">
    <ele>592.8</ele>
    <time>2026-06-03T17:58:52Z</time>
   </trkpt>
   <trkpt lat="69.6016060" lon="19.1106530">
    <ele>592.8</ele>
    <time>2026-06-03T17:58:53Z</time>
   </trkpt>
   <trkpt lat="69.6015940" lon="19.1106930">
    <ele>593.7</ele>
    <time>2026-06-03T17:58:54Z</time>
   </trkpt>
   <trkpt lat="69.6015940" lon="19.1106930">
    <ele>593.7</ele>
    <time>2026-06-03T17:58:55Z</time>
   </trkpt>
   <trkpt lat="69.6015940" lon="19.1106930">
    <ele>593.7</ele>
    <time>2026-06-03T17:58:56Z</time>
   </trkpt>
   <trkpt lat="69.6015940" lon="19.1106930">
    <ele>593.7</ele>
    <time>2026-06-03T17:58:57Z</time>
   </trkpt>
   <trkpt lat="69.6015950" lon="19.1107550">
    <ele>594.4</ele>
    <time>2026-06-03T17:58:58Z</time>
   </trkpt>
   <trkpt lat="69.6015950" lon="19.1107550">
    <ele>594.4</ele>
    <time>2026-06-03T17:58:59Z</time>
   </trkpt>
   <trkpt lat="69.6015950" lon="19.1107550">
    <ele>594.4</ele>
    <time>2026-06-03T17:59:00Z</time>
   </trkpt>
   <trkpt lat="69.6015950" lon="19.1107550">
    <ele>594.4</ele>
    <time>2026-06-03T17:59:01Z</time>
   </trkpt>
   <trkpt lat="69.6015930" lon="19.1108120">
    <ele>595.8</ele>
    <time>2026-06-03T17:59:02Z</time>
   </trkpt>
   <trkpt lat="69.6015930" lon="19.1108120">
    <ele>595.8</ele>
    <time>2026-06-03T17:59:03Z</time>
   </trkpt>
   <trkpt lat="69.6015930" lon="19.1108120">
    <ele>595.8</ele>
    <time>2026-06-03T17:59:04Z</time>
   </trkpt>
   <trkpt lat="69.6015930" lon="19.1108120">
    <ele>595.8</ele>
    <time>2026-06-03T17:59:05Z</time>
   </trkpt>
   <trkpt lat="69.6015890" lon="19.1108760">
    <ele>596.7</ele>
    <time>2026-06-03T17:59:06Z</time>
   </trkpt>
   <trkpt lat="69.6015890" lon="19.1108760">
    <ele>596.7</ele>
    <time>2026-06-03T17:59:07Z</time>
   </trkpt>
   <trkpt lat="69.6015890" lon="19.1108760">
    <ele>596.7</ele>
    <time>2026-06-03T17:59:08Z</time>
   </trkpt>
   <trkpt lat="69.6015890" lon="19.1108760">
    <ele>596.7</ele>
    <time>2026-06-03T17:59:09Z</time>
   </trkpt>
   <trkpt lat="69.6015890" lon="19.1108760">
    <ele>596.7</ele>
    <time>2026-06-03T17:59:10Z</time>
   </trkpt>
   <trkpt lat="69.6015700" lon="19.1109090">
    <ele>597.6</ele>
    <time>2026-06-03T17:59:11Z</time>
   </trkpt>
   <trkpt lat="69.6015700" lon="19.1109090">
    <ele>597.6</ele>
    <time>2026-06-03T17:59:12Z</time>
   </trkpt>
   <trkpt lat="69.6015700" lon="19.1109090">
    <ele>597.6</ele>
    <time>2026-06-03T17:59:13Z</time>
   </trkpt>
   <trkpt lat="69.6015700" lon="19.1109090">
    <ele>597.6</ele>
    <time>2026-06-03T17:59:14Z</time>
   </trkpt>
   <trkpt lat="69.6015490" lon="19.1109370">
    <ele>598.5</ele>
    <time>2026-06-03T17:59:15Z</time>
   </trkpt>
   <trkpt lat="69.6015490" lon="19.1109370">
    <ele>598.5</ele>
    <time>2026-06-03T17:59:16Z</time>
   </trkpt>
   <trkpt lat="69.6015490" lon="19.1109370">
    <ele>598.5</ele>
    <time>2026-06-03T17:59:17Z</time>
   </trkpt>
   <trkpt lat="69.6015310" lon="19.1109470">
    <ele>598.7</ele>
    <time>2026-06-03T17:59:18Z</time>
   </trkpt>
   <trkpt lat="69.6015310" lon="19.1109470">
    <ele>598.7</ele>
    <time>2026-06-03T17:59:19Z</time>
   </trkpt>
   <trkpt lat="69.6015310" lon="19.1109470">
    <ele>598.7</ele>
    <time>2026-06-03T17:59:20Z</time>
   </trkpt>
   <trkpt lat="69.6015310" lon="19.1109470">
    <ele>598.7</ele>
    <time>2026-06-03T17:59:21Z</time>
   </trkpt>
   <trkpt lat="69.6015120" lon="19.1109460">
    <ele>599.1</ele>
    <time>2026-06-03T17:59:22Z</time>
   </trkpt>
   <trkpt lat="69.6015120" lon="19.1109460">
    <ele>599.1</ele>
    <time>2026-06-03T17:59:23Z</time>
   </trkpt>
   <trkpt lat="69.6015120" lon="19.1109460">
    <ele>599.1</ele>
    <time>2026-06-03T17:59:24Z</time>
   </trkpt>
   <trkpt lat="69.6015120" lon="19.1109460">
    <ele>599.1</ele>
    <time>2026-06-03T17:59:25Z</time>
   </trkpt>
   <trkpt lat="69.6014880" lon="19.1109580">
    <ele>599.3</ele>
    <time>2026-06-03T17:59:26Z</time>
   </trkpt>
   <trkpt lat="69.6014880" lon="19.1109580">
    <ele>599.3</ele>
    <time>2026-06-03T17:59:27Z</time>
   </trkpt>
   <trkpt lat="69.6014880" lon="19.1109580">
    <ele>599.3</ele>
    <time>2026-06-03T17:59:28Z</time>
   </trkpt>
   <trkpt lat="69.6014710" lon="19.1109910">
    <ele>600.2</ele>
    <time>2026-06-03T17:59:29Z</time>
   </trkpt>
   <trkpt lat="69.6014710" lon="19.1109910">
    <ele>600.2</ele>
    <time>2026-06-03T17:59:30Z</time>
   </trkpt>
   <trkpt lat="69.6014710" lon="19.1109910">
    <ele>600.2</ele>
    <time>2026-06-03T17:59:31Z</time>
   </trkpt>
   <trkpt lat="69.6014490" lon="19.1110260">
    <ele>601.1</ele>
    <time>2026-06-03T17:59:32Z</time>
   </trkpt>
   <trkpt lat="69.6014490" lon="19.1110260">
    <ele>601.1</ele>
    <time>2026-06-03T17:59:33Z</time>
   </trkpt>
   <trkpt lat="69.6014490" lon="19.1110260">
    <ele>601.1</ele>
    <time>2026-06-03T17:59:34Z</time>
   </trkpt>
   <trkpt lat="69.6014300" lon="19.1110500">
    <ele>601.3</ele>
    <time>2026-06-03T17:59:35Z</time>
   </trkpt>
   <trkpt lat="69.6014300" lon="19.1110500">
    <ele>601.3</ele>
    <time>2026-06-03T17:59:36Z</time>
   </trkpt>
   <trkpt lat="69.6014300" lon="19.1110500">
    <ele>601.3</ele>
    <time>2026-06-03T17:59:37Z</time>
   </trkpt>
   <trkpt lat="69.6014150" lon="19.1110780">
    <ele>602.0</ele>
    <time>2026-06-03T17:59:38Z</time>
   </trkpt>
   <trkpt lat="69.6014150" lon="19.1110780">
    <ele>602.0</ele>
    <time>2026-06-03T17:59:39Z</time>
   </trkpt>
   <trkpt lat="69.6014150" lon="19.1110780">
    <ele>602.0</ele>
    <time>2026-06-03T17:59:40Z</time>
   </trkpt>
   <trkpt lat="69.6013990" lon="19.1111100">
    <ele>602.8</ele>
    <time>2026-06-03T17:59:41Z</time>
   </trkpt>
   <trkpt lat="69.6013990" lon="19.1111100">
    <ele>602.8</ele>
    <time>2026-06-03T17:59:42Z</time>
   </trkpt>
   <trkpt lat="69.6013990" lon="19.1111100">
    <ele>602.8</ele>
    <time>2026-06-03T17:59:43Z</time>
   </trkpt>
   <trkpt lat="69.6013990" lon="19.1111100">
    <ele>602.8</ele>
    <time>2026-06-03T17:59:44Z</time>
   </trkpt>
   <trkpt lat="69.6013990" lon="19.1111100">
    <ele>602.8</ele>
    <time>2026-06-03T17:59:45Z</time>
   </trkpt>
   <trkpt lat="69.6013860" lon="19.1111550">
    <ele>603.6</ele>
    <time>2026-06-03T17:59:46Z</time>
   </trkpt>
   <trkpt lat="69.6013860" lon="19.1111550">
    <ele>603.6</ele>
    <time>2026-06-03T17:59:47Z</time>
   </trkpt>
   <trkpt lat="69.6013860" lon="19.1111550">
    <ele>603.6</ele>
    <time>2026-06-03T17:59:48Z</time>
   </trkpt>
   <trkpt lat="69.6013750" lon="19.1112120">
    <ele>604.3</ele>
    <time>2026-06-03T17:59:49Z</time>
   </trkpt>
   <trkpt lat="69.6013750" lon="19.1112120">
    <ele>604.3</ele>
    <time>2026-06-03T17:59:50Z</time>
   </trkpt>
   <trkpt lat="69.6013750" lon="19.1112120">
    <ele>604.3</ele>
    <time>2026-06-03T17:59:51Z</time>
   </trkpt>
   <trkpt lat="69.6013750" lon="19.1112120">
    <ele>604.3</ele>
    <time>2026-06-03T17:59:52Z</time>
   </trkpt>
   <trkpt lat="69.6013670" lon="19.1112590">
    <ele>605.0</ele>
    <time>2026-06-03T17:59:53Z</time>
   </trkpt>
   <trkpt lat="69.6013670" lon="19.1112590">
    <ele>605.0</ele>
    <time>2026-06-03T17:59:54Z</time>
   </trkpt>
   <trkpt lat="69.6013670" lon="19.1112590">
    <ele>605.0</ele>
    <time>2026-06-03T17:59:55Z</time>
   </trkpt>
   <trkpt lat="69.6013670" lon="19.1112590">
    <ele>605.0</ele>
    <time>2026-06-03T17:59:56Z</time>
   </trkpt>
   <trkpt lat="69.6013610" lon="19.1113180">
    <ele>605.7</ele>
    <time>2026-06-03T17:59:57Z</time>
   </trkpt>
   <trkpt lat="69.6013610" lon="19.1113180">
    <ele>605.7</ele>
    <time>2026-06-03T17:59:58Z</time>
   </trkpt>
   <trkpt lat="69.6013610" lon="19.1113180">
    <ele>605.7</ele>
    <time>2026-06-03T17:59:59Z</time>
   </trkpt>
   <trkpt lat="69.6013610" lon="19.1113180">
    <ele>605.7</ele>
    <time>2026-06-03T18:00:00Z</time>
   </trkpt>
   <trkpt lat="69.6013570" lon="19.1113740">
    <ele>607.0</ele>
    <time>2026-06-03T18:00:01Z</time>
   </trkpt>
   <trkpt lat="69.6013570" lon="19.1113740">
    <ele>607.0</ele>
    <time>2026-06-03T18:00:02Z</time>
   </trkpt>
   <trkpt lat="69.6013570" lon="19.1113740">
    <ele>607.0</ele>
    <time>2026-06-03T18:00:03Z</time>
   </trkpt>
   <trkpt lat="69.6013570" lon="19.1113740">
    <ele>607.0</ele>
    <time>2026-06-03T18:00:04Z</time>
   </trkpt>
   <trkpt lat="69.6013570" lon="19.1114260">
    <ele>607.6</ele>
    <time>2026-06-03T18:00:05Z</time>
   </trkpt>
   <trkpt lat="69.6013570" lon="19.1114260">
    <ele>607.6</ele>
    <time>2026-06-03T18:00:06Z</time>
   </trkpt>
   <trkpt lat="69.6013570" lon="19.1114260">
    <ele>607.6</ele>
    <time>2026-06-03T18:00:07Z</time>
   </trkpt>
   <trkpt lat="69.6013570" lon="19.1114260">
    <ele>607.6</ele>
    <time>2026-06-03T18:00:08Z</time>
   </trkpt>
   <trkpt lat="69.6013570" lon="19.1114260">
    <ele>607.6</ele>
    <time>2026-06-03T18:00:09Z</time>
   </trkpt>
   <trkpt lat="69.6013520" lon="19.1114890">
    <ele>608.2</ele>
    <time>2026-06-03T18:00:10Z</time>
   </trkpt>
   <trkpt lat="69.6013520" lon="19.1114890">
    <ele>608.2</ele>
    <time>2026-06-03T18:00:11Z</time>
   </trkpt>
   <trkpt lat="69.6013520" lon="19.1114890">
    <ele>608.2</ele>
    <time>2026-06-03T18:00:12Z</time>
   </trkpt>
   <trkpt lat="69.6013520" lon="19.1114890">
    <ele>608.2</ele>
    <time>2026-06-03T18:00:13Z</time>
   </trkpt>
   <trkpt lat="69.6013510" lon="19.1115440">
    <ele>609.4</ele>
    <time>2026-06-03T18:00:14Z</time>
   </trkpt>
   <trkpt lat="69.6013510" lon="19.1115440">
    <ele>609.4</ele>
    <time>2026-06-03T18:00:15Z</time>
   </trkpt>
   <trkpt lat="69.6013510" lon="19.1115440">
    <ele>609.4</ele>
    <time>2026-06-03T18:00:16Z</time>
   </trkpt>
   <trkpt lat="69.6013510" lon="19.1115440">
    <ele>609.4</ele>
    <time>2026-06-03T18:00:17Z</time>
   </trkpt>
   <trkpt lat="69.6013540" lon="19.1116000">
    <ele>610.0</ele>
    <time>2026-06-03T18:00:18Z</time>
   </trkpt>
   <trkpt lat="69.6013540" lon="19.1116000">
    <ele>610.0</ele>
    <time>2026-06-03T18:00:19Z</time>
   </trkpt>
   <trkpt lat="69.6013540" lon="19.1116000">
    <ele>610.0</ele>
    <time>2026-06-03T18:00:20Z</time>
   </trkpt>
   <trkpt lat="69.6013540" lon="19.1116000">
    <ele>610.0</ele>
    <time>2026-06-03T18:00:21Z</time>
   </trkpt>
   <trkpt lat="69.6013530" lon="19.1116560">
    <ele>610.6</ele>
    <time>2026-06-03T18:00:22Z</time>
   </trkpt>
   <trkpt lat="69.6013530" lon="19.1116560">
    <ele>610.6</ele>
    <time>2026-06-03T18:00:23Z</time>
   </trkpt>
   <trkpt lat="69.6013530" lon="19.1116560">
    <ele>610.6</ele>
    <time>2026-06-03T18:00:24Z</time>
   </trkpt>
   <trkpt lat="69.6013530" lon="19.1116560">
    <ele>610.6</ele>
    <time>2026-06-03T18:00:25Z</time>
   </trkpt>
   <trkpt lat="69.6013530" lon="19.1117140">
    <ele>611.8</ele>
    <time>2026-06-03T18:00:26Z</time>
   </trkpt>
   <trkpt lat="69.6013530" lon="19.1117140">
    <ele>611.8</ele>
    <time>2026-06-03T18:00:27Z</time>
   </trkpt>
   <trkpt lat="69.6013530" lon="19.1117140">
    <ele>611.8</ele>
    <time>2026-06-03T18:00:28Z</time>
   </trkpt>
   <trkpt lat="69.6013530" lon="19.1117140">
    <ele>611.9</ele>
    <time>2026-06-03T18:00:29Z</time>
   </trkpt>
   <trkpt lat="69.6013580" lon="19.1117770">
    <ele>612.5</ele>
    <time>2026-06-03T18:00:30Z</time>
   </trkpt>
   <trkpt lat="69.6013580" lon="19.1117770">
    <ele>612.5</ele>
    <time>2026-06-03T18:00:31Z</time>
   </trkpt>
   <trkpt lat="69.6013580" lon="19.1117770">
    <ele>612.5</ele>
    <time>2026-06-03T18:00:32Z</time>
   </trkpt>
   <trkpt lat="69.6013580" lon="19.1117770">
    <ele>612.5</ele>
    <time>2026-06-03T18:00:33Z</time>
   </trkpt>
   <trkpt lat="69.6013640" lon="19.1118380">
    <ele>613.7</ele>
    <time>2026-06-03T18:00:34Z</time>
   </trkpt>
   <trkpt lat="69.6013640" lon="19.1118380">
    <ele>613.7</ele>
    <time>2026-06-03T18:00:35Z</time>
   </trkpt>
   <trkpt lat="69.6013640" lon="19.1118380">
    <ele>613.7</ele>
    <time>2026-06-03T18:00:36Z</time>
   </trkpt>
   <trkpt lat="69.6013640" lon="19.1118380">
    <ele>613.7</ele>
    <time>2026-06-03T18:00:37Z</time>
   </trkpt>
   <trkpt lat="69.6013690" lon="19.1118990">
    <ele>614.1</ele>
    <time>2026-06-03T18:00:38Z</time>
   </trkpt>
   <trkpt lat="69.6013690" lon="19.1118990">
    <ele>614.1</ele>
    <time>2026-06-03T18:00:39Z</time>
   </trkpt>
   <trkpt lat="69.6013690" lon="19.1118990">
    <ele>614.1</ele>
    <time>2026-06-03T18:00:40Z</time>
   </trkpt>
   <trkpt lat="69.6013690" lon="19.1118990">
    <ele>614.1</ele>
    <time>2026-06-03T18:00:41Z</time>
   </trkpt>
   <trkpt lat="69.6013770" lon="19.1119580">
    <ele>614.8</ele>
    <time>2026-06-03T18:00:42Z</time>
   </trkpt>
   <trkpt lat="69.6013770" lon="19.1119580">
    <ele>614.8</ele>
    <time>2026-06-03T18:00:43Z</time>
   </trkpt>
   <trkpt lat="69.6013770" lon="19.1119580">
    <ele>614.8</ele>
    <time>2026-06-03T18:00:44Z</time>
   </trkpt>
   <trkpt lat="69.6013770" lon="19.1119580">
    <ele>614.8</ele>
    <time>2026-06-03T18:00:45Z</time>
   </trkpt>
   <trkpt lat="69.6013830" lon="19.1120200">
    <ele>615.8</ele>
    <time>2026-06-03T18:00:46Z</time>
   </trkpt>
   <trkpt lat="69.6013830" lon="19.1120200">
    <ele>615.8</ele>
    <time>2026-06-03T18:00:47Z</time>
   </trkpt>
   <trkpt lat="69.6013830" lon="19.1120200">
    <ele>615.8</ele>
    <time>2026-06-03T18:00:48Z</time>
   </trkpt>
   <trkpt lat="69.6013830" lon="19.1120200">
    <ele>615.8</ele>
    <time>2026-06-03T18:00:49Z</time>
   </trkpt>
   <trkpt lat="69.6013850" lon="19.1120750">
    <ele>616.5</ele>
    <time>2026-06-03T18:00:50Z</time>
   </trkpt>
   <trkpt lat="69.6013850" lon="19.1120750">
    <ele>616.5</ele>
    <time>2026-06-03T18:00:51Z</time>
   </trkpt>
   <trkpt lat="69.6013850" lon="19.1120750">
    <ele>616.5</ele>
    <time>2026-06-03T18:00:52Z</time>
   </trkpt>
   <trkpt lat="69.6013850" lon="19.1120750">
    <ele>616.5</ele>
    <time>2026-06-03T18:00:53Z</time>
   </trkpt>
   <trkpt lat="69.6013870" lon="19.1121360">
    <ele>617.8</ele>
    <time>2026-06-03T18:00:54Z</time>
   </trkpt>
   <trkpt lat="69.6013870" lon="19.1121360">
    <ele>617.8</ele>
    <time>2026-06-03T18:00:55Z</time>
   </trkpt>
   <trkpt lat="69.6013870" lon="19.1121360">
    <ele>617.8</ele>
    <time>2026-06-03T18:00:56Z</time>
   </trkpt>
   <trkpt lat="69.6013870" lon="19.1121360">
    <ele>617.8</ele>
    <time>2026-06-03T18:00:57Z</time>
   </trkpt>
   <trkpt lat="69.6013880" lon="19.1121890">
    <ele>618.5</ele>
    <time>2026-06-03T18:00:58Z</time>
   </trkpt>
   <trkpt lat="69.6013880" lon="19.1121890">
    <ele>618.5</ele>
    <time>2026-06-03T18:00:59Z</time>
   </trkpt>
   <trkpt lat="69.6013880" lon="19.1121890">
    <ele>618.5</ele>
    <time>2026-06-03T18:01:00Z</time>
   </trkpt>
   <trkpt lat="69.6013880" lon="19.1121890">
    <ele>618.5</ele>
    <time>2026-06-03T18:01:01Z</time>
   </trkpt>
   <trkpt lat="69.6013880" lon="19.1122500">
    <ele>619.2</ele>
    <time>2026-06-03T18:01:02Z</time>
   </trkpt>
   <trkpt lat="69.6013880" lon="19.1122500">
    <ele>619.2</ele>
    <time>2026-06-03T18:01:03Z</time>
   </trkpt>
   <trkpt lat="69.6013880" lon="19.1122500">
    <ele>619.2</ele>
    <time>2026-06-03T18:01:04Z</time>
   </trkpt>
   <trkpt lat="69.6013880" lon="19.1122500">
    <ele>619.2</ele>
    <time>2026-06-03T18:01:05Z</time>
   </trkpt>
   <trkpt lat="69.6013880" lon="19.1123100">
    <ele>620.7</ele>
    <time>2026-06-03T18:01:06Z</time>
   </trkpt>
   <trkpt lat="69.6013880" lon="19.1123100">
    <ele>620.7</ele>
    <time>2026-06-03T18:01:07Z</time>
   </trkpt>
   <trkpt lat="69.6013880" lon="19.1123100">
    <ele>620.7</ele>
    <time>2026-06-03T18:01:08Z</time>
   </trkpt>
   <trkpt lat="69.6013880" lon="19.1123100">
    <ele>620.7</ele>
    <time>2026-06-03T18:01:09Z</time>
   </trkpt>
   <trkpt lat="69.6013880" lon="19.1123660">
    <ele>621.4</ele>
    <time>2026-06-03T18:01:10Z</time>
   </trkpt>
   <trkpt lat="69.6013880" lon="19.1123660">
    <ele>621.4</ele>
    <time>2026-06-03T18:01:11Z</time>
   </trkpt>
   <trkpt lat="69.6013880" lon="19.1123660">
    <ele>621.4</ele>
    <time>2026-06-03T18:01:12Z</time>
   </trkpt>
   <trkpt lat="69.6013880" lon="19.1123660">
    <ele>621.4</ele>
    <time>2026-06-03T18:01:13Z</time>
   </trkpt>
   <trkpt lat="69.6013910" lon="19.1124240">
    <ele>622.2</ele>
    <time>2026-06-03T18:01:14Z</time>
   </trkpt>
   <trkpt lat="69.6013910" lon="19.1124240">
    <ele>622.2</ele>
    <time>2026-06-03T18:01:15Z</time>
   </trkpt>
   <trkpt lat="69.6013910" lon="19.1124240">
    <ele>622.2</ele>
    <time>2026-06-03T18:01:16Z</time>
   </trkpt>
   <trkpt lat="69.6013910" lon="19.1124840">
    <ele>623.9</ele>
    <time>2026-06-03T18:01:17Z</time>
   </trkpt>
   <trkpt lat="69.6013910" lon="19.1124840">
    <ele>623.9</ele>
    <time>2026-06-03T18:01:18Z</time>
   </trkpt>
   <trkpt lat="69.6013910" lon="19.1124840">
    <ele>623.9</ele>
    <time>2026-06-03T18:01:19Z</time>
   </trkpt>
   <trkpt lat="69.6013910" lon="19.1124840">
    <ele>623.9</ele>
    <time>2026-06-03T18:01:20Z</time>
   </trkpt>
   <trkpt lat="69.6013910" lon="19.1124840">
    <ele>623.9</ele>
    <time>2026-06-03T18:01:21Z</time>
   </trkpt>
   <trkpt lat="69.6013890" lon="19.1125390">
    <ele>624.7</ele>
    <time>2026-06-03T18:01:22Z</time>
   </trkpt>
   <trkpt lat="69.6013890" lon="19.1125390">
    <ele>624.7</ele>
    <time>2026-06-03T18:01:23Z</time>
   </trkpt>
   <trkpt lat="69.6013890" lon="19.1125390">
    <ele>624.7</ele>
    <time>2026-06-03T18:01:24Z</time>
   </trkpt>
   <trkpt lat="69.6013890" lon="19.1125390">
    <ele>624.7</ele>
    <time>2026-06-03T18:01:25Z</time>
   </trkpt>
   <trkpt lat="69.6013940" lon="19.1125930">
    <ele>625.6</ele>
    <time>2026-06-03T18:01:26Z</time>
   </trkpt>
   <trkpt lat="69.6013940" lon="19.1125930">
    <ele>625.6</ele>
    <time>2026-06-03T18:01:27Z</time>
   </trkpt>
   <trkpt lat="69.6013940" lon="19.1125930">
    <ele>625.6</ele>
    <time>2026-06-03T18:01:28Z</time>
   </trkpt>
   <trkpt lat="69.6013960" lon="19.1126510">
    <ele>626.9</ele>
    <time>2026-06-03T18:01:29Z</time>
   </trkpt>
   <trkpt lat="69.6013960" lon="19.1126510">
    <ele>626.9</ele>
    <time>2026-06-03T18:01:30Z</time>
   </trkpt>
   <trkpt lat="69.6013960" lon="19.1126510">
    <ele>627.0</ele>
    <time>2026-06-03T18:01:31Z</time>
   </trkpt>
   <trkpt lat="69.6013960" lon="19.1126510">
    <ele>627.0</ele>
    <time>2026-06-03T18:01:32Z</time>
   </trkpt>
   <trkpt lat="69.6013960" lon="19.1126510">
    <ele>627.0</ele>
    <time>2026-06-03T18:01:33Z</time>
   </trkpt>
   <trkpt lat="69.6013880" lon="19.1127060">
    <ele>628.3</ele>
    <time>2026-06-03T18:01:34Z</time>
   </trkpt>
   <trkpt lat="69.6013880" lon="19.1127060">
    <ele>628.3</ele>
    <time>2026-06-03T18:01:35Z</time>
   </trkpt>
   <trkpt lat="69.6013880" lon="19.1127060">
    <ele>628.3</ele>
    <time>2026-06-03T18:01:36Z</time>
   </trkpt>
   <trkpt lat="69.6013880" lon="19.1127060">
    <ele>628.3</ele>
    <time>2026-06-03T18:01:37Z</time>
   </trkpt>
   <trkpt lat="69.6013880" lon="19.1127060">
    <ele>628.3</ele>
    <time>2026-06-03T18:01:38Z</time>
   </trkpt>
   <trkpt lat="69.6013700" lon="19.1127310">
    <ele>628.7</ele>
    <time>2026-06-03T18:01:39Z</time>
   </trkpt>
   <trkpt lat="69.6013700" lon="19.1127310">
    <ele>628.7</ele>
    <time>2026-06-03T18:01:40Z</time>
   </trkpt>
   <trkpt lat="69.6013700" lon="19.1127310">
    <ele>628.7</ele>
    <time>2026-06-03T18:01:41Z</time>
   </trkpt>
   <trkpt lat="69.6013700" lon="19.1127310">
    <ele>628.7</ele>
    <time>2026-06-03T18:01:42Z</time>
   </trkpt>
   <trkpt lat="69.6013520" lon="19.1127480">
    <ele>630.1</ele>
    <time>2026-06-03T18:01:43Z</time>
   </trkpt>
   <trkpt lat="69.6013520" lon="19.1127480">
    <ele>630.1</ele>
    <time>2026-06-03T18:01:44Z</time>
   </trkpt>
   <trkpt lat="69.6013520" lon="19.1127480">
    <ele>630.1</ele>
    <time>2026-06-03T18:01:45Z</time>
   </trkpt>
   <trkpt lat="69.6013520" lon="19.1127480">
    <ele>630.1</ele>
    <time>2026-06-03T18:01:46Z</time>
   </trkpt>
   <trkpt lat="69.6013310" lon="19.1127710">
    <ele>631.0</ele>
    <time>2026-06-03T18:01:47Z</time>
   </trkpt>
   <trkpt lat="69.6013310" lon="19.1127710">
    <ele>631.0</ele>
    <time>2026-06-03T18:01:48Z</time>
   </trkpt>
   <trkpt lat="69.6013310" lon="19.1127710">
    <ele>631.0</ele>
    <time>2026-06-03T18:01:49Z</time>
   </trkpt>
   <trkpt lat="69.6013310" lon="19.1127710">
    <ele>631.0</ele>
    <time>2026-06-03T18:01:50Z</time>
   </trkpt>
   <trkpt lat="69.6013100" lon="19.1127950">
    <ele>632.3</ele>
    <time>2026-06-03T18:01:51Z</time>
   </trkpt>
   <trkpt lat="69.6013100" lon="19.1127950">
    <ele>632.3</ele>
    <time>2026-06-03T18:01:52Z</time>
   </trkpt>
   <trkpt lat="69.6013100" lon="19.1127950">
    <ele>632.3</ele>
    <time>2026-06-03T18:01:53Z</time>
   </trkpt>
   <trkpt lat="69.6013100" lon="19.1127950">
    <ele>632.3</ele>
    <time>2026-06-03T18:01:54Z</time>
   </trkpt>
   <trkpt lat="69.6012890" lon="19.1128200">
    <ele>633.2</ele>
    <time>2026-06-03T18:01:55Z</time>
   </trkpt>
   <trkpt lat="69.6012890" lon="19.1128200">
    <ele>633.2</ele>
    <time>2026-06-03T18:01:56Z</time>
   </trkpt>
   <trkpt lat="69.6012890" lon="19.1128200">
    <ele>633.2</ele>
    <time>2026-06-03T18:01:57Z</time>
   </trkpt>
   <trkpt lat="69.6012720" lon="19.1128430">
    <ele>634.5</ele>
    <time>2026-06-03T18:01:58Z</time>
   </trkpt>
   <trkpt lat="69.6012720" lon="19.1128430">
    <ele>634.5</ele>
    <time>2026-06-03T18:01:59Z</time>
   </trkpt>
   <trkpt lat="69.6012720" lon="19.1128430">
    <ele>634.5</ele>
    <time>2026-06-03T18:02:00Z</time>
   </trkpt>
   <trkpt lat="69.6012720" lon="19.1128430">
    <ele>634.5</ele>
    <time>2026-06-03T18:02:01Z</time>
   </trkpt>
   <trkpt lat="69.6012540" lon="19.1128560">
    <ele>634.9</ele>
    <time>2026-06-03T18:02:02Z</time>
   </trkpt>
   <trkpt lat="69.6012540" lon="19.1128560">
    <ele>634.9</ele>
    <time>2026-06-03T18:02:03Z</time>
   </trkpt>
   <trkpt lat="69.6012540" lon="19.1128560">
    <ele>634.9</ele>
    <time>2026-06-03T18:02:04Z</time>
   </trkpt>
   <trkpt lat="69.6012540" lon="19.1128560">
    <ele>634.9</ele>
    <time>2026-06-03T18:02:05Z</time>
   </trkpt>
   <trkpt lat="69.6012540" lon="19.1128560">
    <ele>634.9</ele>
    <time>2026-06-03T18:02:06Z</time>
   </trkpt>
   <trkpt lat="69.6012540" lon="19.1128560">
    <ele>634.9</ele>
    <time>2026-06-03T18:02:07Z</time>
   </trkpt>
   <trkpt lat="69.6012540" lon="19.1128560">
    <ele>634.9</ele>
    <time>2026-06-03T18:02:08Z</time>
   </trkpt>
   <trkpt lat="69.6012340" lon="19.1128650">
    <ele>636.3</ele>
    <time>2026-06-03T18:02:09Z</time>
   </trkpt>
   <trkpt lat="69.6012340" lon="19.1128650">
    <ele>636.3</ele>
    <time>2026-06-03T18:02:10Z</time>
   </trkpt>
   <trkpt lat="69.6012340" lon="19.1128650">
    <ele>636.3</ele>
    <time>2026-06-03T18:02:11Z</time>
   </trkpt>
   <trkpt lat="69.6012340" lon="19.1128650">
    <ele>636.3</ele>
    <time>2026-06-03T18:02:12Z</time>
   </trkpt>
   <trkpt lat="69.6012340" lon="19.1128650">
    <ele>636.3</ele>
    <time>2026-06-03T18:02:13Z</time>
   </trkpt>
   <trkpt lat="69.6012140" lon="19.1128870">
    <ele>637.1</ele>
    <time>2026-06-03T18:02:14Z</time>
   </trkpt>
   <trkpt lat="69.6012140" lon="19.1128870">
    <ele>637.1</ele>
    <time>2026-06-03T18:02:15Z</time>
   </trkpt>
   <trkpt lat="69.6012140" lon="19.1128870">
    <ele>637.1</ele>
    <time>2026-06-03T18:02:16Z</time>
   </trkpt>
   <trkpt lat="69.6011970" lon="19.1129200">
    <ele>638.4</ele>
    <time>2026-06-03T18:02:17Z</time>
   </trkpt>
   <trkpt lat="69.6011970" lon="19.1129200">
    <ele>638.4</ele>
    <time>2026-06-03T18:02:18Z</time>
   </trkpt>
   <trkpt lat="69.6011970" lon="19.1129200">
    <ele>638.4</ele>
    <time>2026-06-03T18:02:19Z</time>
   </trkpt>
   <trkpt lat="69.6011970" lon="19.1129200">
    <ele>638.4</ele>
    <time>2026-06-03T18:02:20Z</time>
   </trkpt>
   <trkpt lat="69.6011770" lon="19.1129460">
    <ele>638.8</ele>
    <time>2026-06-03T18:02:21Z</time>
   </trkpt>
   <trkpt lat="69.6011770" lon="19.1129460">
    <ele>638.8</ele>
    <time>2026-06-03T18:02:22Z</time>
   </trkpt>
   <trkpt lat="69.6011770" lon="19.1129460">
    <ele>638.8</ele>
    <time>2026-06-03T18:02:23Z</time>
   </trkpt>
   <trkpt lat="69.6011770" lon="19.1129460">
    <ele>638.8</ele>
    <time>2026-06-03T18:02:24Z</time>
   </trkpt>
   <trkpt lat="69.6011770" lon="19.1129460">
    <ele>638.8</ele>
    <time>2026-06-03T18:02:25Z</time>
   </trkpt>
   <trkpt lat="69.6011590" lon="19.1129650">
    <ele>640.2</ele>
    <time>2026-06-03T18:02:26Z</time>
   </trkpt>
   <trkpt lat="69.6011590" lon="19.1129650">
    <ele>640.2</ele>
    <time>2026-06-03T18:02:27Z</time>
   </trkpt>
   <trkpt lat="69.6011590" lon="19.1129650">
    <ele>640.2</ele>
    <time>2026-06-03T18:02:28Z</time>
   </trkpt>
   <trkpt lat="69.6011420" lon="19.1129830">
    <ele>640.6</ele>
    <time>2026-06-03T18:02:29Z</time>
   </trkpt>
   <trkpt lat="69.6011420" lon="19.1129830">
    <ele>640.6</ele>
    <time>2026-06-03T18:02:30Z</time>
   </trkpt>
   <trkpt lat="69.6011420" lon="19.1129830">
    <ele>640.6</ele>
    <time>2026-06-03T18:02:31Z</time>
   </trkpt>
   <trkpt lat="69.6011420" lon="19.1129830">
    <ele>640.6</ele>
    <time>2026-06-03T18:02:32Z</time>
   </trkpt>
   <trkpt lat="69.6011420" lon="19.1129830">
    <ele>640.6</ele>
    <time>2026-06-03T18:02:33Z</time>
   </trkpt>
   <trkpt lat="69.6011420" lon="19.1129830">
    <ele>640.6</ele>
    <time>2026-06-03T18:02:34Z</time>
   </trkpt>
   <trkpt lat="69.6011220" lon="19.1130050">
    <ele>642.3</ele>
    <time>2026-06-03T18:02:35Z</time>
   </trkpt>
   <trkpt lat="69.6011220" lon="19.1130050">
    <ele>642.3</ele>
    <time>2026-06-03T18:02:36Z</time>
   </trkpt>
   <trkpt lat="69.6011220" lon="19.1130050">
    <ele>642.3</ele>
    <time>2026-06-03T18:02:37Z</time>
   </trkpt>
   <trkpt lat="69.6011220" lon="19.1130050">
    <ele>642.3</ele>
    <time>2026-06-03T18:02:38Z</time>
   </trkpt>
   <trkpt lat="69.6011030" lon="19.1130150">
    <ele>642.7</ele>
    <time>2026-06-03T18:02:39Z</time>
   </trkpt>
   <trkpt lat="69.6011030" lon="19.1130150">
    <ele>642.7</ele>
    <time>2026-06-03T18:02:40Z</time>
   </trkpt>
   <trkpt lat="69.6011030" lon="19.1130150">
    <ele>642.7</ele>
    <time>2026-06-03T18:02:41Z</time>
   </trkpt>
   <trkpt lat="69.6011030" lon="19.1130150">
    <ele>642.7</ele>
    <time>2026-06-03T18:02:42Z</time>
   </trkpt>
   <trkpt lat="69.6011030" lon="19.1130150">
    <ele>642.7</ele>
    <time>2026-06-03T18:02:43Z</time>
   </trkpt>
   <trkpt lat="69.6010840" lon="19.1130320">
    <ele>643.2</ele>
    <time>2026-06-03T18:02:44Z</time>
   </trkpt>
   <trkpt lat="69.6010840" lon="19.1130320">
    <ele>643.2</ele>
    <time>2026-06-03T18:02:45Z</time>
   </trkpt>
   <trkpt lat="69.6010840" lon="19.1130320">
    <ele>643.2</ele>
    <time>2026-06-03T18:02:46Z</time>
   </trkpt>
   <trkpt lat="69.6010840" lon="19.1130320">
    <ele>643.2</ele>
    <time>2026-06-03T18:02:47Z</time>
   </trkpt>
   <trkpt lat="69.6010660" lon="19.1130570">
    <ele>644.9</ele>
    <time>2026-06-03T18:02:48Z</time>
   </trkpt>
   <trkpt lat="69.6010660" lon="19.1130570">
    <ele>644.9</ele>
    <time>2026-06-03T18:02:49Z</time>
   </trkpt>
   <trkpt lat="69.6010660" lon="19.1130570">
    <ele>644.9</ele>
    <time>2026-06-03T18:02:50Z</time>
   </trkpt>
   <trkpt lat="69.6010660" lon="19.1130570">
    <ele>644.9</ele>
    <time>2026-06-03T18:02:51Z</time>
   </trkpt>
   <trkpt lat="69.6010660" lon="19.1130570">
    <ele>644.9</ele>
    <time>2026-06-03T18:02:52Z</time>
   </trkpt>
   <trkpt lat="69.6010470" lon="19.1130720">
    <ele>645.4</ele>
    <time>2026-06-03T18:02:53Z</time>
   </trkpt>
   <trkpt lat="69.6010470" lon="19.1130720">
    <ele>645.4</ele>
    <time>2026-06-03T18:02:54Z</time>
   </trkpt>
   <trkpt lat="69.6010470" lon="19.1130720">
    <ele>645.4</ele>
    <time>2026-06-03T18:02:55Z</time>
   </trkpt>
   <trkpt lat="69.6010470" lon="19.1130720">
    <ele>645.4</ele>
    <time>2026-06-03T18:02:56Z</time>
   </trkpt>
   <trkpt lat="69.6010470" lon="19.1130720">
    <ele>645.4</ele>
    <time>2026-06-03T18:02:57Z</time>
   </trkpt>
   <trkpt lat="69.6010470" lon="19.1130720">
    <ele>645.4</ele>
    <time>2026-06-03T18:02:58Z</time>
   </trkpt>
   <trkpt lat="69.6010470" lon="19.1130720">
    <ele>645.4</ele>
    <time>2026-06-03T18:02:59Z</time>
   </trkpt>
   <trkpt lat="69.6010470" lon="19.1130720">
    <ele>645.4</ele>
    <time>2026-06-03T18:03:00Z</time>
   </trkpt>
   <trkpt lat="69.6010470" lon="19.1130720">
    <ele>645.4</ele>
    <time>2026-06-03T18:03:01Z</time>
   </trkpt>
   <trkpt lat="69.6010420" lon="19.1131220">
    <ele>647.0</ele>
    <time>2026-06-03T18:03:02Z</time>
   </trkpt>
   <trkpt lat="69.6010420" lon="19.1131220">
    <ele>647.0</ele>
    <time>2026-06-03T18:03:03Z</time>
   </trkpt>
   <trkpt lat="69.6010420" lon="19.1131220">
    <ele>647.0</ele>
    <time>2026-06-03T18:03:04Z</time>
   </trkpt>
   <trkpt lat="69.6010420" lon="19.1131220">
    <ele>647.0</ele>
    <time>2026-06-03T18:03:05Z</time>
   </trkpt>
   <trkpt lat="69.6010480" lon="19.1131780">
    <ele>647.7</ele>
    <time>2026-06-03T18:03:06Z</time>
   </trkpt>
   <trkpt lat="69.6010480" lon="19.1131780">
    <ele>647.7</ele>
    <time>2026-06-03T18:03:07Z</time>
   </trkpt>
   <trkpt lat="69.6010480" lon="19.1131780">
    <ele>647.7</ele>
    <time>2026-06-03T18:03:08Z</time>
   </trkpt>
   <trkpt lat="69.6010480" lon="19.1131780">
    <ele>647.7</ele>
    <time>2026-06-03T18:03:09Z</time>
   </trkpt>
   <trkpt lat="69.6010480" lon="19.1131780">
    <ele>647.7</ele>
    <time>2026-06-03T18:03:10Z</time>
   </trkpt>
   <trkpt lat="69.6010550" lon="19.1132340">
    <ele>648.0</ele>
    <time>2026-06-03T18:03:11Z</time>
   </trkpt>
   <trkpt lat="69.6010550" lon="19.1132340">
    <ele>648.0</ele>
    <time>2026-06-03T18:03:12Z</time>
   </trkpt>
   <trkpt lat="69.6010550" lon="19.1132340">
    <ele>648.0</ele>
    <time>2026-06-03T18:03:13Z</time>
   </trkpt>
   <trkpt lat="69.6010550" lon="19.1132340">
    <ele>648.0</ele>
    <time>2026-06-03T18:03:14Z</time>
   </trkpt>
   <trkpt lat="69.6010550" lon="19.1132340">
    <ele>648.0</ele>
    <time>2026-06-03T18:03:15Z</time>
   </trkpt>
   <trkpt lat="69.6010620" lon="19.1132920">
    <ele>648.8</ele>
    <time>2026-06-03T18:03:16Z</time>
   </trkpt>
   <trkpt lat="69.6010620" lon="19.1132920">
    <ele>648.8</ele>
    <time>2026-06-03T18:03:17Z</time>
   </trkpt>
   <trkpt lat="69.6010620" lon="19.1132920">
    <ele>648.8</ele>
    <time>2026-06-03T18:03:18Z</time>
   </trkpt>
   <trkpt lat="69.6010620" lon="19.1132920">
    <ele>648.8</ele>
    <time>2026-06-03T18:03:19Z</time>
   </trkpt>
   <trkpt lat="69.6010700" lon="19.1133460">
    <ele>649.9</ele>
    <time>2026-06-03T18:03:20Z</time>
   </trkpt>
   <trkpt lat="69.6010700" lon="19.1133460">
    <ele>649.9</ele>
    <time>2026-06-03T18:03:21Z</time>
   </trkpt>
   <trkpt lat="69.6010700" lon="19.1133460">
    <ele>649.9</ele>
    <time>2026-06-03T18:03:22Z</time>
   </trkpt>
   <trkpt lat="69.6010700" lon="19.1133460">
    <ele>649.9</ele>
    <time>2026-06-03T18:03:23Z</time>
   </trkpt>
   <trkpt lat="69.6010700" lon="19.1133460">
    <ele>649.9</ele>
    <time>2026-06-03T18:03:24Z</time>
   </trkpt>
   <trkpt lat="69.6010770" lon="19.1133940">
    <ele>650.7</ele>
    <time>2026-06-03T18:03:25Z</time>
   </trkpt>
   <trkpt lat="69.6010770" lon="19.1133940">
    <ele>650.7</ele>
    <time>2026-06-03T18:03:26Z</time>
   </trkpt>
   <trkpt lat="69.6010770" lon="19.1133940">
    <ele>650.7</ele>
    <time>2026-06-03T18:03:27Z</time>
   </trkpt>
   <trkpt lat="69.6010770" lon="19.1133940">
    <ele>650.7</ele>
    <time>2026-06-03T18:03:28Z</time>
   </trkpt>
   <trkpt lat="69.6010770" lon="19.1133940">
    <ele>650.7</ele>
    <time>2026-06-03T18:03:29Z</time>
   </trkpt>
   <trkpt lat="69.6010850" lon="19.1134560">
    <ele>651.0</ele>
    <time>2026-06-03T18:03:30Z</time>
   </trkpt>
   <trkpt lat="69.6010850" lon="19.1134560">
    <ele>651.0</ele>
    <time>2026-06-03T18:03:31Z</time>
   </trkpt>
   <trkpt lat="69.6010850" lon="19.1134560">
    <ele>651.0</ele>
    <time>2026-06-03T18:03:32Z</time>
   </trkpt>
   <trkpt lat="69.6010850" lon="19.1134560">
    <ele>651.0</ele>
    <time>2026-06-03T18:03:33Z</time>
   </trkpt>
   <trkpt lat="69.6010940" lon="19.1135170">
    <ele>652.5</ele>
    <time>2026-06-03T18:03:34Z</time>
   </trkpt>
   <trkpt lat="69.6010940" lon="19.1135170">
    <ele>652.5</ele>
    <time>2026-06-03T18:03:35Z</time>
   </trkpt>
   <trkpt lat="69.6010940" lon="19.1135170">
    <ele>652.5</ele>
    <time>2026-06-03T18:03:36Z</time>
   </trkpt>
   <trkpt lat="69.6010940" lon="19.1135170">
    <ele>652.5</ele>
    <time>2026-06-03T18:03:37Z</time>
   </trkpt>
   <trkpt lat="69.6011010" lon="19.1135740">
    <ele>652.9</ele>
    <time>2026-06-03T18:03:38Z</time>
   </trkpt>
   <trkpt lat="69.6011010" lon="19.1135740">
    <ele>652.9</ele>
    <time>2026-06-03T18:03:39Z</time>
   </trkpt>
   <trkpt lat="69.6011010" lon="19.1135740">
    <ele>652.9</ele>
    <time>2026-06-03T18:03:40Z</time>
   </trkpt>
   <trkpt lat="69.6011010" lon="19.1135740">
    <ele>652.9</ele>
    <time>2026-06-03T18:03:41Z</time>
   </trkpt>
   <trkpt lat="69.6011080" lon="19.1136290">
    <ele>653.6</ele>
    <time>2026-06-03T18:03:42Z</time>
   </trkpt>
   <trkpt lat="69.6011080" lon="19.1136290">
    <ele>653.6</ele>
    <time>2026-06-03T18:03:43Z</time>
   </trkpt>
   <trkpt lat="69.6011080" lon="19.1136290">
    <ele>653.6</ele>
    <time>2026-06-03T18:03:44Z</time>
   </trkpt>
   <trkpt lat="69.6011080" lon="19.1136290">
    <ele>653.7</ele>
    <time>2026-06-03T18:03:45Z</time>
   </trkpt>
   <trkpt lat="69.6011080" lon="19.1136290">
    <ele>653.7</ele>
    <time>2026-06-03T18:03:46Z</time>
   </trkpt>
   <trkpt lat="69.6011180" lon="19.1136840">
    <ele>654.7</ele>
    <time>2026-06-03T18:03:47Z</time>
   </trkpt>
   <trkpt lat="69.6011180" lon="19.1136840">
    <ele>654.7</ele>
    <time>2026-06-03T18:03:48Z</time>
   </trkpt>
   <trkpt lat="69.6011180" lon="19.1136840">
    <ele>654.7</ele>
    <time>2026-06-03T18:03:49Z</time>
   </trkpt>
   <trkpt lat="69.6011180" lon="19.1136840">
    <ele>654.7</ele>
    <time>2026-06-03T18:03:50Z</time>
   </trkpt>
   <trkpt lat="69.6011210" lon="19.1137410">
    <ele>655.3</ele>
    <time>2026-06-03T18:03:51Z</time>
   </trkpt>
   <trkpt lat="69.6011210" lon="19.1137410">
    <ele>655.3</ele>
    <time>2026-06-03T18:03:52Z</time>
   </trkpt>
   <trkpt lat="69.6011210" lon="19.1137410">
    <ele>655.3</ele>
    <time>2026-06-03T18:03:53Z</time>
   </trkpt>
   <trkpt lat="69.6011210" lon="19.1137410">
    <ele>655.3</ele>
    <time>2026-06-03T18:03:54Z</time>
   </trkpt>
   <trkpt lat="69.6011230" lon="19.1137990">
    <ele>656.0</ele>
    <time>2026-06-03T18:03:55Z</time>
   </trkpt>
   <trkpt lat="69.6011230" lon="19.1137990">
    <ele>656.0</ele>
    <time>2026-06-03T18:03:56Z</time>
   </trkpt>
   <trkpt lat="69.6011230" lon="19.1137990">
    <ele>656.0</ele>
    <time>2026-06-03T18:03:57Z</time>
   </trkpt>
   <trkpt lat="69.6011230" lon="19.1137990">
    <ele>656.0</ele>
    <time>2026-06-03T18:03:58Z</time>
   </trkpt>
   <trkpt lat="69.6011270" lon="19.1138620">
    <ele>656.8</ele>
    <time>2026-06-03T18:03:59Z</time>
   </trkpt>
   <trkpt lat="69.6011270" lon="19.1138620">
    <ele>656.8</ele>
    <time>2026-06-03T18:04:00Z</time>
   </trkpt>
   <trkpt lat="69.6011270" lon="19.1138620">
    <ele>656.8</ele>
    <time>2026-06-03T18:04:01Z</time>
   </trkpt>
   <trkpt lat="69.6011270" lon="19.1138620">
    <ele>656.8</ele>
    <time>2026-06-03T18:04:02Z</time>
   </trkpt>
   <trkpt lat="69.6011310" lon="19.1139170">
    <ele>657.4</ele>
    <time>2026-06-03T18:04:03Z</time>
   </trkpt>
   <trkpt lat="69.6011310" lon="19.1139170">
    <ele>657.4</ele>
    <time>2026-06-03T18:04:04Z</time>
   </trkpt>
   <trkpt lat="69.6011310" lon="19.1139170">
    <ele>657.4</ele>
    <time>2026-06-03T18:04:05Z</time>
   </trkpt>
   <trkpt lat="69.6011310" lon="19.1139170">
    <ele>657.4</ele>
    <time>2026-06-03T18:04:06Z</time>
   </trkpt>
   <trkpt lat="69.6011310" lon="19.1139170">
    <ele>657.4</ele>
    <time>2026-06-03T18:04:07Z</time>
   </trkpt>
   <trkpt lat="69.6011330" lon="19.1139750">
    <ele>658.1</ele>
    <time>2026-06-03T18:04:08Z</time>
   </trkpt>
   <trkpt lat="69.6011330" lon="19.1139750">
    <ele>658.1</ele>
    <time>2026-06-03T18:04:09Z</time>
   </trkpt>
   <trkpt lat="69.6011330" lon="19.1139750">
    <ele>658.1</ele>
    <time>2026-06-03T18:04:10Z</time>
   </trkpt>
   <trkpt lat="69.6011330" lon="19.1139750">
    <ele>658.1</ele>
    <time>2026-06-03T18:04:11Z</time>
   </trkpt>
   <trkpt lat="69.6011360" lon="19.1140280">
    <ele>659.3</ele>
    <time>2026-06-03T18:04:12Z</time>
   </trkpt>
   <trkpt lat="69.6011360" lon="19.1140280">
    <ele>659.3</ele>
    <time>2026-06-03T18:04:13Z</time>
   </trkpt>
   <trkpt lat="69.6011360" lon="19.1140280">
    <ele>659.3</ele>
    <time>2026-06-03T18:04:14Z</time>
   </trkpt>
   <trkpt lat="69.6011360" lon="19.1140280">
    <ele>659.4</ele>
    <time>2026-06-03T18:04:15Z</time>
   </trkpt>
   <trkpt lat="69.6011380" lon="19.1140830">
    <ele>660.0</ele>
    <time>2026-06-03T18:04:16Z</time>
   </trkpt>
   <trkpt lat="69.6011380" lon="19.1140830">
    <ele>660.0</ele>
    <time>2026-06-03T18:04:17Z</time>
   </trkpt>
   <trkpt lat="69.6011380" lon="19.1140830">
    <ele>660.0</ele>
    <time>2026-06-03T18:04:18Z</time>
   </trkpt>
   <trkpt lat="69.6011380" lon="19.1140830">
    <ele>660.0</ele>
    <time>2026-06-03T18:04:19Z</time>
   </trkpt>
   <trkpt lat="69.6011380" lon="19.1140830">
    <ele>660.0</ele>
    <time>2026-06-03T18:04:20Z</time>
   </trkpt>
   <trkpt lat="69.6011450" lon="19.1141420">
    <ele>660.2</ele>
    <time>2026-06-03T18:04:21Z</time>
   </trkpt>
   <trkpt lat="69.6011450" lon="19.1141420">
    <ele>660.2</ele>
    <time>2026-06-03T18:04:22Z</time>
   </trkpt>
   <trkpt lat="69.6011450" lon="19.1141420">
    <ele>660.2</ele>
    <time>2026-06-03T18:04:23Z</time>
   </trkpt>
   <trkpt lat="69.6011450" lon="19.1141420">
    <ele>660.2</ele>
    <time>2026-06-03T18:04:24Z</time>
   </trkpt>
   <trkpt lat="69.6011490" lon="19.1141950">
    <ele>661.7</ele>
    <time>2026-06-03T18:04:25Z</time>
   </trkpt>
   <trkpt lat="69.6011490" lon="19.1141950">
    <ele>661.7</ele>
    <time>2026-06-03T18:04:26Z</time>
   </trkpt>
   <trkpt lat="69.6011490" lon="19.1141950">
    <ele>661.7</ele>
    <time>2026-06-03T18:04:27Z</time>
   </trkpt>
   <trkpt lat="69.6011490" lon="19.1141950">
    <ele>661.7</ele>
    <time>2026-06-03T18:04:28Z</time>
   </trkpt>
   <trkpt lat="69.6011490" lon="19.1141950">
    <ele>661.7</ele>
    <time>2026-06-03T18:04:29Z</time>
   </trkpt>
   <trkpt lat="69.6011550" lon="19.1142460">
    <ele>662.4</ele>
    <time>2026-06-03T18:04:30Z</time>
   </trkpt>
   <trkpt lat="69.6011550" lon="19.1142460">
    <ele>662.4</ele>
    <time>2026-06-03T18:04:31Z</time>
   </trkpt>
   <trkpt lat="69.6011550" lon="19.1142460">
    <ele>662.4</ele>
    <time>2026-06-03T18:04:32Z</time>
   </trkpt>
   <trkpt lat="69.6011550" lon="19.1142460">
    <ele>662.4</ele>
    <time>2026-06-03T18:04:33Z</time>
   </trkpt>
   <trkpt lat="69.6011550" lon="19.1142460">
    <ele>662.4</ele>
    <time>2026-06-03T18:04:34Z</time>
   </trkpt>
   <trkpt lat="69.6011550" lon="19.1142460">
    <ele>662.4</ele>
    <time>2026-06-03T18:04:35Z</time>
   </trkpt>
   <trkpt lat="69.6011550" lon="19.1142460">
    <ele>662.4</ele>
    <time>2026-06-03T18:04:36Z</time>
   </trkpt>
   <trkpt lat="69.6011550" lon="19.1142460">
    <ele>662.4</ele>
    <time>2026-06-03T18:04:37Z</time>
   </trkpt>
   <trkpt lat="69.6011550" lon="19.1142460">
    <ele>662.4</ele>
    <time>2026-06-03T18:04:38Z</time>
   </trkpt>
   <trkpt lat="69.6011550" lon="19.1142460">
    <ele>662.4</ele>
    <time>2026-06-03T18:04:39Z</time>
   </trkpt>
   <trkpt lat="69.6011550" lon="19.1142460">
    <ele>662.4</ele>
    <time>2026-06-03T18:04:40Z</time>
   </trkpt>
   <trkpt lat="69.6011640" lon="19.1142910">
    <ele>662.8</ele>
    <time>2026-06-03T18:04:41Z</time>
   </trkpt>
   <trkpt lat="69.6011640" lon="19.1142910">
    <ele>662.8</ele>
    <time>2026-06-03T18:04:42Z</time>
   </trkpt>
   <trkpt lat="69.6011640" lon="19.1142910">
    <ele>662.8</ele>
    <time>2026-06-03T18:04:43Z</time>
   </trkpt>
   <trkpt lat="69.6011640" lon="19.1142910">
    <ele>662.8</ele>
    <time>2026-06-03T18:04:44Z</time>
   </trkpt>
   <trkpt lat="69.6011640" lon="19.1142910">
    <ele>662.8</ele>
    <time>2026-06-03T18:04:45Z</time>
   </trkpt>
   <trkpt lat="69.6011640" lon="19.1142910">
    <ele>662.8</ele>
    <time>2026-06-03T18:04:46Z</time>
   </trkpt>
   <trkpt lat="69.6011640" lon="19.1142910">
    <ele>662.8</ele>
    <time>2026-06-03T18:04:47Z</time>
   </trkpt>
   <trkpt lat="69.6011640" lon="19.1142910">
    <ele>662.8</ele>
    <time>2026-06-03T18:04:48Z</time>
   </trkpt>
   <trkpt lat="69.6011640" lon="19.1142910">
    <ele>662.8</ele>
    <time>2026-06-03T18:04:49Z</time>
   </trkpt>
   <trkpt lat="69.6011640" lon="19.1142910">
    <ele>662.8</ele>
    <time>2026-06-03T18:04:50Z</time>
   </trkpt>
   <trkpt lat="69.6011640" lon="19.1142910">
    <ele>662.8</ele>
    <time>2026-06-03T18:04:51Z</time>
   </trkpt>
   <trkpt lat="69.6011640" lon="19.1142910">
    <ele>662.8</ele>
    <time>2026-06-03T18:04:52Z</time>
   </trkpt>
   <trkpt lat="69.6011640" lon="19.1142910">
    <ele>662.8</ele>
    <time>2026-06-03T18:04:53Z</time>
   </trkpt>
   <trkpt lat="69.6011640" lon="19.1142910">
    <ele>662.8</ele>
    <time>2026-06-03T18:04:54Z</time>
   </trkpt>
   <trkpt lat="69.6011640" lon="19.1142910">
    <ele>662.8</ele>
    <time>2026-06-03T18:04:55Z</time>
   </trkpt>
   <trkpt lat="69.6011640" lon="19.1142910">
    <ele>662.8</ele>
    <time>2026-06-03T18:04:56Z</time>
   </trkpt>
   <trkpt lat="69.6011640" lon="19.1142910">
    <ele>662.8</ele>
    <time>2026-06-03T18:04:57Z</time>
   </trkpt>
   <trkpt lat="69.6011640" lon="19.1142910">
    <ele>662.8</ele>
    <time>2026-06-03T18:04:58Z</time>
   </trkpt>
   <trkpt lat="69.6011640" lon="19.1142910">
    <ele>662.8</ele>
    <time>2026-06-03T18:04:59Z</time>
   </trkpt>
   <trkpt lat="69.6011640" lon="19.1142910">
    <ele>662.8</ele>
    <time>2026-06-03T18:05:00Z</time>
   </trkpt>
   <trkpt lat="69.6011640" lon="19.1142910">
    <ele>662.8</ele>
    <time>2026-06-03T18:05:01Z</time>
   </trkpt>
   <trkpt lat="69.6011640" lon="19.1142910">
    <ele>662.8</ele>
    <time>2026-06-03T18:05:02Z</time>
   </trkpt>
   <trkpt lat="69.6011640" lon="19.1142910">
    <ele>662.8</ele>
    <time>2026-06-03T18:05:03Z</time>
   </trkpt>
   <trkpt lat="69.6011640" lon="19.1142910">
    <ele>662.8</ele>
    <time>2026-06-03T18:05:04Z</time>
   </trkpt>
   <trkpt lat="69.6011640" lon="19.1142910">
    <ele>662.8</ele>
    <time>2026-06-03T18:05:05Z</time>
   </trkpt>
   <trkpt lat="69.6011640" lon="19.1142910">
    <ele>662.8</ele>
    <time>2026-06-03T18:05:06Z</time>
   </trkpt>
   <trkpt lat="69.6011640" lon="19.1142910">
    <ele>662.8</ele>
    <time>2026-06-03T18:05:07Z</time>
   </trkpt>
   <trkpt lat="69.6011640" lon="19.1142910">
    <ele>662.8</ele>
    <time>2026-06-03T18:05:08Z</time>
   </trkpt>
   <trkpt lat="69.6011640" lon="19.1142910">
    <ele>662.8</ele>
    <time>2026-06-03T18:05:09Z</time>
   </trkpt>
   <trkpt lat="69.6011640" lon="19.1142910">
    <ele>662.8</ele>
    <time>2026-06-03T18:05:10Z</time>
   </trkpt>
   <trkpt lat="69.6011640" lon="19.1142910">
    <ele>662.8</ele>
    <time>2026-06-03T18:05:11Z</time>
   </trkpt>
   <trkpt lat="69.6011640" lon="19.1142910">
    <ele>662.8</ele>
    <time>2026-06-03T18:05:12Z</time>
   </trkpt>
   <trkpt lat="69.6011640" lon="19.1142910">
    <ele>662.8</ele>
    <time>2026-06-03T18:05:13Z</time>
   </trkpt>
   <trkpt lat="69.6011640" lon="19.1142910">
    <ele>662.8</ele>
    <time>2026-06-03T18:05:14Z</time>
   </trkpt>
   <trkpt lat="69.6011640" lon="19.1142910">
    <ele>662.8</ele>
    <time>2026-06-03T18:05:15Z</time>
   </trkpt>
   <trkpt lat="69.6011640" lon="19.1142910">
    <ele>662.8</ele>
    <time>2026-06-03T18:05:16Z</time>
   </trkpt>
   <trkpt lat="69.6011640" lon="19.1142910">
    <ele>662.8</ele>
    <time>2026-06-03T18:05:17Z</time>
   </trkpt>
   <trkpt lat="69.6011640" lon="19.1142910">
    <ele>662.8</ele>
    <time>2026-06-03T18:05:18Z</time>
   </trkpt>
   <trkpt lat="69.6011640" lon="19.1142910">
    <ele>662.8</ele>
    <time>2026-06-03T18:05:19Z</time>
   </trkpt>
   <trkpt lat="69.6011640" lon="19.1142910">
    <ele>662.8</ele>
    <time>2026-06-03T18:05:20Z</time>
   </trkpt>
   <trkpt lat="69.6011640" lon="19.1142910">
    <ele>662.8</ele>
    <time>2026-06-03T18:05:21Z</time>
   </trkpt>
   <trkpt lat="69.6011640" lon="19.1142910">
    <ele>662.8</ele>
    <time>2026-06-03T18:05:22Z</time>
   </trkpt>
   <trkpt lat="69.6011640" lon="19.1142910">
    <ele>662.8</ele>
    <time>2026-06-03T18:05:23Z</time>
   </trkpt>
   <trkpt lat="69.6011640" lon="19.1142910">
    <ele>662.8</ele>
    <time>2026-06-03T18:05:24Z</time>
   </trkpt>
   <trkpt lat="69.6011640" lon="19.1142910">
    <ele>662.8</ele>
    <time>2026-06-03T18:05:25Z</time>
   </trkpt>
   <trkpt lat="69.6011640" lon="19.1142910">
    <ele>662.8</ele>
    <time>2026-06-03T18:05:26Z</time>
   </trkpt>
   <trkpt lat="69.6011640" lon="19.1142910">
    <ele>662.9</ele>
    <time>2026-06-03T18:05:27Z</time>
   </trkpt>
   <trkpt lat="69.6011640" lon="19.1142910">
    <ele>662.9</ele>
    <time>2026-06-03T18:05:28Z</time>
   </trkpt>
   <trkpt lat="69.6011640" lon="19.1142910">
    <ele>662.9</ele>
    <time>2026-06-03T18:05:29Z</time>
   </trkpt>
   <trkpt lat="69.6011640" lon="19.1142910">
    <ele>662.9</ele>
    <time>2026-06-03T18:05:30Z</time>
   </trkpt>
   <trkpt lat="69.6011640" lon="19.1142910">
    <ele>662.9</ele>
    <time>2026-06-03T18:05:31Z</time>
   </trkpt>
   <trkpt lat="69.6011640" lon="19.1142910">
    <ele>662.9</ele>
    <time>2026-06-03T18:05:32Z</time>
   </trkpt>
   <trkpt lat="69.6011640" lon="19.1142910">
    <ele>662.9</ele>
    <time>2026-06-03T18:05:33Z</time>
   </trkpt>
   <trkpt lat="69.6011640" lon="19.1142910">
    <ele>662.9</ele>
    <time>2026-06-03T18:05:34Z</time>
   </trkpt>
   <trkpt lat="69.6011640" lon="19.1142910">
    <ele>662.9</ele>
    <time>2026-06-03T18:05:35Z</time>
   </trkpt>
   <trkpt lat="69.6011640" lon="19.1142910">
    <ele>662.9</ele>
    <time>2026-06-03T18:05:36Z</time>
   </trkpt>
   <trkpt lat="69.6011640" lon="19.1142910">
    <ele>662.9</ele>
    <time>2026-06-03T18:05:37Z</time>
   </trkpt>
   <trkpt lat="69.6011640" lon="19.1142910">
    <ele>662.9</ele>
    <time>2026-06-03T18:05:38Z</time>
   </trkpt>
   <trkpt lat="69.6011640" lon="19.1142910">
    <ele>662.9</ele>
    <time>2026-06-03T18:05:39Z</time>
   </trkpt>
   <trkpt lat="69.6011640" lon="19.1142910">
    <ele>662.9</ele>
    <time>2026-06-03T18:05:40Z</time>
   </trkpt>
   <trkpt lat="69.6011640" lon="19.1142910">
    <ele>662.9</ele>
    <time>2026-06-03T18:05:41Z</time>
   </trkpt>
   <trkpt lat="69.6011640" lon="19.1142910">
    <ele>662.9</ele>
    <time>2026-06-03T18:05:42Z</time>
   </trkpt>
   <trkpt lat="69.6011640" lon="19.1142910">
    <ele>662.9</ele>
    <time>2026-06-03T18:05:43Z</time>
   </trkpt>
   <trkpt lat="69.6011640" lon="19.1142910">
    <ele>662.9</ele>
    <time>2026-06-03T18:05:44Z</time>
   </trkpt>
   <trkpt lat="69.6011640" lon="19.1142910">
    <ele>662.9</ele>
    <time>2026-06-03T18:05:45Z</time>
   </trkpt>
   <trkpt lat="69.6011640" lon="19.1142910">
    <ele>662.9</ele>
    <time>2026-06-03T18:05:46Z</time>
   </trkpt>
   <trkpt lat="69.6011640" lon="19.1142910">
    <ele>662.9</ele>
    <time>2026-06-03T18:05:47Z</time>
   </trkpt>
   <trkpt lat="69.6011640" lon="19.1142910">
    <ele>662.9</ele>
    <time>2026-06-03T18:05:48Z</time>
   </trkpt>
   <trkpt lat="69.6011640" lon="19.1142910">
    <ele>662.9</ele>
    <time>2026-06-03T18:05:49Z</time>
   </trkpt>
   <trkpt lat="69.6011640" lon="19.1142910">
    <ele>662.9</ele>
    <time>2026-06-03T18:05:50Z</time>
   </trkpt>
   <trkpt lat="69.6011640" lon="19.1142910">
    <ele>662.9</ele>
    <time>2026-06-03T18:05:51Z</time>
   </trkpt>
   <trkpt lat="69.6011700" lon="19.1143540">
    <ele>663.7</ele>
    <time>2026-06-03T18:05:52Z</time>
   </trkpt>
   <trkpt lat="69.6011700" lon="19.1143540">
    <ele>663.7</ele>
    <time>2026-06-03T18:05:53Z</time>
   </trkpt>
   <trkpt lat="69.6011700" lon="19.1143540">
    <ele>663.7</ele>
    <time>2026-06-03T18:05:54Z</time>
   </trkpt>
   <trkpt lat="69.6011700" lon="19.1143540">
    <ele>663.7</ele>
    <time>2026-06-03T18:05:55Z</time>
   </trkpt>
   <trkpt lat="69.6011680" lon="19.1144210">
    <ele>665.3</ele>
    <time>2026-06-03T18:05:56Z</time>
   </trkpt>
   <trkpt lat="69.6011680" lon="19.1144210">
    <ele>665.3</ele>
    <time>2026-06-03T18:05:57Z</time>
   </trkpt>
   <trkpt lat="69.6011680" lon="19.1144210">
    <ele>665.3</ele>
    <time>2026-06-03T18:05:58Z</time>
   </trkpt>
   <trkpt lat="69.6011480" lon="19.1144460">
    <ele>665.8</ele>
    <time>2026-06-03T18:05:59Z</time>
   </trkpt>
   <trkpt lat="69.6011480" lon="19.1144460">
    <ele>665.8</ele>
    <time>2026-06-03T18:06:00Z</time>
   </trkpt>
   <trkpt lat="69.6011480" lon="19.1144460">
    <ele>665.8</ele>
    <time>2026-06-03T18:06:01Z</time>
   </trkpt>
   <trkpt lat="69.6011480" lon="19.1144460">
    <ele>665.8</ele>
    <time>2026-06-03T18:06:02Z</time>
   </trkpt>
   <trkpt lat="69.6011250" lon="19.1144740">
    <ele>667.8</ele>
    <time>2026-06-03T18:06:03Z</time>
   </trkpt>
   <trkpt lat="69.6011250" lon="19.1144740">
    <ele>667.9</ele>
    <time>2026-06-03T18:06:04Z</time>
   </trkpt>
   <trkpt lat="69.6011250" lon="19.1144740">
    <ele>667.9</ele>
    <time>2026-06-03T18:06:05Z</time>
   </trkpt>
   <trkpt lat="69.6011250" lon="19.1144740">
    <ele>667.9</ele>
    <time>2026-06-03T18:06:06Z</time>
   </trkpt>
   <trkpt lat="69.6011040" lon="19.1144740">
    <ele>668.5</ele>
    <time>2026-06-03T18:06:07Z</time>
   </trkpt>
   <trkpt lat="69.6011040" lon="19.1144740">
    <ele>668.5</ele>
    <time>2026-06-03T18:06:08Z</time>
   </trkpt>
   <trkpt lat="69.6011040" lon="19.1144740">
    <ele>668.5</ele>
    <time>2026-06-03T18:06:09Z</time>
   </trkpt>
   <trkpt lat="69.6010850" lon="19.1144750">
    <ele>669.2</ele>
    <time>2026-06-03T18:06:10Z</time>
   </trkpt>
   <trkpt lat="69.6010850" lon="19.1144750">
    <ele>669.2</ele>
    <time>2026-06-03T18:06:11Z</time>
   </trkpt>
   <trkpt lat="69.6010850" lon="19.1144750">
    <ele>669.2</ele>
    <time>2026-06-03T18:06:12Z</time>
   </trkpt>
   <trkpt lat="69.6010850" lon="19.1144750">
    <ele>669.2</ele>
    <time>2026-06-03T18:06:13Z</time>
   </trkpt>
   <trkpt lat="69.6010850" lon="19.1144750">
    <ele>669.2</ele>
    <time>2026-06-03T18:06:14Z</time>
   </trkpt>
   <trkpt lat="69.6010620" lon="19.1144770">
    <ele>670.7</ele>
    <time>2026-06-03T18:06:15Z</time>
   </trkpt>
   <trkpt lat="69.6010620" lon="19.1144770">
    <ele>670.7</ele>
    <time>2026-06-03T18:06:16Z</time>
   </trkpt>
   <trkpt lat="69.6010620" lon="19.1144770">
    <ele>670.7</ele>
    <time>2026-06-03T18:06:17Z</time>
   </trkpt>
   <trkpt lat="69.6010440" lon="19.1144840">
    <ele>671.5</ele>
    <time>2026-06-03T18:06:18Z</time>
   </trkpt>
   <trkpt lat="69.6010440" lon="19.1144840">
    <ele>671.5</ele>
    <time>2026-06-03T18:06:19Z</time>
   </trkpt>
   <trkpt lat="69.6010440" lon="19.1144840">
    <ele>671.5</ele>
    <time>2026-06-03T18:06:20Z</time>
   </trkpt>
   <trkpt lat="69.6010230" lon="19.1145040">
    <ele>673.2</ele>
    <time>2026-06-03T18:06:21Z</time>
   </trkpt>
   <trkpt lat="69.6010230" lon="19.1145040">
    <ele>673.2</ele>
    <time>2026-06-03T18:06:22Z</time>
   </trkpt>
   <trkpt lat="69.6010230" lon="19.1145040">
    <ele>673.2</ele>
    <time>2026-06-03T18:06:23Z</time>
   </trkpt>
   <trkpt lat="69.6010230" lon="19.1145040">
    <ele>673.2</ele>
    <time>2026-06-03T18:06:24Z</time>
   </trkpt>
   <trkpt lat="69.6010030" lon="19.1145030">
    <ele>674.7</ele>
    <time>2026-06-03T18:06:25Z</time>
   </trkpt>
   <trkpt lat="69.6010030" lon="19.1145030">
    <ele>674.7</ele>
    <time>2026-06-03T18:06:26Z</time>
   </trkpt>
   <trkpt lat="69.6010030" lon="19.1145030">
    <ele>674.7</ele>
    <time>2026-06-03T18:06:27Z</time>
   </trkpt>
   <trkpt lat="69.6010030" lon="19.1145030">
    <ele>674.7</ele>
    <time>2026-06-03T18:06:28Z</time>
   </trkpt>
   <trkpt lat="69.6010030" lon="19.1145030">
    <ele>674.7</ele>
    <time>2026-06-03T18:06:29Z</time>
   </trkpt>
   <trkpt lat="69.6009810" lon="19.1145010">
    <ele>675.4</ele>
    <time>2026-06-03T18:06:30Z</time>
   </trkpt>
   <trkpt lat="69.6009810" lon="19.1145010">
    <ele>675.4</ele>
    <time>2026-06-03T18:06:31Z</time>
   </trkpt>
   <trkpt lat="69.6009810" lon="19.1145010">
    <ele>675.4</ele>
    <time>2026-06-03T18:06:32Z</time>
   </trkpt>
   <trkpt lat="69.6009810" lon="19.1145010">
    <ele>675.4</ele>
    <time>2026-06-03T18:06:33Z</time>
   </trkpt>
   <trkpt lat="69.6009620" lon="19.1144910">
    <ele>675.2</ele>
    <time>2026-06-03T18:06:34Z</time>
   </trkpt>
   <trkpt lat="69.6009620" lon="19.1144910">
    <ele>675.2</ele>
    <time>2026-06-03T18:06:35Z</time>
   </trkpt>
   <trkpt lat="69.6009620" lon="19.1144910">
    <ele>675.2</ele>
    <time>2026-06-03T18:06:36Z</time>
   </trkpt>
   <trkpt lat="69.6009620" lon="19.1144910">
    <ele>675.2</ele>
    <time>2026-06-03T18:06:37Z</time>
   </trkpt>
   <trkpt lat="69.6009620" lon="19.1144910">
    <ele>675.2</ele>
    <time>2026-06-03T18:06:38Z</time>
   </trkpt>
   <trkpt lat="69.6009620" lon="19.1144910">
    <ele>675.2</ele>
    <time>2026-06-03T18:06:39Z</time>
   </trkpt>
   <trkpt lat="69.6009620" lon="19.1144910">
    <ele>675.2</ele>
    <time>2026-06-03T18:06:40Z</time>
   </trkpt>
   <trkpt lat="69.6009620" lon="19.1144910">
    <ele>675.2</ele>
    <time>2026-06-03T18:06:41Z</time>
   </trkpt>
   <trkpt lat="69.6009430" lon="19.1144630">
    <ele>676.5</ele>
    <time>2026-06-03T18:06:42Z</time>
   </trkpt>
   <trkpt lat="69.6009430" lon="19.1144630">
    <ele>676.5</ele>
    <time>2026-06-03T18:06:43Z</time>
   </trkpt>
   <trkpt lat="69.6009430" lon="19.1144630">
    <ele>676.5</ele>
    <time>2026-06-03T18:06:44Z</time>
   </trkpt>
   <trkpt lat="69.6009430" lon="19.1144630">
    <ele>676.6</ele>
    <time>2026-06-03T18:06:45Z</time>
   </trkpt>
   <trkpt lat="69.6009430" lon="19.1144630">
    <ele>676.6</ele>
    <time>2026-06-03T18:06:46Z</time>
   </trkpt>
   <trkpt lat="69.6009430" lon="19.1144630">
    <ele>676.6</ele>
    <time>2026-06-03T18:06:47Z</time>
   </trkpt>
   <trkpt lat="69.6009430" lon="19.1144630">
    <ele>676.6</ele>
    <time>2026-06-03T18:06:48Z</time>
   </trkpt>
   <trkpt lat="69.6009430" lon="19.1144630">
    <ele>676.6</ele>
    <time>2026-06-03T18:06:49Z</time>
   </trkpt>
   <trkpt lat="69.6009430" lon="19.1144630">
    <ele>676.6</ele>
    <time>2026-06-03T18:06:50Z</time>
   </trkpt>
   <trkpt lat="69.6009240" lon="19.1144460">
    <ele>676.3</ele>
    <time>2026-06-03T18:06:51Z</time>
   </trkpt>
   <trkpt lat="69.6009240" lon="19.1144460">
    <ele>676.3</ele>
    <time>2026-06-03T18:06:52Z</time>
   </trkpt>
   <trkpt lat="69.6009240" lon="19.1144460">
    <ele>676.3</ele>
    <time>2026-06-03T18:06:53Z</time>
   </trkpt>
   <trkpt lat="69.6009240" lon="19.1144460">
    <ele>676.3</ele>
    <time>2026-06-03T18:06:54Z</time>
   </trkpt>
   <trkpt lat="69.6009240" lon="19.1144460">
    <ele>676.3</ele>
    <time>2026-06-03T18:06:55Z</time>
   </trkpt>
   <trkpt lat="69.6009240" lon="19.1144460">
    <ele>676.3</ele>
    <time>2026-06-03T18:06:56Z</time>
   </trkpt>
   <trkpt lat="69.6009240" lon="19.1144460">
    <ele>676.3</ele>
    <time>2026-06-03T18:06:57Z</time>
   </trkpt>
   <trkpt lat="69.6009030" lon="19.1144450">
    <ele>677.0</ele>
    <time>2026-06-03T18:06:58Z</time>
   </trkpt>
   <trkpt lat="69.6009030" lon="19.1144450">
    <ele>677.0</ele>
    <time>2026-06-03T18:06:59Z</time>
   </trkpt>
   <trkpt lat="69.6009030" lon="19.1144450">
    <ele>677.0</ele>
    <time>2026-06-03T18:07:00Z</time>
   </trkpt>
   <trkpt lat="69.6009030" lon="19.1144450">
    <ele>677.0</ele>
    <time>2026-06-03T18:07:01Z</time>
   </trkpt>
   <trkpt lat="69.6009030" lon="19.1144450">
    <ele>677.0</ele>
    <time>2026-06-03T18:07:02Z</time>
   </trkpt>
   <trkpt lat="69.6008810" lon="19.1144440">
    <ele>678.3</ele>
    <time>2026-06-03T18:07:03Z</time>
   </trkpt>
   <trkpt lat="69.6008810" lon="19.1144440">
    <ele>678.3</ele>
    <time>2026-06-03T18:07:04Z</time>
   </trkpt>
   <trkpt lat="69.6008810" lon="19.1144440">
    <ele>678.3</ele>
    <time>2026-06-03T18:07:05Z</time>
   </trkpt>
   <trkpt lat="69.6008810" lon="19.1144440">
    <ele>678.3</ele>
    <time>2026-06-03T18:07:06Z</time>
   </trkpt>
   <trkpt lat="69.6008600" lon="19.1144450">
    <ele>678.9</ele>
    <time>2026-06-03T18:07:07Z</time>
   </trkpt>
   <trkpt lat="69.6008600" lon="19.1144450">
    <ele>678.9</ele>
    <time>2026-06-03T18:07:08Z</time>
   </trkpt>
   <trkpt lat="69.6008600" lon="19.1144450">
    <ele>678.9</ele>
    <time>2026-06-03T18:07:09Z</time>
   </trkpt>
   <trkpt lat="69.6008600" lon="19.1144450">
    <ele>678.9</ele>
    <time>2026-06-03T18:07:10Z</time>
   </trkpt>
   <trkpt lat="69.6008600" lon="19.1144450">
    <ele>678.9</ele>
    <time>2026-06-03T18:07:11Z</time>
   </trkpt>
   <trkpt lat="69.6008600" lon="19.1144450">
    <ele>678.9</ele>
    <time>2026-06-03T18:07:12Z</time>
   </trkpt>
   <trkpt lat="69.6008600" lon="19.1144450">
    <ele>678.9</ele>
    <time>2026-06-03T18:07:13Z</time>
   </trkpt>
   <trkpt lat="69.6008600" lon="19.1144450">
    <ele>678.9</ele>
    <time>2026-06-03T18:07:14Z</time>
   </trkpt>
   <trkpt lat="69.6008600" lon="19.1144450">
    <ele>678.9</ele>
    <time>2026-06-03T18:07:15Z</time>
   </trkpt>
   <trkpt lat="69.6008600" lon="19.1144450">
    <ele>678.9</ele>
    <time>2026-06-03T18:07:16Z</time>
   </trkpt>
   <trkpt lat="69.6008600" lon="19.1144450">
    <ele>678.9</ele>
    <time>2026-06-03T18:07:17Z</time>
   </trkpt>
   <trkpt lat="69.6008600" lon="19.1144450">
    <ele>678.9</ele>
    <time>2026-06-03T18:07:18Z</time>
   </trkpt>
   <trkpt lat="69.6008600" lon="19.1144450">
    <ele>678.9</ele>
    <time>2026-06-03T18:07:19Z</time>
   </trkpt>
   <trkpt lat="69.6008600" lon="19.1144450">
    <ele>679.0</ele>
    <time>2026-06-03T18:07:20Z</time>
   </trkpt>
   <trkpt lat="69.6008410" lon="19.1144440">
    <ele>680.2</ele>
    <time>2026-06-03T18:07:21Z</time>
   </trkpt>
   <trkpt lat="69.6008410" lon="19.1144440">
    <ele>680.2</ele>
    <time>2026-06-03T18:07:22Z</time>
   </trkpt>
   <trkpt lat="69.6008410" lon="19.1144440">
    <ele>680.2</ele>
    <time>2026-06-03T18:07:23Z</time>
   </trkpt>
   <trkpt lat="69.6008220" lon="19.1144510">
    <ele>680.9</ele>
    <time>2026-06-03T18:07:24Z</time>
   </trkpt>
   <trkpt lat="69.6008220" lon="19.1144510">
    <ele>680.9</ele>
    <time>2026-06-03T18:07:25Z</time>
   </trkpt>
   <trkpt lat="69.6008220" lon="19.1144510">
    <ele>680.9</ele>
    <time>2026-06-03T18:07:26Z</time>
   </trkpt>
   <trkpt lat="69.6008220" lon="19.1144510">
    <ele>680.9</ele>
    <time>2026-06-03T18:07:27Z</time>
   </trkpt>
   <trkpt lat="69.6008020" lon="19.1144580">
    <ele>682.6</ele>
    <time>2026-06-03T18:07:28Z</time>
   </trkpt>
   <trkpt lat="69.6008020" lon="19.1144580">
    <ele>682.6</ele>
    <time>2026-06-03T18:07:29Z</time>
   </trkpt>
   <trkpt lat="69.6008020" lon="19.1144580">
    <ele>682.6</ele>
    <time>2026-06-03T18:07:30Z</time>
   </trkpt>
   <trkpt lat="69.6008020" lon="19.1144580">
    <ele>682.6</ele>
    <time>2026-06-03T18:07:31Z</time>
   </trkpt>
   <trkpt lat="69.6007820" lon="19.1144620">
    <ele>683.9</ele>
    <time>2026-06-03T18:07:32Z</time>
   </trkpt>
   <trkpt lat="69.6007820" lon="19.1144620">
    <ele>684.0</ele>
    <time>2026-06-03T18:07:33Z</time>
   </trkpt>
   <trkpt lat="69.6007820" lon="19.1144620">
    <ele>684.0</ele>
    <time>2026-06-03T18:07:34Z</time>
   </trkpt>
   <trkpt lat="69.6007820" lon="19.1144620">
    <ele>684.0</ele>
    <time>2026-06-03T18:07:35Z</time>
   </trkpt>
   <trkpt lat="69.6007820" lon="19.1144620">
    <ele>684.0</ele>
    <time>2026-06-03T18:07:36Z</time>
   </trkpt>
   <trkpt lat="69.6007620" lon="19.1144690">
    <ele>684.7</ele>
    <time>2026-06-03T18:07:37Z</time>
   </trkpt>
   <trkpt lat="69.6007620" lon="19.1144690">
    <ele>684.7</ele>
    <time>2026-06-03T18:07:38Z</time>
   </trkpt>
   <trkpt lat="69.6007620" lon="19.1144690">
    <ele>684.7</ele>
    <time>2026-06-03T18:07:39Z</time>
   </trkpt>
   <trkpt lat="69.6007620" lon="19.1144690">
    <ele>684.7</ele>
    <time>2026-06-03T18:07:40Z</time>
   </trkpt>
   <trkpt lat="69.6007420" lon="19.1144760">
    <ele>685.4</ele>
    <time>2026-06-03T18:07:41Z</time>
   </trkpt>
   <trkpt lat="69.6007420" lon="19.1144760">
    <ele>685.4</ele>
    <time>2026-06-03T18:07:42Z</time>
   </trkpt>
   <trkpt lat="69.6007420" lon="19.1144760">
    <ele>685.4</ele>
    <time>2026-06-03T18:07:43Z</time>
   </trkpt>
   <trkpt lat="69.6007420" lon="19.1144760">
    <ele>685.4</ele>
    <time>2026-06-03T18:07:44Z</time>
   </trkpt>
   <trkpt lat="69.6007420" lon="19.1144760">
    <ele>685.4</ele>
    <time>2026-06-03T18:07:45Z</time>
   </trkpt>
   <trkpt lat="69.6007220" lon="19.1144810">
    <ele>686.9</ele>
    <time>2026-06-03T18:07:46Z</time>
   </trkpt>
   <trkpt lat="69.6007220" lon="19.1144810">
    <ele>686.9</ele>
    <time>2026-06-03T18:07:47Z</time>
   </trkpt>
   <trkpt lat="69.6007220" lon="19.1144810">
    <ele>686.9</ele>
    <time>2026-06-03T18:07:48Z</time>
   </trkpt>
   <trkpt lat="69.6007220" lon="19.1144810">
    <ele>686.9</ele>
    <time>2026-06-03T18:07:49Z</time>
   </trkpt>
   <trkpt lat="69.6007030" lon="19.1144970">
    <ele>688.8</ele>
    <time>2026-06-03T18:07:50Z</time>
   </trkpt>
   <trkpt lat="69.6007030" lon="19.1144970">
    <ele>688.8</ele>
    <time>2026-06-03T18:07:51Z</time>
   </trkpt>
   <trkpt lat="69.6007030" lon="19.1144970">
    <ele>688.8</ele>
    <time>2026-06-03T18:07:52Z</time>
   </trkpt>
   <trkpt lat="69.6007030" lon="19.1144970">
    <ele>688.8</ele>
    <time>2026-06-03T18:07:53Z</time>
   </trkpt>
   <trkpt lat="69.6007030" lon="19.1144970">
    <ele>688.8</ele>
    <time>2026-06-03T18:07:54Z</time>
   </trkpt>
   <trkpt lat="69.6007030" lon="19.1144970">
    <ele>688.8</ele>
    <time>2026-06-03T18:07:55Z</time>
   </trkpt>
   <trkpt lat="69.6006840" lon="19.1145020">
    <ele>689.6</ele>
    <time>2026-06-03T18:07:56Z</time>
   </trkpt>
   <trkpt lat="69.6006840" lon="19.1145020">
    <ele>689.6</ele>
    <time>2026-06-03T18:07:57Z</time>
   </trkpt>
   <trkpt lat="69.6006840" lon="19.1145020">
    <ele>689.6</ele>
    <time>2026-06-03T18:07:58Z</time>
   </trkpt>
   <trkpt lat="69.6006840" lon="19.1145020">
    <ele>689.6</ele>
    <time>2026-06-03T18:07:59Z</time>
   </trkpt>
   <trkpt lat="69.6006840" lon="19.1145020">
    <ele>689.6</ele>
    <time>2026-06-03T18:08:00Z</time>
   </trkpt>
   <trkpt lat="69.6006840" lon="19.1145020">
    <ele>689.6</ele>
    <time>2026-06-03T18:08:01Z</time>
   </trkpt>
   <trkpt lat="69.6006840" lon="19.1145020">
    <ele>689.6</ele>
    <time>2026-06-03T18:08:02Z</time>
   </trkpt>
   <trkpt lat="69.6006640" lon="19.1145090">
    <ele>690.4</ele>
    <time>2026-06-03T18:08:03Z</time>
   </trkpt>
   <trkpt lat="69.6006640" lon="19.1145090">
    <ele>690.4</ele>
    <time>2026-06-03T18:08:04Z</time>
   </trkpt>
   <trkpt lat="69.6006640" lon="19.1145090">
    <ele>690.4</ele>
    <time>2026-06-03T18:08:05Z</time>
   </trkpt>
   <trkpt lat="69.6006640" lon="19.1145090">
    <ele>690.4</ele>
    <time>2026-06-03T18:08:06Z</time>
   </trkpt>
   <trkpt lat="69.6006640" lon="19.1145090">
    <ele>690.4</ele>
    <time>2026-06-03T18:08:07Z</time>
   </trkpt>
   <trkpt lat="69.6006640" lon="19.1145090">
    <ele>690.4</ele>
    <time>2026-06-03T18:08:08Z</time>
   </trkpt>
   <trkpt lat="69.6006640" lon="19.1145090">
    <ele>690.4</ele>
    <time>2026-06-03T18:08:09Z</time>
   </trkpt>
   <trkpt lat="69.6006640" lon="19.1145090">
    <ele>690.4</ele>
    <time>2026-06-03T18:08:10Z</time>
   </trkpt>
   <trkpt lat="69.6006640" lon="19.1145090">
    <ele>690.4</ele>
    <time>2026-06-03T18:08:11Z</time>
   </trkpt>
   <trkpt lat="69.6006640" lon="19.1145090">
    <ele>690.4</ele>
    <time>2026-06-03T18:08:12Z</time>
   </trkpt>
   <trkpt lat="69.6006640" lon="19.1145090">
    <ele>690.4</ele>
    <time>2026-06-03T18:08:13Z</time>
   </trkpt>
   <trkpt lat="69.6006640" lon="19.1145090">
    <ele>690.4</ele>
    <time>2026-06-03T18:08:14Z</time>
   </trkpt>
   <trkpt lat="69.6006640" lon="19.1145090">
    <ele>690.4</ele>
    <time>2026-06-03T18:08:15Z</time>
   </trkpt>
   <trkpt lat="69.6006640" lon="19.1145090">
    <ele>690.4</ele>
    <time>2026-06-03T18:08:16Z</time>
   </trkpt>
   <trkpt lat="69.6006640" lon="19.1145090">
    <ele>690.4</ele>
    <time>2026-06-03T18:08:17Z</time>
   </trkpt>
   <trkpt lat="69.6006640" lon="19.1145090">
    <ele>690.4</ele>
    <time>2026-06-03T18:08:18Z</time>
   </trkpt>
   <trkpt lat="69.6006640" lon="19.1145090">
    <ele>690.4</ele>
    <time>2026-06-03T18:08:19Z</time>
   </trkpt>
   <trkpt lat="69.6006640" lon="19.1145090">
    <ele>690.4</ele>
    <time>2026-06-03T18:08:20Z</time>
   </trkpt>
   <trkpt lat="69.6006640" lon="19.1145090">
    <ele>690.4</ele>
    <time>2026-06-03T18:08:21Z</time>
   </trkpt>
   <trkpt lat="69.6006640" lon="19.1145090">
    <ele>690.4</ele>
    <time>2026-06-03T18:08:22Z</time>
   </trkpt>
   <trkpt lat="69.6006640" lon="19.1145090">
    <ele>690.4</ele>
    <time>2026-06-03T18:08:23Z</time>
   </trkpt>
   <trkpt lat="69.6006640" lon="19.1145090">
    <ele>690.4</ele>
    <time>2026-06-03T18:08:24Z</time>
   </trkpt>
   <trkpt lat="69.6006800" lon="19.1145390">
    <ele>690.8</ele>
    <time>2026-06-03T18:08:25Z</time>
   </trkpt>
   <trkpt lat="69.6006800" lon="19.1145390">
    <ele>690.8</ele>
    <time>2026-06-03T18:08:26Z</time>
   </trkpt>
   <trkpt lat="69.6006800" lon="19.1145390">
    <ele>690.8</ele>
    <time>2026-06-03T18:08:27Z</time>
   </trkpt>
   <trkpt lat="69.6006800" lon="19.1145390">
    <ele>690.8</ele>
    <time>2026-06-03T18:08:28Z</time>
   </trkpt>
   <trkpt lat="69.6006800" lon="19.1145390">
    <ele>690.8</ele>
    <time>2026-06-03T18:08:29Z</time>
   </trkpt>
   <trkpt lat="69.6006800" lon="19.1145390">
    <ele>690.8</ele>
    <time>2026-06-03T18:08:30Z</time>
   </trkpt>
   <trkpt lat="69.6006930" lon="19.1144800">
    <ele>687.8</ele>
    <time>2026-06-03T18:08:31Z</time>
   </trkpt>
   <trkpt lat="69.6006930" lon="19.1144800">
    <ele>687.8</ele>
    <time>2026-06-03T18:08:32Z</time>
   </trkpt>
   <trkpt lat="69.6006930" lon="19.1144800">
    <ele>687.8</ele>
    <time>2026-06-03T18:08:33Z</time>
   </trkpt>
   <trkpt lat="69.6006930" lon="19.1144800">
    <ele>687.8</ele>
    <time>2026-06-03T18:08:34Z</time>
   </trkpt>
   <trkpt lat="69.6006930" lon="19.1144800">
    <ele>687.8</ele>
    <time>2026-06-03T18:08:35Z</time>
   </trkpt>
   <trkpt lat="69.6006930" lon="19.1144800">
    <ele>687.8</ele>
    <time>2026-06-03T18:08:36Z</time>
   </trkpt>
   <trkpt lat="69.6006930" lon="19.1144800">
    <ele>687.8</ele>
    <time>2026-06-03T18:08:37Z</time>
   </trkpt>
   <trkpt lat="69.6006930" lon="19.1144800">
    <ele>687.8</ele>
    <time>2026-06-03T18:08:38Z</time>
   </trkpt>
   <trkpt lat="69.6006930" lon="19.1144800">
    <ele>687.8</ele>
    <time>2026-06-03T18:08:39Z</time>
   </trkpt>
   <trkpt lat="69.6006930" lon="19.1144800">
    <ele>687.8</ele>
    <time>2026-06-03T18:08:40Z</time>
   </trkpt>
   <trkpt lat="69.6006930" lon="19.1144800">
    <ele>687.8</ele>
    <time>2026-06-03T18:08:41Z</time>
   </trkpt>
   <trkpt lat="69.6007060" lon="19.1145260">
    <ele>688.9</ele>
    <time>2026-06-03T18:08:42Z</time>
   </trkpt>
   <trkpt lat="69.6007060" lon="19.1145260">
    <ele>688.9</ele>
    <time>2026-06-03T18:08:43Z</time>
   </trkpt>
   <trkpt lat="69.6007060" lon="19.1145260">
    <ele>688.9</ele>
    <time>2026-06-03T18:08:44Z</time>
   </trkpt>
   <trkpt lat="69.6007060" lon="19.1145260">
    <ele>688.9</ele>
    <time>2026-06-03T18:08:45Z</time>
   </trkpt>
   <trkpt lat="69.6007060" lon="19.1145260">
    <ele>688.9</ele>
    <time>2026-06-03T18:08:46Z</time>
   </trkpt>
   <trkpt lat="69.6007060" lon="19.1145260">
    <ele>688.9</ele>
    <time>2026-06-03T18:08:47Z</time>
   </trkpt>
   <trkpt lat="69.6007060" lon="19.1145260">
    <ele>688.9</ele>
    <time>2026-06-03T18:08:48Z</time>
   </trkpt>
   <trkpt lat="69.6007060" lon="19.1145260">
    <ele>688.9</ele>
    <time>2026-06-03T18:08:49Z</time>
   </trkpt>
   <trkpt lat="69.6007140" lon="19.1145780">
    <ele>689.3</ele>
    <time>2026-06-03T18:08:50Z</time>
   </trkpt>
   <trkpt lat="69.6007140" lon="19.1145780">
    <ele>689.3</ele>
    <time>2026-06-03T18:08:51Z</time>
   </trkpt>
   <trkpt lat="69.6007140" lon="19.1145780">
    <ele>689.3</ele>
    <time>2026-06-03T18:08:52Z</time>
   </trkpt>
   <trkpt lat="69.6007140" lon="19.1145780">
    <ele>689.3</ele>
    <time>2026-06-03T18:08:53Z</time>
   </trkpt>
   <trkpt lat="69.6007140" lon="19.1145780">
    <ele>689.3</ele>
    <time>2026-06-03T18:08:54Z</time>
   </trkpt>
   <trkpt lat="69.6007140" lon="19.1145780">
    <ele>689.3</ele>
    <time>2026-06-03T18:08:55Z</time>
   </trkpt>
   <trkpt lat="69.6007140" lon="19.1145780">
    <ele>689.3</ele>
    <time>2026-06-03T18:08:56Z</time>
   </trkpt>
   <trkpt lat="69.6007140" lon="19.1145780">
    <ele>689.3</ele>
    <time>2026-06-03T18:08:57Z</time>
   </trkpt>
   <trkpt lat="69.6007160" lon="19.1146390">
    <ele>691.6</ele>
    <time>2026-06-03T18:08:58Z</time>
   </trkpt>
   <trkpt lat="69.6007160" lon="19.1146390">
    <ele>691.6</ele>
    <time>2026-06-03T18:08:59Z</time>
   </trkpt>
   <trkpt lat="69.6007160" lon="19.1146390">
    <ele>691.6</ele>
    <time>2026-06-03T18:09:00Z</time>
   </trkpt>
   <trkpt lat="69.6007160" lon="19.1146390">
    <ele>691.6</ele>
    <time>2026-06-03T18:09:01Z</time>
   </trkpt>
   <trkpt lat="69.6007260" lon="19.1146940">
    <ele>692.1</ele>
    <time>2026-06-03T18:09:02Z</time>
   </trkpt>
   <trkpt lat="69.6007260" lon="19.1146940">
    <ele>692.1</ele>
    <time>2026-06-03T18:09:03Z</time>
   </trkpt>
   <trkpt lat="69.6007260" lon="19.1146940">
    <ele>692.1</ele>
    <time>2026-06-03T18:09:04Z</time>
   </trkpt>
   <trkpt lat="69.6007260" lon="19.1146940">
    <ele>692.1</ele>
    <time>2026-06-03T18:09:05Z</time>
   </trkpt>
   <trkpt lat="69.6007260" lon="19.1146940">
    <ele>692.1</ele>
    <time>2026-06-03T18:09:06Z</time>
   </trkpt>
   <trkpt lat="69.6007330" lon="19.1147550">
    <ele>694.5</ele>
    <time>2026-06-03T18:09:07Z</time>
   </trkpt>
   <trkpt lat="69.6007330" lon="19.1147550">
    <ele>694.5</ele>
    <time>2026-06-03T18:09:08Z</time>
   </trkpt>
   <trkpt lat="69.6007330" lon="19.1147550">
    <ele>694.5</ele>
    <time>2026-06-03T18:09:09Z</time>
   </trkpt>
   <trkpt lat="69.6007330" lon="19.1147550">
    <ele>694.5</ele>
    <time>2026-06-03T18:09:10Z</time>
   </trkpt>
   <trkpt lat="69.6007330" lon="19.1147550">
    <ele>694.5</ele>
    <time>2026-06-03T18:09:11Z</time>
   </trkpt>
   <trkpt lat="69.6007330" lon="19.1147550">
    <ele>694.5</ele>
    <time>2026-06-03T18:09:12Z</time>
   </trkpt>
   <trkpt lat="69.6007330" lon="19.1147550">
    <ele>694.5</ele>
    <time>2026-06-03T18:09:13Z</time>
   </trkpt>
   <trkpt lat="69.6007330" lon="19.1147550">
    <ele>694.5</ele>
    <time>2026-06-03T18:09:14Z</time>
   </trkpt>
   <trkpt lat="69.6007330" lon="19.1147550">
    <ele>694.5</ele>
    <time>2026-06-03T18:09:15Z</time>
   </trkpt>
   <trkpt lat="69.6007330" lon="19.1147550">
    <ele>694.6</ele>
    <time>2026-06-03T18:09:16Z</time>
   </trkpt>
   <trkpt lat="69.6007330" lon="19.1147550">
    <ele>694.6</ele>
    <time>2026-06-03T18:09:17Z</time>
   </trkpt>
   <trkpt lat="69.6007330" lon="19.1147550">
    <ele>694.6</ele>
    <time>2026-06-03T18:09:18Z</time>
   </trkpt>
   <trkpt lat="69.6007330" lon="19.1147550">
    <ele>694.6</ele>
    <time>2026-06-03T18:09:19Z</time>
   </trkpt>
   <trkpt lat="69.6007330" lon="19.1147550">
    <ele>694.6</ele>
    <time>2026-06-03T18:09:20Z</time>
   </trkpt>
   <trkpt lat="69.6007330" lon="19.1147550">
    <ele>694.6</ele>
    <time>2026-06-03T18:09:21Z</time>
   </trkpt>
   <trkpt lat="69.6007260" lon="19.1148040">
    <ele>695.7</ele>
    <time>2026-06-03T18:09:22Z</time>
   </trkpt>
   <trkpt lat="69.6007260" lon="19.1148040">
    <ele>695.7</ele>
    <time>2026-06-03T18:09:23Z</time>
   </trkpt>
   <trkpt lat="69.6007260" lon="19.1148040">
    <ele>695.7</ele>
    <time>2026-06-03T18:09:24Z</time>
   </trkpt>
   <trkpt lat="69.6007260" lon="19.1148040">
    <ele>695.7</ele>
    <time>2026-06-03T18:09:25Z</time>
   </trkpt>
   <trkpt lat="69.6007260" lon="19.1148040">
    <ele>695.8</ele>
    <time>2026-06-03T18:09:26Z</time>
   </trkpt>
   <trkpt lat="69.6007060" lon="19.1148130">
    <ele>697.1</ele>
    <time>2026-06-03T18:09:27Z</time>
   </trkpt>
   <trkpt lat="69.6007060" lon="19.1148130">
    <ele>697.1</ele>
    <time>2026-06-03T18:09:28Z</time>
   </trkpt>
   <trkpt lat="69.6007060" lon="19.1148130">
    <ele>697.1</ele>
    <time>2026-06-03T18:09:29Z</time>
   </trkpt>
   <trkpt lat="69.6007060" lon="19.1148130">
    <ele>697.1</ele>
    <time>2026-06-03T18:09:30Z</time>
   </trkpt>
   <trkpt lat="69.6007060" lon="19.1148130">
    <ele>697.1</ele>
    <time>2026-06-03T18:09:31Z</time>
   </trkpt>
   <trkpt lat="69.6007060" lon="19.1148130">
    <ele>697.1</ele>
    <time>2026-06-03T18:09:32Z</time>
   </trkpt>
   <trkpt lat="69.6007060" lon="19.1148130">
    <ele>697.1</ele>
    <time>2026-06-03T18:09:33Z</time>
   </trkpt>
   <trkpt lat="69.6006880" lon="19.1148250">
    <ele>697.7</ele>
    <time>2026-06-03T18:09:34Z</time>
   </trkpt>
   <trkpt lat="69.6006880" lon="19.1148250">
    <ele>697.7</ele>
    <time>2026-06-03T18:09:35Z</time>
   </trkpt>
   <trkpt lat="69.6006880" lon="19.1148250">
    <ele>697.7</ele>
    <time>2026-06-03T18:09:36Z</time>
   </trkpt>
   <trkpt lat="69.6006880" lon="19.1148250">
    <ele>697.7</ele>
    <time>2026-06-03T18:09:37Z</time>
   </trkpt>
   <trkpt lat="69.6006880" lon="19.1148250">
    <ele>697.7</ele>
    <time>2026-06-03T18:09:38Z</time>
   </trkpt>
   <trkpt lat="69.6006880" lon="19.1148250">
    <ele>697.7</ele>
    <time>2026-06-03T18:09:39Z</time>
   </trkpt>
   <trkpt lat="69.6006880" lon="19.1148250">
    <ele>697.7</ele>
    <time>2026-06-03T18:09:40Z</time>
   </trkpt>
   <trkpt lat="69.6006880" lon="19.1148250">
    <ele>697.7</ele>
    <time>2026-06-03T18:09:41Z</time>
   </trkpt>
   <trkpt lat="69.6006880" lon="19.1148250">
    <ele>697.7</ele>
    <time>2026-06-03T18:09:42Z</time>
   </trkpt>
   <trkpt lat="69.6006880" lon="19.1148250">
    <ele>697.7</ele>
    <time>2026-06-03T18:09:43Z</time>
   </trkpt>
   <trkpt lat="69.6006880" lon="19.1148250">
    <ele>697.7</ele>
    <time>2026-06-03T18:09:44Z</time>
   </trkpt>
   <trkpt lat="69.6006880" lon="19.1148250">
    <ele>697.7</ele>
    <time>2026-06-03T18:09:45Z</time>
   </trkpt>
   <trkpt lat="69.6006880" lon="19.1148250">
    <ele>697.7</ele>
    <time>2026-06-03T18:09:46Z</time>
   </trkpt>
   <trkpt lat="69.6006880" lon="19.1148250">
    <ele>697.7</ele>
    <time>2026-06-03T18:09:47Z</time>
   </trkpt>
   <trkpt lat="69.6006880" lon="19.1148250">
    <ele>697.8</ele>
    <time>2026-06-03T18:09:48Z</time>
   </trkpt>
   <trkpt lat="69.6006880" lon="19.1148250">
    <ele>697.8</ele>
    <time>2026-06-03T18:09:49Z</time>
   </trkpt>
   <trkpt lat="69.6006880" lon="19.1148250">
    <ele>697.8</ele>
    <time>2026-06-03T18:09:50Z</time>
   </trkpt>
   <trkpt lat="69.6006880" lon="19.1148250">
    <ele>697.8</ele>
    <time>2026-06-03T18:09:51Z</time>
   </trkpt>
   <trkpt lat="69.6006820" lon="19.1148760">
    <ele>698.9</ele>
    <time>2026-06-03T18:09:52Z</time>
   </trkpt>
   <trkpt lat="69.6006820" lon="19.1148760">
    <ele>698.9</ele>
    <time>2026-06-03T18:09:53Z</time>
   </trkpt>
   <trkpt lat="69.6006820" lon="19.1148760">
    <ele>698.9</ele>
    <time>2026-06-03T18:09:54Z</time>
   </trkpt>
   <trkpt lat="69.6006820" lon="19.1148760">
    <ele>698.9</ele>
    <time>2026-06-03T18:09:55Z</time>
   </trkpt>
   <trkpt lat="69.6006820" lon="19.1148760">
    <ele>698.9</ele>
    <time>2026-06-03T18:09:56Z</time>
   </trkpt>
   <trkpt lat="69.6006820" lon="19.1148760">
    <ele>698.9</ele>
    <time>2026-06-03T18:09:57Z</time>
   </trkpt>
   <trkpt lat="69.6006820" lon="19.1148760">
    <ele>698.9</ele>
    <time>2026-06-03T18:09:58Z</time>
   </trkpt>
   <trkpt lat="69.6006890" lon="19.1149310">
    <ele>701.0</ele>
    <time>2026-06-03T18:09:59Z</time>
   </trkpt>
   <trkpt lat="69.6006890" lon="19.1149310">
    <ele>701.0</ele>
    <time>2026-06-03T18:10:00Z</time>
   </trkpt>
   <trkpt lat="69.6006890" lon="19.1149310">
    <ele>701.0</ele>
    <time>2026-06-03T18:10:01Z</time>
   </trkpt>
   <trkpt lat="69.6006890" lon="19.1149310">
    <ele>701.0</ele>
    <time>2026-06-03T18:10:02Z</time>
   </trkpt>
   <trkpt lat="69.6006890" lon="19.1149310">
    <ele>701.0</ele>
    <time>2026-06-03T18:10:03Z</time>
   </trkpt>
   <trkpt lat="69.6006890" lon="19.1149310">
    <ele>701.0</ele>
    <time>2026-06-03T18:10:04Z</time>
   </trkpt>
   <trkpt lat="69.6006890" lon="19.1149310">
    <ele>701.0</ele>
    <time>2026-06-03T18:10:05Z</time>
   </trkpt>
   <trkpt lat="69.6006890" lon="19.1149310">
    <ele>701.0</ele>
    <time>2026-06-03T18:10:06Z</time>
   </trkpt>
   <trkpt lat="69.6006890" lon="19.1149310">
    <ele>701.0</ele>
    <time>2026-06-03T18:10:07Z</time>
   </trkpt>
   <trkpt lat="69.6006890" lon="19.1149310">
    <ele>701.0</ele>
    <time>2026-06-03T18:10:08Z</time>
   </trkpt>
   <trkpt lat="69.6006890" lon="19.1149310">
    <ele>701.0</ele>
    <time>2026-06-03T18:10:09Z</time>
   </trkpt>
   <trkpt lat="69.6006890" lon="19.1149310">
    <ele>701.0</ele>
    <time>2026-06-03T18:10:10Z</time>
   </trkpt>
   <trkpt lat="69.6006690" lon="19.1149500">
    <ele>701.5</ele>
    <time>2026-06-03T18:10:11Z</time>
   </trkpt>
   <trkpt lat="69.6006690" lon="19.1149500">
    <ele>701.5</ele>
    <time>2026-06-03T18:10:12Z</time>
   </trkpt>
   <trkpt lat="69.6006690" lon="19.1149500">
    <ele>701.5</ele>
    <time>2026-06-03T18:10:13Z</time>
   </trkpt>
   <trkpt lat="69.6006690" lon="19.1149500">
    <ele>701.5</ele>
    <time>2026-06-03T18:10:14Z</time>
   </trkpt>
   <trkpt lat="69.6006690" lon="19.1149500">
    <ele>701.5</ele>
    <time>2026-06-03T18:10:15Z</time>
   </trkpt>
   <trkpt lat="69.6006480" lon="19.1149570">
    <ele>702.0</ele>
    <time>2026-06-03T18:10:16Z</time>
   </trkpt>
   <trkpt lat="69.6006480" lon="19.1149570">
    <ele>702.0</ele>
    <time>2026-06-03T18:10:17Z</time>
   </trkpt>
   <trkpt lat="69.6006480" lon="19.1149570">
    <ele>702.0</ele>
    <time>2026-06-03T18:10:18Z</time>
   </trkpt>
   <trkpt lat="69.6006480" lon="19.1149570">
    <ele>702.0</ele>
    <time>2026-06-03T18:10:19Z</time>
   </trkpt>
   <trkpt lat="69.6006480" lon="19.1149570">
    <ele>702.0</ele>
    <time>2026-06-03T18:10:20Z</time>
   </trkpt>
   <trkpt lat="69.6006480" lon="19.1149570">
    <ele>702.0</ele>
    <time>2026-06-03T18:10:21Z</time>
   </trkpt>
   <trkpt lat="69.6006480" lon="19.1149570">
    <ele>702.0</ele>
    <time>2026-06-03T18:10:22Z</time>
   </trkpt>
   <trkpt lat="69.6006480" lon="19.1149570">
    <ele>702.0</ele>
    <time>2026-06-03T18:10:23Z</time>
   </trkpt>
   <trkpt lat="69.6006480" lon="19.1149570">
    <ele>702.1</ele>
    <time>2026-06-03T18:10:24Z</time>
   </trkpt>
   <trkpt lat="69.6006480" lon="19.1149570">
    <ele>702.1</ele>
    <time>2026-06-03T18:10:25Z</time>
   </trkpt>
   <trkpt lat="69.6006480" lon="19.1149570">
    <ele>702.1</ele>
    <time>2026-06-03T18:10:26Z</time>
   </trkpt>
   <trkpt lat="69.6006480" lon="19.1149570">
    <ele>702.1</ele>
    <time>2026-06-03T18:10:27Z</time>
   </trkpt>
   <trkpt lat="69.6006480" lon="19.1149570">
    <ele>702.1</ele>
    <time>2026-06-03T18:10:28Z</time>
   </trkpt>
   <trkpt lat="69.6006480" lon="19.1149570">
    <ele>702.1</ele>
    <time>2026-06-03T18:10:29Z</time>
   </trkpt>
   <trkpt lat="69.6006480" lon="19.1149570">
    <ele>702.1</ele>
    <time>2026-06-03T18:10:30Z</time>
   </trkpt>
   <trkpt lat="69.6006480" lon="19.1149570">
    <ele>702.1</ele>
    <time>2026-06-03T18:10:31Z</time>
   </trkpt>
   <trkpt lat="69.6006480" lon="19.1149570">
    <ele>702.1</ele>
    <time>2026-06-03T18:10:32Z</time>
   </trkpt>
   <trkpt lat="69.6006480" lon="19.1149570">
    <ele>702.1</ele>
    <time>2026-06-03T18:10:33Z</time>
   </trkpt>
   <trkpt lat="69.6006480" lon="19.1149570">
    <ele>702.1</ele>
    <time>2026-06-03T18:10:34Z</time>
   </trkpt>
   <trkpt lat="69.6006480" lon="19.1149570">
    <ele>702.1</ele>
    <time>2026-06-03T18:10:35Z</time>
   </trkpt>
   <trkpt lat="69.6006480" lon="19.1149570">
    <ele>702.1</ele>
    <time>2026-06-03T18:10:36Z</time>
   </trkpt>
   <trkpt lat="69.6006480" lon="19.1149570">
    <ele>702.1</ele>
    <time>2026-06-03T18:10:37Z</time>
   </trkpt>
   <trkpt lat="69.6006480" lon="19.1149570">
    <ele>702.1</ele>
    <time>2026-06-03T18:10:38Z</time>
   </trkpt>
   <trkpt lat="69.6006510" lon="19.1150140">
    <ele>704.0</ele>
    <time>2026-06-03T18:10:39Z</time>
   </trkpt>
   <trkpt lat="69.6006510" lon="19.1150140">
    <ele>704.0</ele>
    <time>2026-06-03T18:10:40Z</time>
   </trkpt>
   <trkpt lat="69.6006510" lon="19.1150140">
    <ele>704.0</ele>
    <time>2026-06-03T18:10:41Z</time>
   </trkpt>
   <trkpt lat="69.6006510" lon="19.1150140">
    <ele>704.0</ele>
    <time>2026-06-03T18:10:42Z</time>
   </trkpt>
   <trkpt lat="69.6006510" lon="19.1150140">
    <ele>704.0</ele>
    <time>2026-06-03T18:10:43Z</time>
   </trkpt>
   <trkpt lat="69.6006510" lon="19.1150140">
    <ele>704.0</ele>
    <time>2026-06-03T18:10:44Z</time>
   </trkpt>
   <trkpt lat="69.6006510" lon="19.1150140">
    <ele>704.0</ele>
    <time>2026-06-03T18:10:45Z</time>
   </trkpt>
   <trkpt lat="69.6006510" lon="19.1150140">
    <ele>704.0</ele>
    <time>2026-06-03T18:10:46Z</time>
   </trkpt>
   <trkpt lat="69.6006510" lon="19.1150140">
    <ele>704.0</ele>
    <time>2026-06-03T18:10:47Z</time>
   </trkpt>
   <trkpt lat="69.6006510" lon="19.1150140">
    <ele>704.0</ele>
    <time>2026-06-03T18:10:48Z</time>
   </trkpt>
   <trkpt lat="69.6006510" lon="19.1150140">
    <ele>704.0</ele>
    <time>2026-06-03T18:10:49Z</time>
   </trkpt>
   <trkpt lat="69.6006640" lon="19.1150500">
    <ele>703.5</ele>
    <time>2026-06-03T18:10:50Z</time>
   </trkpt>
   <trkpt lat="69.6006640" lon="19.1150500">
    <ele>703.5</ele>
    <time>2026-06-03T18:10:51Z</time>
   </trkpt>
   <trkpt lat="69.6006640" lon="19.1150500">
    <ele>703.5</ele>
    <time>2026-06-03T18:10:52Z</time>
   </trkpt>
   <trkpt lat="69.6006640" lon="19.1150500">
    <ele>703.5</ele>
    <time>2026-06-03T18:10:53Z</time>
   </trkpt>
   <trkpt lat="69.6006640" lon="19.1150500">
    <ele>703.5</ele>
    <time>2026-06-03T18:10:54Z</time>
   </trkpt>
   <trkpt lat="69.6006640" lon="19.1150500">
    <ele>703.5</ele>
    <time>2026-06-03T18:10:55Z</time>
   </trkpt>
   <trkpt lat="69.6006640" lon="19.1150500">
    <ele>703.5</ele>
    <time>2026-06-03T18:10:56Z</time>
   </trkpt>
   <trkpt lat="69.6006640" lon="19.1150500">
    <ele>703.5</ele>
    <time>2026-06-03T18:10:57Z</time>
   </trkpt>
   <trkpt lat="69.6006640" lon="19.1150500">
    <ele>703.5</ele>
    <time>2026-06-03T18:10:58Z</time>
   </trkpt>
   <trkpt lat="69.6006640" lon="19.1150500">
    <ele>703.5</ele>
    <time>2026-06-03T18:10:59Z</time>
   </trkpt>
   <trkpt lat="69.6006640" lon="19.1150500">
    <ele>703.5</ele>
    <time>2026-06-03T18:11:00Z</time>
   </trkpt>
   <trkpt lat="69.6006640" lon="19.1150500">
    <ele>703.5</ele>
    <time>2026-06-03T18:11:01Z</time>
   </trkpt>
   <trkpt lat="69.6006640" lon="19.1150500">
    <ele>703.5</ele>
    <time>2026-06-03T18:11:02Z</time>
   </trkpt>
   <trkpt lat="69.6006640" lon="19.1150500">
    <ele>703.5</ele>
    <time>2026-06-03T18:11:03Z</time>
   </trkpt>
   <trkpt lat="69.6006460" lon="19.1150570">
    <ele>705.3</ele>
    <time>2026-06-03T18:11:04Z</time>
   </trkpt>
   <trkpt lat="69.6006460" lon="19.1150570">
    <ele>705.3</ele>
    <time>2026-06-03T18:11:05Z</time>
   </trkpt>
   <trkpt lat="69.6006460" lon="19.1150570">
    <ele>705.3</ele>
    <time>2026-06-03T18:11:06Z</time>
   </trkpt>
   <trkpt lat="69.6006460" lon="19.1150570">
    <ele>705.3</ele>
    <time>2026-06-03T18:11:07Z</time>
   </trkpt>
   <trkpt lat="69.6006460" lon="19.1150570">
    <ele>705.3</ele>
    <time>2026-06-03T18:11:08Z</time>
   </trkpt>
   <trkpt lat="69.6006270" lon="19.1150540">
    <ele>705.7</ele>
    <time>2026-06-03T18:11:09Z</time>
   </trkpt>
   <trkpt lat="69.6006270" lon="19.1150540">
    <ele>705.7</ele>
    <time>2026-06-03T18:11:10Z</time>
   </trkpt>
   <trkpt lat="69.6006270" lon="19.1150540">
    <ele>705.7</ele>
    <time>2026-06-03T18:11:11Z</time>
   </trkpt>
   <trkpt lat="69.6006030" lon="19.1150580">
    <ele>706.1</ele>
    <time>2026-06-03T18:11:12Z</time>
   </trkpt>
   <trkpt lat="69.6006030" lon="19.1150580">
    <ele>706.1</ele>
    <time>2026-06-03T18:11:13Z</time>
   </trkpt>
   <trkpt lat="69.6006030" lon="19.1150580">
    <ele>706.1</ele>
    <time>2026-06-03T18:11:14Z</time>
   </trkpt>
   <trkpt lat="69.6005830" lon="19.1150650">
    <ele>707.0</ele>
    <time>2026-06-03T18:11:15Z</time>
   </trkpt>
   <trkpt lat="69.6005830" lon="19.1150650">
    <ele>707.0</ele>
    <time>2026-06-03T18:11:16Z</time>
   </trkpt>
   <trkpt lat="69.6005830" lon="19.1150650">
    <ele>707.0</ele>
    <time>2026-06-03T18:11:17Z</time>
   </trkpt>
   <trkpt lat="69.6005620" lon="19.1150670">
    <ele>707.5</ele>
    <time>2026-06-03T18:11:18Z</time>
   </trkpt>
   <trkpt lat="69.6005620" lon="19.1150670">
    <ele>707.5</ele>
    <time>2026-06-03T18:11:19Z</time>
   </trkpt>
   <trkpt lat="69.6005620" lon="19.1150670">
    <ele>707.5</ele>
    <time>2026-06-03T18:11:20Z</time>
   </trkpt>
   <trkpt lat="69.6005620" lon="19.1150670">
    <ele>707.5</ele>
    <time>2026-06-03T18:11:21Z</time>
   </trkpt>
   <trkpt lat="69.6005620" lon="19.1150670">
    <ele>707.5</ele>
    <time>2026-06-03T18:11:22Z</time>
   </trkpt>
   <trkpt lat="69.6005620" lon="19.1150670">
    <ele>707.5</ele>
    <time>2026-06-03T18:11:23Z</time>
   </trkpt>
   <trkpt lat="69.6005620" lon="19.1150670">
    <ele>707.5</ele>
    <time>2026-06-03T18:11:24Z</time>
   </trkpt>
   <trkpt lat="69.6005620" lon="19.1150670">
    <ele>707.5</ele>
    <time>2026-06-03T18:11:25Z</time>
   </trkpt>
   <trkpt lat="69.6005620" lon="19.1150670">
    <ele>707.5</ele>
    <time>2026-06-03T18:11:26Z</time>
   </trkpt>
   <trkpt lat="69.6005620" lon="19.1150670">
    <ele>707.5</ele>
    <time>2026-06-03T18:11:27Z</time>
   </trkpt>
   <trkpt lat="69.6005620" lon="19.1150670">
    <ele>707.5</ele>
    <time>2026-06-03T18:11:28Z</time>
   </trkpt>
   <trkpt lat="69.6005620" lon="19.1150670">
    <ele>707.5</ele>
    <time>2026-06-03T18:11:29Z</time>
   </trkpt>
   <trkpt lat="69.6005620" lon="19.1150670">
    <ele>707.5</ele>
    <time>2026-06-03T18:11:30Z</time>
   </trkpt>
   <trkpt lat="69.6005410" lon="19.1150870">
    <ele>708.4</ele>
    <time>2026-06-03T18:11:31Z</time>
   </trkpt>
   <trkpt lat="69.6005410" lon="19.1150870">
    <ele>708.4</ele>
    <time>2026-06-03T18:11:32Z</time>
   </trkpt>
   <trkpt lat="69.6005410" lon="19.1150870">
    <ele>708.4</ele>
    <time>2026-06-03T18:11:33Z</time>
   </trkpt>
   <trkpt lat="69.6005410" lon="19.1150870">
    <ele>708.4</ele>
    <time>2026-06-03T18:11:34Z</time>
   </trkpt>
   <trkpt lat="69.6005200" lon="19.1151060">
    <ele>709.8</ele>
    <time>2026-06-03T18:11:35Z</time>
   </trkpt>
   <trkpt lat="69.6005200" lon="19.1151060">
    <ele>709.8</ele>
    <time>2026-06-03T18:11:36Z</time>
   </trkpt>
   <trkpt lat="69.6005200" lon="19.1151060">
    <ele>709.8</ele>
    <time>2026-06-03T18:11:37Z</time>
   </trkpt>
   <trkpt lat="69.6005020" lon="19.1151180">
    <ele>710.3</ele>
    <time>2026-06-03T18:11:38Z</time>
   </trkpt>
   <trkpt lat="69.6005020" lon="19.1151180">
    <ele>710.3</ele>
    <time>2026-06-03T18:11:39Z</time>
   </trkpt>
   <trkpt lat="69.6005020" lon="19.1151180">
    <ele>710.3</ele>
    <time>2026-06-03T18:11:40Z</time>
   </trkpt>
   <trkpt lat="69.6004800" lon="19.1151380">
    <ele>711.3</ele>
    <time>2026-06-03T18:11:41Z</time>
   </trkpt>
   <trkpt lat="69.6004800" lon="19.1151380">
    <ele>711.3</ele>
    <time>2026-06-03T18:11:42Z</time>
   </trkpt>
   <trkpt lat="69.6004800" lon="19.1151380">
    <ele>711.3</ele>
    <time>2026-06-03T18:11:43Z</time>
   </trkpt>
   <trkpt lat="69.6004800" lon="19.1151380">
    <ele>711.3</ele>
    <time>2026-06-03T18:11:44Z</time>
   </trkpt>
   <trkpt lat="69.6004570" lon="19.1151470">
    <ele>712.8</ele>
    <time>2026-06-03T18:11:45Z</time>
   </trkpt>
   <trkpt lat="69.6004570" lon="19.1151470">
    <ele>712.8</ele>
    <time>2026-06-03T18:11:46Z</time>
   </trkpt>
   <trkpt lat="69.6004570" lon="19.1151470">
    <ele>712.8</ele>
    <time>2026-06-03T18:11:47Z</time>
   </trkpt>
   <trkpt lat="69.6004570" lon="19.1151470">
    <ele>712.8</ele>
    <time>2026-06-03T18:11:48Z</time>
   </trkpt>
   <trkpt lat="69.6004370" lon="19.1151550">
    <ele>713.9</ele>
    <time>2026-06-03T18:11:49Z</time>
   </trkpt>
   <trkpt lat="69.6004370" lon="19.1151550">
    <ele>713.9</ele>
    <time>2026-06-03T18:11:50Z</time>
   </trkpt>
   <trkpt lat="69.6004370" lon="19.1151550">
    <ele>713.9</ele>
    <time>2026-06-03T18:11:51Z</time>
   </trkpt>
   <trkpt lat="69.6004370" lon="19.1151550">
    <ele>713.9</ele>
    <time>2026-06-03T18:11:52Z</time>
   </trkpt>
   <trkpt lat="69.6004370" lon="19.1151550">
    <ele>713.9</ele>
    <time>2026-06-03T18:11:53Z</time>
   </trkpt>
   <trkpt lat="69.6004370" lon="19.1151550">
    <ele>713.9</ele>
    <time>2026-06-03T18:11:54Z</time>
   </trkpt>
   <trkpt lat="69.6004370" lon="19.1151550">
    <ele>713.9</ele>
    <time>2026-06-03T18:11:55Z</time>
   </trkpt>
   <trkpt lat="69.6004370" lon="19.1151550">
    <ele>713.9</ele>
    <time>2026-06-03T18:11:56Z</time>
   </trkpt>
   <trkpt lat="69.6004370" lon="19.1151550">
    <ele>713.9</ele>
    <time>2026-06-03T18:11:57Z</time>
   </trkpt>
   <trkpt lat="69.6004370" lon="19.1151550">
    <ele>713.9</ele>
    <time>2026-06-03T18:11:58Z</time>
   </trkpt>
   <trkpt lat="69.6004370" lon="19.1151550">
    <ele>713.9</ele>
    <time>2026-06-03T18:11:59Z</time>
   </trkpt>
   <trkpt lat="69.6004370" lon="19.1151550">
    <ele>713.9</ele>
    <time>2026-06-03T18:12:00Z</time>
   </trkpt>
   <trkpt lat="69.6004370" lon="19.1151550">
    <ele>713.9</ele>
    <time>2026-06-03T18:12:01Z</time>
   </trkpt>
   <trkpt lat="69.6004370" lon="19.1151550">
    <ele>713.9</ele>
    <time>2026-06-03T18:12:02Z</time>
   </trkpt>
   <trkpt lat="69.6004370" lon="19.1151550">
    <ele>713.9</ele>
    <time>2026-06-03T18:12:03Z</time>
   </trkpt>
   <trkpt lat="69.6004370" lon="19.1151550">
    <ele>713.9</ele>
    <time>2026-06-03T18:12:04Z</time>
   </trkpt>
   <trkpt lat="69.6004490" lon="19.1152080">
    <ele>714.3</ele>
    <time>2026-06-03T18:12:05Z</time>
   </trkpt>
   <trkpt lat="69.6004490" lon="19.1152080">
    <ele>714.3</ele>
    <time>2026-06-03T18:12:06Z</time>
   </trkpt>
   <trkpt lat="69.6004490" lon="19.1152080">
    <ele>714.3</ele>
    <time>2026-06-03T18:12:07Z</time>
   </trkpt>
   <trkpt lat="69.6004490" lon="19.1152080">
    <ele>714.4</ele>
    <time>2026-06-03T18:12:08Z</time>
   </trkpt>
   <trkpt lat="69.6004490" lon="19.1152080">
    <ele>714.4</ele>
    <time>2026-06-03T18:12:09Z</time>
   </trkpt>
   <trkpt lat="69.6004490" lon="19.1152080">
    <ele>714.4</ele>
    <time>2026-06-03T18:12:10Z</time>
   </trkpt>
   <trkpt lat="69.6004490" lon="19.1152080">
    <ele>714.4</ele>
    <time>2026-06-03T18:12:11Z</time>
   </trkpt>
   <trkpt lat="69.6004630" lon="19.1152480">
    <ele>714.7</ele>
    <time>2026-06-03T18:12:12Z</time>
   </trkpt>
   <trkpt lat="69.6004630" lon="19.1152480">
    <ele>714.7</ele>
    <time>2026-06-03T18:12:13Z</time>
   </trkpt>
   <trkpt lat="69.6004630" lon="19.1152480">
    <ele>714.7</ele>
    <time>2026-06-03T18:12:14Z</time>
   </trkpt>
   <trkpt lat="69.6004630" lon="19.1152480">
    <ele>714.7</ele>
    <time>2026-06-03T18:12:15Z</time>
   </trkpt>
   <trkpt lat="69.6004770" lon="19.1153020">
    <ele>715.1</ele>
    <time>2026-06-03T18:12:16Z</time>
   </trkpt>
   <trkpt lat="69.6004770" lon="19.1153020">
    <ele>715.1</ele>
    <time>2026-06-03T18:12:17Z</time>
   </trkpt>
   <trkpt lat="69.6004770" lon="19.1153020">
    <ele>715.1</ele>
    <time>2026-06-03T18:12:18Z</time>
   </trkpt>
   <trkpt lat="69.6004770" lon="19.1153020">
    <ele>715.1</ele>
    <time>2026-06-03T18:12:19Z</time>
   </trkpt>
   <trkpt lat="69.6004770" lon="19.1153020">
    <ele>715.1</ele>
    <time>2026-06-03T18:12:20Z</time>
   </trkpt>
   <trkpt lat="69.6004880" lon="19.1153440">
    <ele>715.4</ele>
    <time>2026-06-03T18:12:21Z</time>
   </trkpt>
   <trkpt lat="69.6004880" lon="19.1153440">
    <ele>715.4</ele>
    <time>2026-06-03T18:12:22Z</time>
   </trkpt>
   <trkpt lat="69.6004880" lon="19.1153440">
    <ele>715.4</ele>
    <time>2026-06-03T18:12:23Z</time>
   </trkpt>
   <trkpt lat="69.6004880" lon="19.1153440">
    <ele>715.4</ele>
    <time>2026-06-03T18:12:24Z</time>
   </trkpt>
   <trkpt lat="69.6005010" lon="19.1153800">
    <ele>715.7</ele>
    <time>2026-06-03T18:12:25Z</time>
   </trkpt>
   <trkpt lat="69.6005010" lon="19.1153800">
    <ele>715.7</ele>
    <time>2026-06-03T18:12:26Z</time>
   </trkpt>
   <trkpt lat="69.6005010" lon="19.1153800">
    <ele>715.7</ele>
    <time>2026-06-03T18:12:27Z</time>
   </trkpt>
   <trkpt lat="69.6005010" lon="19.1153800">
    <ele>715.7</ele>
    <time>2026-06-03T18:12:28Z</time>
   </trkpt>
   <trkpt lat="69.6005120" lon="19.1154300">
    <ele>716.6</ele>
    <time>2026-06-03T18:12:29Z</time>
   </trkpt>
   <trkpt lat="69.6005120" lon="19.1154300">
    <ele>716.6</ele>
    <time>2026-06-03T18:12:30Z</time>
   </trkpt>
   <trkpt lat="69.6005120" lon="19.1154300">
    <ele>716.6</ele>
    <time>2026-06-03T18:12:31Z</time>
   </trkpt>
   <trkpt lat="69.6005120" lon="19.1154300">
    <ele>716.6</ele>
    <time>2026-06-03T18:12:32Z</time>
   </trkpt>
   <trkpt lat="69.6005120" lon="19.1154300">
    <ele>716.6</ele>
    <time>2026-06-03T18:12:33Z</time>
   </trkpt>
   <trkpt lat="69.6005120" lon="19.1154300">
    <ele>716.6</ele>
    <time>2026-06-03T18:12:34Z</time>
   </trkpt>
   <trkpt lat="69.6005220" lon="19.1154910">
    <ele>717.8</ele>
    <time>2026-06-03T18:12:35Z</time>
   </trkpt>
   <trkpt lat="69.6005220" lon="19.1154910">
    <ele>717.8</ele>
    <time>2026-06-03T18:12:36Z</time>
   </trkpt>
   <trkpt lat="69.6005220" lon="19.1154910">
    <ele>717.8</ele>
    <time>2026-06-03T18:12:37Z</time>
   </trkpt>
   <trkpt lat="69.6005220" lon="19.1154910">
    <ele>717.8</ele>
    <time>2026-06-03T18:12:38Z</time>
   </trkpt>
   <trkpt lat="69.6005330" lon="19.1155360">
    <ele>718.0</ele>
    <time>2026-06-03T18:12:39Z</time>
   </trkpt>
   <trkpt lat="69.6005330" lon="19.1155360">
    <ele>718.0</ele>
    <time>2026-06-03T18:12:40Z</time>
   </trkpt>
   <trkpt lat="69.6005330" lon="19.1155360">
    <ele>718.0</ele>
    <time>2026-06-03T18:12:41Z</time>
   </trkpt>
   <trkpt lat="69.6005330" lon="19.1155360">
    <ele>718.0</ele>
    <time>2026-06-03T18:12:42Z</time>
   </trkpt>
   <trkpt lat="69.6005430" lon="19.1155920">
    <ele>718.3</ele>
    <time>2026-06-03T18:12:43Z</time>
   </trkpt>
   <trkpt lat="69.6005430" lon="19.1155920">
    <ele>718.3</ele>
    <time>2026-06-03T18:12:44Z</time>
   </trkpt>
   <trkpt lat="69.6005430" lon="19.1155920">
    <ele>718.3</ele>
    <time>2026-06-03T18:12:45Z</time>
   </trkpt>
   <trkpt lat="69.6005430" lon="19.1155920">
    <ele>718.3</ele>
    <time>2026-06-03T18:12:46Z</time>
   </trkpt>
   <trkpt lat="69.6005430" lon="19.1155920">
    <ele>718.3</ele>
    <time>2026-06-03T18:12:47Z</time>
   </trkpt>
   <trkpt lat="69.6005430" lon="19.1155920">
    <ele>718.3</ele>
    <time>2026-06-03T18:12:48Z</time>
   </trkpt>
   <trkpt lat="69.6005430" lon="19.1155920">
    <ele>718.3</ele>
    <time>2026-06-03T18:12:49Z</time>
   </trkpt>
   <trkpt lat="69.6005430" lon="19.1155920">
    <ele>718.3</ele>
    <time>2026-06-03T18:12:50Z</time>
   </trkpt>
   <trkpt lat="69.6005430" lon="19.1155920">
    <ele>718.3</ele>
    <time>2026-06-03T18:12:51Z</time>
   </trkpt>
   <trkpt lat="69.6005430" lon="19.1155920">
    <ele>718.3</ele>
    <time>2026-06-03T18:12:52Z</time>
   </trkpt>
   <trkpt lat="69.6005520" lon="19.1156420">
    <ele>719.3</ele>
    <time>2026-06-03T18:12:53Z</time>
   </trkpt>
   <trkpt lat="69.6005520" lon="19.1156420">
    <ele>719.3</ele>
    <time>2026-06-03T18:12:54Z</time>
   </trkpt>
   <trkpt lat="69.6005520" lon="19.1156420">
    <ele>719.3</ele>
    <time>2026-06-03T18:12:55Z</time>
   </trkpt>
   <trkpt lat="69.6005520" lon="19.1156420">
    <ele>719.3</ele>
    <time>2026-06-03T18:12:56Z</time>
   </trkpt>
   <trkpt lat="69.6005620" lon="19.1157000">
    <ele>720.5</ele>
    <time>2026-06-03T18:12:57Z</time>
   </trkpt>
   <trkpt lat="69.6005620" lon="19.1157000">
    <ele>720.5</ele>
    <time>2026-06-03T18:12:58Z</time>
   </trkpt>
   <trkpt lat="69.6005620" lon="19.1157000">
    <ele>720.5</ele>
    <time>2026-06-03T18:12:59Z</time>
   </trkpt>
   <trkpt lat="69.6005620" lon="19.1157000">
    <ele>720.5</ele>
    <time>2026-06-03T18:13:00Z</time>
   </trkpt>
   <trkpt lat="69.6005700" lon="19.1157580">
    <ele>721.5</ele>
    <time>2026-06-03T18:13:01Z</time>
   </trkpt>
   <trkpt lat="69.6005700" lon="19.1157580">
    <ele>721.5</ele>
    <time>2026-06-03T18:13:02Z</time>
   </trkpt>
   <trkpt lat="69.6005700" lon="19.1157580">
    <ele>721.5</ele>
    <time>2026-06-03T18:13:03Z</time>
   </trkpt>
   <trkpt lat="69.6005700" lon="19.1157580">
    <ele>721.5</ele>
    <time>2026-06-03T18:13:04Z</time>
   </trkpt>
   <trkpt lat="69.6005810" lon="19.1158180">
    <ele>721.8</ele>
    <time>2026-06-03T18:13:05Z</time>
   </trkpt>
   <trkpt lat="69.6005810" lon="19.1158180">
    <ele>721.8</ele>
    <time>2026-06-03T18:13:06Z</time>
   </trkpt>
   <trkpt lat="69.6005810" lon="19.1158180">
    <ele>721.8</ele>
    <time>2026-06-03T18:13:07Z</time>
   </trkpt>
   <trkpt lat="69.6005810" lon="19.1158180">
    <ele>721.8</ele>
    <time>2026-06-03T18:13:08Z</time>
   </trkpt>
   <trkpt lat="69.6005920" lon="19.1158790">
    <ele>723.1</ele>
    <time>2026-06-03T18:13:09Z</time>
   </trkpt>
   <trkpt lat="69.6005920" lon="19.1158790">
    <ele>723.1</ele>
    <time>2026-06-03T18:13:10Z</time>
   </trkpt>
   <trkpt lat="69.6005920" lon="19.1158790">
    <ele>723.1</ele>
    <time>2026-06-03T18:13:11Z</time>
   </trkpt>
   <trkpt lat="69.6005920" lon="19.1158790">
    <ele>723.1</ele>
    <time>2026-06-03T18:13:12Z</time>
   </trkpt>
   <trkpt lat="69.6005920" lon="19.1158790">
    <ele>723.1</ele>
    <time>2026-06-03T18:13:13Z</time>
   </trkpt>
   <trkpt lat="69.6006040" lon="19.1159310">
    <ele>723.4</ele>
    <time>2026-06-03T18:13:14Z</time>
   </trkpt>
   <trkpt lat="69.6006040" lon="19.1159310">
    <ele>723.4</ele>
    <time>2026-06-03T18:13:15Z</time>
   </trkpt>
   <trkpt lat="69.6006040" lon="19.1159310">
    <ele>723.4</ele>
    <time>2026-06-03T18:13:16Z</time>
   </trkpt>
   <trkpt lat="69.6006040" lon="19.1159310">
    <ele>723.4</ele>
    <time>2026-06-03T18:13:17Z</time>
   </trkpt>
   <trkpt lat="69.6006150" lon="19.1159940">
    <ele>724.4</ele>
    <time>2026-06-03T18:13:18Z</time>
   </trkpt>
   <trkpt lat="69.6006150" lon="19.1159940">
    <ele>724.4</ele>
    <time>2026-06-03T18:13:19Z</time>
   </trkpt>
   <trkpt lat="69.6006150" lon="19.1159940">
    <ele>724.4</ele>
    <time>2026-06-03T18:13:20Z</time>
   </trkpt>
   <trkpt lat="69.6006240" lon="19.1160400">
    <ele>725.6</ele>
    <time>2026-06-03T18:13:21Z</time>
   </trkpt>
   <trkpt lat="69.6006240" lon="19.1160400">
    <ele>725.6</ele>
    <time>2026-06-03T18:13:22Z</time>
   </trkpt>
   <trkpt lat="69.6006240" lon="19.1160400">
    <ele>725.6</ele>
    <time>2026-06-03T18:13:23Z</time>
   </trkpt>
   <trkpt lat="69.6006320" lon="19.1160950">
    <ele>726.5</ele>
    <time>2026-06-03T18:13:24Z</time>
   </trkpt>
   <trkpt lat="69.6006320" lon="19.1160950">
    <ele>726.5</ele>
    <time>2026-06-03T18:13:25Z</time>
   </trkpt>
   <trkpt lat="69.6006320" lon="19.1160950">
    <ele>726.5</ele>
    <time>2026-06-03T18:13:26Z</time>
   </trkpt>
   <trkpt lat="69.6006320" lon="19.1160950">
    <ele>726.5</ele>
    <time>2026-06-03T18:13:27Z</time>
   </trkpt>
   <trkpt lat="69.6006410" lon="19.1161410">
    <ele>726.8</ele>
    <time>2026-06-03T18:13:28Z</time>
   </trkpt>
   <trkpt lat="69.6006410" lon="19.1161410">
    <ele>726.8</ele>
    <time>2026-06-03T18:13:29Z</time>
   </trkpt>
   <trkpt lat="69.6006410" lon="19.1161410">
    <ele>726.8</ele>
    <time>2026-06-03T18:13:30Z</time>
   </trkpt>
   <trkpt lat="69.6006410" lon="19.1161410">
    <ele>726.8</ele>
    <time>2026-06-03T18:13:31Z</time>
   </trkpt>
   <trkpt lat="69.6006520" lon="19.1161980">
    <ele>727.1</ele>
    <time>2026-06-03T18:13:32Z</time>
   </trkpt>
   <trkpt lat="69.6006520" lon="19.1161980">
    <ele>727.1</ele>
    <time>2026-06-03T18:13:33Z</time>
   </trkpt>
   <trkpt lat="69.6006520" lon="19.1161980">
    <ele>727.1</ele>
    <time>2026-06-03T18:13:34Z</time>
   </trkpt>
   <trkpt lat="69.6006520" lon="19.1161980">
    <ele>727.1</ele>
    <time>2026-06-03T18:13:35Z</time>
   </trkpt>
   <trkpt lat="69.6006520" lon="19.1161980">
    <ele>727.1</ele>
    <time>2026-06-03T18:13:36Z</time>
   </trkpt>
   <trkpt lat="69.6006520" lon="19.1161980">
    <ele>727.1</ele>
    <time>2026-06-03T18:13:37Z</time>
   </trkpt>
   <trkpt lat="69.6006520" lon="19.1161980">
    <ele>727.1</ele>
    <time>2026-06-03T18:13:38Z</time>
   </trkpt>
   <trkpt lat="69.6006520" lon="19.1161980">
    <ele>727.1</ele>
    <time>2026-06-03T18:13:39Z</time>
   </trkpt>
   <trkpt lat="69.6006520" lon="19.1161980">
    <ele>727.2</ele>
    <time>2026-06-03T18:13:40Z</time>
   </trkpt>
   <trkpt lat="69.6006520" lon="19.1161980">
    <ele>727.2</ele>
    <time>2026-06-03T18:13:41Z</time>
   </trkpt>
   <trkpt lat="69.6006520" lon="19.1161980">
    <ele>727.2</ele>
    <time>2026-06-03T18:13:42Z</time>
   </trkpt>
   <trkpt lat="69.6006520" lon="19.1161980">
    <ele>727.2</ele>
    <time>2026-06-03T18:13:43Z</time>
   </trkpt>
   <trkpt lat="69.6006620" lon="19.1162600">
    <ele>729.4</ele>
    <time>2026-06-03T18:13:44Z</time>
   </trkpt>
   <trkpt lat="69.6006620" lon="19.1162600">
    <ele>729.4</ele>
    <time>2026-06-03T18:13:45Z</time>
   </trkpt>
   <trkpt lat="69.6006620" lon="19.1162600">
    <ele>729.4</ele>
    <time>2026-06-03T18:13:46Z</time>
   </trkpt>
   <trkpt lat="69.6006620" lon="19.1162600">
    <ele>729.4</ele>
    <time>2026-06-03T18:13:47Z</time>
   </trkpt>
   <trkpt lat="69.6006620" lon="19.1162600">
    <ele>729.4</ele>
    <time>2026-06-03T18:13:48Z</time>
   </trkpt>
   <trkpt lat="69.6006670" lon="19.1163180">
    <ele>729.7</ele>
    <time>2026-06-03T18:13:49Z</time>
   </trkpt>
   <trkpt lat="69.6006670" lon="19.1163180">
    <ele>729.7</ele>
    <time>2026-06-03T18:13:50Z</time>
   </trkpt>
   <trkpt lat="69.6006670" lon="19.1163180">
    <ele>729.7</ele>
    <time>2026-06-03T18:13:51Z</time>
   </trkpt>
   <trkpt lat="69.6006670" lon="19.1163180">
    <ele>729.7</ele>
    <time>2026-06-03T18:13:52Z</time>
   </trkpt>
   <trkpt lat="69.6006670" lon="19.1163180">
    <ele>729.7</ele>
    <time>2026-06-03T18:13:53Z</time>
   </trkpt>
   <trkpt lat="69.6006500" lon="19.1163510">
    <ele>731.3</ele>
    <time>2026-06-03T18:13:54Z</time>
   </trkpt>
   <trkpt lat="69.6006500" lon="19.1163510">
    <ele>731.3</ele>
    <time>2026-06-03T18:13:55Z</time>
   </trkpt>
   <trkpt lat="69.6006500" lon="19.1163510">
    <ele>731.3</ele>
    <time>2026-06-03T18:13:56Z</time>
   </trkpt>
   <trkpt lat="69.6006290" lon="19.1163660">
    <ele>732.5</ele>
    <time>2026-06-03T18:13:57Z</time>
   </trkpt>
   <trkpt lat="69.6006290" lon="19.1163660">
    <ele>732.5</ele>
    <time>2026-06-03T18:13:58Z</time>
   </trkpt>
   <trkpt lat="69.6006290" lon="19.1163660">
    <ele>732.5</ele>
    <time>2026-06-03T18:13:59Z</time>
   </trkpt>
   <trkpt lat="69.6006290" lon="19.1163660">
    <ele>732.5</ele>
    <time>2026-06-03T18:14:00Z</time>
   </trkpt>
   <trkpt lat="69.6006290" lon="19.1163660">
    <ele>732.5</ele>
    <time>2026-06-03T18:14:01Z</time>
   </trkpt>
   <trkpt lat="69.6006110" lon="19.1163840">
    <ele>734.0</ele>
    <time>2026-06-03T18:14:02Z</time>
   </trkpt>
   <trkpt lat="69.6006110" lon="19.1163840">
    <ele>734.0</ele>
    <time>2026-06-03T18:14:03Z</time>
   </trkpt>
   <trkpt lat="69.6006110" lon="19.1163840">
    <ele>734.1</ele>
    <time>2026-06-03T18:14:04Z</time>
   </trkpt>
   <trkpt lat="69.6006110" lon="19.1163840">
    <ele>734.1</ele>
    <time>2026-06-03T18:14:05Z</time>
   </trkpt>
   <trkpt lat="69.6005890" lon="19.1163930">
    <ele>734.7</ele>
    <time>2026-06-03T18:14:06Z</time>
   </trkpt>
   <trkpt lat="69.6005890" lon="19.1163930">
    <ele>734.7</ele>
    <time>2026-06-03T18:14:07Z</time>
   </trkpt>
   <trkpt lat="69.6005890" lon="19.1163930">
    <ele>734.7</ele>
    <time>2026-06-03T18:14:08Z</time>
   </trkpt>
   <trkpt lat="69.6005890" lon="19.1163930">
    <ele>734.7</ele>
    <time>2026-06-03T18:14:09Z</time>
   </trkpt>
   <trkpt lat="69.6005670" lon="19.1164040">
    <ele>735.9</ele>
    <time>2026-06-03T18:14:10Z</time>
   </trkpt>
   <trkpt lat="69.6005670" lon="19.1164040">
    <ele>735.9</ele>
    <time>2026-06-03T18:14:11Z</time>
   </trkpt>
   <trkpt lat="69.6005670" lon="19.1164040">
    <ele>735.9</ele>
    <time>2026-06-03T18:14:12Z</time>
   </trkpt>
   <trkpt lat="69.6005670" lon="19.1164040">
    <ele>735.9</ele>
    <time>2026-06-03T18:14:13Z</time>
   </trkpt>
   <trkpt lat="69.6005450" lon="19.1164180">
    <ele>736.5</ele>
    <time>2026-06-03T18:14:14Z</time>
   </trkpt>
   <trkpt lat="69.6005450" lon="19.1164180">
    <ele>736.5</ele>
    <time>2026-06-03T18:14:15Z</time>
   </trkpt>
   <trkpt lat="69.6005450" lon="19.1164180">
    <ele>736.5</ele>
    <time>2026-06-03T18:14:16Z</time>
   </trkpt>
   <trkpt lat="69.6005450" lon="19.1164180">
    <ele>736.6</ele>
    <time>2026-06-03T18:14:17Z</time>
   </trkpt>
   <trkpt lat="69.6005450" lon="19.1164180">
    <ele>736.6</ele>
    <time>2026-06-03T18:14:18Z</time>
   </trkpt>
   <trkpt lat="69.6005230" lon="19.1164140">
    <ele>737.7</ele>
    <time>2026-06-03T18:14:19Z</time>
   </trkpt>
   <trkpt lat="69.6005230" lon="19.1164140">
    <ele>737.7</ele>
    <time>2026-06-03T18:14:20Z</time>
   </trkpt>
   <trkpt lat="69.6005230" lon="19.1164140">
    <ele>737.7</ele>
    <time>2026-06-03T18:14:21Z</time>
   </trkpt>
   <trkpt lat="69.6005230" lon="19.1164140">
    <ele>737.7</ele>
    <time>2026-06-03T18:14:22Z</time>
   </trkpt>
   <trkpt lat="69.6005230" lon="19.1164140">
    <ele>737.7</ele>
    <time>2026-06-03T18:14:23Z</time>
   </trkpt>
   <trkpt lat="69.6005000" lon="19.1164110">
    <ele>738.3</ele>
    <time>2026-06-03T18:14:24Z</time>
   </trkpt>
   <trkpt lat="69.6005000" lon="19.1164110">
    <ele>738.3</ele>
    <time>2026-06-03T18:14:25Z</time>
   </trkpt>
   <trkpt lat="69.6005000" lon="19.1164110">
    <ele>738.3</ele>
    <time>2026-06-03T18:14:26Z</time>
   </trkpt>
   <trkpt lat="69.6005000" lon="19.1164110">
    <ele>738.3</ele>
    <time>2026-06-03T18:14:27Z</time>
   </trkpt>
   <trkpt lat="69.6005000" lon="19.1164110">
    <ele>738.3</ele>
    <time>2026-06-03T18:14:28Z</time>
   </trkpt>
   <trkpt lat="69.6004770" lon="19.1164010">
    <ele>739.4</ele>
    <time>2026-06-03T18:14:29Z</time>
   </trkpt>
   <trkpt lat="69.6004770" lon="19.1164010">
    <ele>739.4</ele>
    <time>2026-06-03T18:14:30Z</time>
   </trkpt>
   <trkpt lat="69.6004770" lon="19.1164010">
    <ele>739.4</ele>
    <time>2026-06-03T18:14:31Z</time>
   </trkpt>
   <trkpt lat="69.6004770" lon="19.1164010">
    <ele>739.5</ele>
    <time>2026-06-03T18:14:32Z</time>
   </trkpt>
   <trkpt lat="69.6004570" lon="19.1163970">
    <ele>740.0</ele>
    <time>2026-06-03T18:14:33Z</time>
   </trkpt>
   <trkpt lat="69.6004570" lon="19.1163970">
    <ele>740.0</ele>
    <time>2026-06-03T18:14:34Z</time>
   </trkpt>
   <trkpt lat="69.6004570" lon="19.1163970">
    <ele>740.0</ele>
    <time>2026-06-03T18:14:35Z</time>
   </trkpt>
   <trkpt lat="69.6004570" lon="19.1163970">
    <ele>740.0</ele>
    <time>2026-06-03T18:14:36Z</time>
   </trkpt>
   <trkpt lat="69.6004350" lon="19.1163900">
    <ele>741.2</ele>
    <time>2026-06-03T18:14:37Z</time>
   </trkpt>
   <trkpt lat="69.6004350" lon="19.1163900">
    <ele>741.2</ele>
    <time>2026-06-03T18:14:38Z</time>
   </trkpt>
   <trkpt lat="69.6004350" lon="19.1163900">
    <ele>741.2</ele>
    <time>2026-06-03T18:14:39Z</time>
   </trkpt>
   <trkpt lat="69.6004350" lon="19.1163900">
    <ele>741.2</ele>
    <time>2026-06-03T18:14:40Z</time>
   </trkpt>
   <trkpt lat="69.6004150" lon="19.1164010">
    <ele>741.8</ele>
    <time>2026-06-03T18:14:41Z</time>
   </trkpt>
   <trkpt lat="69.6004150" lon="19.1164010">
    <ele>741.8</ele>
    <time>2026-06-03T18:14:42Z</time>
   </trkpt>
   <trkpt lat="69.6004150" lon="19.1164010">
    <ele>741.8</ele>
    <time>2026-06-03T18:14:43Z</time>
   </trkpt>
   <trkpt lat="69.6004150" lon="19.1164010">
    <ele>741.8</ele>
    <time>2026-06-03T18:14:44Z</time>
   </trkpt>
   <trkpt lat="69.6004150" lon="19.1164010">
    <ele>741.8</ele>
    <time>2026-06-03T18:14:45Z</time>
   </trkpt>
   <trkpt lat="69.6004150" lon="19.1164010">
    <ele>741.8</ele>
    <time>2026-06-03T18:14:46Z</time>
   </trkpt>
   <trkpt lat="69.6003970" lon="19.1164190">
    <ele>742.4</ele>
    <time>2026-06-03T18:14:47Z</time>
   </trkpt>
   <trkpt lat="69.6003970" lon="19.1164190">
    <ele>742.4</ele>
    <time>2026-06-03T18:14:48Z</time>
   </trkpt>
   <trkpt lat="69.6003970" lon="19.1164190">
    <ele>742.4</ele>
    <time>2026-06-03T18:14:49Z</time>
   </trkpt>
   <trkpt lat="69.6003970" lon="19.1164190">
    <ele>742.4</ele>
    <time>2026-06-03T18:14:50Z</time>
   </trkpt>
   <trkpt lat="69.6003970" lon="19.1164190">
    <ele>742.4</ele>
    <time>2026-06-03T18:14:51Z</time>
   </trkpt>
   <trkpt lat="69.6003970" lon="19.1164190">
    <ele>742.4</ele>
    <time>2026-06-03T18:14:52Z</time>
   </trkpt>
   <trkpt lat="69.6003970" lon="19.1164190">
    <ele>742.4</ele>
    <time>2026-06-03T18:14:53Z</time>
   </trkpt>
   <trkpt lat="69.6003970" lon="19.1164190">
    <ele>742.4</ele>
    <time>2026-06-03T18:14:54Z</time>
   </trkpt>
   <trkpt lat="69.6003970" lon="19.1164190">
    <ele>742.4</ele>
    <time>2026-06-03T18:14:55Z</time>
   </trkpt>
   <trkpt lat="69.6003970" lon="19.1164190">
    <ele>742.4</ele>
    <time>2026-06-03T18:14:56Z</time>
   </trkpt>
   <trkpt lat="69.6003950" lon="19.1164760">
    <ele>744.0</ele>
    <time>2026-06-03T18:14:57Z</time>
   </trkpt>
   <trkpt lat="69.6003950" lon="19.1164760">
    <ele>744.0</ele>
    <time>2026-06-03T18:14:58Z</time>
   </trkpt>
   <trkpt lat="69.6003950" lon="19.1164760">
    <ele>744.0</ele>
    <time>2026-06-03T18:14:59Z</time>
   </trkpt>
   <trkpt lat="69.6003950" lon="19.1164760">
    <ele>744.0</ele>
    <time>2026-06-03T18:15:00Z</time>
   </trkpt>
   <trkpt lat="69.6003950" lon="19.1164760">
    <ele>744.0</ele>
    <time>2026-06-03T18:15:01Z</time>
   </trkpt>
   <trkpt lat="69.6003950" lon="19.1164760">
    <ele>744.0</ele>
    <time>2026-06-03T18:15:02Z</time>
   </trkpt>
   <trkpt lat="69.6004030" lon="19.1165230">
    <ele>744.7</ele>
    <time>2026-06-03T18:15:03Z</time>
   </trkpt>
   <trkpt lat="69.6004030" lon="19.1165230">
    <ele>744.7</ele>
    <time>2026-06-03T18:15:04Z</time>
   </trkpt>
   <trkpt lat="69.6004030" lon="19.1165230">
    <ele>744.7</ele>
    <time>2026-06-03T18:15:05Z</time>
   </trkpt>
   <trkpt lat="69.6004030" lon="19.1165230">
    <ele>744.7</ele>
    <time>2026-06-03T18:15:06Z</time>
   </trkpt>
   <trkpt lat="69.6004130" lon="19.1165820">
    <ele>744.9</ele>
    <time>2026-06-03T18:15:07Z</time>
   </trkpt>
   <trkpt lat="69.6004130" lon="19.1165820">
    <ele>744.9</ele>
    <time>2026-06-03T18:15:08Z</time>
   </trkpt>
   <trkpt lat="69.6004130" lon="19.1165820">
    <ele>744.9</ele>
    <time>2026-06-03T18:15:09Z</time>
   </trkpt>
   <trkpt lat="69.6004130" lon="19.1165820">
    <ele>744.9</ele>
    <time>2026-06-03T18:15:10Z</time>
   </trkpt>
   <trkpt lat="69.6004130" lon="19.1165820">
    <ele>744.9</ele>
    <time>2026-06-03T18:15:11Z</time>
   </trkpt>
   <trkpt lat="69.6004130" lon="19.1165820">
    <ele>744.9</ele>
    <time>2026-06-03T18:15:12Z</time>
   </trkpt>
   <trkpt lat="69.6004200" lon="19.1166350">
    <ele>745.7</ele>
    <time>2026-06-03T18:15:13Z</time>
   </trkpt>
   <trkpt lat="69.6004200" lon="19.1166350">
    <ele>745.7</ele>
    <time>2026-06-03T18:15:14Z</time>
   </trkpt>
   <trkpt lat="69.6004200" lon="19.1166350">
    <ele>745.7</ele>
    <time>2026-06-03T18:15:15Z</time>
   </trkpt>
   <trkpt lat="69.6004200" lon="19.1166350">
    <ele>745.7</ele>
    <time>2026-06-03T18:15:16Z</time>
   </trkpt>
   <trkpt lat="69.6004280" lon="19.1166840">
    <ele>746.7</ele>
    <time>2026-06-03T18:15:17Z</time>
   </trkpt>
   <trkpt lat="69.6004280" lon="19.1166840">
    <ele>746.7</ele>
    <time>2026-06-03T18:15:18Z</time>
   </trkpt>
   <trkpt lat="69.6004280" lon="19.1166840">
    <ele>746.7</ele>
    <time>2026-06-03T18:15:19Z</time>
   </trkpt>
   <trkpt lat="69.6004280" lon="19.1166840">
    <ele>746.7</ele>
    <time>2026-06-03T18:15:20Z</time>
   </trkpt>
   <trkpt lat="69.6004350" lon="19.1167360">
    <ele>747.5</ele>
    <time>2026-06-03T18:15:21Z</time>
   </trkpt>
   <trkpt lat="69.6004350" lon="19.1167360">
    <ele>747.5</ele>
    <time>2026-06-03T18:15:22Z</time>
   </trkpt>
   <trkpt lat="69.6004350" lon="19.1167360">
    <ele>747.5</ele>
    <time>2026-06-03T18:15:23Z</time>
   </trkpt>
   <trkpt lat="69.6004350" lon="19.1167360">
    <ele>747.5</ele>
    <time>2026-06-03T18:15:24Z</time>
   </trkpt>
   <trkpt lat="69.6004440" lon="19.1167850">
    <ele>747.8</ele>
    <time>2026-06-03T18:15:25Z</time>
   </trkpt>
   <trkpt lat="69.6004440" lon="19.1167850">
    <ele>747.8</ele>
    <time>2026-06-03T18:15:26Z</time>
   </trkpt>
   <trkpt lat="69.6004440" lon="19.1167850">
    <ele>747.8</ele>
    <time>2026-06-03T18:15:27Z</time>
   </trkpt>
   <trkpt lat="69.6004440" lon="19.1167850">
    <ele>747.8</ele>
    <time>2026-06-03T18:15:28Z</time>
   </trkpt>
   <trkpt lat="69.6004520" lon="19.1168310">
    <ele>748.6</ele>
    <time>2026-06-03T18:15:29Z</time>
   </trkpt>
   <trkpt lat="69.6004520" lon="19.1168310">
    <ele>748.6</ele>
    <time>2026-06-03T18:15:30Z</time>
   </trkpt>
   <trkpt lat="69.6004520" lon="19.1168310">
    <ele>748.6</ele>
    <time>2026-06-03T18:15:31Z</time>
   </trkpt>
   <trkpt lat="69.6004520" lon="19.1168310">
    <ele>748.6</ele>
    <time>2026-06-03T18:15:32Z</time>
   </trkpt>
   <trkpt lat="69.6004590" lon="19.1168900">
    <ele>748.9</ele>
    <time>2026-06-03T18:15:33Z</time>
   </trkpt>
   <trkpt lat="69.6004590" lon="19.1168900">
    <ele>748.9</ele>
    <time>2026-06-03T18:15:34Z</time>
   </trkpt>
   <trkpt lat="69.6004590" lon="19.1168900">
    <ele>748.9</ele>
    <time>2026-06-03T18:15:35Z</time>
   </trkpt>
   <trkpt lat="69.6004660" lon="19.1169420">
    <ele>750.5</ele>
    <time>2026-06-03T18:15:36Z</time>
   </trkpt>
   <trkpt lat="69.6004660" lon="19.1169420">
    <ele>750.5</ele>
    <time>2026-06-03T18:15:37Z</time>
   </trkpt>
   <trkpt lat="69.6004660" lon="19.1169420">
    <ele>750.5</ele>
    <time>2026-06-03T18:15:38Z</time>
   </trkpt>
   <trkpt lat="69.6004660" lon="19.1169420">
    <ele>750.5</ele>
    <time>2026-06-03T18:15:39Z</time>
   </trkpt>
   <trkpt lat="69.6004690" lon="19.1170040">
    <ele>750.8</ele>
    <time>2026-06-03T18:15:40Z</time>
   </trkpt>
   <trkpt lat="69.6004690" lon="19.1170040">
    <ele>750.8</ele>
    <time>2026-06-03T18:15:41Z</time>
   </trkpt>
   <trkpt lat="69.6004690" lon="19.1170040">
    <ele>750.8</ele>
    <time>2026-06-03T18:15:42Z</time>
   </trkpt>
   <trkpt lat="69.6004690" lon="19.1170040">
    <ele>750.8</ele>
    <time>2026-06-03T18:15:43Z</time>
   </trkpt>
   <trkpt lat="69.6004780" lon="19.1170670">
    <ele>751.6</ele>
    <time>2026-06-03T18:15:44Z</time>
   </trkpt>
   <trkpt lat="69.6004780" lon="19.1170670">
    <ele>751.6</ele>
    <time>2026-06-03T18:15:45Z</time>
   </trkpt>
   <trkpt lat="69.6004780" lon="19.1170670">
    <ele>751.6</ele>
    <time>2026-06-03T18:15:46Z</time>
   </trkpt>
   <trkpt lat="69.6004780" lon="19.1170670">
    <ele>751.7</ele>
    <time>2026-06-03T18:15:47Z</time>
   </trkpt>
   <trkpt lat="69.6004780" lon="19.1170670">
    <ele>751.7</ele>
    <time>2026-06-03T18:15:48Z</time>
   </trkpt>
   <trkpt lat="69.6004820" lon="19.1171270">
    <ele>753.3</ele>
    <time>2026-06-03T18:15:49Z</time>
   </trkpt>
   <trkpt lat="69.6004820" lon="19.1171270">
    <ele>753.3</ele>
    <time>2026-06-03T18:15:50Z</time>
   </trkpt>
   <trkpt lat="69.6004820" lon="19.1171270">
    <ele>753.3</ele>
    <time>2026-06-03T18:15:51Z</time>
   </trkpt>
   <trkpt lat="69.6004820" lon="19.1171270">
    <ele>753.3</ele>
    <time>2026-06-03T18:15:52Z</time>
   </trkpt>
   <trkpt lat="69.6004870" lon="19.1171820">
    <ele>753.6</ele>
    <time>2026-06-03T18:15:53Z</time>
   </trkpt>
   <trkpt lat="69.6004870" lon="19.1171820">
    <ele>753.7</ele>
    <time>2026-06-03T18:15:54Z</time>
   </trkpt>
   <trkpt lat="69.6004870" lon="19.1171820">
    <ele>753.7</ele>
    <time>2026-06-03T18:15:55Z</time>
   </trkpt>
   <trkpt lat="69.6004870" lon="19.1171820">
    <ele>753.7</ele>
    <time>2026-06-03T18:15:56Z</time>
   </trkpt>
   <trkpt lat="69.6004870" lon="19.1171820">
    <ele>753.7</ele>
    <time>2026-06-03T18:15:57Z</time>
   </trkpt>
   <trkpt lat="69.6004870" lon="19.1171820">
    <ele>753.7</ele>
    <time>2026-06-03T18:15:58Z</time>
   </trkpt>
   <trkpt lat="69.6004870" lon="19.1171820">
    <ele>753.7</ele>
    <time>2026-06-03T18:15:59Z</time>
   </trkpt>
   <trkpt lat="69.6004870" lon="19.1171820">
    <ele>753.7</ele>
    <time>2026-06-03T18:16:00Z</time>
   </trkpt>
   <trkpt lat="69.6004870" lon="19.1171820">
    <ele>753.7</ele>
    <time>2026-06-03T18:16:01Z</time>
   </trkpt>
   <trkpt lat="69.6004870" lon="19.1171820">
    <ele>753.7</ele>
    <time>2026-06-03T18:16:02Z</time>
   </trkpt>
   <trkpt lat="69.6004870" lon="19.1171820">
    <ele>753.7</ele>
    <time>2026-06-03T18:16:03Z</time>
   </trkpt>
   <trkpt lat="69.6004870" lon="19.1171820">
    <ele>753.7</ele>
    <time>2026-06-03T18:16:04Z</time>
   </trkpt>
   <trkpt lat="69.6004870" lon="19.1171820">
    <ele>753.7</ele>
    <time>2026-06-03T18:16:05Z</time>
   </trkpt>
   <trkpt lat="69.6004870" lon="19.1171820">
    <ele>753.7</ele>
    <time>2026-06-03T18:16:06Z</time>
   </trkpt>
   <trkpt lat="69.6004870" lon="19.1171820">
    <ele>753.7</ele>
    <time>2026-06-03T18:16:07Z</time>
   </trkpt>
   <trkpt lat="69.6004960" lon="19.1172360">
    <ele>754.5</ele>
    <time>2026-06-03T18:16:08Z</time>
   </trkpt>
   <trkpt lat="69.6004960" lon="19.1172360">
    <ele>754.5</ele>
    <time>2026-06-03T18:16:09Z</time>
   </trkpt>
   <trkpt lat="69.6004960" lon="19.1172360">
    <ele>754.5</ele>
    <time>2026-06-03T18:16:10Z</time>
   </trkpt>
   <trkpt lat="69.6004960" lon="19.1172360">
    <ele>754.5</ele>
    <time>2026-06-03T18:16:11Z</time>
   </trkpt>
   <trkpt lat="69.6005060" lon="19.1172930">
    <ele>755.7</ele>
    <time>2026-06-03T18:16:12Z</time>
   </trkpt>
   <trkpt lat="69.6005060" lon="19.1172930">
    <ele>755.7</ele>
    <time>2026-06-03T18:16:13Z</time>
   </trkpt>
   <trkpt lat="69.6005060" lon="19.1172930">
    <ele>755.7</ele>
    <time>2026-06-03T18:16:14Z</time>
   </trkpt>
   <trkpt lat="69.6005150" lon="19.1173410">
    <ele>756.1</ele>
    <time>2026-06-03T18:16:15Z</time>
   </trkpt>
   <trkpt lat="69.6005150" lon="19.1173410">
    <ele>756.1</ele>
    <time>2026-06-03T18:16:16Z</time>
   </trkpt>
   <trkpt lat="69.6005150" lon="19.1173410">
    <ele>756.1</ele>
    <time>2026-06-03T18:16:17Z</time>
   </trkpt>
   <trkpt lat="69.6005150" lon="19.1173410">
    <ele>756.1</ele>
    <time>2026-06-03T18:16:18Z</time>
   </trkpt>
   <trkpt lat="69.6005250" lon="19.1173960">
    <ele>756.9</ele>
    <time>2026-06-03T18:16:19Z</time>
   </trkpt>
   <trkpt lat="69.6005250" lon="19.1173960">
    <ele>756.9</ele>
    <time>2026-06-03T18:16:20Z</time>
   </trkpt>
   <trkpt lat="69.6005250" lon="19.1173960">
    <ele>756.9</ele>
    <time>2026-06-03T18:16:21Z</time>
   </trkpt>
   <trkpt lat="69.6005250" lon="19.1173960">
    <ele>756.9</ele>
    <time>2026-06-03T18:16:22Z</time>
   </trkpt>
   <trkpt lat="69.6005290" lon="19.1174520">
    <ele>757.3</ele>
    <time>2026-06-03T18:16:23Z</time>
   </trkpt>
   <trkpt lat="69.6005290" lon="19.1174520">
    <ele>757.3</ele>
    <time>2026-06-03T18:16:24Z</time>
   </trkpt>
   <trkpt lat="69.6005290" lon="19.1174520">
    <ele>757.3</ele>
    <time>2026-06-03T18:16:25Z</time>
   </trkpt>
   <trkpt lat="69.6005290" lon="19.1174520">
    <ele>757.3</ele>
    <time>2026-06-03T18:16:26Z</time>
   </trkpt>
   <trkpt lat="69.6005320" lon="19.1175120">
    <ele>758.8</ele>
    <time>2026-06-03T18:16:27Z</time>
   </trkpt>
   <trkpt lat="69.6005320" lon="19.1175120">
    <ele>758.8</ele>
    <time>2026-06-03T18:16:28Z</time>
   </trkpt>
   <trkpt lat="69.6005320" lon="19.1175120">
    <ele>758.8</ele>
    <time>2026-06-03T18:16:29Z</time>
   </trkpt>
   <trkpt lat="69.6005320" lon="19.1175120">
    <ele>758.8</ele>
    <time>2026-06-03T18:16:30Z</time>
   </trkpt>
   <trkpt lat="69.6005320" lon="19.1175120">
    <ele>758.8</ele>
    <time>2026-06-03T18:16:31Z</time>
   </trkpt>
   <trkpt lat="69.6005320" lon="19.1175120">
    <ele>758.8</ele>
    <time>2026-06-03T18:16:32Z</time>
   </trkpt>
   <trkpt lat="69.6005320" lon="19.1175120">
    <ele>758.8</ele>
    <time>2026-06-03T18:16:33Z</time>
   </trkpt>
   <trkpt lat="69.6005150" lon="19.1175430">
    <ele>759.9</ele>
    <time>2026-06-03T18:16:34Z</time>
   </trkpt>
   <trkpt lat="69.6005150" lon="19.1175430">
    <ele>759.9</ele>
    <time>2026-06-03T18:16:35Z</time>
   </trkpt>
   <trkpt lat="69.6005150" lon="19.1175430">
    <ele>759.9</ele>
    <time>2026-06-03T18:16:36Z</time>
   </trkpt>
   <trkpt lat="69.6005150" lon="19.1175430">
    <ele>759.9</ele>
    <time>2026-06-03T18:16:37Z</time>
   </trkpt>
   <trkpt lat="69.6004980" lon="19.1175690">
    <ele>760.3</ele>
    <time>2026-06-03T18:16:38Z</time>
   </trkpt>
   <trkpt lat="69.6004980" lon="19.1175690">
    <ele>760.3</ele>
    <time>2026-06-03T18:16:39Z</time>
   </trkpt>
   <trkpt lat="69.6004980" lon="19.1175690">
    <ele>760.3</ele>
    <time>2026-06-03T18:16:40Z</time>
   </trkpt>
   <trkpt lat="69.6004980" lon="19.1175690">
    <ele>760.3</ele>
    <time>2026-06-03T18:16:41Z</time>
   </trkpt>
   <trkpt lat="69.6004800" lon="19.1176010">
    <ele>761.7</ele>
    <time>2026-06-03T18:16:42Z</time>
   </trkpt>
   <trkpt lat="69.6004800" lon="19.1176010">
    <ele>761.7</ele>
    <time>2026-06-03T18:16:43Z</time>
   </trkpt>
   <trkpt lat="69.6004800" lon="19.1176010">
    <ele>761.7</ele>
    <time>2026-06-03T18:16:44Z</time>
   </trkpt>
   <trkpt lat="69.6004620" lon="19.1176360">
    <ele>762.8</ele>
    <time>2026-06-03T18:16:45Z</time>
   </trkpt>
   <trkpt lat="69.6004620" lon="19.1176360">
    <ele>762.8</ele>
    <time>2026-06-03T18:16:46Z</time>
   </trkpt>
   <trkpt lat="69.6004620" lon="19.1176360">
    <ele>762.8</ele>
    <time>2026-06-03T18:16:47Z</time>
   </trkpt>
   <trkpt lat="69.6004450" lon="19.1176590">
    <ele>763.2</ele>
    <time>2026-06-03T18:16:48Z</time>
   </trkpt>
   <trkpt lat="69.6004450" lon="19.1176590">
    <ele>763.2</ele>
    <time>2026-06-03T18:16:49Z</time>
   </trkpt>
   <trkpt lat="69.6004450" lon="19.1176590">
    <ele>763.2</ele>
    <time>2026-06-03T18:16:50Z</time>
   </trkpt>
   <trkpt lat="69.6004450" lon="19.1176590">
    <ele>763.2</ele>
    <time>2026-06-03T18:16:51Z</time>
   </trkpt>
   <trkpt lat="69.6004250" lon="19.1176840">
    <ele>764.2</ele>
    <time>2026-06-03T18:16:52Z</time>
   </trkpt>
   <trkpt lat="69.6004250" lon="19.1176840">
    <ele>764.2</ele>
    <time>2026-06-03T18:16:53Z</time>
   </trkpt>
   <trkpt lat="69.6004250" lon="19.1176840">
    <ele>764.2</ele>
    <time>2026-06-03T18:16:54Z</time>
   </trkpt>
   <trkpt lat="69.6004250" lon="19.1176840">
    <ele>764.2</ele>
    <time>2026-06-03T18:16:55Z</time>
   </trkpt>
   <trkpt lat="69.6004060" lon="19.1177010">
    <ele>765.0</ele>
    <time>2026-06-03T18:16:56Z</time>
   </trkpt>
   <trkpt lat="69.6004060" lon="19.1177010">
    <ele>765.0</ele>
    <time>2026-06-03T18:16:57Z</time>
   </trkpt>
   <trkpt lat="69.6004060" lon="19.1177010">
    <ele>765.0</ele>
    <time>2026-06-03T18:16:58Z</time>
   </trkpt>
   <trkpt lat="69.6004060" lon="19.1177010">
    <ele>765.0</ele>
    <time>2026-06-03T18:16:59Z</time>
   </trkpt>
   <trkpt lat="69.6003860" lon="19.1177220">
    <ele>766.0</ele>
    <time>2026-06-03T18:17:00Z</time>
   </trkpt>
   <trkpt lat="69.6003860" lon="19.1177220">
    <ele>766.0</ele>
    <time>2026-06-03T18:17:01Z</time>
   </trkpt>
   <trkpt lat="69.6003860" lon="19.1177220">
    <ele>766.0</ele>
    <time>2026-06-03T18:17:02Z</time>
   </trkpt>
   <trkpt lat="69.6003860" lon="19.1177220">
    <ele>766.0</ele>
    <time>2026-06-03T18:17:03Z</time>
   </trkpt>
   <trkpt lat="69.6003680" lon="19.1177350">
    <ele>766.3</ele>
    <time>2026-06-03T18:17:04Z</time>
   </trkpt>
   <trkpt lat="69.6003680" lon="19.1177350">
    <ele>766.3</ele>
    <time>2026-06-03T18:17:05Z</time>
   </trkpt>
   <trkpt lat="69.6003680" lon="19.1177350">
    <ele>766.3</ele>
    <time>2026-06-03T18:17:06Z</time>
   </trkpt>
   <trkpt lat="69.6003680" lon="19.1177350">
    <ele>766.3</ele>
    <time>2026-06-03T18:17:07Z</time>
   </trkpt>
   <trkpt lat="69.6003680" lon="19.1177350">
    <ele>766.3</ele>
    <time>2026-06-03T18:17:08Z</time>
   </trkpt>
   <trkpt lat="69.6003460" lon="19.1177480">
    <ele>767.0</ele>
    <time>2026-06-03T18:17:09Z</time>
   </trkpt>
   <trkpt lat="69.6003460" lon="19.1177480">
    <ele>767.0</ele>
    <time>2026-06-03T18:17:10Z</time>
   </trkpt>
   <trkpt lat="69.6003460" lon="19.1177480">
    <ele>767.0</ele>
    <time>2026-06-03T18:17:11Z</time>
   </trkpt>
   <trkpt lat="69.6003460" lon="19.1177480">
    <ele>767.0</ele>
    <time>2026-06-03T18:17:12Z</time>
   </trkpt>
   <trkpt lat="69.6003270" lon="19.1177640">
    <ele>768.0</ele>
    <time>2026-06-03T18:17:13Z</time>
   </trkpt>
   <trkpt lat="69.6003270" lon="19.1177640">
    <ele>768.0</ele>
    <time>2026-06-03T18:17:14Z</time>
   </trkpt>
   <trkpt lat="69.6003270" lon="19.1177640">
    <ele>768.0</ele>
    <time>2026-06-03T18:17:15Z</time>
   </trkpt>
   <trkpt lat="69.6003270" lon="19.1177640">
    <ele>768.0</ele>
    <time>2026-06-03T18:17:16Z</time>
   </trkpt>
   <trkpt lat="69.6003080" lon="19.1177800">
    <ele>768.3</ele>
    <time>2026-06-03T18:17:17Z</time>
   </trkpt>
   <trkpt lat="69.6003080" lon="19.1177800">
    <ele>768.3</ele>
    <time>2026-06-03T18:17:18Z</time>
   </trkpt>
   <trkpt lat="69.6003080" lon="19.1177800">
    <ele>768.3</ele>
    <time>2026-06-03T18:17:19Z</time>
   </trkpt>
   <trkpt lat="69.6003080" lon="19.1177800">
    <ele>768.3</ele>
    <time>2026-06-03T18:17:20Z</time>
   </trkpt>
   <trkpt lat="69.6002880" lon="19.1178060">
    <ele>769.7</ele>
    <time>2026-06-03T18:17:21Z</time>
   </trkpt>
   <trkpt lat="69.6002880" lon="19.1178060">
    <ele>769.7</ele>
    <time>2026-06-03T18:17:22Z</time>
   </trkpt>
   <trkpt lat="69.6002880" lon="19.1178060">
    <ele>769.7</ele>
    <time>2026-06-03T18:17:23Z</time>
   </trkpt>
   <trkpt lat="69.6002880" lon="19.1178060">
    <ele>769.7</ele>
    <time>2026-06-03T18:17:24Z</time>
   </trkpt>
   <trkpt lat="69.6002720" lon="19.1178350">
    <ele>770.0</ele>
    <time>2026-06-03T18:17:25Z</time>
   </trkpt>
   <trkpt lat="69.6002720" lon="19.1178350">
    <ele>770.0</ele>
    <time>2026-06-03T18:17:26Z</time>
   </trkpt>
   <trkpt lat="69.6002720" lon="19.1178350">
    <ele>770.0</ele>
    <time>2026-06-03T18:17:27Z</time>
   </trkpt>
   <trkpt lat="69.6002720" lon="19.1178350">
    <ele>770.0</ele>
    <time>2026-06-03T18:17:28Z</time>
   </trkpt>
   <trkpt lat="69.6002720" lon="19.1178350">
    <ele>770.1</ele>
    <time>2026-06-03T18:17:29Z</time>
   </trkpt>
   <trkpt lat="69.6002720" lon="19.1178350">
    <ele>770.1</ele>
    <time>2026-06-03T18:17:30Z</time>
   </trkpt>
   <trkpt lat="69.6002670" lon="19.1178950">
    <ele>771.4</ele>
    <time>2026-06-03T18:17:31Z</time>
   </trkpt>
   <trkpt lat="69.6002670" lon="19.1178950">
    <ele>771.4</ele>
    <time>2026-06-03T18:17:32Z</time>
   </trkpt>
   <trkpt lat="69.6002670" lon="19.1178950">
    <ele>771.4</ele>
    <time>2026-06-03T18:17:33Z</time>
   </trkpt>
   <trkpt lat="69.6002670" lon="19.1178950">
    <ele>771.4</ele>
    <time>2026-06-03T18:17:34Z</time>
   </trkpt>
   <trkpt lat="69.6002670" lon="19.1178950">
    <ele>771.4</ele>
    <time>2026-06-03T18:17:35Z</time>
   </trkpt>
   <trkpt lat="69.6002660" lon="19.1179590">
    <ele>772.1</ele>
    <time>2026-06-03T18:17:36Z</time>
   </trkpt>
   <trkpt lat="69.6002660" lon="19.1179590">
    <ele>772.1</ele>
    <time>2026-06-03T18:17:37Z</time>
   </trkpt>
   <trkpt lat="69.6002660" lon="19.1179590">
    <ele>772.1</ele>
    <time>2026-06-03T18:17:38Z</time>
   </trkpt>
   <trkpt lat="69.6002660" lon="19.1179590">
    <ele>772.1</ele>
    <time>2026-06-03T18:17:39Z</time>
   </trkpt>
   <trkpt lat="69.6002670" lon="19.1180120">
    <ele>772.7</ele>
    <time>2026-06-03T18:17:40Z</time>
   </trkpt>
   <trkpt lat="69.6002670" lon="19.1180120">
    <ele>772.7</ele>
    <time>2026-06-03T18:17:41Z</time>
   </trkpt>
   <trkpt lat="69.6002670" lon="19.1180120">
    <ele>772.7</ele>
    <time>2026-06-03T18:17:42Z</time>
   </trkpt>
   <trkpt lat="69.6002670" lon="19.1180120">
    <ele>772.7</ele>
    <time>2026-06-03T18:17:43Z</time>
   </trkpt>
   <trkpt lat="69.6002670" lon="19.1180120">
    <ele>772.7</ele>
    <time>2026-06-03T18:17:44Z</time>
   </trkpt>
   <trkpt lat="69.6002670" lon="19.1180660">
    <ele>774.0</ele>
    <time>2026-06-03T18:17:45Z</time>
   </trkpt>
   <trkpt lat="69.6002670" lon="19.1180660">
    <ele>774.0</ele>
    <time>2026-06-03T18:17:46Z</time>
   </trkpt>
   <trkpt lat="69.6002670" lon="19.1180660">
    <ele>774.0</ele>
    <time>2026-06-03T18:17:47Z</time>
   </trkpt>
   <trkpt lat="69.6002670" lon="19.1180660">
    <ele>774.0</ele>
    <time>2026-06-03T18:17:48Z</time>
   </trkpt>
   <trkpt lat="69.6002700" lon="19.1181240">
    <ele>774.6</ele>
    <time>2026-06-03T18:17:49Z</time>
   </trkpt>
   <trkpt lat="69.6002700" lon="19.1181240">
    <ele>774.6</ele>
    <time>2026-06-03T18:17:50Z</time>
   </trkpt>
   <trkpt lat="69.6002700" lon="19.1181240">
    <ele>774.6</ele>
    <time>2026-06-03T18:17:51Z</time>
   </trkpt>
   <trkpt lat="69.6002700" lon="19.1181240">
    <ele>774.6</ele>
    <time>2026-06-03T18:17:52Z</time>
   </trkpt>
   <trkpt lat="69.6002750" lon="19.1181810">
    <ele>775.0</ele>
    <time>2026-06-03T18:17:53Z</time>
   </trkpt>
   <trkpt lat="69.6002750" lon="19.1181810">
    <ele>775.0</ele>
    <time>2026-06-03T18:17:54Z</time>
   </trkpt>
   <trkpt lat="69.6002750" lon="19.1181810">
    <ele>775.0</ele>
    <time>2026-06-03T18:17:55Z</time>
   </trkpt>
   <trkpt lat="69.6002750" lon="19.1181810">
    <ele>775.0</ele>
    <time>2026-06-03T18:17:56Z</time>
   </trkpt>
   <trkpt lat="69.6002760" lon="19.1182410">
    <ele>776.3</ele>
    <time>2026-06-03T18:17:57Z</time>
   </trkpt>
   <trkpt lat="69.6002760" lon="19.1182410">
    <ele>776.3</ele>
    <time>2026-06-03T18:17:58Z</time>
   </trkpt>
   <trkpt lat="69.6002760" lon="19.1182410">
    <ele>776.3</ele>
    <time>2026-06-03T18:17:59Z</time>
   </trkpt>
   <trkpt lat="69.6002760" lon="19.1182410">
    <ele>776.3</ele>
    <time>2026-06-03T18:18:00Z</time>
   </trkpt>
   <trkpt lat="69.6002760" lon="19.1182920">
    <ele>777.0</ele>
    <time>2026-06-03T18:18:01Z</time>
   </trkpt>
   <trkpt lat="69.6002760" lon="19.1182920">
    <ele>777.0</ele>
    <time>2026-06-03T18:18:02Z</time>
   </trkpt>
   <trkpt lat="69.6002760" lon="19.1182920">
    <ele>777.0</ele>
    <time>2026-06-03T18:18:03Z</time>
   </trkpt>
   <trkpt lat="69.6002740" lon="19.1183510">
    <ele>777.6</ele>
    <time>2026-06-03T18:18:04Z</time>
   </trkpt>
   <trkpt lat="69.6002740" lon="19.1183510">
    <ele>777.6</ele>
    <time>2026-06-03T18:18:05Z</time>
   </trkpt>
   <trkpt lat="69.6002740" lon="19.1183510">
    <ele>777.6</ele>
    <time>2026-06-03T18:18:06Z</time>
   </trkpt>
   <trkpt lat="69.6002740" lon="19.1183510">
    <ele>777.6</ele>
    <time>2026-06-03T18:18:07Z</time>
   </trkpt>
   <trkpt lat="69.6002740" lon="19.1183510">
    <ele>777.6</ele>
    <time>2026-06-03T18:18:08Z</time>
   </trkpt>
   <trkpt lat="69.6002740" lon="19.1184040">
    <ele>779.0</ele>
    <time>2026-06-03T18:18:09Z</time>
   </trkpt>
   <trkpt lat="69.6002740" lon="19.1184040">
    <ele>779.0</ele>
    <time>2026-06-03T18:18:10Z</time>
   </trkpt>
   <trkpt lat="69.6002740" lon="19.1184040">
    <ele>779.0</ele>
    <time>2026-06-03T18:18:11Z</time>
   </trkpt>
   <trkpt lat="69.6002740" lon="19.1184040">
    <ele>779.0</ele>
    <time>2026-06-03T18:18:12Z</time>
   </trkpt>
   <trkpt lat="69.6002720" lon="19.1184610">
    <ele>779.9</ele>
    <time>2026-06-03T18:18:13Z</time>
   </trkpt>
   <trkpt lat="69.6002720" lon="19.1184610">
    <ele>779.9</ele>
    <time>2026-06-03T18:18:14Z</time>
   </trkpt>
   <trkpt lat="69.6002720" lon="19.1184610">
    <ele>779.9</ele>
    <time>2026-06-03T18:18:15Z</time>
   </trkpt>
   <trkpt lat="69.6002720" lon="19.1184610">
    <ele>779.9</ele>
    <time>2026-06-03T18:18:16Z</time>
   </trkpt>
   <trkpt lat="69.6002720" lon="19.1185240">
    <ele>780.6</ele>
    <time>2026-06-03T18:18:17Z</time>
   </trkpt>
   <trkpt lat="69.6002720" lon="19.1185240">
    <ele>780.6</ele>
    <time>2026-06-03T18:18:18Z</time>
   </trkpt>
   <trkpt lat="69.6002720" lon="19.1185240">
    <ele>780.6</ele>
    <time>2026-06-03T18:18:19Z</time>
   </trkpt>
   <trkpt lat="69.6002720" lon="19.1185240">
    <ele>780.6</ele>
    <time>2026-06-03T18:18:20Z</time>
   </trkpt>
   <trkpt lat="69.6002610" lon="19.1185760">
    <ele>781.9</ele>
    <time>2026-06-03T18:18:21Z</time>
   </trkpt>
   <trkpt lat="69.6002610" lon="19.1185760">
    <ele>781.9</ele>
    <time>2026-06-03T18:18:22Z</time>
   </trkpt>
   <trkpt lat="69.6002610" lon="19.1185760">
    <ele>781.9</ele>
    <time>2026-06-03T18:18:23Z</time>
   </trkpt>
   <trkpt lat="69.6002610" lon="19.1185760">
    <ele>781.9</ele>
    <time>2026-06-03T18:18:24Z</time>
   </trkpt>
   <trkpt lat="69.6002460" lon="19.1186120">
    <ele>782.2</ele>
    <time>2026-06-03T18:18:25Z</time>
   </trkpt>
   <trkpt lat="69.6002460" lon="19.1186120">
    <ele>782.2</ele>
    <time>2026-06-03T18:18:26Z</time>
   </trkpt>
   <trkpt lat="69.6002460" lon="19.1186120">
    <ele>782.2</ele>
    <time>2026-06-03T18:18:27Z</time>
   </trkpt>
   <trkpt lat="69.6002460" lon="19.1186120">
    <ele>782.2</ele>
    <time>2026-06-03T18:18:28Z</time>
   </trkpt>
   <trkpt lat="69.6002460" lon="19.1186120">
    <ele>782.2</ele>
    <time>2026-06-03T18:18:29Z</time>
   </trkpt>
   <trkpt lat="69.6002310" lon="19.1186560">
    <ele>783.0</ele>
    <time>2026-06-03T18:18:30Z</time>
   </trkpt>
   <trkpt lat="69.6002310" lon="19.1186560">
    <ele>783.0</ele>
    <time>2026-06-03T18:18:31Z</time>
   </trkpt>
   <trkpt lat="69.6002310" lon="19.1186560">
    <ele>783.0</ele>
    <time>2026-06-03T18:18:32Z</time>
   </trkpt>
   <trkpt lat="69.6002310" lon="19.1186560">
    <ele>783.0</ele>
    <time>2026-06-03T18:18:33Z</time>
   </trkpt>
   <trkpt lat="69.6002170" lon="19.1186880">
    <ele>783.9</ele>
    <time>2026-06-03T18:18:34Z</time>
   </trkpt>
   <trkpt lat="69.6002170" lon="19.1186880">
    <ele>783.9</ele>
    <time>2026-06-03T18:18:35Z</time>
   </trkpt>
   <trkpt lat="69.6002170" lon="19.1186880">
    <ele>783.9</ele>
    <time>2026-06-03T18:18:36Z</time>
   </trkpt>
   <trkpt lat="69.6002170" lon="19.1186880">
    <ele>783.9</ele>
    <time>2026-06-03T18:18:37Z</time>
   </trkpt>
   <trkpt lat="69.6002030" lon="19.1187270">
    <ele>784.7</ele>
    <time>2026-06-03T18:18:38Z</time>
   </trkpt>
   <trkpt lat="69.6002030" lon="19.1187270">
    <ele>784.7</ele>
    <time>2026-06-03T18:18:39Z</time>
   </trkpt>
   <trkpt lat="69.6002030" lon="19.1187270">
    <ele>784.7</ele>
    <time>2026-06-03T18:18:40Z</time>
   </trkpt>
   <trkpt lat="69.6002030" lon="19.1187270">
    <ele>784.7</ele>
    <time>2026-06-03T18:18:41Z</time>
   </trkpt>
   <trkpt lat="69.6001880" lon="19.1187720">
    <ele>785.5</ele>
    <time>2026-06-03T18:18:42Z</time>
   </trkpt>
   <trkpt lat="69.6001880" lon="19.1187720">
    <ele>785.5</ele>
    <time>2026-06-03T18:18:43Z</time>
   </trkpt>
   <trkpt lat="69.6001880" lon="19.1187720">
    <ele>785.5</ele>
    <time>2026-06-03T18:18:44Z</time>
   </trkpt>
   <trkpt lat="69.6001880" lon="19.1187720">
    <ele>785.5</ele>
    <time>2026-06-03T18:18:45Z</time>
   </trkpt>
   <trkpt lat="69.6001740" lon="19.1188140">
    <ele>786.3</ele>
    <time>2026-06-03T18:18:46Z</time>
   </trkpt>
   <trkpt lat="69.6001740" lon="19.1188140">
    <ele>786.3</ele>
    <time>2026-06-03T18:18:47Z</time>
   </trkpt>
   <trkpt lat="69.6001740" lon="19.1188140">
    <ele>786.3</ele>
    <time>2026-06-03T18:18:48Z</time>
   </trkpt>
   <trkpt lat="69.6001740" lon="19.1188140">
    <ele>786.3</ele>
    <time>2026-06-03T18:18:49Z</time>
   </trkpt>
   <trkpt lat="69.6001610" lon="19.1188560">
    <ele>787.1</ele>
    <time>2026-06-03T18:18:50Z</time>
   </trkpt>
   <trkpt lat="69.6001610" lon="19.1188560">
    <ele>787.1</ele>
    <time>2026-06-03T18:18:51Z</time>
   </trkpt>
   <trkpt lat="69.6001610" lon="19.1188560">
    <ele>787.1</ele>
    <time>2026-06-03T18:18:52Z</time>
   </trkpt>
   <trkpt lat="69.6001610" lon="19.1188560">
    <ele>787.1</ele>
    <time>2026-06-03T18:18:53Z</time>
   </trkpt>
   <trkpt lat="69.6001480" lon="19.1188960">
    <ele>787.9</ele>
    <time>2026-06-03T18:18:54Z</time>
   </trkpt>
   <trkpt lat="69.6001480" lon="19.1188960">
    <ele>787.9</ele>
    <time>2026-06-03T18:18:55Z</time>
   </trkpt>
   <trkpt lat="69.6001480" lon="19.1188960">
    <ele>787.9</ele>
    <time>2026-06-03T18:18:56Z</time>
   </trkpt>
   <trkpt lat="69.6001480" lon="19.1188960">
    <ele>787.9</ele>
    <time>2026-06-03T18:18:57Z</time>
   </trkpt>
   <trkpt lat="69.6001350" lon="19.1189450">
    <ele>788.8</ele>
    <time>2026-06-03T18:18:58Z</time>
   </trkpt>
   <trkpt lat="69.6001350" lon="19.1189450">
    <ele>788.8</ele>
    <time>2026-06-03T18:18:59Z</time>
   </trkpt>
   <trkpt lat="69.6001350" lon="19.1189450">
    <ele>788.8</ele>
    <time>2026-06-03T18:19:00Z</time>
   </trkpt>
   <trkpt lat="69.6001350" lon="19.1189450">
    <ele>788.8</ele>
    <time>2026-06-03T18:19:01Z</time>
   </trkpt>
   <trkpt lat="69.6001250" lon="19.1189880">
    <ele>789.3</ele>
    <time>2026-06-03T18:19:02Z</time>
   </trkpt>
   <trkpt lat="69.6001250" lon="19.1189880">
    <ele>789.3</ele>
    <time>2026-06-03T18:19:03Z</time>
   </trkpt>
   <trkpt lat="69.6001250" lon="19.1189880">
    <ele>789.3</ele>
    <time>2026-06-03T18:19:04Z</time>
   </trkpt>
   <trkpt lat="69.6001250" lon="19.1189880">
    <ele>789.3</ele>
    <time>2026-06-03T18:19:05Z</time>
   </trkpt>
   <trkpt lat="69.6001170" lon="19.1190420">
    <ele>790.2</ele>
    <time>2026-06-03T18:19:06Z</time>
   </trkpt>
   <trkpt lat="69.6001170" lon="19.1190420">
    <ele>790.2</ele>
    <time>2026-06-03T18:19:07Z</time>
   </trkpt>
   <trkpt lat="69.6001170" lon="19.1190420">
    <ele>790.2</ele>
    <time>2026-06-03T18:19:08Z</time>
   </trkpt>
   <trkpt lat="69.6001170" lon="19.1190420">
    <ele>790.2</ele>
    <time>2026-06-03T18:19:09Z</time>
   </trkpt>
   <trkpt lat="69.6001170" lon="19.1190420">
    <ele>790.2</ele>
    <time>2026-06-03T18:19:10Z</time>
   </trkpt>
   <trkpt lat="69.6001170" lon="19.1190420">
    <ele>790.2</ele>
    <time>2026-06-03T18:19:11Z</time>
   </trkpt>
   <trkpt lat="69.6001170" lon="19.1190420">
    <ele>790.2</ele>
    <time>2026-06-03T18:19:12Z</time>
   </trkpt>
   <trkpt lat="69.6001170" lon="19.1190420">
    <ele>790.2</ele>
    <time>2026-06-03T18:19:13Z</time>
   </trkpt>
   <trkpt lat="69.6001170" lon="19.1190420">
    <ele>790.2</ele>
    <time>2026-06-03T18:19:14Z</time>
   </trkpt>
   <trkpt lat="69.6001170" lon="19.1190420">
    <ele>790.2</ele>
    <time>2026-06-03T18:19:15Z</time>
   </trkpt>
   <trkpt lat="69.6001170" lon="19.1190420">
    <ele>790.2</ele>
    <time>2026-06-03T18:19:16Z</time>
   </trkpt>
   <trkpt lat="69.6001170" lon="19.1190420">
    <ele>790.2</ele>
    <time>2026-06-03T18:19:17Z</time>
   </trkpt>
   <trkpt lat="69.6001170" lon="19.1190420">
    <ele>790.2</ele>
    <time>2026-06-03T18:19:18Z</time>
   </trkpt>
   <trkpt lat="69.6001170" lon="19.1190420">
    <ele>790.2</ele>
    <time>2026-06-03T18:19:19Z</time>
   </trkpt>
   <trkpt lat="69.6001170" lon="19.1190420">
    <ele>790.2</ele>
    <time>2026-06-03T18:19:20Z</time>
   </trkpt>
   <trkpt lat="69.6001100" lon="19.1190950">
    <ele>791.4</ele>
    <time>2026-06-03T18:19:21Z</time>
   </trkpt>
   <trkpt lat="69.6001100" lon="19.1190950">
    <ele>791.4</ele>
    <time>2026-06-03T18:19:22Z</time>
   </trkpt>
   <trkpt lat="69.6001100" lon="19.1190950">
    <ele>791.4</ele>
    <time>2026-06-03T18:19:23Z</time>
   </trkpt>
   <trkpt lat="69.6001100" lon="19.1190950">
    <ele>791.4</ele>
    <time>2026-06-03T18:19:24Z</time>
   </trkpt>
   <trkpt lat="69.6001040" lon="19.1191600">
    <ele>792.3</ele>
    <time>2026-06-03T18:19:25Z</time>
   </trkpt>
   <trkpt lat="69.6001040" lon="19.1191600">
    <ele>792.3</ele>
    <time>2026-06-03T18:19:26Z</time>
   </trkpt>
   <trkpt lat="69.6001040" lon="19.1191600">
    <ele>792.3</ele>
    <time>2026-06-03T18:19:27Z</time>
   </trkpt>
   <trkpt lat="69.6001040" lon="19.1191600">
    <ele>792.3</ele>
    <time>2026-06-03T18:19:28Z</time>
   </trkpt>
   <trkpt lat="69.6000990" lon="19.1192250">
    <ele>793.5</ele>
    <time>2026-06-03T18:19:29Z</time>
   </trkpt>
   <trkpt lat="69.6000990" lon="19.1192250">
    <ele>793.5</ele>
    <time>2026-06-03T18:19:30Z</time>
   </trkpt>
   <trkpt lat="69.6000990" lon="19.1192250">
    <ele>793.5</ele>
    <time>2026-06-03T18:19:31Z</time>
   </trkpt>
   <trkpt lat="69.6000990" lon="19.1192250">
    <ele>793.5</ele>
    <time>2026-06-03T18:19:32Z</time>
   </trkpt>
   <trkpt lat="69.6000930" lon="19.1192900">
    <ele>794.3</ele>
    <time>2026-06-03T18:19:33Z</time>
   </trkpt>
   <trkpt lat="69.6000930" lon="19.1192900">
    <ele>794.3</ele>
    <time>2026-06-03T18:19:34Z</time>
   </trkpt>
   <trkpt lat="69.6000930" lon="19.1192900">
    <ele>794.3</ele>
    <time>2026-06-03T18:19:35Z</time>
   </trkpt>
   <trkpt lat="69.6000890" lon="19.1193420">
    <ele>794.9</ele>
    <time>2026-06-03T18:19:36Z</time>
   </trkpt>
   <trkpt lat="69.6000890" lon="19.1193420">
    <ele>794.9</ele>
    <time>2026-06-03T18:19:37Z</time>
   </trkpt>
   <trkpt lat="69.6000890" lon="19.1193420">
    <ele>794.9</ele>
    <time>2026-06-03T18:19:38Z</time>
   </trkpt>
   <trkpt lat="69.6000860" lon="19.1193930">
    <ele>796.1</ele>
    <time>2026-06-03T18:19:39Z</time>
   </trkpt>
   <trkpt lat="69.6000860" lon="19.1193930">
    <ele>796.1</ele>
    <time>2026-06-03T18:19:40Z</time>
   </trkpt>
   <trkpt lat="69.6000860" lon="19.1193930">
    <ele>796.1</ele>
    <time>2026-06-03T18:19:41Z</time>
   </trkpt>
   <trkpt lat="69.6000860" lon="19.1193930">
    <ele>796.1</ele>
    <time>2026-06-03T18:19:42Z</time>
   </trkpt>
   <trkpt lat="69.6000820" lon="19.1194520">
    <ele>796.7</ele>
    <time>2026-06-03T18:19:43Z</time>
   </trkpt>
   <trkpt lat="69.6000820" lon="19.1194520">
    <ele>796.7</ele>
    <time>2026-06-03T18:19:44Z</time>
   </trkpt>
   <trkpt lat="69.6000820" lon="19.1194520">
    <ele>796.7</ele>
    <time>2026-06-03T18:19:45Z</time>
   </trkpt>
   <trkpt lat="69.6000780" lon="19.1195030">
    <ele>797.5</ele>
    <time>2026-06-03T18:19:46Z</time>
   </trkpt>
   <trkpt lat="69.6000780" lon="19.1195030">
    <ele>797.5</ele>
    <time>2026-06-03T18:19:47Z</time>
   </trkpt>
   <trkpt lat="69.6000780" lon="19.1195030">
    <ele>797.5</ele>
    <time>2026-06-03T18:19:48Z</time>
   </trkpt>
   <trkpt lat="69.6000780" lon="19.1195030">
    <ele>797.5</ele>
    <time>2026-06-03T18:19:49Z</time>
   </trkpt>
   <trkpt lat="69.6000730" lon="19.1195630">
    <ele>798.6</ele>
    <time>2026-06-03T18:19:50Z</time>
   </trkpt>
   <trkpt lat="69.6000730" lon="19.1195630">
    <ele>798.6</ele>
    <time>2026-06-03T18:19:51Z</time>
   </trkpt>
   <trkpt lat="69.6000730" lon="19.1195630">
    <ele>798.6</ele>
    <time>2026-06-03T18:19:52Z</time>
   </trkpt>
   <trkpt lat="69.6000730" lon="19.1195630">
    <ele>798.6</ele>
    <time>2026-06-03T18:19:53Z</time>
   </trkpt>
   <trkpt lat="69.6000660" lon="19.1196220">
    <ele>799.1</ele>
    <time>2026-06-03T18:19:54Z</time>
   </trkpt>
   <trkpt lat="69.6000660" lon="19.1196220">
    <ele>799.1</ele>
    <time>2026-06-03T18:19:55Z</time>
   </trkpt>
   <trkpt lat="69.6000660" lon="19.1196220">
    <ele>799.1</ele>
    <time>2026-06-03T18:19:56Z</time>
   </trkpt>
   <trkpt lat="69.6000660" lon="19.1196220">
    <ele>799.1</ele>
    <time>2026-06-03T18:19:57Z</time>
   </trkpt>
   <trkpt lat="69.6000610" lon="19.1196790">
    <ele>799.8</ele>
    <time>2026-06-03T18:19:58Z</time>
   </trkpt>
   <trkpt lat="69.6000610" lon="19.1196790">
    <ele>799.8</ele>
    <time>2026-06-03T18:19:59Z</time>
   </trkpt>
   <trkpt lat="69.6000610" lon="19.1196790">
    <ele>799.8</ele>
    <time>2026-06-03T18:20:00Z</time>
   </trkpt>
   <trkpt lat="69.6000610" lon="19.1196790">
    <ele>799.8</ele>
    <time>2026-06-03T18:20:01Z</time>
   </trkpt>
   <trkpt lat="69.6000540" lon="19.1197370">
    <ele>800.8</ele>
    <time>2026-06-03T18:20:02Z</time>
   </trkpt>
   <trkpt lat="69.6000540" lon="19.1197370">
    <ele>800.8</ele>
    <time>2026-06-03T18:20:03Z</time>
   </trkpt>
   <trkpt lat="69.6000540" lon="19.1197370">
    <ele>800.8</ele>
    <time>2026-06-03T18:20:04Z</time>
   </trkpt>
   <trkpt lat="69.6000540" lon="19.1197370">
    <ele>800.8</ele>
    <time>2026-06-03T18:20:05Z</time>
   </trkpt>
   <trkpt lat="69.6000510" lon="19.1197900">
    <ele>801.3</ele>
    <time>2026-06-03T18:20:06Z</time>
   </trkpt>
   <trkpt lat="69.6000510" lon="19.1197900">
    <ele>801.3</ele>
    <time>2026-06-03T18:20:07Z</time>
   </trkpt>
   <trkpt lat="69.6000510" lon="19.1197900">
    <ele>801.3</ele>
    <time>2026-06-03T18:20:08Z</time>
   </trkpt>
   <trkpt lat="69.6000510" lon="19.1197900">
    <ele>801.3</ele>
    <time>2026-06-03T18:20:09Z</time>
   </trkpt>
   <trkpt lat="69.6000490" lon="19.1198420">
    <ele>802.0</ele>
    <time>2026-06-03T18:20:10Z</time>
   </trkpt>
   <trkpt lat="69.6000490" lon="19.1198420">
    <ele>802.0</ele>
    <time>2026-06-03T18:20:11Z</time>
   </trkpt>
   <trkpt lat="69.6000490" lon="19.1198420">
    <ele>802.0</ele>
    <time>2026-06-03T18:20:12Z</time>
   </trkpt>
   <trkpt lat="69.6000490" lon="19.1198420">
    <ele>802.0</ele>
    <time>2026-06-03T18:20:13Z</time>
   </trkpt>
   <trkpt lat="69.6000460" lon="19.1199040">
    <ele>802.9</ele>
    <time>2026-06-03T18:20:14Z</time>
   </trkpt>
   <trkpt lat="69.6000460" lon="19.1199040">
    <ele>802.9</ele>
    <time>2026-06-03T18:20:15Z</time>
   </trkpt>
   <trkpt lat="69.6000460" lon="19.1199040">
    <ele>802.9</ele>
    <time>2026-06-03T18:20:16Z</time>
   </trkpt>
   <trkpt lat="69.6000460" lon="19.1199040">
    <ele>802.9</ele>
    <time>2026-06-03T18:20:17Z</time>
   </trkpt>
   <trkpt lat="69.6000370" lon="19.1199680">
    <ele>803.4</ele>
    <time>2026-06-03T18:20:18Z</time>
   </trkpt>
   <trkpt lat="69.6000370" lon="19.1199680">
    <ele>803.4</ele>
    <time>2026-06-03T18:20:19Z</time>
   </trkpt>
   <trkpt lat="69.6000370" lon="19.1199680">
    <ele>803.4</ele>
    <time>2026-06-03T18:20:20Z</time>
   </trkpt>
   <trkpt lat="69.6000370" lon="19.1199680">
    <ele>803.4</ele>
    <time>2026-06-03T18:20:21Z</time>
   </trkpt>
   <trkpt lat="69.6000310" lon="19.1200300">
    <ele>804.0</ele>
    <time>2026-06-03T18:20:22Z</time>
   </trkpt>
   <trkpt lat="69.6000310" lon="19.1200300">
    <ele>804.0</ele>
    <time>2026-06-03T18:20:23Z</time>
   </trkpt>
   <trkpt lat="69.6000310" lon="19.1200300">
    <ele>804.0</ele>
    <time>2026-06-03T18:20:24Z</time>
   </trkpt>
   <trkpt lat="69.6000310" lon="19.1200300">
    <ele>804.0</ele>
    <time>2026-06-03T18:20:25Z</time>
   </trkpt>
   <trkpt lat="69.6000220" lon="19.1200920">
    <ele>804.9</ele>
    <time>2026-06-03T18:20:26Z</time>
   </trkpt>
   <trkpt lat="69.6000220" lon="19.1200920">
    <ele>804.9</ele>
    <time>2026-06-03T18:20:27Z</time>
   </trkpt>
   <trkpt lat="69.6000220" lon="19.1200920">
    <ele>804.9</ele>
    <time>2026-06-03T18:20:28Z</time>
   </trkpt>
   <trkpt lat="69.6000220" lon="19.1200920">
    <ele>804.9</ele>
    <time>2026-06-03T18:20:29Z</time>
   </trkpt>
   <trkpt lat="69.6000140" lon="19.1201490">
    <ele>805.6</ele>
    <time>2026-06-03T18:20:30Z</time>
   </trkpt>
   <trkpt lat="69.6000140" lon="19.1201490">
    <ele>805.6</ele>
    <time>2026-06-03T18:20:31Z</time>
   </trkpt>
   <trkpt lat="69.6000140" lon="19.1201490">
    <ele>805.6</ele>
    <time>2026-06-03T18:20:32Z</time>
   </trkpt>
   <trkpt lat="69.6000140" lon="19.1201490">
    <ele>805.6</ele>
    <time>2026-06-03T18:20:33Z</time>
   </trkpt>
   <trkpt lat="69.6000040" lon="19.1202040">
    <ele>806.8</ele>
    <time>2026-06-03T18:20:34Z</time>
   </trkpt>
   <trkpt lat="69.6000040" lon="19.1202040">
    <ele>806.8</ele>
    <time>2026-06-03T18:20:35Z</time>
   </trkpt>
   <trkpt lat="69.6000040" lon="19.1202040">
    <ele>806.8</ele>
    <time>2026-06-03T18:20:36Z</time>
   </trkpt>
   <trkpt lat="69.6000040" lon="19.1202040">
    <ele>806.8</ele>
    <time>2026-06-03T18:20:37Z</time>
   </trkpt>
   <trkpt lat="69.5999930" lon="19.1202580">
    <ele>807.3</ele>
    <time>2026-06-03T18:20:38Z</time>
   </trkpt>
   <trkpt lat="69.5999930" lon="19.1202580">
    <ele>807.3</ele>
    <time>2026-06-03T18:20:39Z</time>
   </trkpt>
   <trkpt lat="69.5999930" lon="19.1202580">
    <ele>807.3</ele>
    <time>2026-06-03T18:20:40Z</time>
   </trkpt>
   <trkpt lat="69.5999930" lon="19.1202580">
    <ele>807.3</ele>
    <time>2026-06-03T18:20:41Z</time>
   </trkpt>
   <trkpt lat="69.5999860" lon="19.1203150">
    <ele>808.1</ele>
    <time>2026-06-03T18:20:42Z</time>
   </trkpt>
   <trkpt lat="69.5999860" lon="19.1203150">
    <ele>808.1</ele>
    <time>2026-06-03T18:20:43Z</time>
   </trkpt>
   <trkpt lat="69.5999860" lon="19.1203150">
    <ele>808.1</ele>
    <time>2026-06-03T18:20:44Z</time>
   </trkpt>
   <trkpt lat="69.5999800" lon="19.1203650">
    <ele>808.7</ele>
    <time>2026-06-03T18:20:45Z</time>
   </trkpt>
   <trkpt lat="69.5999800" lon="19.1203650">
    <ele>808.7</ele>
    <time>2026-06-03T18:20:46Z</time>
   </trkpt>
   <trkpt lat="69.5999800" lon="19.1203650">
    <ele>808.7</ele>
    <time>2026-06-03T18:20:47Z</time>
   </trkpt>
   <trkpt lat="69.5999800" lon="19.1203650">
    <ele>808.7</ele>
    <time>2026-06-03T18:20:48Z</time>
   </trkpt>
   <trkpt lat="69.5999750" lon="19.1204300">
    <ele>809.8</ele>
    <time>2026-06-03T18:20:49Z</time>
   </trkpt>
   <trkpt lat="69.5999750" lon="19.1204300">
    <ele>809.8</ele>
    <time>2026-06-03T18:20:50Z</time>
   </trkpt>
   <trkpt lat="69.5999750" lon="19.1204300">
    <ele>809.8</ele>
    <time>2026-06-03T18:20:51Z</time>
   </trkpt>
   <trkpt lat="69.5999750" lon="19.1204300">
    <ele>809.8</ele>
    <time>2026-06-03T18:20:52Z</time>
   </trkpt>
   <trkpt lat="69.5999660" lon="19.1204890">
    <ele>810.7</ele>
    <time>2026-06-03T18:20:53Z</time>
   </trkpt>
   <trkpt lat="69.5999660" lon="19.1204890">
    <ele>810.7</ele>
    <time>2026-06-03T18:20:54Z</time>
   </trkpt>
   <trkpt lat="69.5999660" lon="19.1204890">
    <ele>810.7</ele>
    <time>2026-06-03T18:20:55Z</time>
   </trkpt>
   <trkpt lat="69.5999660" lon="19.1204890">
    <ele>810.7</ele>
    <time>2026-06-03T18:20:56Z</time>
   </trkpt>
   <trkpt lat="69.5999610" lon="19.1205410">
    <ele>811.4</ele>
    <time>2026-06-03T18:20:57Z</time>
   </trkpt>
   <trkpt lat="69.5999610" lon="19.1205410">
    <ele>811.4</ele>
    <time>2026-06-03T18:20:58Z</time>
   </trkpt>
   <trkpt lat="69.5999610" lon="19.1205410">
    <ele>811.4</ele>
    <time>2026-06-03T18:20:59Z</time>
   </trkpt>
   <trkpt lat="69.5999610" lon="19.1205410">
    <ele>811.4</ele>
    <time>2026-06-03T18:21:00Z</time>
   </trkpt>
   <trkpt lat="69.5999550" lon="19.1205910">
    <ele>813.1</ele>
    <time>2026-06-03T18:21:01Z</time>
   </trkpt>
   <trkpt lat="69.5999550" lon="19.1205910">
    <ele>813.1</ele>
    <time>2026-06-03T18:21:02Z</time>
   </trkpt>
   <trkpt lat="69.5999550" lon="19.1205910">
    <ele>813.1</ele>
    <time>2026-06-03T18:21:03Z</time>
   </trkpt>
   <trkpt lat="69.5999550" lon="19.1205910">
    <ele>813.1</ele>
    <time>2026-06-03T18:21:04Z</time>
   </trkpt>
   <trkpt lat="69.5999460" lon="19.1206480">
    <ele>813.8</ele>
    <time>2026-06-03T18:21:05Z</time>
   </trkpt>
   <trkpt lat="69.5999460" lon="19.1206480">
    <ele>813.8</ele>
    <time>2026-06-03T18:21:06Z</time>
   </trkpt>
   <trkpt lat="69.5999460" lon="19.1206480">
    <ele>813.8</ele>
    <time>2026-06-03T18:21:07Z</time>
   </trkpt>
   <trkpt lat="69.5999460" lon="19.1206480">
    <ele>813.8</ele>
    <time>2026-06-03T18:21:08Z</time>
   </trkpt>
   <trkpt lat="69.5999390" lon="19.1206960">
    <ele>814.8</ele>
    <time>2026-06-03T18:21:09Z</time>
   </trkpt>
   <trkpt lat="69.5999390" lon="19.1206960">
    <ele>814.8</ele>
    <time>2026-06-03T18:21:10Z</time>
   </trkpt>
   <trkpt lat="69.5999390" lon="19.1206960">
    <ele>814.9</ele>
    <time>2026-06-03T18:21:11Z</time>
   </trkpt>
   <trkpt lat="69.5999390" lon="19.1206960">
    <ele>814.9</ele>
    <time>2026-06-03T18:21:12Z</time>
   </trkpt>
   <trkpt lat="69.5999290" lon="19.1207460">
    <ele>816.0</ele>
    <time>2026-06-03T18:21:13Z</time>
   </trkpt>
   <trkpt lat="69.5999290" lon="19.1207460">
    <ele>816.0</ele>
    <time>2026-06-03T18:21:14Z</time>
   </trkpt>
   <trkpt lat="69.5999290" lon="19.1207460">
    <ele>816.0</ele>
    <time>2026-06-03T18:21:15Z</time>
   </trkpt>
   <trkpt lat="69.5999290" lon="19.1207460">
    <ele>816.0</ele>
    <time>2026-06-03T18:21:16Z</time>
   </trkpt>
   <trkpt lat="69.5999290" lon="19.1207460">
    <ele>816.0</ele>
    <time>2026-06-03T18:21:17Z</time>
   </trkpt>
   <trkpt lat="69.5999140" lon="19.1207900">
    <ele>817.1</ele>
    <time>2026-06-03T18:21:18Z</time>
   </trkpt>
   <trkpt lat="69.5999140" lon="19.1207900">
    <ele>817.1</ele>
    <time>2026-06-03T18:21:19Z</time>
   </trkpt>
   <trkpt lat="69.5999140" lon="19.1207900">
    <ele>817.1</ele>
    <time>2026-06-03T18:21:20Z</time>
   </trkpt>
   <trkpt lat="69.5999140" lon="19.1207900">
    <ele>817.1</ele>
    <time>2026-06-03T18:21:21Z</time>
   </trkpt>
   <trkpt lat="69.5998960" lon="19.1208190">
    <ele>818.2</ele>
    <time>2026-06-03T18:21:22Z</time>
   </trkpt>
   <trkpt lat="69.5998960" lon="19.1208190">
    <ele>818.2</ele>
    <time>2026-06-03T18:21:23Z</time>
   </trkpt>
   <trkpt lat="69.5998960" lon="19.1208190">
    <ele>818.2</ele>
    <time>2026-06-03T18:21:24Z</time>
   </trkpt>
   <trkpt lat="69.5998960" lon="19.1208190">
    <ele>818.2</ele>
    <time>2026-06-03T18:21:25Z</time>
   </trkpt>
   <trkpt lat="69.5998780" lon="19.1208520">
    <ele>819.3</ele>
    <time>2026-06-03T18:21:26Z</time>
   </trkpt>
   <trkpt lat="69.5998780" lon="19.1208520">
    <ele>819.3</ele>
    <time>2026-06-03T18:21:27Z</time>
   </trkpt>
   <trkpt lat="69.5998780" lon="19.1208520">
    <ele>819.3</ele>
    <time>2026-06-03T18:21:28Z</time>
   </trkpt>
   <trkpt lat="69.5998780" lon="19.1208520">
    <ele>819.3</ele>
    <time>2026-06-03T18:21:29Z</time>
   </trkpt>
   <trkpt lat="69.5998780" lon="19.1208520">
    <ele>819.3</ele>
    <time>2026-06-03T18:21:30Z</time>
   </trkpt>
   <trkpt lat="69.5998580" lon="19.1208800">
    <ele>819.8</ele>
    <time>2026-06-03T18:21:31Z</time>
   </trkpt>
   <trkpt lat="69.5998580" lon="19.1208800">
    <ele>819.8</ele>
    <time>2026-06-03T18:21:32Z</time>
   </trkpt>
   <trkpt lat="69.5998580" lon="19.1208800">
    <ele>819.8</ele>
    <time>2026-06-03T18:21:33Z</time>
   </trkpt>
   <trkpt lat="69.5998580" lon="19.1208800">
    <ele>819.8</ele>
    <time>2026-06-03T18:21:34Z</time>
   </trkpt>
   <trkpt lat="69.5998580" lon="19.1208800">
    <ele>819.8</ele>
    <time>2026-06-03T18:21:35Z</time>
   </trkpt>
   <trkpt lat="69.5998380" lon="19.1209010">
    <ele>821.3</ele>
    <time>2026-06-03T18:21:36Z</time>
   </trkpt>
   <trkpt lat="69.5998380" lon="19.1209010">
    <ele>821.3</ele>
    <time>2026-06-03T18:21:37Z</time>
   </trkpt>
   <trkpt lat="69.5998380" lon="19.1209010">
    <ele>821.3</ele>
    <time>2026-06-03T18:21:38Z</time>
   </trkpt>
   <trkpt lat="69.5998380" lon="19.1209010">
    <ele>821.3</ele>
    <time>2026-06-03T18:21:39Z</time>
   </trkpt>
   <trkpt lat="69.5998380" lon="19.1209010">
    <ele>821.3</ele>
    <time>2026-06-03T18:21:40Z</time>
   </trkpt>
   <trkpt lat="69.5998200" lon="19.1209140">
    <ele>821.8</ele>
    <time>2026-06-03T18:21:41Z</time>
   </trkpt>
   <trkpt lat="69.5998200" lon="19.1209140">
    <ele>821.8</ele>
    <time>2026-06-03T18:21:42Z</time>
   </trkpt>
   <trkpt lat="69.5998200" lon="19.1209140">
    <ele>821.8</ele>
    <time>2026-06-03T18:21:43Z</time>
   </trkpt>
   <trkpt lat="69.5998200" lon="19.1209140">
    <ele>821.8</ele>
    <time>2026-06-03T18:21:44Z</time>
   </trkpt>
   <trkpt lat="69.5998200" lon="19.1209140">
    <ele>821.8</ele>
    <time>2026-06-03T18:21:45Z</time>
   </trkpt>
   <trkpt lat="69.5998000" lon="19.1209240">
    <ele>822.3</ele>
    <time>2026-06-03T18:21:46Z</time>
   </trkpt>
   <trkpt lat="69.5998000" lon="19.1209240">
    <ele>822.3</ele>
    <time>2026-06-03T18:21:47Z</time>
   </trkpt>
   <trkpt lat="69.5998000" lon="19.1209240">
    <ele>822.3</ele>
    <time>2026-06-03T18:21:48Z</time>
   </trkpt>
   <trkpt lat="69.5998000" lon="19.1209240">
    <ele>822.3</ele>
    <time>2026-06-03T18:21:49Z</time>
   </trkpt>
   <trkpt lat="69.5998000" lon="19.1209240">
    <ele>822.3</ele>
    <time>2026-06-03T18:21:50Z</time>
   </trkpt>
   <trkpt lat="69.5997830" lon="19.1209380">
    <ele>823.4</ele>
    <time>2026-06-03T18:21:51Z</time>
   </trkpt>
   <trkpt lat="69.5997830" lon="19.1209380">
    <ele>823.4</ele>
    <time>2026-06-03T18:21:52Z</time>
   </trkpt>
   <trkpt lat="69.5997830" lon="19.1209380">
    <ele>823.4</ele>
    <time>2026-06-03T18:21:53Z</time>
   </trkpt>
   <trkpt lat="69.5997830" lon="19.1209380">
    <ele>823.4</ele>
    <time>2026-06-03T18:21:54Z</time>
   </trkpt>
   <trkpt lat="69.5997830" lon="19.1209380">
    <ele>823.4</ele>
    <time>2026-06-03T18:21:55Z</time>
   </trkpt>
   <trkpt lat="69.5997620" lon="19.1209500">
    <ele>824.3</ele>
    <time>2026-06-03T18:21:56Z</time>
   </trkpt>
   <trkpt lat="69.5997620" lon="19.1209500">
    <ele>824.3</ele>
    <time>2026-06-03T18:21:57Z</time>
   </trkpt>
   <trkpt lat="69.5997620" lon="19.1209500">
    <ele>824.3</ele>
    <time>2026-06-03T18:21:58Z</time>
   </trkpt>
   <trkpt lat="69.5997620" lon="19.1209500">
    <ele>824.3</ele>
    <time>2026-06-03T18:21:59Z</time>
   </trkpt>
   <trkpt lat="69.5997620" lon="19.1209500">
    <ele>824.3</ele>
    <time>2026-06-03T18:22:00Z</time>
   </trkpt>
   <trkpt lat="69.5997420" lon="19.1209630">
    <ele>824.7</ele>
    <time>2026-06-03T18:22:01Z</time>
   </trkpt>
   <trkpt lat="69.5997420" lon="19.1209630">
    <ele>824.7</ele>
    <time>2026-06-03T18:22:02Z</time>
   </trkpt>
   <trkpt lat="69.5997420" lon="19.1209630">
    <ele>824.7</ele>
    <time>2026-06-03T18:22:03Z</time>
   </trkpt>
   <trkpt lat="69.5997420" lon="19.1209630">
    <ele>824.7</ele>
    <time>2026-06-03T18:22:04Z</time>
   </trkpt>
   <trkpt lat="69.5997230" lon="19.1209720">
    <ele>825.2</ele>
    <time>2026-06-03T18:22:05Z</time>
   </trkpt>
   <trkpt lat="69.5997230" lon="19.1209720">
    <ele>825.2</ele>
    <time>2026-06-03T18:22:06Z</time>
   </trkpt>
   <trkpt lat="69.5997230" lon="19.1209720">
    <ele>825.2</ele>
    <time>2026-06-03T18:22:07Z</time>
   </trkpt>
   <trkpt lat="69.5997230" lon="19.1209720">
    <ele>825.2</ele>
    <time>2026-06-03T18:22:08Z</time>
   </trkpt>
   <trkpt lat="69.5997230" lon="19.1209720">
    <ele>825.2</ele>
    <time>2026-06-03T18:22:09Z</time>
   </trkpt>
   <trkpt lat="69.5997030" lon="19.1209910">
    <ele>827.0</ele>
    <time>2026-06-03T18:22:10Z</time>
   </trkpt>
   <trkpt lat="69.5997030" lon="19.1209910">
    <ele>827.0</ele>
    <time>2026-06-03T18:22:11Z</time>
   </trkpt>
   <trkpt lat="69.5997030" lon="19.1209910">
    <ele>827.0</ele>
    <time>2026-06-03T18:22:12Z</time>
   </trkpt>
   <trkpt lat="69.5997030" lon="19.1209910">
    <ele>827.0</ele>
    <time>2026-06-03T18:22:13Z</time>
   </trkpt>
   <trkpt lat="69.5996850" lon="19.1210080">
    <ele>827.4</ele>
    <time>2026-06-03T18:22:14Z</time>
   </trkpt>
   <trkpt lat="69.5996850" lon="19.1210080">
    <ele>827.5</ele>
    <time>2026-06-03T18:22:15Z</time>
   </trkpt>
   <trkpt lat="69.5996850" lon="19.1210080">
    <ele>827.5</ele>
    <time>2026-06-03T18:22:16Z</time>
   </trkpt>
   <trkpt lat="69.5996850" lon="19.1210080">
    <ele>827.5</ele>
    <time>2026-06-03T18:22:17Z</time>
   </trkpt>
   <trkpt lat="69.5996660" lon="19.1210180">
    <ele>828.6</ele>
    <time>2026-06-03T18:22:18Z</time>
   </trkpt>
   <trkpt lat="69.5996660" lon="19.1210180">
    <ele>828.6</ele>
    <time>2026-06-03T18:22:19Z</time>
   </trkpt>
   <trkpt lat="69.5996660" lon="19.1210180">
    <ele>828.6</ele>
    <time>2026-06-03T18:22:20Z</time>
   </trkpt>
   <trkpt lat="69.5996660" lon="19.1210180">
    <ele>828.6</ele>
    <time>2026-06-03T18:22:21Z</time>
   </trkpt>
   <trkpt lat="69.5996480" lon="19.1210210">
    <ele>829.1</ele>
    <time>2026-06-03T18:22:22Z</time>
   </trkpt>
   <trkpt lat="69.5996480" lon="19.1210210">
    <ele>829.1</ele>
    <time>2026-06-03T18:22:23Z</time>
   </trkpt>
   <trkpt lat="69.5996480" lon="19.1210210">
    <ele>829.1</ele>
    <time>2026-06-03T18:22:24Z</time>
   </trkpt>
   <trkpt lat="69.5996480" lon="19.1210210">
    <ele>829.1</ele>
    <time>2026-06-03T18:22:25Z</time>
   </trkpt>
   <trkpt lat="69.5996310" lon="19.1210350">
    <ele>829.7</ele>
    <time>2026-06-03T18:22:26Z</time>
   </trkpt>
   <trkpt lat="69.5996310" lon="19.1210350">
    <ele>829.7</ele>
    <time>2026-06-03T18:22:27Z</time>
   </trkpt>
   <trkpt lat="69.5996310" lon="19.1210350">
    <ele>829.7</ele>
    <time>2026-06-03T18:22:28Z</time>
   </trkpt>
   <trkpt lat="69.5996310" lon="19.1210350">
    <ele>829.7</ele>
    <time>2026-06-03T18:22:29Z</time>
   </trkpt>
   <trkpt lat="69.5996310" lon="19.1210350">
    <ele>829.7</ele>
    <time>2026-06-03T18:22:30Z</time>
   </trkpt>
   <trkpt lat="69.5996090" lon="19.1210550">
    <ele>830.8</ele>
    <time>2026-06-03T18:22:31Z</time>
   </trkpt>
   <trkpt lat="69.5996090" lon="19.1210550">
    <ele>830.8</ele>
    <time>2026-06-03T18:22:32Z</time>
   </trkpt>
   <trkpt lat="69.5996090" lon="19.1210550">
    <ele>830.8</ele>
    <time>2026-06-03T18:22:33Z</time>
   </trkpt>
   <trkpt lat="69.5996090" lon="19.1210550">
    <ele>830.8</ele>
    <time>2026-06-03T18:22:34Z</time>
   </trkpt>
   <trkpt lat="69.5996090" lon="19.1210550">
    <ele>830.8</ele>
    <time>2026-06-03T18:22:35Z</time>
   </trkpt>
   <trkpt lat="69.5995910" lon="19.1210630">
    <ele>832.0</ele>
    <time>2026-06-03T18:22:36Z</time>
   </trkpt>
   <trkpt lat="69.5995910" lon="19.1210630">
    <ele>832.0</ele>
    <time>2026-06-03T18:22:37Z</time>
   </trkpt>
   <trkpt lat="69.5995910" lon="19.1210630">
    <ele>832.0</ele>
    <time>2026-06-03T18:22:38Z</time>
   </trkpt>
   <trkpt lat="69.5995910" lon="19.1210630">
    <ele>832.0</ele>
    <time>2026-06-03T18:22:39Z</time>
   </trkpt>
   <trkpt lat="69.5995910" lon="19.1210630">
    <ele>832.0</ele>
    <time>2026-06-03T18:22:40Z</time>
   </trkpt>
   <trkpt lat="69.5995910" lon="19.1210630">
    <ele>832.0</ele>
    <time>2026-06-03T18:22:41Z</time>
   </trkpt>
   <trkpt lat="69.5995910" lon="19.1210630">
    <ele>832.0</ele>
    <time>2026-06-03T18:22:42Z</time>
   </trkpt>
   <trkpt lat="69.5995840" lon="19.1211140">
    <ele>833.3</ele>
    <time>2026-06-03T18:22:43Z</time>
   </trkpt>
   <trkpt lat="69.5995840" lon="19.1211140">
    <ele>833.3</ele>
    <time>2026-06-03T18:22:44Z</time>
   </trkpt>
   <trkpt lat="69.5995840" lon="19.1211140">
    <ele>833.3</ele>
    <time>2026-06-03T18:22:45Z</time>
   </trkpt>
   <trkpt lat="69.5995840" lon="19.1211140">
    <ele>833.3</ele>
    <time>2026-06-03T18:22:46Z</time>
   </trkpt>
   <trkpt lat="69.5995840" lon="19.1211140">
    <ele>833.3</ele>
    <time>2026-06-03T18:22:47Z</time>
   </trkpt>
   <trkpt lat="69.5995890" lon="19.1211770">
    <ele>833.4</ele>
    <time>2026-06-03T18:22:48Z</time>
   </trkpt>
   <trkpt lat="69.5995890" lon="19.1211770">
    <ele>833.4</ele>
    <time>2026-06-03T18:22:49Z</time>
   </trkpt>
   <trkpt lat="69.5995890" lon="19.1211770">
    <ele>833.4</ele>
    <time>2026-06-03T18:22:50Z</time>
   </trkpt>
   <trkpt lat="69.5995890" lon="19.1211770">
    <ele>833.4</ele>
    <time>2026-06-03T18:22:51Z</time>
   </trkpt>
   <trkpt lat="69.5995900" lon="19.1212350">
    <ele>834.8</ele>
    <time>2026-06-03T18:22:52Z</time>
   </trkpt>
   <trkpt lat="69.5995900" lon="19.1212350">
    <ele>834.8</ele>
    <time>2026-06-03T18:22:53Z</time>
   </trkpt>
   <trkpt lat="69.5995900" lon="19.1212350">
    <ele>834.8</ele>
    <time>2026-06-03T18:22:54Z</time>
   </trkpt>
   <trkpt lat="69.5995900" lon="19.1212350">
    <ele>834.8</ele>
    <time>2026-06-03T18:22:55Z</time>
   </trkpt>
   <trkpt lat="69.5995900" lon="19.1212350">
    <ele>834.8</ele>
    <time>2026-06-03T18:22:56Z</time>
   </trkpt>
   <trkpt lat="69.5995930" lon="19.1212860">
    <ele>835.5</ele>
    <time>2026-06-03T18:22:57Z</time>
   </trkpt>
   <trkpt lat="69.5995930" lon="19.1212860">
    <ele>835.5</ele>
    <time>2026-06-03T18:22:58Z</time>
   </trkpt>
   <trkpt lat="69.5995930" lon="19.1212860">
    <ele>835.5</ele>
    <time>2026-06-03T18:22:59Z</time>
   </trkpt>
   <trkpt lat="69.5995930" lon="19.1212860">
    <ele>835.5</ele>
    <time>2026-06-03T18:23:00Z</time>
   </trkpt>
   <trkpt lat="69.5995930" lon="19.1212860">
    <ele>835.5</ele>
    <time>2026-06-03T18:23:01Z</time>
   </trkpt>
   <trkpt lat="69.5995930" lon="19.1212860">
    <ele>835.5</ele>
    <time>2026-06-03T18:23:02Z</time>
   </trkpt>
   <trkpt lat="69.5995930" lon="19.1212860">
    <ele>835.5</ele>
    <time>2026-06-03T18:23:03Z</time>
   </trkpt>
   <trkpt lat="69.5995930" lon="19.1212860">
    <ele>835.5</ele>
    <time>2026-06-03T18:23:04Z</time>
   </trkpt>
   <trkpt lat="69.5995930" lon="19.1212860">
    <ele>835.5</ele>
    <time>2026-06-03T18:23:05Z</time>
   </trkpt>
   <trkpt lat="69.5995930" lon="19.1212860">
    <ele>835.5</ele>
    <time>2026-06-03T18:23:06Z</time>
   </trkpt>
   <trkpt lat="69.5995930" lon="19.1212860">
    <ele>835.5</ele>
    <time>2026-06-03T18:23:07Z</time>
   </trkpt>
   <trkpt lat="69.5995920" lon="19.1213430">
    <ele>836.2</ele>
    <time>2026-06-03T18:23:08Z</time>
   </trkpt>
   <trkpt lat="69.5995920" lon="19.1213430">
    <ele>836.2</ele>
    <time>2026-06-03T18:23:09Z</time>
   </trkpt>
   <trkpt lat="69.5995920" lon="19.1213430">
    <ele>836.2</ele>
    <time>2026-06-03T18:23:10Z</time>
   </trkpt>
   <trkpt lat="69.5995920" lon="19.1213430">
    <ele>836.2</ele>
    <time>2026-06-03T18:23:11Z</time>
   </trkpt>
   <trkpt lat="69.5995950" lon="19.1213950">
    <ele>837.0</ele>
    <time>2026-06-03T18:23:12Z</time>
   </trkpt>
   <trkpt lat="69.5995950" lon="19.1213950">
    <ele>837.0</ele>
    <time>2026-06-03T18:23:13Z</time>
   </trkpt>
   <trkpt lat="69.5995950" lon="19.1213950">
    <ele>837.0</ele>
    <time>2026-06-03T18:23:14Z</time>
   </trkpt>
   <trkpt lat="69.5995950" lon="19.1213950">
    <ele>837.0</ele>
    <time>2026-06-03T18:23:15Z</time>
   </trkpt>
   <trkpt lat="69.5995960" lon="19.1214500">
    <ele>838.4</ele>
    <time>2026-06-03T18:23:16Z</time>
   </trkpt>
   <trkpt lat="69.5995960" lon="19.1214500">
    <ele>838.4</ele>
    <time>2026-06-03T18:23:17Z</time>
   </trkpt>
   <trkpt lat="69.5995960" lon="19.1214500">
    <ele>838.4</ele>
    <time>2026-06-03T18:23:18Z</time>
   </trkpt>
   <trkpt lat="69.5995960" lon="19.1214500">
    <ele>838.4</ele>
    <time>2026-06-03T18:23:19Z</time>
   </trkpt>
   <trkpt lat="69.5995990" lon="19.1215030">
    <ele>839.2</ele>
    <time>2026-06-03T18:23:20Z</time>
   </trkpt>
   <trkpt lat="69.5995990" lon="19.1215030">
    <ele>839.2</ele>
    <time>2026-06-03T18:23:21Z</time>
   </trkpt>
   <trkpt lat="69.5995990" lon="19.1215030">
    <ele>839.2</ele>
    <time>2026-06-03T18:23:22Z</time>
   </trkpt>
   <trkpt lat="69.5995990" lon="19.1215030">
    <ele>839.2</ele>
    <time>2026-06-03T18:23:23Z</time>
   </trkpt>
   <trkpt lat="69.5995980" lon="19.1215580">
    <ele>840.0</ele>
    <time>2026-06-03T18:23:24Z</time>
   </trkpt>
   <trkpt lat="69.5995980" lon="19.1215580">
    <ele>840.0</ele>
    <time>2026-06-03T18:23:25Z</time>
   </trkpt>
   <trkpt lat="69.5995980" lon="19.1215580">
    <ele>840.0</ele>
    <time>2026-06-03T18:23:26Z</time>
   </trkpt>
   <trkpt lat="69.5995970" lon="19.1216090">
    <ele>840.7</ele>
    <time>2026-06-03T18:23:27Z</time>
   </trkpt>
   <trkpt lat="69.5995970" lon="19.1216090">
    <ele>840.7</ele>
    <time>2026-06-03T18:23:28Z</time>
   </trkpt>
   <trkpt lat="69.5995970" lon="19.1216090">
    <ele>840.7</ele>
    <time>2026-06-03T18:23:29Z</time>
   </trkpt>
   <trkpt lat="69.5995970" lon="19.1216090">
    <ele>840.7</ele>
    <time>2026-06-03T18:23:30Z</time>
   </trkpt>
   <trkpt lat="69.5995970" lon="19.1216090">
    <ele>840.7</ele>
    <time>2026-06-03T18:23:31Z</time>
   </trkpt>
   <trkpt lat="69.5996000" lon="19.1216650">
    <ele>842.3</ele>
    <time>2026-06-03T18:23:32Z</time>
   </trkpt>
   <trkpt lat="69.5996000" lon="19.1216650">
    <ele>842.3</ele>
    <time>2026-06-03T18:23:33Z</time>
   </trkpt>
   <trkpt lat="69.5996000" lon="19.1216650">
    <ele>842.3</ele>
    <time>2026-06-03T18:23:34Z</time>
   </trkpt>
   <trkpt lat="69.5996000" lon="19.1216650">
    <ele>842.4</ele>
    <time>2026-06-03T18:23:35Z</time>
   </trkpt>
   <trkpt lat="69.5996030" lon="19.1217230">
    <ele>842.4</ele>
    <time>2026-06-03T18:23:36Z</time>
   </trkpt>
   <trkpt lat="69.5996030" lon="19.1217230">
    <ele>842.4</ele>
    <time>2026-06-03T18:23:37Z</time>
   </trkpt>
   <trkpt lat="69.5996030" lon="19.1217230">
    <ele>842.4</ele>
    <time>2026-06-03T18:23:38Z</time>
   </trkpt>
   <trkpt lat="69.5996030" lon="19.1217230">
    <ele>842.4</ele>
    <time>2026-06-03T18:23:39Z</time>
   </trkpt>
   <trkpt lat="69.5996020" lon="19.1217800">
    <ele>843.2</ele>
    <time>2026-06-03T18:23:40Z</time>
   </trkpt>
   <trkpt lat="69.5996020" lon="19.1217800">
    <ele>843.2</ele>
    <time>2026-06-03T18:23:41Z</time>
   </trkpt>
   <trkpt lat="69.5996020" lon="19.1217800">
    <ele>843.2</ele>
    <time>2026-06-03T18:23:42Z</time>
   </trkpt>
   <trkpt lat="69.5996020" lon="19.1217800">
    <ele>843.2</ele>
    <time>2026-06-03T18:23:43Z</time>
   </trkpt>
   <trkpt lat="69.5996090" lon="19.1218310">
    <ele>844.1</ele>
    <time>2026-06-03T18:23:44Z</time>
   </trkpt>
   <trkpt lat="69.5996090" lon="19.1218310">
    <ele>844.1</ele>
    <time>2026-06-03T18:23:45Z</time>
   </trkpt>
   <trkpt lat="69.5996090" lon="19.1218310">
    <ele>844.1</ele>
    <time>2026-06-03T18:23:46Z</time>
   </trkpt>
   <trkpt lat="69.5996090" lon="19.1218310">
    <ele>844.1</ele>
    <time>2026-06-03T18:23:47Z</time>
   </trkpt>
   <trkpt lat="69.5996090" lon="19.1218310">
    <ele>844.1</ele>
    <time>2026-06-03T18:23:48Z</time>
   </trkpt>
   <trkpt lat="69.5996190" lon="19.1218890">
    <ele>845.0</ele>
    <time>2026-06-03T18:23:49Z</time>
   </trkpt>
   <trkpt lat="69.5996190" lon="19.1218890">
    <ele>845.0</ele>
    <time>2026-06-03T18:23:50Z</time>
   </trkpt>
   <trkpt lat="69.5996190" lon="19.1218890">
    <ele>845.0</ele>
    <time>2026-06-03T18:23:51Z</time>
   </trkpt>
   <trkpt lat="69.5996190" lon="19.1218890">
    <ele>845.0</ele>
    <time>2026-06-03T18:23:52Z</time>
   </trkpt>
   <trkpt lat="69.5996190" lon="19.1218890">
    <ele>845.0</ele>
    <time>2026-06-03T18:23:53Z</time>
   </trkpt>
   <trkpt lat="69.5996190" lon="19.1218890">
    <ele>845.0</ele>
    <time>2026-06-03T18:23:54Z</time>
   </trkpt>
   <trkpt lat="69.5996190" lon="19.1218890">
    <ele>845.0</ele>
    <time>2026-06-03T18:23:55Z</time>
   </trkpt>
   <trkpt lat="69.5996190" lon="19.1218890">
    <ele>845.0</ele>
    <time>2026-06-03T18:23:56Z</time>
   </trkpt>
   <trkpt lat="69.5996190" lon="19.1218890">
    <ele>845.0</ele>
    <time>2026-06-03T18:23:57Z</time>
   </trkpt>
   <trkpt lat="69.5996190" lon="19.1218890">
    <ele>845.0</ele>
    <time>2026-06-03T18:23:58Z</time>
   </trkpt>
   <trkpt lat="69.5996190" lon="19.1218890">
    <ele>845.0</ele>
    <time>2026-06-03T18:23:59Z</time>
   </trkpt>
   <trkpt lat="69.5995950" lon="19.1218970">
    <ele>846.6</ele>
    <time>2026-06-03T18:24:00Z</time>
   </trkpt>
   <trkpt lat="69.5995950" lon="19.1218970">
    <ele>846.6</ele>
    <time>2026-06-03T18:24:01Z</time>
   </trkpt>
   <trkpt lat="69.5995950" lon="19.1218970">
    <ele>846.6</ele>
    <time>2026-06-03T18:24:02Z</time>
   </trkpt>
   <trkpt lat="69.5995950" lon="19.1218970">
    <ele>846.6</ele>
    <time>2026-06-03T18:24:03Z</time>
   </trkpt>
   <trkpt lat="69.5995770" lon="19.1218870">
    <ele>847.4</ele>
    <time>2026-06-03T18:24:04Z</time>
   </trkpt>
   <trkpt lat="69.5995770" lon="19.1218870">
    <ele>847.4</ele>
    <time>2026-06-03T18:24:05Z</time>
   </trkpt>
   <trkpt lat="69.5995770" lon="19.1218870">
    <ele>847.4</ele>
    <time>2026-06-03T18:24:06Z</time>
   </trkpt>
   <trkpt lat="69.5995770" lon="19.1218870">
    <ele>847.4</ele>
    <time>2026-06-03T18:24:07Z</time>
   </trkpt>
   <trkpt lat="69.5995770" lon="19.1218870">
    <ele>847.4</ele>
    <time>2026-06-03T18:24:08Z</time>
   </trkpt>
   <trkpt lat="69.5995560" lon="19.1218820">
    <ele>848.2</ele>
    <time>2026-06-03T18:24:09Z</time>
   </trkpt>
   <trkpt lat="69.5995560" lon="19.1218820">
    <ele>848.2</ele>
    <time>2026-06-03T18:24:10Z</time>
   </trkpt>
   <trkpt lat="69.5995560" lon="19.1218820">
    <ele>848.2</ele>
    <time>2026-06-03T18:24:11Z</time>
   </trkpt>
   <trkpt lat="69.5995560" lon="19.1218820">
    <ele>848.2</ele>
    <time>2026-06-03T18:24:12Z</time>
   </trkpt>
   <trkpt lat="69.5995350" lon="19.1218690">
    <ele>849.0</ele>
    <time>2026-06-03T18:24:13Z</time>
   </trkpt>
   <trkpt lat="69.5995350" lon="19.1218690">
    <ele>849.0</ele>
    <time>2026-06-03T18:24:14Z</time>
   </trkpt>
   <trkpt lat="69.5995350" lon="19.1218690">
    <ele>849.0</ele>
    <time>2026-06-03T18:24:15Z</time>
   </trkpt>
   <trkpt lat="69.5995350" lon="19.1218690">
    <ele>849.0</ele>
    <time>2026-06-03T18:24:16Z</time>
   </trkpt>
   <trkpt lat="69.5995170" lon="19.1218680">
    <ele>849.8</ele>
    <time>2026-06-03T18:24:17Z</time>
   </trkpt>
   <trkpt lat="69.5995170" lon="19.1218680">
    <ele>849.8</ele>
    <time>2026-06-03T18:24:18Z</time>
   </trkpt>
   <trkpt lat="69.5995170" lon="19.1218680">
    <ele>849.8</ele>
    <time>2026-06-03T18:24:19Z</time>
   </trkpt>
   <trkpt lat="69.5995170" lon="19.1218680">
    <ele>849.8</ele>
    <time>2026-06-03T18:24:20Z</time>
   </trkpt>
   <trkpt lat="69.5995000" lon="19.1218510">
    <ele>850.6</ele>
    <time>2026-06-03T18:24:21Z</time>
   </trkpt>
   <trkpt lat="69.5995000" lon="19.1218510">
    <ele>850.6</ele>
    <time>2026-06-03T18:24:22Z</time>
   </trkpt>
   <trkpt lat="69.5995000" lon="19.1218510">
    <ele>850.6</ele>
    <time>2026-06-03T18:24:23Z</time>
   </trkpt>
   <trkpt lat="69.5994790" lon="19.1218470">
    <ele>852.2</ele>
    <time>2026-06-03T18:24:24Z</time>
   </trkpt>
   <trkpt lat="69.5994790" lon="19.1218470">
    <ele>852.2</ele>
    <time>2026-06-03T18:24:25Z</time>
   </trkpt>
   <trkpt lat="69.5994790" lon="19.1218470">
    <ele>852.2</ele>
    <time>2026-06-03T18:24:26Z</time>
   </trkpt>
   <trkpt lat="69.5994790" lon="19.1218470">
    <ele>852.2</ele>
    <time>2026-06-03T18:24:27Z</time>
   </trkpt>
   <trkpt lat="69.5994790" lon="19.1218470">
    <ele>852.2</ele>
    <time>2026-06-03T18:24:28Z</time>
   </trkpt>
   <trkpt lat="69.5994590" lon="19.1218420">
    <ele>853.0</ele>
    <time>2026-06-03T18:24:29Z</time>
   </trkpt>
   <trkpt lat="69.5994590" lon="19.1218420">
    <ele>853.0</ele>
    <time>2026-06-03T18:24:30Z</time>
   </trkpt>
   <trkpt lat="69.5994590" lon="19.1218420">
    <ele>853.0</ele>
    <time>2026-06-03T18:24:31Z</time>
   </trkpt>
   <trkpt lat="69.5994590" lon="19.1218420">
    <ele>853.0</ele>
    <time>2026-06-03T18:24:32Z</time>
   </trkpt>
   <trkpt lat="69.5994420" lon="19.1218410">
    <ele>853.7</ele>
    <time>2026-06-03T18:24:33Z</time>
   </trkpt>
   <trkpt lat="69.5994420" lon="19.1218410">
    <ele>853.7</ele>
    <time>2026-06-03T18:24:34Z</time>
   </trkpt>
   <trkpt lat="69.5994420" lon="19.1218410">
    <ele>853.7</ele>
    <time>2026-06-03T18:24:35Z</time>
   </trkpt>
   <trkpt lat="69.5994420" lon="19.1218410">
    <ele>853.7</ele>
    <time>2026-06-03T18:24:36Z</time>
   </trkpt>
   <trkpt lat="69.5994420" lon="19.1218410">
    <ele>853.7</ele>
    <time>2026-06-03T18:24:37Z</time>
   </trkpt>
   <trkpt lat="69.5994420" lon="19.1218410">
    <ele>853.7</ele>
    <time>2026-06-03T18:24:38Z</time>
   </trkpt>
   <trkpt lat="69.5994420" lon="19.1218410">
    <ele>853.7</ele>
    <time>2026-06-03T18:24:39Z</time>
   </trkpt>
   <trkpt lat="69.5994420" lon="19.1218410">
    <ele>853.7</ele>
    <time>2026-06-03T18:24:40Z</time>
   </trkpt>
   <trkpt lat="69.5994420" lon="19.1218410">
    <ele>853.7</ele>
    <time>2026-06-03T18:24:41Z</time>
   </trkpt>
   <trkpt lat="69.5994420" lon="19.1218410">
    <ele>853.7</ele>
    <time>2026-06-03T18:24:42Z</time>
   </trkpt>
   <trkpt lat="69.5994260" lon="19.1218060">
    <ele>853.7</ele>
    <time>2026-06-03T18:24:43Z</time>
   </trkpt>
   <trkpt lat="69.5994260" lon="19.1218060">
    <ele>853.7</ele>
    <time>2026-06-03T18:24:44Z</time>
   </trkpt>
   <trkpt lat="69.5994260" lon="19.1218060">
    <ele>853.7</ele>
    <time>2026-06-03T18:24:45Z</time>
   </trkpt>
   <trkpt lat="69.5994260" lon="19.1218060">
    <ele>853.7</ele>
    <time>2026-06-03T18:24:46Z</time>
   </trkpt>
   <trkpt lat="69.5994040" lon="19.1217980">
    <ele>855.2</ele>
    <time>2026-06-03T18:24:47Z</time>
   </trkpt>
   <trkpt lat="69.5994040" lon="19.1217980">
    <ele>855.2</ele>
    <time>2026-06-03T18:24:48Z</time>
   </trkpt>
   <trkpt lat="69.5994040" lon="19.1217980">
    <ele>855.2</ele>
    <time>2026-06-03T18:24:49Z</time>
   </trkpt>
   <trkpt lat="69.5994040" lon="19.1217980">
    <ele>855.2</ele>
    <time>2026-06-03T18:24:50Z</time>
   </trkpt>
   <trkpt lat="69.5993860" lon="19.1217780">
    <ele>855.2</ele>
    <time>2026-06-03T18:24:51Z</time>
   </trkpt>
   <trkpt lat="69.5993860" lon="19.1217780">
    <ele>855.2</ele>
    <time>2026-06-03T18:24:52Z</time>
   </trkpt>
   <trkpt lat="69.5993860" lon="19.1217780">
    <ele>855.2</ele>
    <time>2026-06-03T18:24:53Z</time>
   </trkpt>
   <trkpt lat="69.5993860" lon="19.1217780">
    <ele>855.2</ele>
    <time>2026-06-03T18:24:54Z</time>
   </trkpt>
   <trkpt lat="69.5993860" lon="19.1217780">
    <ele>855.2</ele>
    <time>2026-06-03T18:24:55Z</time>
   </trkpt>
   <trkpt lat="69.5993630" lon="19.1217620">
    <ele>855.9</ele>
    <time>2026-06-03T18:24:56Z</time>
   </trkpt>
   <trkpt lat="69.5993630" lon="19.1217620">
    <ele>855.9</ele>
    <time>2026-06-03T18:24:57Z</time>
   </trkpt>
   <trkpt lat="69.5993630" lon="19.1217620">
    <ele>855.9</ele>
    <time>2026-06-03T18:24:58Z</time>
   </trkpt>
   <trkpt lat="69.5993630" lon="19.1217620">
    <ele>855.9</ele>
    <time>2026-06-03T18:24:59Z</time>
   </trkpt>
   <trkpt lat="69.5993630" lon="19.1217620">
    <ele>855.9</ele>
    <time>2026-06-03T18:25:00Z</time>
   </trkpt>
   <trkpt lat="69.5993460" lon="19.1217440">
    <ele>855.9</ele>
    <time>2026-06-03T18:25:01Z</time>
   </trkpt>
   <trkpt lat="69.5993460" lon="19.1217440">
    <ele>855.9</ele>
    <time>2026-06-03T18:25:02Z</time>
   </trkpt>
   <trkpt lat="69.5993460" lon="19.1217440">
    <ele>855.9</ele>
    <time>2026-06-03T18:25:03Z</time>
   </trkpt>
   <trkpt lat="69.5993460" lon="19.1217440">
    <ele>855.9</ele>
    <time>2026-06-03T18:25:04Z</time>
   </trkpt>
   <trkpt lat="69.5993280" lon="19.1217290">
    <ele>857.2</ele>
    <time>2026-06-03T18:25:05Z</time>
   </trkpt>
   <trkpt lat="69.5993280" lon="19.1217290">
    <ele>857.2</ele>
    <time>2026-06-03T18:25:06Z</time>
   </trkpt>
   <trkpt lat="69.5993280" lon="19.1217290">
    <ele>857.2</ele>
    <time>2026-06-03T18:25:07Z</time>
   </trkpt>
   <trkpt lat="69.5993280" lon="19.1217290">
    <ele>857.2</ele>
    <time>2026-06-03T18:25:08Z</time>
   </trkpt>
   <trkpt lat="69.5993050" lon="19.1217140">
    <ele>857.9</ele>
    <time>2026-06-03T18:25:09Z</time>
   </trkpt>
   <trkpt lat="69.5993050" lon="19.1217140">
    <ele>857.9</ele>
    <time>2026-06-03T18:25:10Z</time>
   </trkpt>
   <trkpt lat="69.5993050" lon="19.1217140">
    <ele>857.9</ele>
    <time>2026-06-03T18:25:11Z</time>
   </trkpt>
   <trkpt lat="69.5993050" lon="19.1217140">
    <ele>857.9</ele>
    <time>2026-06-03T18:25:12Z</time>
   </trkpt>
   <trkpt lat="69.5993050" lon="19.1217140">
    <ele>857.9</ele>
    <time>2026-06-03T18:25:13Z</time>
   </trkpt>
   <trkpt lat="69.5993050" lon="19.1217140">
    <ele>857.9</ele>
    <time>2026-06-03T18:25:14Z</time>
   </trkpt>
   <trkpt lat="69.5993050" lon="19.1217140">
    <ele>857.9</ele>
    <time>2026-06-03T18:25:15Z</time>
   </trkpt>
   <trkpt lat="69.5993050" lon="19.1217140">
    <ele>857.9</ele>
    <time>2026-06-03T18:25:16Z</time>
   </trkpt>
   <trkpt lat="69.5993050" lon="19.1217140">
    <ele>857.9</ele>
    <time>2026-06-03T18:25:17Z</time>
   </trkpt>
   <trkpt lat="69.5993050" lon="19.1217140">
    <ele>857.9</ele>
    <time>2026-06-03T18:25:18Z</time>
   </trkpt>
   <trkpt lat="69.5993050" lon="19.1217140">
    <ele>857.9</ele>
    <time>2026-06-03T18:25:19Z</time>
   </trkpt>
   <trkpt lat="69.5992870" lon="19.1217030">
    <ele>857.8</ele>
    <time>2026-06-03T18:25:20Z</time>
   </trkpt>
   <trkpt lat="69.5992870" lon="19.1217030">
    <ele>857.8</ele>
    <time>2026-06-03T18:25:21Z</time>
   </trkpt>
   <trkpt lat="69.5992870" lon="19.1217030">
    <ele>857.8</ele>
    <time>2026-06-03T18:25:22Z</time>
   </trkpt>
   <trkpt lat="69.5992870" lon="19.1217030">
    <ele>857.8</ele>
    <time>2026-06-03T18:25:23Z</time>
   </trkpt>
   <trkpt lat="69.5992870" lon="19.1217030">
    <ele>857.8</ele>
    <time>2026-06-03T18:25:24Z</time>
   </trkpt>
   <trkpt lat="69.5992870" lon="19.1217030">
    <ele>857.8</ele>
    <time>2026-06-03T18:25:25Z</time>
   </trkpt>
   <trkpt lat="69.5992670" lon="19.1216780">
    <ele>859.1</ele>
    <time>2026-06-03T18:25:26Z</time>
   </trkpt>
   <trkpt lat="69.5992670" lon="19.1216780">
    <ele>859.1</ele>
    <time>2026-06-03T18:25:27Z</time>
   </trkpt>
   <trkpt lat="69.5992670" lon="19.1216780">
    <ele>859.1</ele>
    <time>2026-06-03T18:25:28Z</time>
   </trkpt>
   <trkpt lat="69.5992670" lon="19.1216780">
    <ele>859.1</ele>
    <time>2026-06-03T18:25:29Z</time>
   </trkpt>
   <trkpt lat="69.5992430" lon="19.1216570">
    <ele>859.0</ele>
    <time>2026-06-03T18:25:30Z</time>
   </trkpt>
   <trkpt lat="69.5992430" lon="19.1216570">
    <ele>859.0</ele>
    <time>2026-06-03T18:25:31Z</time>
   </trkpt>
   <trkpt lat="69.5992430" lon="19.1216570">
    <ele>859.0</ele>
    <time>2026-06-03T18:25:32Z</time>
   </trkpt>
   <trkpt lat="69.5992230" lon="19.1216440">
    <ele>860.3</ele>
    <time>2026-06-03T18:25:33Z</time>
   </trkpt>
   <trkpt lat="69.5992230" lon="19.1216440">
    <ele>860.3</ele>
    <time>2026-06-03T18:25:34Z</time>
   </trkpt>
   <trkpt lat="69.5992230" lon="19.1216440">
    <ele>860.3</ele>
    <time>2026-06-03T18:25:35Z</time>
   </trkpt>
   <trkpt lat="69.5992230" lon="19.1216440">
    <ele>860.3</ele>
    <time>2026-06-03T18:25:36Z</time>
   </trkpt>
   <trkpt lat="69.5992020" lon="19.1216400">
    <ele>861.0</ele>
    <time>2026-06-03T18:25:37Z</time>
   </trkpt>
   <trkpt lat="69.5992020" lon="19.1216400">
    <ele>861.0</ele>
    <time>2026-06-03T18:25:38Z</time>
   </trkpt>
   <trkpt lat="69.5992020" lon="19.1216400">
    <ele>861.0</ele>
    <time>2026-06-03T18:25:39Z</time>
   </trkpt>
   <trkpt lat="69.5991840" lon="19.1216290">
    <ele>861.7</ele>
    <time>2026-06-03T18:25:40Z</time>
   </trkpt>
   <trkpt lat="69.5991840" lon="19.1216290">
    <ele>861.7</ele>
    <time>2026-06-03T18:25:41Z</time>
   </trkpt>
   <trkpt lat="69.5991840" lon="19.1216290">
    <ele>861.7</ele>
    <time>2026-06-03T18:25:42Z</time>
   </trkpt>
   <trkpt lat="69.5991840" lon="19.1216290">
    <ele>861.7</ele>
    <time>2026-06-03T18:25:43Z</time>
   </trkpt>
   <trkpt lat="69.5991840" lon="19.1216290">
    <ele>861.7</ele>
    <time>2026-06-03T18:25:44Z</time>
   </trkpt>
   <trkpt lat="69.5991630" lon="19.1216110">
    <ele>862.3</ele>
    <time>2026-06-03T18:25:45Z</time>
   </trkpt>
   <trkpt lat="69.5991630" lon="19.1216110">
    <ele>862.3</ele>
    <time>2026-06-03T18:25:46Z</time>
   </trkpt>
   <trkpt lat="69.5991630" lon="19.1216110">
    <ele>862.3</ele>
    <time>2026-06-03T18:25:47Z</time>
   </trkpt>
   <trkpt lat="69.5991630" lon="19.1216110">
    <ele>862.3</ele>
    <time>2026-06-03T18:25:48Z</time>
   </trkpt>
   <trkpt lat="69.5991630" lon="19.1216110">
    <ele>862.3</ele>
    <time>2026-06-03T18:25:49Z</time>
   </trkpt>
   <trkpt lat="69.5991630" lon="19.1216110">
    <ele>862.3</ele>
    <time>2026-06-03T18:25:50Z</time>
   </trkpt>
   <trkpt lat="69.5991630" lon="19.1216110">
    <ele>862.3</ele>
    <time>2026-06-03T18:25:51Z</time>
   </trkpt>
   <trkpt lat="69.5991630" lon="19.1216110">
    <ele>862.3</ele>
    <time>2026-06-03T18:25:52Z</time>
   </trkpt>
   <trkpt lat="69.5991450" lon="19.1215960">
    <ele>863.0</ele>
    <time>2026-06-03T18:25:53Z</time>
   </trkpt>
   <trkpt lat="69.5991450" lon="19.1215960">
    <ele>863.0</ele>
    <time>2026-06-03T18:25:54Z</time>
   </trkpt>
   <trkpt lat="69.5991450" lon="19.1215960">
    <ele>863.0</ele>
    <time>2026-06-03T18:25:55Z</time>
   </trkpt>
   <trkpt lat="69.5991450" lon="19.1215960">
    <ele>863.0</ele>
    <time>2026-06-03T18:25:56Z</time>
   </trkpt>
   <trkpt lat="69.5991450" lon="19.1215960">
    <ele>863.0</ele>
    <time>2026-06-03T18:25:57Z</time>
   </trkpt>
   <trkpt lat="69.5991240" lon="19.1215830">
    <ele>863.7</ele>
    <time>2026-06-03T18:25:58Z</time>
   </trkpt>
   <trkpt lat="69.5991240" lon="19.1215830">
    <ele>863.7</ele>
    <time>2026-06-03T18:25:59Z</time>
   </trkpt>
   <trkpt lat="69.5991240" lon="19.1215830">
    <ele>863.7</ele>
    <time>2026-06-03T18:26:00Z</time>
   </trkpt>
   <trkpt lat="69.5991240" lon="19.1215830">
    <ele>863.7</ele>
    <time>2026-06-03T18:26:01Z</time>
   </trkpt>
   <trkpt lat="69.5991010" lon="19.1215750">
    <ele>864.2</ele>
    <time>2026-06-03T18:26:02Z</time>
   </trkpt>
   <trkpt lat="69.5991010" lon="19.1215750">
    <ele>864.2</ele>
    <time>2026-06-03T18:26:03Z</time>
   </trkpt>
   <trkpt lat="69.5991010" lon="19.1215750">
    <ele>864.2</ele>
    <time>2026-06-03T18:26:04Z</time>
   </trkpt>
   <trkpt lat="69.5991010" lon="19.1215750">
    <ele>864.2</ele>
    <time>2026-06-03T18:26:05Z</time>
   </trkpt>
   <trkpt lat="69.5990790" lon="19.1215730">
    <ele>864.9</ele>
    <time>2026-06-03T18:26:06Z</time>
   </trkpt>
   <trkpt lat="69.5990790" lon="19.1215730">
    <ele>864.9</ele>
    <time>2026-06-03T18:26:07Z</time>
   </trkpt>
   <trkpt lat="69.5990790" lon="19.1215730">
    <ele>864.9</ele>
    <time>2026-06-03T18:26:08Z</time>
   </trkpt>
   <trkpt lat="69.5990790" lon="19.1215730">
    <ele>864.9</ele>
    <time>2026-06-03T18:26:09Z</time>
   </trkpt>
   <trkpt lat="69.5990600" lon="19.1215730">
    <ele>866.1</ele>
    <time>2026-06-03T18:26:10Z</time>
   </trkpt>
   <trkpt lat="69.5990600" lon="19.1215730">
    <ele>866.2</ele>
    <time>2026-06-03T18:26:11Z</time>
   </trkpt>
   <trkpt lat="69.5990600" lon="19.1215730">
    <ele>866.2</ele>
    <time>2026-06-03T18:26:12Z</time>
   </trkpt>
   <trkpt lat="69.5990600" lon="19.1215730">
    <ele>866.2</ele>
    <time>2026-06-03T18:26:13Z</time>
   </trkpt>
   <trkpt lat="69.5990380" lon="19.1215690">
    <ele>866.7</ele>
    <time>2026-06-03T18:26:14Z</time>
   </trkpt>
   <trkpt lat="69.5990380" lon="19.1215690">
    <ele>866.7</ele>
    <time>2026-06-03T18:26:15Z</time>
   </trkpt>
   <trkpt lat="69.5990380" lon="19.1215690">
    <ele>866.7</ele>
    <time>2026-06-03T18:26:16Z</time>
   </trkpt>
   <trkpt lat="69.5990380" lon="19.1215690">
    <ele>866.8</ele>
    <time>2026-06-03T18:26:17Z</time>
   </trkpt>
   <trkpt lat="69.5990380" lon="19.1215690">
    <ele>866.8</ele>
    <time>2026-06-03T18:26:18Z</time>
   </trkpt>
   <trkpt lat="69.5990200" lon="19.1215540">
    <ele>867.3</ele>
    <time>2026-06-03T18:26:19Z</time>
   </trkpt>
   <trkpt lat="69.5990200" lon="19.1215540">
    <ele>867.3</ele>
    <time>2026-06-03T18:26:20Z</time>
   </trkpt>
   <trkpt lat="69.5990200" lon="19.1215540">
    <ele>867.3</ele>
    <time>2026-06-03T18:26:21Z</time>
   </trkpt>
   <trkpt lat="69.5990200" lon="19.1215540">
    <ele>867.3</ele>
    <time>2026-06-03T18:26:22Z</time>
   </trkpt>
   <trkpt lat="69.5990200" lon="19.1215540">
    <ele>867.3</ele>
    <time>2026-06-03T18:26:23Z</time>
   </trkpt>
   <trkpt lat="69.5989990" lon="19.1215420">
    <ele>868.4</ele>
    <time>2026-06-03T18:26:24Z</time>
   </trkpt>
   <trkpt lat="69.5989990" lon="19.1215420">
    <ele>868.4</ele>
    <time>2026-06-03T18:26:25Z</time>
   </trkpt>
   <trkpt lat="69.5989990" lon="19.1215420">
    <ele>868.4</ele>
    <time>2026-06-03T18:26:26Z</time>
   </trkpt>
   <trkpt lat="69.5989990" lon="19.1215420">
    <ele>868.4</ele>
    <time>2026-06-03T18:26:27Z</time>
   </trkpt>
   <trkpt lat="69.5989790" lon="19.1215400">
    <ele>869.0</ele>
    <time>2026-06-03T18:26:28Z</time>
   </trkpt>
   <trkpt lat="69.5989790" lon="19.1215400">
    <ele>869.0</ele>
    <time>2026-06-03T18:26:29Z</time>
   </trkpt>
   <trkpt lat="69.5989790" lon="19.1215400">
    <ele>869.0</ele>
    <time>2026-06-03T18:26:30Z</time>
   </trkpt>
   <trkpt lat="69.5989790" lon="19.1215400">
    <ele>869.0</ele>
    <time>2026-06-03T18:26:31Z</time>
   </trkpt>
   <trkpt lat="69.5989790" lon="19.1215400">
    <ele>869.0</ele>
    <time>2026-06-03T18:26:32Z</time>
   </trkpt>
   <trkpt lat="69.5989790" lon="19.1215400">
    <ele>869.0</ele>
    <time>2026-06-03T18:26:33Z</time>
   </trkpt>
   <trkpt lat="69.5989580" lon="19.1215590">
    <ele>869.5</ele>
    <time>2026-06-03T18:26:34Z</time>
   </trkpt>
   <trkpt lat="69.5989580" lon="19.1215590">
    <ele>869.5</ele>
    <time>2026-06-03T18:26:35Z</time>
   </trkpt>
   <trkpt lat="69.5989580" lon="19.1215590">
    <ele>869.5</ele>
    <time>2026-06-03T18:26:36Z</time>
   </trkpt>
   <trkpt lat="69.5989580" lon="19.1215590">
    <ele>869.5</ele>
    <time>2026-06-03T18:26:37Z</time>
   </trkpt>
   <trkpt lat="69.5989580" lon="19.1215590">
    <ele>869.5</ele>
    <time>2026-06-03T18:26:38Z</time>
   </trkpt>
   <trkpt lat="69.5989360" lon="19.1215680">
    <ele>870.5</ele>
    <time>2026-06-03T18:26:39Z</time>
   </trkpt>
   <trkpt lat="69.5989360" lon="19.1215680">
    <ele>870.5</ele>
    <time>2026-06-03T18:26:40Z</time>
   </trkpt>
   <trkpt lat="69.5989360" lon="19.1215680">
    <ele>870.5</ele>
    <time>2026-06-03T18:26:41Z</time>
   </trkpt>
   <trkpt lat="69.5989160" lon="19.1215750">
    <ele>871.0</ele>
    <time>2026-06-03T18:26:42Z</time>
   </trkpt>
   <trkpt lat="69.5989160" lon="19.1215750">
    <ele>871.0</ele>
    <time>2026-06-03T18:26:43Z</time>
   </trkpt>
   <trkpt lat="69.5989160" lon="19.1215750">
    <ele>871.0</ele>
    <time>2026-06-03T18:26:44Z</time>
   </trkpt>
   <trkpt lat="69.5989160" lon="19.1215750">
    <ele>871.0</ele>
    <time>2026-06-03T18:26:45Z</time>
   </trkpt>
   <trkpt lat="69.5989160" lon="19.1215750">
    <ele>871.0</ele>
    <time>2026-06-03T18:26:46Z</time>
   </trkpt>
   <trkpt lat="69.5988950" lon="19.1215620">
    <ele>872.0</ele>
    <time>2026-06-03T18:26:47Z</time>
   </trkpt>
   <trkpt lat="69.5988950" lon="19.1215620">
    <ele>872.0</ele>
    <time>2026-06-03T18:26:48Z</time>
   </trkpt>
   <trkpt lat="69.5988950" lon="19.1215620">
    <ele>872.0</ele>
    <time>2026-06-03T18:26:49Z</time>
   </trkpt>
   <trkpt lat="69.5988950" lon="19.1215620">
    <ele>872.0</ele>
    <time>2026-06-03T18:26:50Z</time>
   </trkpt>
   <trkpt lat="69.5988950" lon="19.1215620">
    <ele>872.0</ele>
    <time>2026-06-03T18:26:51Z</time>
   </trkpt>
   <trkpt lat="69.5988950" lon="19.1215620">
    <ele>872.0</ele>
    <time>2026-06-03T18:26:52Z</time>
   </trkpt>
   <trkpt lat="69.5988720" lon="19.1215640">
    <ele>872.4</ele>
    <time>2026-06-03T18:26:53Z</time>
   </trkpt>
   <trkpt lat="69.5988720" lon="19.1215640">
    <ele>872.4</ele>
    <time>2026-06-03T18:26:54Z</time>
   </trkpt>
   <trkpt lat="69.5988720" lon="19.1215640">
    <ele>872.4</ele>
    <time>2026-06-03T18:26:55Z</time>
   </trkpt>
   <trkpt lat="69.5988720" lon="19.1215640">
    <ele>872.4</ele>
    <time>2026-06-03T18:26:56Z</time>
   </trkpt>
   <trkpt lat="69.5988720" lon="19.1215640">
    <ele>872.4</ele>
    <time>2026-06-03T18:26:57Z</time>
   </trkpt>
   <trkpt lat="69.5988720" lon="19.1215640">
    <ele>872.4</ele>
    <time>2026-06-03T18:26:58Z</time>
   </trkpt>
   <trkpt lat="69.5988720" lon="19.1215640">
    <ele>872.4</ele>
    <time>2026-06-03T18:26:59Z</time>
   </trkpt>
   <trkpt lat="69.5988720" lon="19.1215640">
    <ele>872.4</ele>
    <time>2026-06-03T18:27:00Z</time>
   </trkpt>
   <trkpt lat="69.5988720" lon="19.1215640">
    <ele>872.4</ele>
    <time>2026-06-03T18:27:01Z</time>
   </trkpt>
   <trkpt lat="69.5988720" lon="19.1215640">
    <ele>872.4</ele>
    <time>2026-06-03T18:27:02Z</time>
   </trkpt>
   <trkpt lat="69.5988720" lon="19.1215640">
    <ele>872.4</ele>
    <time>2026-06-03T18:27:03Z</time>
   </trkpt>
   <trkpt lat="69.5988720" lon="19.1215640">
    <ele>872.4</ele>
    <time>2026-06-03T18:27:04Z</time>
   </trkpt>
   <trkpt lat="69.5988560" lon="19.1215880">
    <ele>873.6</ele>
    <time>2026-06-03T18:27:05Z</time>
   </trkpt>
   <trkpt lat="69.5988560" lon="19.1215880">
    <ele>873.6</ele>
    <time>2026-06-03T18:27:06Z</time>
   </trkpt>
   <trkpt lat="69.5988560" lon="19.1215880">
    <ele>873.6</ele>
    <time>2026-06-03T18:27:07Z</time>
   </trkpt>
   <trkpt lat="69.5988560" lon="19.1215880">
    <ele>873.6</ele>
    <time>2026-06-03T18:27:08Z</time>
   </trkpt>
   <trkpt lat="69.5988610" lon="19.1216470">
    <ele>874.3</ele>
    <time>2026-06-03T18:27:09Z</time>
   </trkpt>
   <trkpt lat="69.5988610" lon="19.1216470">
    <ele>874.3</ele>
    <time>2026-06-03T18:27:10Z</time>
   </trkpt>
   <trkpt lat="69.5988610" lon="19.1216470">
    <ele>874.3</ele>
    <time>2026-06-03T18:27:11Z</time>
   </trkpt>
   <trkpt lat="69.5988610" lon="19.1216470">
    <ele>874.3</ele>
    <time>2026-06-03T18:27:12Z</time>
   </trkpt>
   <trkpt lat="69.5988690" lon="19.1217070">
    <ele>875.2</ele>
    <time>2026-06-03T18:27:13Z</time>
   </trkpt>
   <trkpt lat="69.5988690" lon="19.1217070">
    <ele>875.2</ele>
    <time>2026-06-03T18:27:14Z</time>
   </trkpt>
   <trkpt lat="69.5988690" lon="19.1217070">
    <ele>875.2</ele>
    <time>2026-06-03T18:27:15Z</time>
   </trkpt>
   <trkpt lat="69.5988690" lon="19.1217070">
    <ele>875.2</ele>
    <time>2026-06-03T18:27:16Z</time>
   </trkpt>
   <trkpt lat="69.5988750" lon="19.1217600">
    <ele>875.9</ele>
    <time>2026-06-03T18:27:17Z</time>
   </trkpt>
   <trkpt lat="69.5988750" lon="19.1217600">
    <ele>875.9</ele>
    <time>2026-06-03T18:27:18Z</time>
   </trkpt>
   <trkpt lat="69.5988750" lon="19.1217600">
    <ele>875.9</ele>
    <time>2026-06-03T18:27:19Z</time>
   </trkpt>
   <trkpt lat="69.5988750" lon="19.1217600">
    <ele>875.9</ele>
    <time>2026-06-03T18:27:20Z</time>
   </trkpt>
   <trkpt lat="69.5988830" lon="19.1218080">
    <ele>876.2</ele>
    <time>2026-06-03T18:27:21Z</time>
   </trkpt>
   <trkpt lat="69.5988830" lon="19.1218080">
    <ele>876.2</ele>
    <time>2026-06-03T18:27:22Z</time>
   </trkpt>
   <trkpt lat="69.5988830" lon="19.1218080">
    <ele>876.2</ele>
    <time>2026-06-03T18:27:23Z</time>
   </trkpt>
   <trkpt lat="69.5988830" lon="19.1218080">
    <ele>876.2</ele>
    <time>2026-06-03T18:27:24Z</time>
   </trkpt>
   <trkpt lat="69.5988910" lon="19.1218590">
    <ele>876.9</ele>
    <time>2026-06-03T18:27:25Z</time>
   </trkpt>
   <trkpt lat="69.5988910" lon="19.1218590">
    <ele>876.9</ele>
    <time>2026-06-03T18:27:26Z</time>
   </trkpt>
   <trkpt lat="69.5988910" lon="19.1218590">
    <ele>876.9</ele>
    <time>2026-06-03T18:27:27Z</time>
   </trkpt>
   <trkpt lat="69.5988910" lon="19.1218590">
    <ele>876.9</ele>
    <time>2026-06-03T18:27:28Z</time>
   </trkpt>
   <trkpt lat="69.5988910" lon="19.1218590">
    <ele>876.9</ele>
    <time>2026-06-03T18:27:29Z</time>
   </trkpt>
   <trkpt lat="69.5989010" lon="19.1219140">
    <ele>877.2</ele>
    <time>2026-06-03T18:27:30Z</time>
   </trkpt>
   <trkpt lat="69.5989010" lon="19.1219140">
    <ele>877.2</ele>
    <time>2026-06-03T18:27:31Z</time>
   </trkpt>
   <trkpt lat="69.5989010" lon="19.1219140">
    <ele>877.2</ele>
    <time>2026-06-03T18:27:32Z</time>
   </trkpt>
   <trkpt lat="69.5989010" lon="19.1219140">
    <ele>877.2</ele>
    <time>2026-06-03T18:27:33Z</time>
   </trkpt>
   <trkpt lat="69.5989060" lon="19.1219700">
    <ele>878.6</ele>
    <time>2026-06-03T18:27:34Z</time>
   </trkpt>
   <trkpt lat="69.5989060" lon="19.1219700">
    <ele>878.6</ele>
    <time>2026-06-03T18:27:35Z</time>
   </trkpt>
   <trkpt lat="69.5989060" lon="19.1219700">
    <ele>878.6</ele>
    <time>2026-06-03T18:27:36Z</time>
   </trkpt>
   <trkpt lat="69.5989060" lon="19.1219700">
    <ele>878.6</ele>
    <time>2026-06-03T18:27:37Z</time>
   </trkpt>
   <trkpt lat="69.5989130" lon="19.1220260">
    <ele>878.9</ele>
    <time>2026-06-03T18:27:38Z</time>
   </trkpt>
   <trkpt lat="69.5989130" lon="19.1220260">
    <ele>878.9</ele>
    <time>2026-06-03T18:27:39Z</time>
   </trkpt>
   <trkpt lat="69.5989130" lon="19.1220260">
    <ele>878.9</ele>
    <time>2026-06-03T18:27:40Z</time>
   </trkpt>
   <trkpt lat="69.5989130" lon="19.1220260">
    <ele>878.9</ele>
    <time>2026-06-03T18:27:41Z</time>
   </trkpt>
   <trkpt lat="69.5989130" lon="19.1220260">
    <ele>878.9</ele>
    <time>2026-06-03T18:27:42Z</time>
   </trkpt>
   <trkpt lat="69.5989130" lon="19.1220260">
    <ele>878.9</ele>
    <time>2026-06-03T18:27:43Z</time>
   </trkpt>
   <trkpt lat="69.5989130" lon="19.1220260">
    <ele>878.9</ele>
    <time>2026-06-03T18:27:44Z</time>
   </trkpt>
   <trkpt lat="69.5989130" lon="19.1220260">
    <ele>878.9</ele>
    <time>2026-06-03T18:27:45Z</time>
   </trkpt>
   <trkpt lat="69.5989130" lon="19.1220260">
    <ele>878.9</ele>
    <time>2026-06-03T18:27:46Z</time>
   </trkpt>
   <trkpt lat="69.5989170" lon="19.1220860">
    <ele>879.6</ele>
    <time>2026-06-03T18:27:47Z</time>
   </trkpt>
   <trkpt lat="69.5989170" lon="19.1220860">
    <ele>879.6</ele>
    <time>2026-06-03T18:27:48Z</time>
   </trkpt>
   <trkpt lat="69.5989170" lon="19.1220860">
    <ele>879.6</ele>
    <time>2026-06-03T18:27:49Z</time>
   </trkpt>
   <trkpt lat="69.5989170" lon="19.1220860">
    <ele>879.6</ele>
    <time>2026-06-03T18:27:50Z</time>
   </trkpt>
   <trkpt lat="69.5989190" lon="19.1221480">
    <ele>880.9</ele>
    <time>2026-06-03T18:27:51Z</time>
   </trkpt>
   <trkpt lat="69.5989190" lon="19.1221480">
    <ele>880.9</ele>
    <time>2026-06-03T18:27:52Z</time>
   </trkpt>
   <trkpt lat="69.5989190" lon="19.1221480">
    <ele>880.9</ele>
    <time>2026-06-03T18:27:53Z</time>
   </trkpt>
   <trkpt lat="69.5989190" lon="19.1221480">
    <ele>880.9</ele>
    <time>2026-06-03T18:27:54Z</time>
   </trkpt>
   <trkpt lat="69.5989260" lon="19.1222070">
    <ele>881.6</ele>
    <time>2026-06-03T18:27:55Z</time>
   </trkpt>
   <trkpt lat="69.5989260" lon="19.1222070">
    <ele>881.6</ele>
    <time>2026-06-03T18:27:56Z</time>
   </trkpt>
   <trkpt lat="69.5989260" lon="19.1222070">
    <ele>881.6</ele>
    <time>2026-06-03T18:27:57Z</time>
   </trkpt>
   <trkpt lat="69.5989260" lon="19.1222070">
    <ele>881.6</ele>
    <time>2026-06-03T18:27:58Z</time>
   </trkpt>
   <trkpt lat="69.5989330" lon="19.1222620">
    <ele>881.9</ele>
    <time>2026-06-03T18:27:59Z</time>
   </trkpt>
   <trkpt lat="69.5989330" lon="19.1222620">
    <ele>881.9</ele>
    <time>2026-06-03T18:28:00Z</time>
   </trkpt>
   <trkpt lat="69.5989330" lon="19.1222620">
    <ele>881.9</ele>
    <time>2026-06-03T18:28:01Z</time>
   </trkpt>
   <trkpt lat="69.5989330" lon="19.1222620">
    <ele>881.9</ele>
    <time>2026-06-03T18:28:02Z</time>
   </trkpt>
   <trkpt lat="69.5989410" lon="19.1223150">
    <ele>883.3</ele>
    <time>2026-06-03T18:28:03Z</time>
   </trkpt>
   <trkpt lat="69.5989410" lon="19.1223150">
    <ele>883.3</ele>
    <time>2026-06-03T18:28:04Z</time>
   </trkpt>
   <trkpt lat="69.5989410" lon="19.1223150">
    <ele>883.3</ele>
    <time>2026-06-03T18:28:05Z</time>
   </trkpt>
   <trkpt lat="69.5989410" lon="19.1223150">
    <ele>883.3</ele>
    <time>2026-06-03T18:28:06Z</time>
   </trkpt>
   <trkpt lat="69.5989410" lon="19.1223150">
    <ele>883.3</ele>
    <time>2026-06-03T18:28:07Z</time>
   </trkpt>
   <trkpt lat="69.5989430" lon="19.1223780">
    <ele>883.5</ele>
    <time>2026-06-03T18:28:08Z</time>
   </trkpt>
   <trkpt lat="69.5989430" lon="19.1223780">
    <ele>883.5</ele>
    <time>2026-06-03T18:28:09Z</time>
   </trkpt>
   <trkpt lat="69.5989430" lon="19.1223780">
    <ele>883.5</ele>
    <time>2026-06-03T18:28:10Z</time>
   </trkpt>
   <trkpt lat="69.5989430" lon="19.1223780">
    <ele>883.5</ele>
    <time>2026-06-03T18:28:11Z</time>
   </trkpt>
   <trkpt lat="69.5989470" lon="19.1224370">
    <ele>884.9</ele>
    <time>2026-06-03T18:28:12Z</time>
   </trkpt>
   <trkpt lat="69.5989470" lon="19.1224370">
    <ele>884.9</ele>
    <time>2026-06-03T18:28:13Z</time>
   </trkpt>
   <trkpt lat="69.5989470" lon="19.1224370">
    <ele>884.9</ele>
    <time>2026-06-03T18:28:14Z</time>
   </trkpt>
   <trkpt lat="69.5989470" lon="19.1224370">
    <ele>884.9</ele>
    <time>2026-06-03T18:28:15Z</time>
   </trkpt>
   <trkpt lat="69.5989470" lon="19.1224370">
    <ele>884.9</ele>
    <time>2026-06-03T18:28:16Z</time>
   </trkpt>
   <trkpt lat="69.5989590" lon="19.1224910">
    <ele>885.1</ele>
    <time>2026-06-03T18:28:17Z</time>
   </trkpt>
   <trkpt lat="69.5989590" lon="19.1224910">
    <ele>885.1</ele>
    <time>2026-06-03T18:28:18Z</time>
   </trkpt>
   <trkpt lat="69.5989590" lon="19.1224910">
    <ele>885.1</ele>
    <time>2026-06-03T18:28:19Z</time>
   </trkpt>
   <trkpt lat="69.5989590" lon="19.1224910">
    <ele>885.1</ele>
    <time>2026-06-03T18:28:20Z</time>
   </trkpt>
   <trkpt lat="69.5989590" lon="19.1224910">
    <ele>885.1</ele>
    <time>2026-06-03T18:28:21Z</time>
   </trkpt>
   <trkpt lat="69.5989640" lon="19.1225450">
    <ele>885.8</ele>
    <time>2026-06-03T18:28:22Z</time>
   </trkpt>
   <trkpt lat="69.5989640" lon="19.1225450">
    <ele>885.8</ele>
    <time>2026-06-03T18:28:23Z</time>
   </trkpt>
   <trkpt lat="69.5989640" lon="19.1225450">
    <ele>885.8</ele>
    <time>2026-06-03T18:28:24Z</time>
   </trkpt>
   <trkpt lat="69.5989640" lon="19.1225450">
    <ele>885.8</ele>
    <time>2026-06-03T18:28:25Z</time>
   </trkpt>
   <trkpt lat="69.5989690" lon="19.1226000">
    <ele>886.5</ele>
    <time>2026-06-03T18:28:26Z</time>
   </trkpt>
   <trkpt lat="69.5989690" lon="19.1226000">
    <ele>886.5</ele>
    <time>2026-06-03T18:28:27Z</time>
   </trkpt>
   <trkpt lat="69.5989690" lon="19.1226000">
    <ele>886.5</ele>
    <time>2026-06-03T18:28:28Z</time>
   </trkpt>
   <trkpt lat="69.5989690" lon="19.1226000">
    <ele>886.5</ele>
    <time>2026-06-03T18:28:29Z</time>
   </trkpt>
   <trkpt lat="69.5989730" lon="19.1226580">
    <ele>887.5</ele>
    <time>2026-06-03T18:28:30Z</time>
   </trkpt>
   <trkpt lat="69.5989730" lon="19.1226580">
    <ele>887.5</ele>
    <time>2026-06-03T18:28:31Z</time>
   </trkpt>
   <trkpt lat="69.5989730" lon="19.1226580">
    <ele>887.5</ele>
    <time>2026-06-03T18:28:32Z</time>
   </trkpt>
   <trkpt lat="69.5989730" lon="19.1226580">
    <ele>887.5</ele>
    <time>2026-06-03T18:28:33Z</time>
   </trkpt>
   <trkpt lat="69.5989730" lon="19.1226580">
    <ele>887.5</ele>
    <time>2026-06-03T18:28:34Z</time>
   </trkpt>
   <trkpt lat="69.5989770" lon="19.1227170">
    <ele>888.2</ele>
    <time>2026-06-03T18:28:35Z</time>
   </trkpt>
   <trkpt lat="69.5989770" lon="19.1227170">
    <ele>888.2</ele>
    <time>2026-06-03T18:28:36Z</time>
   </trkpt>
   <trkpt lat="69.5989770" lon="19.1227170">
    <ele>888.2</ele>
    <time>2026-06-03T18:28:37Z</time>
   </trkpt>
   <trkpt lat="69.5989770" lon="19.1227170">
    <ele>888.2</ele>
    <time>2026-06-03T18:28:38Z</time>
   </trkpt>
   <trkpt lat="69.5989820" lon="19.1227720">
    <ele>888.9</ele>
    <time>2026-06-03T18:28:39Z</time>
   </trkpt>
   <trkpt lat="69.5989820" lon="19.1227720">
    <ele>888.9</ele>
    <time>2026-06-03T18:28:40Z</time>
   </trkpt>
   <trkpt lat="69.5989820" lon="19.1227720">
    <ele>888.9</ele>
    <time>2026-06-03T18:28:41Z</time>
   </trkpt>
   <trkpt lat="69.5989820" lon="19.1227720">
    <ele>888.9</ele>
    <time>2026-06-03T18:28:42Z</time>
   </trkpt>
   <trkpt lat="69.5989850" lon="19.1228300">
    <ele>890.3</ele>
    <time>2026-06-03T18:28:43Z</time>
   </trkpt>
   <trkpt lat="69.5989850" lon="19.1228300">
    <ele>890.3</ele>
    <time>2026-06-03T18:28:44Z</time>
   </trkpt>
   <trkpt lat="69.5989850" lon="19.1228300">
    <ele>890.3</ele>
    <time>2026-06-03T18:28:45Z</time>
   </trkpt>
   <trkpt lat="69.5989850" lon="19.1228300">
    <ele>890.3</ele>
    <time>2026-06-03T18:28:46Z</time>
   </trkpt>
   <trkpt lat="69.5989910" lon="19.1228870">
    <ele>890.6</ele>
    <time>2026-06-03T18:28:47Z</time>
   </trkpt>
   <trkpt lat="69.5989910" lon="19.1228870">
    <ele>890.6</ele>
    <time>2026-06-03T18:28:48Z</time>
   </trkpt>
   <trkpt lat="69.5989910" lon="19.1228870">
    <ele>890.6</ele>
    <time>2026-06-03T18:28:49Z</time>
   </trkpt>
   <trkpt lat="69.5989910" lon="19.1228870">
    <ele>890.6</ele>
    <time>2026-06-03T18:28:50Z</time>
   </trkpt>
   <trkpt lat="69.5989910" lon="19.1228870">
    <ele>890.6</ele>
    <time>2026-06-03T18:28:51Z</time>
   </trkpt>
   <trkpt lat="69.5989980" lon="19.1229370">
    <ele>891.3</ele>
    <time>2026-06-03T18:28:52Z</time>
   </trkpt>
   <trkpt lat="69.5989980" lon="19.1229370">
    <ele>891.3</ele>
    <time>2026-06-03T18:28:53Z</time>
   </trkpt>
   <trkpt lat="69.5989980" lon="19.1229370">
    <ele>891.3</ele>
    <time>2026-06-03T18:28:54Z</time>
   </trkpt>
   <trkpt lat="69.5989980" lon="19.1229370">
    <ele>891.3</ele>
    <time>2026-06-03T18:28:55Z</time>
   </trkpt>
   <trkpt lat="69.5990000" lon="19.1229950">
    <ele>892.8</ele>
    <time>2026-06-03T18:28:56Z</time>
   </trkpt>
   <trkpt lat="69.5990000" lon="19.1229950">
    <ele>892.8</ele>
    <time>2026-06-03T18:28:57Z</time>
   </trkpt>
   <trkpt lat="69.5990000" lon="19.1229950">
    <ele>892.8</ele>
    <time>2026-06-03T18:28:58Z</time>
   </trkpt>
   <trkpt lat="69.5990000" lon="19.1229950">
    <ele>892.8</ele>
    <time>2026-06-03T18:28:59Z</time>
   </trkpt>
   <trkpt lat="69.5990000" lon="19.1229950">
    <ele>892.8</ele>
    <time>2026-06-03T18:29:00Z</time>
   </trkpt>
   <trkpt lat="69.5990000" lon="19.1229950">
    <ele>892.8</ele>
    <time>2026-06-03T18:29:01Z</time>
   </trkpt>
   <trkpt lat="69.5990000" lon="19.1229950">
    <ele>892.8</ele>
    <time>2026-06-03T18:29:02Z</time>
   </trkpt>
   <trkpt lat="69.5990000" lon="19.1229950">
    <ele>892.8</ele>
    <time>2026-06-03T18:29:03Z</time>
   </trkpt>
   <trkpt lat="69.5990000" lon="19.1229950">
    <ele>892.8</ele>
    <time>2026-06-03T18:29:04Z</time>
   </trkpt>
   <trkpt lat="69.5990000" lon="19.1229950">
    <ele>892.8</ele>
    <time>2026-06-03T18:29:05Z</time>
   </trkpt>
   <trkpt lat="69.5990000" lon="19.1229950">
    <ele>892.8</ele>
    <time>2026-06-03T18:29:06Z</time>
   </trkpt>
   <trkpt lat="69.5990000" lon="19.1229950">
    <ele>892.8</ele>
    <time>2026-06-03T18:29:07Z</time>
   </trkpt>
   <trkpt lat="69.5990000" lon="19.1229950">
    <ele>892.8</ele>
    <time>2026-06-03T18:29:08Z</time>
   </trkpt>
   <trkpt lat="69.5990000" lon="19.1229950">
    <ele>892.8</ele>
    <time>2026-06-03T18:29:09Z</time>
   </trkpt>
   <trkpt lat="69.5989870" lon="19.1230530">
    <ele>893.6</ele>
    <time>2026-06-03T18:29:10Z</time>
   </trkpt>
   <trkpt lat="69.5989870" lon="19.1230530">
    <ele>893.6</ele>
    <time>2026-06-03T18:29:11Z</time>
   </trkpt>
   <trkpt lat="69.5989870" lon="19.1230530">
    <ele>893.6</ele>
    <time>2026-06-03T18:29:12Z</time>
   </trkpt>
   <trkpt lat="69.5989870" lon="19.1230530">
    <ele>893.6</ele>
    <time>2026-06-03T18:29:13Z</time>
   </trkpt>
   <trkpt lat="69.5989670" lon="19.1230730">
    <ele>894.5</ele>
    <time>2026-06-03T18:29:14Z</time>
   </trkpt>
   <trkpt lat="69.5989670" lon="19.1230730">
    <ele>894.5</ele>
    <time>2026-06-03T18:29:15Z</time>
   </trkpt>
   <trkpt lat="69.5989670" lon="19.1230730">
    <ele>894.5</ele>
    <time>2026-06-03T18:29:16Z</time>
   </trkpt>
   <trkpt lat="69.5989670" lon="19.1230730">
    <ele>894.5</ele>
    <time>2026-06-03T18:29:17Z</time>
   </trkpt>
   <trkpt lat="69.5989460" lon="19.1230910">
    <ele>895.7</ele>
    <time>2026-06-03T18:29:18Z</time>
   </trkpt>
   <trkpt lat="69.5989460" lon="19.1230910">
    <ele>895.7</ele>
    <time>2026-06-03T18:29:19Z</time>
   </trkpt>
   <trkpt lat="69.5989460" lon="19.1230910">
    <ele>895.7</ele>
    <time>2026-06-03T18:29:20Z</time>
   </trkpt>
   <trkpt lat="69.5989460" lon="19.1230910">
    <ele>895.7</ele>
    <time>2026-06-03T18:29:21Z</time>
   </trkpt>
   <trkpt lat="69.5989260" lon="19.1231180">
    <ele>896.7</ele>
    <time>2026-06-03T18:29:22Z</time>
   </trkpt>
   <trkpt lat="69.5989260" lon="19.1231180">
    <ele>896.7</ele>
    <time>2026-06-03T18:29:23Z</time>
   </trkpt>
   <trkpt lat="69.5989260" lon="19.1231180">
    <ele>896.7</ele>
    <time>2026-06-03T18:29:24Z</time>
   </trkpt>
   <trkpt lat="69.5989060" lon="19.1231410">
    <ele>898.0</ele>
    <time>2026-06-03T18:29:25Z</time>
   </trkpt>
   <trkpt lat="69.5989060" lon="19.1231410">
    <ele>898.0</ele>
    <time>2026-06-03T18:29:26Z</time>
   </trkpt>
   <trkpt lat="69.5989060" lon="19.1231410">
    <ele>898.0</ele>
    <time>2026-06-03T18:29:27Z</time>
   </trkpt>
   <trkpt lat="69.5989060" lon="19.1231410">
    <ele>898.0</ele>
    <time>2026-06-03T18:29:28Z</time>
   </trkpt>
   <trkpt lat="69.5989060" lon="19.1231410">
    <ele>898.0</ele>
    <time>2026-06-03T18:29:29Z</time>
   </trkpt>
   <trkpt lat="69.5988860" lon="19.1231650">
    <ele>899.3</ele>
    <time>2026-06-03T18:29:30Z</time>
   </trkpt>
   <trkpt lat="69.5988860" lon="19.1231650">
    <ele>899.3</ele>
    <time>2026-06-03T18:29:31Z</time>
   </trkpt>
   <trkpt lat="69.5988860" lon="19.1231650">
    <ele>899.3</ele>
    <time>2026-06-03T18:29:32Z</time>
   </trkpt>
   <trkpt lat="69.5988860" lon="19.1231650">
    <ele>899.3</ele>
    <time>2026-06-03T18:29:33Z</time>
   </trkpt>
   <trkpt lat="69.5988690" lon="19.1231910">
    <ele>899.8</ele>
    <time>2026-06-03T18:29:34Z</time>
   </trkpt>
   <trkpt lat="69.5988690" lon="19.1231910">
    <ele>899.8</ele>
    <time>2026-06-03T18:29:35Z</time>
   </trkpt>
   <trkpt lat="69.5988690" lon="19.1231910">
    <ele>899.8</ele>
    <time>2026-06-03T18:29:36Z</time>
   </trkpt>
   <trkpt lat="69.5988690" lon="19.1231910">
    <ele>899.8</ele>
    <time>2026-06-03T18:29:37Z</time>
   </trkpt>
   <trkpt lat="69.5988520" lon="19.1232150">
    <ele>901.6</ele>
    <time>2026-06-03T18:29:38Z</time>
   </trkpt>
   <trkpt lat="69.5988520" lon="19.1232150">
    <ele>901.6</ele>
    <time>2026-06-03T18:29:39Z</time>
   </trkpt>
   <trkpt lat="69.5988520" lon="19.1232150">
    <ele>901.6</ele>
    <time>2026-06-03T18:29:40Z</time>
   </trkpt>
   <trkpt lat="69.5988520" lon="19.1232150">
    <ele>901.6</ele>
    <time>2026-06-03T18:29:41Z</time>
   </trkpt>
   <trkpt lat="69.5988340" lon="19.1232320">
    <ele>902.1</ele>
    <time>2026-06-03T18:29:42Z</time>
   </trkpt>
   <trkpt lat="69.5988340" lon="19.1232320">
    <ele>902.1</ele>
    <time>2026-06-03T18:29:43Z</time>
   </trkpt>
   <trkpt lat="69.5988340" lon="19.1232320">
    <ele>902.1</ele>
    <time>2026-06-03T18:29:44Z</time>
   </trkpt>
   <trkpt lat="69.5988340" lon="19.1232320">
    <ele>902.1</ele>
    <time>2026-06-03T18:29:45Z</time>
   </trkpt>
   <trkpt lat="69.5988340" lon="19.1232320">
    <ele>902.1</ele>
    <time>2026-06-03T18:29:46Z</time>
   </trkpt>
   <trkpt lat="69.5988340" lon="19.1232320">
    <ele>902.1</ele>
    <time>2026-06-03T18:29:47Z</time>
   </trkpt>
   <trkpt lat="69.5988340" lon="19.1232320">
    <ele>902.1</ele>
    <time>2026-06-03T18:29:48Z</time>
   </trkpt>
   <trkpt lat="69.5988340" lon="19.1232320">
    <ele>902.1</ele>
    <time>2026-06-03T18:29:49Z</time>
   </trkpt>
   <trkpt lat="69.5988220" lon="19.1232760">
    <ele>903.4</ele>
    <time>2026-06-03T18:29:50Z</time>
   </trkpt>
   <trkpt lat="69.5988220" lon="19.1232760">
    <ele>903.4</ele>
    <time>2026-06-03T18:29:51Z</time>
   </trkpt>
   <trkpt lat="69.5988220" lon="19.1232760">
    <ele>903.4</ele>
    <time>2026-06-03T18:29:52Z</time>
   </trkpt>
   <trkpt lat="69.5988220" lon="19.1232760">
    <ele>903.4</ele>
    <time>2026-06-03T18:29:53Z</time>
   </trkpt>
   <trkpt lat="69.5988220" lon="19.1232760">
    <ele>903.4</ele>
    <time>2026-06-03T18:29:54Z</time>
   </trkpt>
   <trkpt lat="69.5988220" lon="19.1232760">
    <ele>903.4</ele>
    <time>2026-06-03T18:29:55Z</time>
   </trkpt>
   <trkpt lat="69.5988220" lon="19.1232760">
    <ele>903.4</ele>
    <time>2026-06-03T18:29:56Z</time>
   </trkpt>
   <trkpt lat="69.5988220" lon="19.1232760">
    <ele>903.4</ele>
    <time>2026-06-03T18:29:57Z</time>
   </trkpt>
   <trkpt lat="69.5988220" lon="19.1232760">
    <ele>903.4</ele>
    <time>2026-06-03T18:29:58Z</time>
   </trkpt>
   <trkpt lat="69.5988220" lon="19.1232760">
    <ele>903.4</ele>
    <time>2026-06-03T18:29:59Z</time>
   </trkpt>
   <trkpt lat="69.5988220" lon="19.1232760">
    <ele>903.4</ele>
    <time>2026-06-03T18:30:00Z</time>
   </trkpt>
   <trkpt lat="69.5988220" lon="19.1232760">
    <ele>903.4</ele>
    <time>2026-06-03T18:30:01Z</time>
   </trkpt>
   <trkpt lat="69.5988220" lon="19.1232760">
    <ele>903.4</ele>
    <time>2026-06-03T18:30:02Z</time>
   </trkpt>
   <trkpt lat="69.5988220" lon="19.1232760">
    <ele>903.4</ele>
    <time>2026-06-03T18:30:03Z</time>
   </trkpt>
   <trkpt lat="69.5988220" lon="19.1232760">
    <ele>903.4</ele>
    <time>2026-06-03T18:30:04Z</time>
   </trkpt>
   <trkpt lat="69.5988220" lon="19.1232760">
    <ele>903.4</ele>
    <time>2026-06-03T18:30:05Z</time>
   </trkpt>
   <trkpt lat="69.5988220" lon="19.1232760">
    <ele>903.4</ele>
    <time>2026-06-03T18:30:06Z</time>
   </trkpt>
   <trkpt lat="69.5988220" lon="19.1232760">
    <ele>903.4</ele>
    <time>2026-06-03T18:30:07Z</time>
   </trkpt>
   <trkpt lat="69.5988220" lon="19.1232760">
    <ele>903.4</ele>
    <time>2026-06-03T18:30:08Z</time>
   </trkpt>
   <trkpt lat="69.5988220" lon="19.1232760">
    <ele>903.4</ele>
    <time>2026-06-03T18:30:09Z</time>
   </trkpt>
   <trkpt lat="69.5988220" lon="19.1232760">
    <ele>903.4</ele>
    <time>2026-06-03T18:30:10Z</time>
   </trkpt>
   <trkpt lat="69.5988220" lon="19.1232760">
    <ele>903.4</ele>
    <time>2026-06-03T18:30:11Z</time>
   </trkpt>
   <trkpt lat="69.5988220" lon="19.1232760">
    <ele>903.4</ele>
    <time>2026-06-03T18:30:12Z</time>
   </trkpt>
   <trkpt lat="69.5988330" lon="19.1233270">
    <ele>903.7</ele>
    <time>2026-06-03T18:30:13Z</time>
   </trkpt>
   <trkpt lat="69.5988330" lon="19.1233270">
    <ele>903.7</ele>
    <time>2026-06-03T18:30:14Z</time>
   </trkpt>
   <trkpt lat="69.5988330" lon="19.1233270">
    <ele>903.7</ele>
    <time>2026-06-03T18:30:15Z</time>
   </trkpt>
   <trkpt lat="69.5988380" lon="19.1233780">
    <ele>904.8</ele>
    <time>2026-06-03T18:30:16Z</time>
   </trkpt>
   <trkpt lat="69.5988380" lon="19.1233780">
    <ele>904.8</ele>
    <time>2026-06-03T18:30:17Z</time>
   </trkpt>
   <trkpt lat="69.5988380" lon="19.1233780">
    <ele>904.9</ele>
    <time>2026-06-03T18:30:18Z</time>
   </trkpt>
   <trkpt lat="69.5988490" lon="19.1234250">
    <ele>905.7</ele>
    <time>2026-06-03T18:30:19Z</time>
   </trkpt>
   <trkpt lat="69.5988490" lon="19.1234250">
    <ele>905.7</ele>
    <time>2026-06-03T18:30:20Z</time>
   </trkpt>
   <trkpt lat="69.5988490" lon="19.1234250">
    <ele>905.7</ele>
    <time>2026-06-03T18:30:21Z</time>
   </trkpt>
   <trkpt lat="69.5988550" lon="19.1234770">
    <ele>906.0</ele>
    <time>2026-06-03T18:30:22Z</time>
   </trkpt>
   <trkpt lat="69.5988550" lon="19.1234770">
    <ele>906.0</ele>
    <time>2026-06-03T18:30:23Z</time>
   </trkpt>
   <trkpt lat="69.5988550" lon="19.1234770">
    <ele>906.0</ele>
    <time>2026-06-03T18:30:24Z</time>
   </trkpt>
   <trkpt lat="69.5988550" lon="19.1234770">
    <ele>906.0</ele>
    <time>2026-06-03T18:30:25Z</time>
   </trkpt>
   <trkpt lat="69.5988600" lon="19.1235410">
    <ele>906.8</ele>
    <time>2026-06-03T18:30:26Z</time>
   </trkpt>
   <trkpt lat="69.5988600" lon="19.1235410">
    <ele>906.8</ele>
    <time>2026-06-03T18:30:27Z</time>
   </trkpt>
   <trkpt lat="69.5988600" lon="19.1235410">
    <ele>906.8</ele>
    <time>2026-06-03T18:30:28Z</time>
   </trkpt>
   <trkpt lat="69.5988600" lon="19.1235410">
    <ele>906.8</ele>
    <time>2026-06-03T18:30:29Z</time>
   </trkpt>
   <trkpt lat="69.5988650" lon="19.1235950">
    <ele>908.4</ele>
    <time>2026-06-03T18:30:30Z</time>
   </trkpt>
   <trkpt lat="69.5988650" lon="19.1235950">
    <ele>908.4</ele>
    <time>2026-06-03T18:30:31Z</time>
   </trkpt>
   <trkpt lat="69.5988650" lon="19.1235950">
    <ele>908.4</ele>
    <time>2026-06-03T18:30:32Z</time>
   </trkpt>
   <trkpt lat="69.5988650" lon="19.1235950">
    <ele>908.4</ele>
    <time>2026-06-03T18:30:33Z</time>
   </trkpt>
   <trkpt lat="69.5988680" lon="19.1236540">
    <ele>908.8</ele>
    <time>2026-06-03T18:30:34Z</time>
   </trkpt>
   <trkpt lat="69.5988680" lon="19.1236540">
    <ele>908.8</ele>
    <time>2026-06-03T18:30:35Z</time>
   </trkpt>
   <trkpt lat="69.5988680" lon="19.1236540">
    <ele>908.8</ele>
    <time>2026-06-03T18:30:36Z</time>
   </trkpt>
   <trkpt lat="69.5988680" lon="19.1236540">
    <ele>908.8</ele>
    <time>2026-06-03T18:30:37Z</time>
   </trkpt>
   <trkpt lat="69.5988680" lon="19.1236540">
    <ele>908.8</ele>
    <time>2026-06-03T18:30:38Z</time>
   </trkpt>
   <trkpt lat="69.5988720" lon="19.1237170">
    <ele>909.6</ele>
    <time>2026-06-03T18:30:39Z</time>
   </trkpt>
   <trkpt lat="69.5988720" lon="19.1237170">
    <ele>909.6</ele>
    <time>2026-06-03T18:30:40Z</time>
   </trkpt>
   <trkpt lat="69.5988720" lon="19.1237170">
    <ele>909.6</ele>
    <time>2026-06-03T18:30:41Z</time>
   </trkpt>
   <trkpt lat="69.5988720" lon="19.1237170">
    <ele>909.6</ele>
    <time>2026-06-03T18:30:42Z</time>
   </trkpt>
   <trkpt lat="69.5988780" lon="19.1237750">
    <ele>911.1</ele>
    <time>2026-06-03T18:30:43Z</time>
   </trkpt>
   <trkpt lat="69.5988780" lon="19.1237750">
    <ele>911.1</ele>
    <time>2026-06-03T18:30:44Z</time>
   </trkpt>
   <trkpt lat="69.5988780" lon="19.1237750">
    <ele>911.1</ele>
    <time>2026-06-03T18:30:45Z</time>
   </trkpt>
   <trkpt lat="69.5988780" lon="19.1237750">
    <ele>911.1</ele>
    <time>2026-06-03T18:30:46Z</time>
   </trkpt>
   <trkpt lat="69.5988830" lon="19.1238310">
    <ele>911.5</ele>
    <time>2026-06-03T18:30:47Z</time>
   </trkpt>
   <trkpt lat="69.5988830" lon="19.1238310">
    <ele>911.5</ele>
    <time>2026-06-03T18:30:48Z</time>
   </trkpt>
   <trkpt lat="69.5988830" lon="19.1238310">
    <ele>911.5</ele>
    <time>2026-06-03T18:30:49Z</time>
   </trkpt>
   <trkpt lat="69.5988830" lon="19.1238310">
    <ele>911.5</ele>
    <time>2026-06-03T18:30:50Z</time>
   </trkpt>
   <trkpt lat="69.5988910" lon="19.1238860">
    <ele>912.3</ele>
    <time>2026-06-03T18:30:51Z</time>
   </trkpt>
   <trkpt lat="69.5988910" lon="19.1238860">
    <ele>912.3</ele>
    <time>2026-06-03T18:30:52Z</time>
   </trkpt>
   <trkpt lat="69.5988910" lon="19.1238860">
    <ele>912.3</ele>
    <time>2026-06-03T18:30:53Z</time>
   </trkpt>
   <trkpt lat="69.5988910" lon="19.1238860">
    <ele>912.3</ele>
    <time>2026-06-03T18:30:54Z</time>
   </trkpt>
   <trkpt lat="69.5988980" lon="19.1239340">
    <ele>912.6</ele>
    <time>2026-06-03T18:30:55Z</time>
   </trkpt>
   <trkpt lat="69.5988980" lon="19.1239340">
    <ele>912.6</ele>
    <time>2026-06-03T18:30:56Z</time>
   </trkpt>
   <trkpt lat="69.5988980" lon="19.1239340">
    <ele>912.6</ele>
    <time>2026-06-03T18:30:57Z</time>
   </trkpt>
   <trkpt lat="69.5988980" lon="19.1239340">
    <ele>912.6</ele>
    <time>2026-06-03T18:30:58Z</time>
   </trkpt>
   <trkpt lat="69.5988980" lon="19.1239340">
    <ele>912.6</ele>
    <time>2026-06-03T18:30:59Z</time>
   </trkpt>
   <trkpt lat="69.5988980" lon="19.1239340">
    <ele>912.6</ele>
    <time>2026-06-03T18:31:00Z</time>
   </trkpt>
   <trkpt lat="69.5988980" lon="19.1239340">
    <ele>912.6</ele>
    <time>2026-06-03T18:31:01Z</time>
   </trkpt>
   <trkpt lat="69.5988980" lon="19.1239340">
    <ele>912.6</ele>
    <time>2026-06-03T18:31:02Z</time>
   </trkpt>
   <trkpt lat="69.5988980" lon="19.1239340">
    <ele>912.6</ele>
    <time>2026-06-03T18:31:03Z</time>
   </trkpt>
   <trkpt lat="69.5988980" lon="19.1239340">
    <ele>912.6</ele>
    <time>2026-06-03T18:31:04Z</time>
   </trkpt>
   <trkpt lat="69.5988980" lon="19.1239340">
    <ele>912.6</ele>
    <time>2026-06-03T18:31:05Z</time>
   </trkpt>
   <trkpt lat="69.5988980" lon="19.1239340">
    <ele>912.6</ele>
    <time>2026-06-03T18:31:06Z</time>
   </trkpt>
   <trkpt lat="69.5988980" lon="19.1239340">
    <ele>912.6</ele>
    <time>2026-06-03T18:31:07Z</time>
   </trkpt>
   <trkpt lat="69.5988980" lon="19.1239340">
    <ele>912.6</ele>
    <time>2026-06-03T18:31:08Z</time>
   </trkpt>
   <trkpt lat="69.5988980" lon="19.1239340">
    <ele>912.6</ele>
    <time>2026-06-03T18:31:09Z</time>
   </trkpt>
   <trkpt lat="69.5988980" lon="19.1239340">
    <ele>912.6</ele>
    <time>2026-06-03T18:31:10Z</time>
   </trkpt>
   <trkpt lat="69.5988980" lon="19.1239340">
    <ele>912.6</ele>
    <time>2026-06-03T18:31:11Z</time>
   </trkpt>
   <trkpt lat="69.5988980" lon="19.1239340">
    <ele>912.6</ele>
    <time>2026-06-03T18:31:12Z</time>
   </trkpt>
   <trkpt lat="69.5988980" lon="19.1239340">
    <ele>912.6</ele>
    <time>2026-06-03T18:31:13Z</time>
   </trkpt>
   <trkpt lat="69.5988980" lon="19.1239340">
    <ele>912.6</ele>
    <time>2026-06-03T18:31:14Z</time>
   </trkpt>
   <trkpt lat="69.5988980" lon="19.1239340">
    <ele>912.6</ele>
    <time>2026-06-03T18:31:15Z</time>
   </trkpt>
   <trkpt lat="69.5988980" lon="19.1239340">
    <ele>912.6</ele>
    <time>2026-06-03T18:31:16Z</time>
   </trkpt>
   <trkpt lat="69.5988980" lon="19.1239340">
    <ele>912.6</ele>
    <time>2026-06-03T18:31:17Z</time>
   </trkpt>
   <trkpt lat="69.5988980" lon="19.1239340">
    <ele>912.6</ele>
    <time>2026-06-03T18:31:18Z</time>
   </trkpt>
   <trkpt lat="69.5988980" lon="19.1239340">
    <ele>912.6</ele>
    <time>2026-06-03T18:31:19Z</time>
   </trkpt>
   <trkpt lat="69.5988980" lon="19.1239340">
    <ele>912.6</ele>
    <time>2026-06-03T18:31:20Z</time>
   </trkpt>
   <trkpt lat="69.5988980" lon="19.1239340">
    <ele>912.6</ele>
    <time>2026-06-03T18:31:21Z</time>
   </trkpt>
   <trkpt lat="69.5988980" lon="19.1239340">
    <ele>912.6</ele>
    <time>2026-06-03T18:31:22Z</time>
   </trkpt>
   <trkpt lat="69.5988980" lon="19.1239340">
    <ele>912.6</ele>
    <time>2026-06-03T18:31:23Z</time>
   </trkpt>
   <trkpt lat="69.5988980" lon="19.1239340">
    <ele>912.6</ele>
    <time>2026-06-03T18:31:24Z</time>
   </trkpt>
   <trkpt lat="69.5988980" lon="19.1239340">
    <ele>912.6</ele>
    <time>2026-06-03T18:31:25Z</time>
   </trkpt>
   <trkpt lat="69.5988980" lon="19.1239340">
    <ele>912.6</ele>
    <time>2026-06-03T18:31:26Z</time>
   </trkpt>
   <trkpt lat="69.5988980" lon="19.1239340">
    <ele>912.6</ele>
    <time>2026-06-03T18:31:27Z</time>
   </trkpt>
   <trkpt lat="69.5989040" lon="19.1239960">
    <ele>914.1</ele>
    <time>2026-06-03T18:31:28Z</time>
   </trkpt>
   <trkpt lat="69.5989040" lon="19.1239960">
    <ele>914.1</ele>
    <time>2026-06-03T18:31:29Z</time>
   </trkpt>
   <trkpt lat="69.5989040" lon="19.1239960">
    <ele>914.2</ele>
    <time>2026-06-03T18:31:30Z</time>
   </trkpt>
   <trkpt lat="69.5989040" lon="19.1239960">
    <ele>914.2</ele>
    <time>2026-06-03T18:31:31Z</time>
   </trkpt>
   <trkpt lat="69.5989040" lon="19.1239960">
    <ele>914.2</ele>
    <time>2026-06-03T18:31:32Z</time>
   </trkpt>
   <trkpt lat="69.5989090" lon="19.1240530">
    <ele>914.9</ele>
    <time>2026-06-03T18:31:33Z</time>
   </trkpt>
   <trkpt lat="69.5989090" lon="19.1240530">
    <ele>914.9</ele>
    <time>2026-06-03T18:31:34Z</time>
   </trkpt>
   <trkpt lat="69.5989090" lon="19.1240530">
    <ele>914.9</ele>
    <time>2026-06-03T18:31:35Z</time>
   </trkpt>
   <trkpt lat="69.5989090" lon="19.1240530">
    <ele>914.9</ele>
    <time>2026-06-03T18:31:36Z</time>
   </trkpt>
   <trkpt lat="69.5989120" lon="19.1241160">
    <ele>916.4</ele>
    <time>2026-06-03T18:31:37Z</time>
   </trkpt>
   <trkpt lat="69.5989120" lon="19.1241160">
    <ele>916.4</ele>
    <time>2026-06-03T18:31:38Z</time>
   </trkpt>
   <trkpt lat="69.5989120" lon="19.1241160">
    <ele>916.4</ele>
    <time>2026-06-03T18:31:39Z</time>
   </trkpt>
   <trkpt lat="69.5989120" lon="19.1241160">
    <ele>916.4</ele>
    <time>2026-06-03T18:31:40Z</time>
   </trkpt>
   <trkpt lat="69.5989230" lon="19.1241690">
    <ele>916.8</ele>
    <time>2026-06-03T18:31:41Z</time>
   </trkpt>
   <trkpt lat="69.5989230" lon="19.1241690">
    <ele>916.8</ele>
    <time>2026-06-03T18:31:42Z</time>
   </trkpt>
   <trkpt lat="69.5989230" lon="19.1241690">
    <ele>916.8</ele>
    <time>2026-06-03T18:31:43Z</time>
   </trkpt>
   <trkpt lat="69.5989230" lon="19.1241690">
    <ele>916.8</ele>
    <time>2026-06-03T18:31:44Z</time>
   </trkpt>
   <trkpt lat="69.5989300" lon="19.1242240">
    <ele>917.3</ele>
    <time>2026-06-03T18:31:45Z</time>
   </trkpt>
   <trkpt lat="69.5989300" lon="19.1242240">
    <ele>917.3</ele>
    <time>2026-06-03T18:31:46Z</time>
   </trkpt>
   <trkpt lat="69.5989300" lon="19.1242240">
    <ele>917.3</ele>
    <time>2026-06-03T18:31:47Z</time>
   </trkpt>
   <trkpt lat="69.5989300" lon="19.1242240">
    <ele>917.3</ele>
    <time>2026-06-03T18:31:48Z</time>
   </trkpt>
   <trkpt lat="69.5989360" lon="19.1242810">
    <ele>918.9</ele>
    <time>2026-06-03T18:31:49Z</time>
   </trkpt>
   <trkpt lat="69.5989360" lon="19.1242810">
    <ele>918.9</ele>
    <time>2026-06-03T18:31:50Z</time>
   </trkpt>
   <trkpt lat="69.5989360" lon="19.1242810">
    <ele>918.9</ele>
    <time>2026-06-03T18:31:51Z</time>
   </trkpt>
   <trkpt lat="69.5989360" lon="19.1242810">
    <ele>918.9</ele>
    <time>2026-06-03T18:31:52Z</time>
   </trkpt>
   <trkpt lat="69.5989420" lon="19.1243400">
    <ele>919.8</ele>
    <time>2026-06-03T18:31:53Z</time>
   </trkpt>
   <trkpt lat="69.5989420" lon="19.1243400">
    <ele>919.8</ele>
    <time>2026-06-03T18:31:54Z</time>
   </trkpt>
   <trkpt lat="69.5989420" lon="19.1243400">
    <ele>919.8</ele>
    <time>2026-06-03T18:31:55Z</time>
   </trkpt>
   <trkpt lat="69.5989420" lon="19.1243400">
    <ele>919.8</ele>
    <time>2026-06-03T18:31:56Z</time>
   </trkpt>
   <trkpt lat="69.5989470" lon="19.1243970">
    <ele>920.3</ele>
    <time>2026-06-03T18:31:57Z</time>
   </trkpt>
   <trkpt lat="69.5989470" lon="19.1243970">
    <ele>920.3</ele>
    <time>2026-06-03T18:31:58Z</time>
   </trkpt>
   <trkpt lat="69.5989470" lon="19.1243970">
    <ele>920.3</ele>
    <time>2026-06-03T18:31:59Z</time>
   </trkpt>
   <trkpt lat="69.5989470" lon="19.1243970">
    <ele>920.3</ele>
    <time>2026-06-03T18:32:00Z</time>
   </trkpt>
   <trkpt lat="69.5989520" lon="19.1244550">
    <ele>922.0</ele>
    <time>2026-06-03T18:32:01Z</time>
   </trkpt>
   <trkpt lat="69.5989520" lon="19.1244550">
    <ele>922.0</ele>
    <time>2026-06-03T18:32:02Z</time>
   </trkpt>
   <trkpt lat="69.5989520" lon="19.1244550">
    <ele>922.0</ele>
    <time>2026-06-03T18:32:03Z</time>
   </trkpt>
   <trkpt lat="69.5989520" lon="19.1244550">
    <ele>922.0</ele>
    <time>2026-06-03T18:32:04Z</time>
   </trkpt>
   <trkpt lat="69.5989570" lon="19.1245140">
    <ele>922.8</ele>
    <time>2026-06-03T18:32:05Z</time>
   </trkpt>
   <trkpt lat="69.5989570" lon="19.1245140">
    <ele>922.8</ele>
    <time>2026-06-03T18:32:06Z</time>
   </trkpt>
   <trkpt lat="69.5989570" lon="19.1245140">
    <ele>922.8</ele>
    <time>2026-06-03T18:32:07Z</time>
   </trkpt>
   <trkpt lat="69.5989570" lon="19.1245140">
    <ele>922.8</ele>
    <time>2026-06-03T18:32:08Z</time>
   </trkpt>
   <trkpt lat="69.5989570" lon="19.1245140">
    <ele>922.8</ele>
    <time>2026-06-03T18:32:09Z</time>
   </trkpt>
   <trkpt lat="69.5989620" lon="19.1245770">
    <ele>923.3</ele>
    <time>2026-06-03T18:32:10Z</time>
   </trkpt>
   <trkpt lat="69.5989620" lon="19.1245770">
    <ele>923.3</ele>
    <time>2026-06-03T18:32:11Z</time>
   </trkpt>
   <trkpt lat="69.5989620" lon="19.1245770">
    <ele>923.3</ele>
    <time>2026-06-03T18:32:12Z</time>
   </trkpt>
   <trkpt lat="69.5989620" lon="19.1245770">
    <ele>923.3</ele>
    <time>2026-06-03T18:32:13Z</time>
   </trkpt>
   <trkpt lat="69.5989670" lon="19.1246270">
    <ele>925.0</ele>
    <time>2026-06-03T18:32:14Z</time>
   </trkpt>
   <trkpt lat="69.5989670" lon="19.1246270">
    <ele>925.0</ele>
    <time>2026-06-03T18:32:15Z</time>
   </trkpt>
   <trkpt lat="69.5989670" lon="19.1246270">
    <ele>925.0</ele>
    <time>2026-06-03T18:32:16Z</time>
   </trkpt>
   <trkpt lat="69.5989670" lon="19.1246270">
    <ele>925.0</ele>
    <time>2026-06-03T18:32:17Z</time>
   </trkpt>
   <trkpt lat="69.5989730" lon="19.1246760">
    <ele>925.5</ele>
    <time>2026-06-03T18:32:18Z</time>
   </trkpt>
   <trkpt lat="69.5989730" lon="19.1246760">
    <ele>925.5</ele>
    <time>2026-06-03T18:32:19Z</time>
   </trkpt>
   <trkpt lat="69.5989730" lon="19.1246760">
    <ele>925.5</ele>
    <time>2026-06-03T18:32:20Z</time>
   </trkpt>
   <trkpt lat="69.5989760" lon="19.1247270">
    <ele>926.3</ele>
    <time>2026-06-03T18:32:21Z</time>
   </trkpt>
   <trkpt lat="69.5989760" lon="19.1247270">
    <ele>926.3</ele>
    <time>2026-06-03T18:32:22Z</time>
   </trkpt>
   <trkpt lat="69.5989760" lon="19.1247270">
    <ele>926.3</ele>
    <time>2026-06-03T18:32:23Z</time>
   </trkpt>
   <trkpt lat="69.5989760" lon="19.1247270">
    <ele>926.3</ele>
    <time>2026-06-03T18:32:24Z</time>
   </trkpt>
   <trkpt lat="69.5989760" lon="19.1247270">
    <ele>926.3</ele>
    <time>2026-06-03T18:32:25Z</time>
   </trkpt>
   <trkpt lat="69.5989850" lon="19.1247850">
    <ele>927.1</ele>
    <time>2026-06-03T18:32:26Z</time>
   </trkpt>
   <trkpt lat="69.5989850" lon="19.1247850">
    <ele>927.1</ele>
    <time>2026-06-03T18:32:27Z</time>
   </trkpt>
   <trkpt lat="69.5989850" lon="19.1247850">
    <ele>927.1</ele>
    <time>2026-06-03T18:32:28Z</time>
   </trkpt>
   <trkpt lat="69.5989850" lon="19.1247850">
    <ele>927.1</ele>
    <time>2026-06-03T18:32:29Z</time>
   </trkpt>
   <trkpt lat="69.5989850" lon="19.1247850">
    <ele>927.1</ele>
    <time>2026-06-03T18:32:30Z</time>
   </trkpt>
   <trkpt lat="69.5989850" lon="19.1247850">
    <ele>927.1</ele>
    <time>2026-06-03T18:32:31Z</time>
   </trkpt>
   <trkpt lat="69.5989940" lon="19.1248400">
    <ele>928.4</ele>
    <time>2026-06-03T18:32:32Z</time>
   </trkpt>
   <trkpt lat="69.5989940" lon="19.1248400">
    <ele>928.4</ele>
    <time>2026-06-03T18:32:33Z</time>
   </trkpt>
   <trkpt lat="69.5989940" lon="19.1248400">
    <ele>928.4</ele>
    <time>2026-06-03T18:32:34Z</time>
   </trkpt>
   <trkpt lat="69.5989940" lon="19.1248400">
    <ele>928.4</ele>
    <time>2026-06-03T18:32:35Z</time>
   </trkpt>
   <trkpt lat="69.5990040" lon="19.1248970">
    <ele>928.9</ele>
    <time>2026-06-03T18:32:36Z</time>
   </trkpt>
   <trkpt lat="69.5990040" lon="19.1248970">
    <ele>928.9</ele>
    <time>2026-06-03T18:32:37Z</time>
   </trkpt>
   <trkpt lat="69.5990040" lon="19.1248970">
    <ele>928.9</ele>
    <time>2026-06-03T18:32:38Z</time>
   </trkpt>
   <trkpt lat="69.5990040" lon="19.1248970">
    <ele>928.9</ele>
    <time>2026-06-03T18:32:39Z</time>
   </trkpt>
   <trkpt lat="69.5990040" lon="19.1248970">
    <ele>928.9</ele>
    <time>2026-06-03T18:32:40Z</time>
   </trkpt>
   <trkpt lat="69.5990130" lon="19.1249450">
    <ele>929.7</ele>
    <time>2026-06-03T18:32:41Z</time>
   </trkpt>
   <trkpt lat="69.5990130" lon="19.1249450">
    <ele>929.7</ele>
    <time>2026-06-03T18:32:42Z</time>
   </trkpt>
   <trkpt lat="69.5990130" lon="19.1249450">
    <ele>929.7</ele>
    <time>2026-06-03T18:32:43Z</time>
   </trkpt>
   <trkpt lat="69.5990130" lon="19.1249450">
    <ele>929.7</ele>
    <time>2026-06-03T18:32:44Z</time>
   </trkpt>
   <trkpt lat="69.5990130" lon="19.1249450">
    <ele>929.7</ele>
    <time>2026-06-03T18:32:45Z</time>
   </trkpt>
   <trkpt lat="69.5990270" lon="19.1249790">
    <ele>930.2</ele>
    <time>2026-06-03T18:32:46Z</time>
   </trkpt>
   <trkpt lat="69.5990270" lon="19.1249790">
    <ele>930.2</ele>
    <time>2026-06-03T18:32:47Z</time>
   </trkpt>
   <trkpt lat="69.5990270" lon="19.1249790">
    <ele>930.2</ele>
    <time>2026-06-03T18:32:48Z</time>
   </trkpt>
   <trkpt lat="69.5990270" lon="19.1249790">
    <ele>930.2</ele>
    <time>2026-06-03T18:32:49Z</time>
   </trkpt>
   <trkpt lat="69.5990270" lon="19.1249790">
    <ele>930.2</ele>
    <time>2026-06-03T18:32:50Z</time>
   </trkpt>
   <trkpt lat="69.5990270" lon="19.1249790">
    <ele>930.2</ele>
    <time>2026-06-03T18:32:51Z</time>
   </trkpt>
   <trkpt lat="69.5990270" lon="19.1249790">
    <ele>930.2</ele>
    <time>2026-06-03T18:32:52Z</time>
   </trkpt>
   <trkpt lat="69.5990180" lon="19.1250270">
    <ele>931.1</ele>
    <time>2026-06-03T18:32:53Z</time>
   </trkpt>
   <trkpt lat="69.5990180" lon="19.1250270">
    <ele>931.1</ele>
    <time>2026-06-03T18:32:54Z</time>
   </trkpt>
   <trkpt lat="69.5990180" lon="19.1250270">
    <ele>931.1</ele>
    <time>2026-06-03T18:32:55Z</time>
   </trkpt>
   <trkpt lat="69.5990180" lon="19.1250270">
    <ele>931.1</ele>
    <time>2026-06-03T18:32:56Z</time>
   </trkpt>
   <trkpt lat="69.5989970" lon="19.1250430">
    <ele>931.7</ele>
    <time>2026-06-03T18:32:57Z</time>
   </trkpt>
   <trkpt lat="69.5989970" lon="19.1250430">
    <ele>931.7</ele>
    <time>2026-06-03T18:32:58Z</time>
   </trkpt>
   <trkpt lat="69.5989970" lon="19.1250430">
    <ele>931.7</ele>
    <time>2026-06-03T18:32:59Z</time>
   </trkpt>
   <trkpt lat="69.5989970" lon="19.1250430">
    <ele>931.7</ele>
    <time>2026-06-03T18:33:00Z</time>
   </trkpt>
   <trkpt lat="69.5989970" lon="19.1250430">
    <ele>931.7</ele>
    <time>2026-06-03T18:33:01Z</time>
   </trkpt>
   <trkpt lat="69.5989970" lon="19.1250430">
    <ele>931.7</ele>
    <time>2026-06-03T18:33:02Z</time>
   </trkpt>
   <trkpt lat="69.5989750" lon="19.1250500">
    <ele>932.0</ele>
    <time>2026-06-03T18:33:03Z</time>
   </trkpt>
   <trkpt lat="69.5989750" lon="19.1250500">
    <ele>932.0</ele>
    <time>2026-06-03T18:33:04Z</time>
   </trkpt>
   <trkpt lat="69.5989750" lon="19.1250500">
    <ele>932.0</ele>
    <time>2026-06-03T18:33:05Z</time>
   </trkpt>
   <trkpt lat="69.5989750" lon="19.1250500">
    <ele>932.0</ele>
    <time>2026-06-03T18:33:06Z</time>
   </trkpt>
   <trkpt lat="69.5989560" lon="19.1250610">
    <ele>933.3</ele>
    <time>2026-06-03T18:33:07Z</time>
   </trkpt>
   <trkpt lat="69.5989560" lon="19.1250610">
    <ele>933.3</ele>
    <time>2026-06-03T18:33:08Z</time>
   </trkpt>
   <trkpt lat="69.5989560" lon="19.1250610">
    <ele>933.3</ele>
    <time>2026-06-03T18:33:09Z</time>
   </trkpt>
   <trkpt lat="69.5989560" lon="19.1250610">
    <ele>933.3</ele>
    <time>2026-06-03T18:33:10Z</time>
   </trkpt>
   <trkpt lat="69.5989380" lon="19.1250760">
    <ele>933.6</ele>
    <time>2026-06-03T18:33:11Z</time>
   </trkpt>
   <trkpt lat="69.5989380" lon="19.1250760">
    <ele>933.6</ele>
    <time>2026-06-03T18:33:12Z</time>
   </trkpt>
   <trkpt lat="69.5989380" lon="19.1250760">
    <ele>933.6</ele>
    <time>2026-06-03T18:33:13Z</time>
   </trkpt>
   <trkpt lat="69.5989380" lon="19.1250760">
    <ele>933.6</ele>
    <time>2026-06-03T18:33:14Z</time>
   </trkpt>
   <trkpt lat="69.5989190" lon="19.1250920">
    <ele>933.8</ele>
    <time>2026-06-03T18:33:15Z</time>
   </trkpt>
   <trkpt lat="69.5989190" lon="19.1250920">
    <ele>933.8</ele>
    <time>2026-06-03T18:33:16Z</time>
   </trkpt>
   <trkpt lat="69.5989190" lon="19.1250920">
    <ele>933.8</ele>
    <time>2026-06-03T18:33:17Z</time>
   </trkpt>
   <trkpt lat="69.5989190" lon="19.1250920">
    <ele>933.8</ele>
    <time>2026-06-03T18:33:18Z</time>
   </trkpt>
   <trkpt lat="69.5989000" lon="19.1251120">
    <ele>934.8</ele>
    <time>2026-06-03T18:33:19Z</time>
   </trkpt>
   <trkpt lat="69.5989000" lon="19.1251120">
    <ele>934.8</ele>
    <time>2026-06-03T18:33:20Z</time>
   </trkpt>
   <trkpt lat="69.5989000" lon="19.1251120">
    <ele>934.8</ele>
    <time>2026-06-03T18:33:21Z</time>
   </trkpt>
   <trkpt lat="69.5989000" lon="19.1251120">
    <ele>934.8</ele>
    <time>2026-06-03T18:33:22Z</time>
   </trkpt>
   <trkpt lat="69.5989000" lon="19.1251120">
    <ele>934.8</ele>
    <time>2026-06-03T18:33:23Z</time>
   </trkpt>
   <trkpt lat="69.5988790" lon="19.1251340">
    <ele>935.2</ele>
    <time>2026-06-03T18:33:24Z</time>
   </trkpt>
   <trkpt lat="69.5988790" lon="19.1251340">
    <ele>935.2</ele>
    <time>2026-06-03T18:33:25Z</time>
   </trkpt>
   <trkpt lat="69.5988790" lon="19.1251340">
    <ele>935.2</ele>
    <time>2026-06-03T18:33:26Z</time>
   </trkpt>
   <trkpt lat="69.5988790" lon="19.1251340">
    <ele>935.2</ele>
    <time>2026-06-03T18:33:27Z</time>
   </trkpt>
   <trkpt lat="69.5988790" lon="19.1251340">
    <ele>935.2</ele>
    <time>2026-06-03T18:33:28Z</time>
   </trkpt>
   <trkpt lat="69.5988600" lon="19.1251560">
    <ele>936.2</ele>
    <time>2026-06-03T18:33:29Z</time>
   </trkpt>
   <trkpt lat="69.5988600" lon="19.1251560">
    <ele>936.2</ele>
    <time>2026-06-03T18:33:30Z</time>
   </trkpt>
   <trkpt lat="69.5988600" lon="19.1251560">
    <ele>936.2</ele>
    <time>2026-06-03T18:33:31Z</time>
   </trkpt>
   <trkpt lat="69.5988600" lon="19.1251560">
    <ele>936.2</ele>
    <time>2026-06-03T18:33:32Z</time>
   </trkpt>
   <trkpt lat="69.5988600" lon="19.1251560">
    <ele>936.2</ele>
    <time>2026-06-03T18:33:33Z</time>
   </trkpt>
   <trkpt lat="69.5988600" lon="19.1251560">
    <ele>936.2</ele>
    <time>2026-06-03T18:33:34Z</time>
   </trkpt>
   <trkpt lat="69.5988600" lon="19.1251560">
    <ele>936.2</ele>
    <time>2026-06-03T18:33:35Z</time>
   </trkpt>
   <trkpt lat="69.5988600" lon="19.1251560">
    <ele>936.2</ele>
    <time>2026-06-03T18:33:36Z</time>
   </trkpt>
   <trkpt lat="69.5988600" lon="19.1251560">
    <ele>936.2</ele>
    <time>2026-06-03T18:33:37Z</time>
   </trkpt>
   <trkpt lat="69.5988600" lon="19.1251560">
    <ele>936.2</ele>
    <time>2026-06-03T18:33:38Z</time>
   </trkpt>
   <trkpt lat="69.5988600" lon="19.1251560">
    <ele>936.2</ele>
    <time>2026-06-03T18:33:39Z</time>
   </trkpt>
   <trkpt lat="69.5988600" lon="19.1251560">
    <ele>936.2</ele>
    <time>2026-06-03T18:33:40Z</time>
   </trkpt>
   <trkpt lat="69.5988600" lon="19.1251560">
    <ele>936.2</ele>
    <time>2026-06-03T18:33:41Z</time>
   </trkpt>
   <trkpt lat="69.5988600" lon="19.1251560">
    <ele>936.2</ele>
    <time>2026-06-03T18:33:42Z</time>
   </trkpt>
   <trkpt lat="69.5988600" lon="19.1251560">
    <ele>936.2</ele>
    <time>2026-06-03T18:33:43Z</time>
   </trkpt>
   <trkpt lat="69.5988750" lon="19.1252000">
    <ele>936.8</ele>
    <time>2026-06-03T18:33:44Z</time>
   </trkpt>
   <trkpt lat="69.5988750" lon="19.1252000">
    <ele>936.8</ele>
    <time>2026-06-03T18:33:45Z</time>
   </trkpt>
   <trkpt lat="69.5988750" lon="19.1252000">
    <ele>936.8</ele>
    <time>2026-06-03T18:33:46Z</time>
   </trkpt>
   <trkpt lat="69.5988750" lon="19.1252000">
    <ele>936.8</ele>
    <time>2026-06-03T18:33:47Z</time>
   </trkpt>
   <trkpt lat="69.5988880" lon="19.1252550">
    <ele>937.4</ele>
    <time>2026-06-03T18:33:48Z</time>
   </trkpt>
   <trkpt lat="69.5988880" lon="19.1252550">
    <ele>937.4</ele>
    <time>2026-06-03T18:33:49Z</time>
   </trkpt>
   <trkpt lat="69.5988880" lon="19.1252550">
    <ele>937.4</ele>
    <time>2026-06-03T18:33:50Z</time>
   </trkpt>
   <trkpt lat="69.5988880" lon="19.1252550">
    <ele>937.4</ele>
    <time>2026-06-03T18:33:51Z</time>
   </trkpt>
   <trkpt lat="69.5988980" lon="19.1253020">
    <ele>938.0</ele>
    <time>2026-06-03T18:33:52Z</time>
   </trkpt>
   <trkpt lat="69.5988980" lon="19.1253020">
    <ele>938.0</ele>
    <time>2026-06-03T18:33:53Z</time>
   </trkpt>
   <trkpt lat="69.5988980" lon="19.1253020">
    <ele>938.0</ele>
    <time>2026-06-03T18:33:54Z</time>
   </trkpt>
   <trkpt lat="69.5988980" lon="19.1253020">
    <ele>938.0</ele>
    <time>2026-06-03T18:33:55Z</time>
   </trkpt>
   <trkpt lat="69.5989070" lon="19.1253510">
    <ele>938.8</ele>
    <time>2026-06-03T18:33:56Z</time>
   </trkpt>
   <trkpt lat="69.5989070" lon="19.1253510">
    <ele>938.8</ele>
    <time>2026-06-03T18:33:57Z</time>
   </trkpt>
   <trkpt lat="69.5989070" lon="19.1253510">
    <ele>938.8</ele>
    <time>2026-06-03T18:33:58Z</time>
   </trkpt>
   <trkpt lat="69.5989070" lon="19.1253510">
    <ele>938.8</ele>
    <time>2026-06-03T18:33:59Z</time>
   </trkpt>
   <trkpt lat="69.5989150" lon="19.1254060">
    <ele>940.2</ele>
    <time>2026-06-03T18:34:00Z</time>
   </trkpt>
   <trkpt lat="69.5989150" lon="19.1254060">
    <ele>940.2</ele>
    <time>2026-06-03T18:34:01Z</time>
   </trkpt>
   <trkpt lat="69.5989150" lon="19.1254060">
    <ele>940.2</ele>
    <time>2026-06-03T18:34:02Z</time>
   </trkpt>
   <trkpt lat="69.5989150" lon="19.1254060">
    <ele>940.2</ele>
    <time>2026-06-03T18:34:03Z</time>
   </trkpt>
   <trkpt lat="69.5989220" lon="19.1254670">
    <ele>941.0</ele>
    <time>2026-06-03T18:34:04Z</time>
   </trkpt>
   <trkpt lat="69.5989220" lon="19.1254670">
    <ele>941.0</ele>
    <time>2026-06-03T18:34:05Z</time>
   </trkpt>
   <trkpt lat="69.5989220" lon="19.1254670">
    <ele>941.0</ele>
    <time>2026-06-03T18:34:06Z</time>
   </trkpt>
   <trkpt lat="69.5989220" lon="19.1254670">
    <ele>941.0</ele>
    <time>2026-06-03T18:34:07Z</time>
   </trkpt>
   <trkpt lat="69.5989220" lon="19.1254670">
    <ele>941.0</ele>
    <time>2026-06-03T18:34:08Z</time>
   </trkpt>
   <trkpt lat="69.5989220" lon="19.1254670">
    <ele>941.0</ele>
    <time>2026-06-03T18:34:09Z</time>
   </trkpt>
   <trkpt lat="69.5989220" lon="19.1254670">
    <ele>941.0</ele>
    <time>2026-06-03T18:34:10Z</time>
   </trkpt>
   <trkpt lat="69.5989300" lon="19.1255140">
    <ele>941.6</ele>
    <time>2026-06-03T18:34:11Z</time>
   </trkpt>
   <trkpt lat="69.5989300" lon="19.1255140">
    <ele>941.6</ele>
    <time>2026-06-03T18:34:12Z</time>
   </trkpt>
   <trkpt lat="69.5989300" lon="19.1255140">
    <ele>941.6</ele>
    <time>2026-06-03T18:34:13Z</time>
   </trkpt>
   <trkpt lat="69.5989300" lon="19.1255140">
    <ele>941.6</ele>
    <time>2026-06-03T18:34:14Z</time>
   </trkpt>
   <trkpt lat="69.5989300" lon="19.1255140">
    <ele>941.6</ele>
    <time>2026-06-03T18:34:15Z</time>
   </trkpt>
   <trkpt lat="69.5989300" lon="19.1255140">
    <ele>941.6</ele>
    <time>2026-06-03T18:34:16Z</time>
   </trkpt>
   <trkpt lat="69.5989300" lon="19.1255140">
    <ele>941.6</ele>
    <time>2026-06-03T18:34:17Z</time>
   </trkpt>
   <trkpt lat="69.5989300" lon="19.1255140">
    <ele>941.6</ele>
    <time>2026-06-03T18:34:18Z</time>
   </trkpt>
   <trkpt lat="69.5989300" lon="19.1255140">
    <ele>941.6</ele>
    <time>2026-06-03T18:34:19Z</time>
   </trkpt>
   <trkpt lat="69.5989300" lon="19.1255140">
    <ele>941.6</ele>
    <time>2026-06-03T18:34:20Z</time>
   </trkpt>
   <trkpt lat="69.5989300" lon="19.1255140">
    <ele>941.6</ele>
    <time>2026-06-03T18:34:21Z</time>
   </trkpt>
   <trkpt lat="69.5989300" lon="19.1255140">
    <ele>941.6</ele>
    <time>2026-06-03T18:34:22Z</time>
   </trkpt>
   <trkpt lat="69.5989300" lon="19.1255140">
    <ele>941.6</ele>
    <time>2026-06-03T18:34:23Z</time>
   </trkpt>
   <trkpt lat="69.5989300" lon="19.1255140">
    <ele>941.6</ele>
    <time>2026-06-03T18:34:24Z</time>
   </trkpt>
   <trkpt lat="69.5989370" lon="19.1255750">
    <ele>943.2</ele>
    <time>2026-06-03T18:34:25Z</time>
   </trkpt>
   <trkpt lat="69.5989370" lon="19.1255750">
    <ele>943.2</ele>
    <time>2026-06-03T18:34:26Z</time>
   </trkpt>
   <trkpt lat="69.5989370" lon="19.1255750">
    <ele>943.2</ele>
    <time>2026-06-03T18:34:27Z</time>
   </trkpt>
   <trkpt lat="69.5989370" lon="19.1255750">
    <ele>943.2</ele>
    <time>2026-06-03T18:34:28Z</time>
   </trkpt>
   <trkpt lat="69.5989440" lon="19.1256300">
    <ele>943.8</ele>
    <time>2026-06-03T18:34:29Z</time>
   </trkpt>
   <trkpt lat="69.5989440" lon="19.1256300">
    <ele>943.8</ele>
    <time>2026-06-03T18:34:30Z</time>
   </trkpt>
   <trkpt lat="69.5989440" lon="19.1256300">
    <ele>943.8</ele>
    <time>2026-06-03T18:34:31Z</time>
   </trkpt>
   <trkpt lat="69.5989520" lon="19.1256910">
    <ele>944.6</ele>
    <time>2026-06-03T18:34:32Z</time>
   </trkpt>
   <trkpt lat="69.5989520" lon="19.1256910">
    <ele>944.6</ele>
    <time>2026-06-03T18:34:33Z</time>
   </trkpt>
   <trkpt lat="69.5989520" lon="19.1256910">
    <ele>944.6</ele>
    <time>2026-06-03T18:34:34Z</time>
   </trkpt>
   <trkpt lat="69.5989520" lon="19.1256910">
    <ele>944.6</ele>
    <time>2026-06-03T18:34:35Z</time>
   </trkpt>
   <trkpt lat="69.5989520" lon="19.1256910">
    <ele>944.6</ele>
    <time>2026-06-03T18:34:36Z</time>
   </trkpt>
   <trkpt lat="69.5989590" lon="19.1257470">
    <ele>946.0</ele>
    <time>2026-06-03T18:34:37Z</time>
   </trkpt>
   <trkpt lat="69.5989590" lon="19.1257470">
    <ele>946.0</ele>
    <time>2026-06-03T18:34:38Z</time>
   </trkpt>
   <trkpt lat="69.5989590" lon="19.1257470">
    <ele>946.0</ele>
    <time>2026-06-03T18:34:39Z</time>
   </trkpt>
   <trkpt lat="69.5989590" lon="19.1257470">
    <ele>946.0</ele>
    <time>2026-06-03T18:34:40Z</time>
   </trkpt>
   <trkpt lat="69.5989690" lon="19.1258020">
    <ele>946.8</ele>
    <time>2026-06-03T18:34:41Z</time>
   </trkpt>
   <trkpt lat="69.5989690" lon="19.1258020">
    <ele>946.8</ele>
    <time>2026-06-03T18:34:42Z</time>
   </trkpt>
   <trkpt lat="69.5989690" lon="19.1258020">
    <ele>946.8</ele>
    <time>2026-06-03T18:34:43Z</time>
   </trkpt>
   <trkpt lat="69.5989690" lon="19.1258020">
    <ele>946.8</ele>
    <time>2026-06-03T18:34:44Z</time>
   </trkpt>
   <trkpt lat="69.5989760" lon="19.1258510">
    <ele>947.4</ele>
    <time>2026-06-03T18:34:45Z</time>
   </trkpt>
   <trkpt lat="69.5989760" lon="19.1258510">
    <ele>947.4</ele>
    <time>2026-06-03T18:34:46Z</time>
   </trkpt>
   <trkpt lat="69.5989760" lon="19.1258510">
    <ele>947.4</ele>
    <time>2026-06-03T18:34:47Z</time>
   </trkpt>
   <trkpt lat="69.5989760" lon="19.1258510">
    <ele>947.4</ele>
    <time>2026-06-03T18:34:48Z</time>
   </trkpt>
   <trkpt lat="69.5989820" lon="19.1259020">
    <ele>948.1</ele>
    <time>2026-06-03T18:34:49Z</time>
   </trkpt>
   <trkpt lat="69.5989820" lon="19.1259020">
    <ele>948.1</ele>
    <time>2026-06-03T18:34:50Z</time>
   </trkpt>
   <trkpt lat="69.5989820" lon="19.1259020">
    <ele>948.1</ele>
    <time>2026-06-03T18:34:51Z</time>
   </trkpt>
   <trkpt lat="69.5989820" lon="19.1259020">
    <ele>948.1</ele>
    <time>2026-06-03T18:34:52Z</time>
   </trkpt>
   <trkpt lat="69.5989820" lon="19.1259020">
    <ele>948.1</ele>
    <time>2026-06-03T18:34:53Z</time>
   </trkpt>
   <trkpt lat="69.5989900" lon="19.1259610">
    <ele>949.5</ele>
    <time>2026-06-03T18:34:54Z</time>
   </trkpt>
   <trkpt lat="69.5989900" lon="19.1259610">
    <ele>949.5</ele>
    <time>2026-06-03T18:34:55Z</time>
   </trkpt>
   <trkpt lat="69.5989900" lon="19.1259610">
    <ele>949.5</ele>
    <time>2026-06-03T18:34:56Z</time>
   </trkpt>
   <trkpt lat="69.5989900" lon="19.1259610">
    <ele>949.5</ele>
    <time>2026-06-03T18:34:57Z</time>
   </trkpt>
   <trkpt lat="69.5989900" lon="19.1259610">
    <ele>949.5</ele>
    <time>2026-06-03T18:34:58Z</time>
   </trkpt>
   <trkpt lat="69.5989980" lon="19.1260190">
    <ele>950.2</ele>
    <time>2026-06-03T18:34:59Z</time>
   </trkpt>
   <trkpt lat="69.5989980" lon="19.1260190">
    <ele>950.2</ele>
    <time>2026-06-03T18:35:00Z</time>
   </trkpt>
   <trkpt lat="69.5989980" lon="19.1260190">
    <ele>950.2</ele>
    <time>2026-06-03T18:35:01Z</time>
   </trkpt>
   <trkpt lat="69.5989980" lon="19.1260190">
    <ele>950.2</ele>
    <time>2026-06-03T18:35:02Z</time>
   </trkpt>
   <trkpt lat="69.5990050" lon="19.1260690">
    <ele>950.8</ele>
    <time>2026-06-03T18:35:03Z</time>
   </trkpt>
   <trkpt lat="69.5990050" lon="19.1260690">
    <ele>950.8</ele>
    <time>2026-06-03T18:35:04Z</time>
   </trkpt>
   <trkpt lat="69.5990050" lon="19.1260690">
    <ele>950.8</ele>
    <time>2026-06-03T18:35:05Z</time>
   </trkpt>
   <trkpt lat="69.5990050" lon="19.1260690">
    <ele>950.8</ele>
    <time>2026-06-03T18:35:06Z</time>
   </trkpt>
   <trkpt lat="69.5990170" lon="19.1261180">
    <ele>951.4</ele>
    <time>2026-06-03T18:35:07Z</time>
   </trkpt>
   <trkpt lat="69.5990170" lon="19.1261180">
    <ele>951.4</ele>
    <time>2026-06-03T18:35:08Z</time>
   </trkpt>
   <trkpt lat="69.5990170" lon="19.1261180">
    <ele>951.4</ele>
    <time>2026-06-03T18:35:09Z</time>
   </trkpt>
   <trkpt lat="69.5990170" lon="19.1261180">
    <ele>951.4</ele>
    <time>2026-06-03T18:35:10Z</time>
   </trkpt>
   <trkpt lat="69.5990170" lon="19.1261180">
    <ele>951.4</ele>
    <time>2026-06-03T18:35:11Z</time>
   </trkpt>
   <trkpt lat="69.5990260" lon="19.1261760">
    <ele>952.8</ele>
    <time>2026-06-03T18:35:12Z</time>
   </trkpt>
   <trkpt lat="69.5990260" lon="19.1261760">
    <ele>952.8</ele>
    <time>2026-06-03T18:35:13Z</time>
   </trkpt>
   <trkpt lat="69.5990260" lon="19.1261760">
    <ele>952.8</ele>
    <time>2026-06-03T18:35:14Z</time>
   </trkpt>
   <trkpt lat="69.5990260" lon="19.1261760">
    <ele>952.8</ele>
    <time>2026-06-03T18:35:15Z</time>
   </trkpt>
   <trkpt lat="69.5990320" lon="19.1262250">
    <ele>953.4</ele>
    <time>2026-06-03T18:35:16Z</time>
   </trkpt>
   <trkpt lat="69.5990320" lon="19.1262250">
    <ele>953.4</ele>
    <time>2026-06-03T18:35:17Z</time>
   </trkpt>
   <trkpt lat="69.5990320" lon="19.1262250">
    <ele>953.4</ele>
    <time>2026-06-03T18:35:18Z</time>
   </trkpt>
   <trkpt lat="69.5990320" lon="19.1262250">
    <ele>953.4</ele>
    <time>2026-06-03T18:35:19Z</time>
   </trkpt>
   <trkpt lat="69.5990320" lon="19.1262250">
    <ele>953.4</ele>
    <time>2026-06-03T18:35:20Z</time>
   </trkpt>
   <trkpt lat="69.5990320" lon="19.1262250">
    <ele>953.4</ele>
    <time>2026-06-03T18:35:21Z</time>
   </trkpt>
   <trkpt lat="69.5990420" lon="19.1262710">
    <ele>954.1</ele>
    <time>2026-06-03T18:35:22Z</time>
   </trkpt>
   <trkpt lat="69.5990420" lon="19.1262710">
    <ele>954.1</ele>
    <time>2026-06-03T18:35:23Z</time>
   </trkpt>
   <trkpt lat="69.5990420" lon="19.1262710">
    <ele>954.1</ele>
    <time>2026-06-03T18:35:24Z</time>
   </trkpt>
   <trkpt lat="69.5990420" lon="19.1262710">
    <ele>954.1</ele>
    <time>2026-06-03T18:35:25Z</time>
   </trkpt>
   <trkpt lat="69.5990420" lon="19.1262710">
    <ele>954.1</ele>
    <time>2026-06-03T18:35:26Z</time>
   </trkpt>
   <trkpt lat="69.5990420" lon="19.1262710">
    <ele>954.1</ele>
    <time>2026-06-03T18:35:27Z</time>
   </trkpt>
   <trkpt lat="69.5990510" lon="19.1263260">
    <ele>954.6</ele>
    <time>2026-06-03T18:35:28Z</time>
   </trkpt>
   <trkpt lat="69.5990510" lon="19.1263260">
    <ele>954.6</ele>
    <time>2026-06-03T18:35:29Z</time>
   </trkpt>
   <trkpt lat="69.5990510" lon="19.1263260">
    <ele>954.6</ele>
    <time>2026-06-03T18:35:30Z</time>
   </trkpt>
   <trkpt lat="69.5990510" lon="19.1263260">
    <ele>954.6</ele>
    <time>2026-06-03T18:35:31Z</time>
   </trkpt>
   <trkpt lat="69.5990510" lon="19.1263260">
    <ele>954.6</ele>
    <time>2026-06-03T18:35:32Z</time>
   </trkpt>
   <trkpt lat="69.5990580" lon="19.1263840">
    <ele>955.9</ele>
    <time>2026-06-03T18:35:33Z</time>
   </trkpt>
   <trkpt lat="69.5990580" lon="19.1263840">
    <ele>955.9</ele>
    <time>2026-06-03T18:35:34Z</time>
   </trkpt>
   <trkpt lat="69.5990580" lon="19.1263840">
    <ele>955.9</ele>
    <time>2026-06-03T18:35:35Z</time>
   </trkpt>
   <trkpt lat="69.5990580" lon="19.1263840">
    <ele>955.9</ele>
    <time>2026-06-03T18:35:36Z</time>
   </trkpt>
   <trkpt lat="69.5990620" lon="19.1264410">
    <ele>956.4</ele>
    <time>2026-06-03T18:35:37Z</time>
   </trkpt>
   <trkpt lat="69.5990620" lon="19.1264410">
    <ele>956.5</ele>
    <time>2026-06-03T18:35:38Z</time>
   </trkpt>
   <trkpt lat="69.5990620" lon="19.1264410">
    <ele>956.5</ele>
    <time>2026-06-03T18:35:39Z</time>
   </trkpt>
   <trkpt lat="69.5990620" lon="19.1264410">
    <ele>956.5</ele>
    <time>2026-06-03T18:35:40Z</time>
   </trkpt>
   <trkpt lat="69.5990690" lon="19.1264930">
    <ele>957.1</ele>
    <time>2026-06-03T18:35:41Z</time>
   </trkpt>
   <trkpt lat="69.5990690" lon="19.1264930">
    <ele>957.1</ele>
    <time>2026-06-03T18:35:42Z</time>
   </trkpt>
   <trkpt lat="69.5990690" lon="19.1264930">
    <ele>957.1</ele>
    <time>2026-06-03T18:35:43Z</time>
   </trkpt>
   <trkpt lat="69.5990690" lon="19.1264930">
    <ele>957.1</ele>
    <time>2026-06-03T18:35:44Z</time>
   </trkpt>
   <trkpt lat="69.5990690" lon="19.1264930">
    <ele>957.1</ele>
    <time>2026-06-03T18:35:45Z</time>
   </trkpt>
   <trkpt lat="69.5990690" lon="19.1264930">
    <ele>957.1</ele>
    <time>2026-06-03T18:35:46Z</time>
   </trkpt>
   <trkpt lat="69.5990690" lon="19.1264930">
    <ele>957.1</ele>
    <time>2026-06-03T18:35:47Z</time>
   </trkpt>
   <trkpt lat="69.5990690" lon="19.1264930">
    <ele>957.1</ele>
    <time>2026-06-03T18:35:48Z</time>
   </trkpt>
   <trkpt lat="69.5990690" lon="19.1264930">
    <ele>957.1</ele>
    <time>2026-06-03T18:35:49Z</time>
   </trkpt>
   <trkpt lat="69.5990690" lon="19.1264930">
    <ele>957.1</ele>
    <time>2026-06-03T18:35:50Z</time>
   </trkpt>
   <trkpt lat="69.5990690" lon="19.1264930">
    <ele>957.1</ele>
    <time>2026-06-03T18:35:51Z</time>
   </trkpt>
   <trkpt lat="69.5990690" lon="19.1264930">
    <ele>957.1</ele>
    <time>2026-06-03T18:35:52Z</time>
   </trkpt>
   <trkpt lat="69.5990690" lon="19.1264930">
    <ele>957.1</ele>
    <time>2026-06-03T18:35:53Z</time>
   </trkpt>
   <trkpt lat="69.5990690" lon="19.1264930">
    <ele>957.1</ele>
    <time>2026-06-03T18:35:54Z</time>
   </trkpt>
   <trkpt lat="69.5990690" lon="19.1264930">
    <ele>957.1</ele>
    <time>2026-06-03T18:35:55Z</time>
   </trkpt>
   <trkpt lat="69.5990690" lon="19.1264930">
    <ele>957.1</ele>
    <time>2026-06-03T18:35:56Z</time>
   </trkpt>
   <trkpt lat="69.5990690" lon="19.1264930">
    <ele>957.1</ele>
    <time>2026-06-03T18:35:57Z</time>
   </trkpt>
   <trkpt lat="69.5990760" lon="19.1265450">
    <ele>957.8</ele>
    <time>2026-06-03T18:35:58Z</time>
   </trkpt>
   <trkpt lat="69.5990760" lon="19.1265450">
    <ele>957.8</ele>
    <time>2026-06-03T18:35:59Z</time>
   </trkpt>
   <trkpt lat="69.5990760" lon="19.1265450">
    <ele>957.8</ele>
    <time>2026-06-03T18:36:00Z</time>
   </trkpt>
   <trkpt lat="69.5990760" lon="19.1265450">
    <ele>957.8</ele>
    <time>2026-06-03T18:36:01Z</time>
   </trkpt>
   <trkpt lat="69.5990760" lon="19.1265450">
    <ele>957.8</ele>
    <time>2026-06-03T18:36:02Z</time>
   </trkpt>
   <trkpt lat="69.5990850" lon="19.1266070">
    <ele>959.0</ele>
    <time>2026-06-03T18:36:03Z</time>
   </trkpt>
   <trkpt lat="69.5990850" lon="19.1266070">
    <ele>959.0</ele>
    <time>2026-06-03T18:36:04Z</time>
   </trkpt>
   <trkpt lat="69.5990850" lon="19.1266070">
    <ele>959.0</ele>
    <time>2026-06-03T18:36:05Z</time>
   </trkpt>
   <trkpt lat="69.5990850" lon="19.1266070">
    <ele>959.0</ele>
    <time>2026-06-03T18:36:06Z</time>
   </trkpt>
   <trkpt lat="69.5990940" lon="19.1266640">
    <ele>959.5</ele>
    <time>2026-06-03T18:36:07Z</time>
   </trkpt>
   <trkpt lat="69.5990940" lon="19.1266640">
    <ele>959.5</ele>
    <time>2026-06-03T18:36:08Z</time>
   </trkpt>
   <trkpt lat="69.5990940" lon="19.1266640">
    <ele>959.5</ele>
    <time>2026-06-03T18:36:09Z</time>
   </trkpt>
   <trkpt lat="69.5990940" lon="19.1266640">
    <ele>959.5</ele>
    <time>2026-06-03T18:36:10Z</time>
   </trkpt>
   <trkpt lat="69.5991010" lon="19.1267260">
    <ele>960.9</ele>
    <time>2026-06-03T18:36:11Z</time>
   </trkpt>
   <trkpt lat="69.5991010" lon="19.1267260">
    <ele>960.9</ele>
    <time>2026-06-03T18:36:12Z</time>
   </trkpt>
   <trkpt lat="69.5991010" lon="19.1267260">
    <ele>960.9</ele>
    <time>2026-06-03T18:36:13Z</time>
   </trkpt>
   <trkpt lat="69.5991010" lon="19.1267260">
    <ele>960.9</ele>
    <time>2026-06-03T18:36:14Z</time>
   </trkpt>
   <trkpt lat="69.5991090" lon="19.1267840">
    <ele>961.5</ele>
    <time>2026-06-03T18:36:15Z</time>
   </trkpt>
   <trkpt lat="69.5991090" lon="19.1267840">
    <ele>961.5</ele>
    <time>2026-06-03T18:36:16Z</time>
   </trkpt>
   <trkpt lat="69.5991090" lon="19.1267840">
    <ele>961.5</ele>
    <time>2026-06-03T18:36:17Z</time>
   </trkpt>
   <trkpt lat="69.5991090" lon="19.1267840">
    <ele>961.5</ele>
    <time>2026-06-03T18:36:18Z</time>
   </trkpt>
   <trkpt lat="69.5991160" lon="19.1268390">
    <ele>962.2</ele>
    <time>2026-06-03T18:36:19Z</time>
   </trkpt>
   <trkpt lat="69.5991160" lon="19.1268390">
    <ele>962.2</ele>
    <time>2026-06-03T18:36:20Z</time>
   </trkpt>
   <trkpt lat="69.5991160" lon="19.1268390">
    <ele>962.2</ele>
    <time>2026-06-03T18:36:21Z</time>
   </trkpt>
   <trkpt lat="69.5991160" lon="19.1268390">
    <ele>962.2</ele>
    <time>2026-06-03T18:36:22Z</time>
   </trkpt>
   <trkpt lat="69.5991220" lon="19.1268950">
    <ele>962.8</ele>
    <time>2026-06-03T18:36:23Z</time>
   </trkpt>
   <trkpt lat="69.5991220" lon="19.1268950">
    <ele>962.8</ele>
    <time>2026-06-03T18:36:24Z</time>
   </trkpt>
   <trkpt lat="69.5991220" lon="19.1268950">
    <ele>962.8</ele>
    <time>2026-06-03T18:36:25Z</time>
   </trkpt>
   <trkpt lat="69.5991220" lon="19.1268950">
    <ele>962.8</ele>
    <time>2026-06-03T18:36:26Z</time>
   </trkpt>
   <trkpt lat="69.5991280" lon="19.1269450">
    <ele>964.2</ele>
    <time>2026-06-03T18:36:27Z</time>
   </trkpt>
   <trkpt lat="69.5991280" lon="19.1269450">
    <ele>964.2</ele>
    <time>2026-06-03T18:36:28Z</time>
   </trkpt>
   <trkpt lat="69.5991280" lon="19.1269450">
    <ele>964.2</ele>
    <time>2026-06-03T18:36:29Z</time>
   </trkpt>
   <trkpt lat="69.5991280" lon="19.1269450">
    <ele>964.2</ele>
    <time>2026-06-03T18:36:30Z</time>
   </trkpt>
   <trkpt lat="69.5991280" lon="19.1269450">
    <ele>964.2</ele>
    <time>2026-06-03T18:36:31Z</time>
   </trkpt>
   <trkpt lat="69.5991340" lon="19.1270050">
    <ele>964.9</ele>
    <time>2026-06-03T18:36:32Z</time>
   </trkpt>
   <trkpt lat="69.5991340" lon="19.1270050">
    <ele>964.9</ele>
    <time>2026-06-03T18:36:33Z</time>
   </trkpt>
   <trkpt lat="69.5991340" lon="19.1270050">
    <ele>964.9</ele>
    <time>2026-06-03T18:36:34Z</time>
   </trkpt>
   <trkpt lat="69.5991340" lon="19.1270050">
    <ele>964.9</ele>
    <time>2026-06-03T18:36:35Z</time>
   </trkpt>
   <trkpt lat="69.5991340" lon="19.1270050">
    <ele>964.9</ele>
    <time>2026-06-03T18:36:36Z</time>
   </trkpt>
   <trkpt lat="69.5991410" lon="19.1270540">
    <ele>965.5</ele>
    <time>2026-06-03T18:36:37Z</time>
   </trkpt>
   <trkpt lat="69.5991410" lon="19.1270540">
    <ele>965.5</ele>
    <time>2026-06-03T18:36:38Z</time>
   </trkpt>
   <trkpt lat="69.5991410" lon="19.1270540">
    <ele>965.5</ele>
    <time>2026-06-03T18:36:39Z</time>
   </trkpt>
   <trkpt lat="69.5991410" lon="19.1270540">
    <ele>965.5</ele>
    <time>2026-06-03T18:36:40Z</time>
   </trkpt>
   <trkpt lat="69.5991490" lon="19.1271130">
    <ele>967.0</ele>
    <time>2026-06-03T18:36:41Z</time>
   </trkpt>
   <trkpt lat="69.5991490" lon="19.1271130">
    <ele>967.0</ele>
    <time>2026-06-03T18:36:42Z</time>
   </trkpt>
   <trkpt lat="69.5991490" lon="19.1271130">
    <ele>967.0</ele>
    <time>2026-06-03T18:36:43Z</time>
   </trkpt>
   <trkpt lat="69.5991490" lon="19.1271130">
    <ele>967.0</ele>
    <time>2026-06-03T18:36:44Z</time>
   </trkpt>
   <trkpt lat="69.5991570" lon="19.1271640">
    <ele>967.5</ele>
    <time>2026-06-03T18:36:45Z</time>
   </trkpt>
   <trkpt lat="69.5991570" lon="19.1271640">
    <ele>967.5</ele>
    <time>2026-06-03T18:36:46Z</time>
   </trkpt>
   <trkpt lat="69.5991570" lon="19.1271640">
    <ele>967.5</ele>
    <time>2026-06-03T18:36:47Z</time>
   </trkpt>
   <trkpt lat="69.5991570" lon="19.1271640">
    <ele>967.5</ele>
    <time>2026-06-03T18:36:48Z</time>
   </trkpt>
   <trkpt lat="69.5991570" lon="19.1271640">
    <ele>967.5</ele>
    <time>2026-06-03T18:36:49Z</time>
   </trkpt>
   <trkpt lat="69.5991570" lon="19.1271640">
    <ele>967.6</ele>
    <time>2026-06-03T18:36:50Z</time>
   </trkpt>
   <trkpt lat="69.5991570" lon="19.1271640">
    <ele>967.6</ele>
    <time>2026-06-03T18:36:51Z</time>
   </trkpt>
   <trkpt lat="69.5991570" lon="19.1271640">
    <ele>967.6</ele>
    <time>2026-06-03T18:36:52Z</time>
   </trkpt>
   <trkpt lat="69.5991570" lon="19.1271640">
    <ele>967.6</ele>
    <time>2026-06-03T18:36:53Z</time>
   </trkpt>
   <trkpt lat="69.5991570" lon="19.1271640">
    <ele>967.6</ele>
    <time>2026-06-03T18:36:54Z</time>
   </trkpt>
   <trkpt lat="69.5991570" lon="19.1271640">
    <ele>967.6</ele>
    <time>2026-06-03T18:36:55Z</time>
   </trkpt>
   <trkpt lat="69.5991570" lon="19.1271640">
    <ele>967.6</ele>
    <time>2026-06-03T18:36:56Z</time>
   </trkpt>
   <trkpt lat="69.5991570" lon="19.1271640">
    <ele>967.6</ele>
    <time>2026-06-03T18:36:57Z</time>
   </trkpt>
   <trkpt lat="69.5991570" lon="19.1271640">
    <ele>967.6</ele>
    <time>2026-06-03T18:36:58Z</time>
   </trkpt>
   <trkpt lat="69.5991570" lon="19.1271640">
    <ele>967.6</ele>
    <time>2026-06-03T18:36:59Z</time>
   </trkpt>
   <trkpt lat="69.5991570" lon="19.1271640">
    <ele>967.6</ele>
    <time>2026-06-03T18:37:00Z</time>
   </trkpt>
   <trkpt lat="69.5991570" lon="19.1271640">
    <ele>967.6</ele>
    <time>2026-06-03T18:37:01Z</time>
   </trkpt>
   <trkpt lat="69.5991570" lon="19.1271640">
    <ele>967.6</ele>
    <time>2026-06-03T18:37:02Z</time>
   </trkpt>
   <trkpt lat="69.5991570" lon="19.1271640">
    <ele>967.6</ele>
    <time>2026-06-03T18:37:03Z</time>
   </trkpt>
   <trkpt lat="69.5991680" lon="19.1272090">
    <ele>968.4</ele>
    <time>2026-06-03T18:37:04Z</time>
   </trkpt>
   <trkpt lat="69.5991680" lon="19.1272090">
    <ele>968.4</ele>
    <time>2026-06-03T18:37:05Z</time>
   </trkpt>
   <trkpt lat="69.5991680" lon="19.1272090">
    <ele>968.4</ele>
    <time>2026-06-03T18:37:06Z</time>
   </trkpt>
   <trkpt lat="69.5991680" lon="19.1272090">
    <ele>968.4</ele>
    <time>2026-06-03T18:37:07Z</time>
   </trkpt>
   <trkpt lat="69.5991680" lon="19.1272090">
    <ele>968.4</ele>
    <time>2026-06-03T18:37:08Z</time>
   </trkpt>
   <trkpt lat="69.5991770" lon="19.1272640">
    <ele>969.1</ele>
    <time>2026-06-03T18:37:09Z</time>
   </trkpt>
   <trkpt lat="69.5991770" lon="19.1272640">
    <ele>969.1</ele>
    <time>2026-06-03T18:37:10Z</time>
   </trkpt>
   <trkpt lat="69.5991770" lon="19.1272640">
    <ele>969.1</ele>
    <time>2026-06-03T18:37:11Z</time>
   </trkpt>
   <trkpt lat="69.5991770" lon="19.1272640">
    <ele>969.1</ele>
    <time>2026-06-03T18:37:12Z</time>
   </trkpt>
   <trkpt lat="69.5991860" lon="19.1273200">
    <ele>969.6</ele>
    <time>2026-06-03T18:37:13Z</time>
   </trkpt>
   <trkpt lat="69.5991860" lon="19.1273200">
    <ele>969.6</ele>
    <time>2026-06-03T18:37:14Z</time>
   </trkpt>
   <trkpt lat="69.5991860" lon="19.1273200">
    <ele>969.6</ele>
    <time>2026-06-03T18:37:15Z</time>
   </trkpt>
   <trkpt lat="69.5991860" lon="19.1273200">
    <ele>969.6</ele>
    <time>2026-06-03T18:37:16Z</time>
   </trkpt>
   <trkpt lat="69.5991930" lon="19.1273760">
    <ele>971.1</ele>
    <time>2026-06-03T18:37:17Z</time>
   </trkpt>
   <trkpt lat="69.5991930" lon="19.1273760">
    <ele>971.1</ele>
    <time>2026-06-03T18:37:18Z</time>
   </trkpt>
   <trkpt lat="69.5991930" lon="19.1273760">
    <ele>971.1</ele>
    <time>2026-06-03T18:37:19Z</time>
   </trkpt>
   <trkpt lat="69.5991930" lon="19.1273760">
    <ele>971.1</ele>
    <time>2026-06-03T18:37:20Z</time>
   </trkpt>
   <trkpt lat="69.5992030" lon="19.1274340">
    <ele>971.7</ele>
    <time>2026-06-03T18:37:21Z</time>
   </trkpt>
   <trkpt lat="69.5992030" lon="19.1274340">
    <ele>971.7</ele>
    <time>2026-06-03T18:37:22Z</time>
   </trkpt>
   <trkpt lat="69.5992030" lon="19.1274340">
    <ele>971.7</ele>
    <time>2026-06-03T18:37:23Z</time>
   </trkpt>
   <trkpt lat="69.5992030" lon="19.1274340">
    <ele>971.7</ele>
    <time>2026-06-03T18:37:24Z</time>
   </trkpt>
   <trkpt lat="69.5992120" lon="19.1274870">
    <ele>972.2</ele>
    <time>2026-06-03T18:37:25Z</time>
   </trkpt>
   <trkpt lat="69.5992120" lon="19.1274870">
    <ele>972.2</ele>
    <time>2026-06-03T18:37:26Z</time>
   </trkpt>
   <trkpt lat="69.5992120" lon="19.1274870">
    <ele>972.2</ele>
    <time>2026-06-03T18:37:27Z</time>
   </trkpt>
   <trkpt lat="69.5992120" lon="19.1274870">
    <ele>972.2</ele>
    <time>2026-06-03T18:37:28Z</time>
   </trkpt>
   <trkpt lat="69.5992230" lon="19.1275390">
    <ele>973.0</ele>
    <time>2026-06-03T18:37:29Z</time>
   </trkpt>
   <trkpt lat="69.5992230" lon="19.1275390">
    <ele>973.0</ele>
    <time>2026-06-03T18:37:30Z</time>
   </trkpt>
   <trkpt lat="69.5992230" lon="19.1275390">
    <ele>973.0</ele>
    <time>2026-06-03T18:37:31Z</time>
   </trkpt>
   <trkpt lat="69.5992230" lon="19.1275390">
    <ele>973.0</ele>
    <time>2026-06-03T18:37:32Z</time>
   </trkpt>
   <trkpt lat="69.5992310" lon="19.1275930">
    <ele>974.4</ele>
    <time>2026-06-03T18:37:33Z</time>
   </trkpt>
   <trkpt lat="69.5992310" lon="19.1275930">
    <ele>974.4</ele>
    <time>2026-06-03T18:37:34Z</time>
   </trkpt>
   <trkpt lat="69.5992310" lon="19.1275930">
    <ele>974.4</ele>
    <time>2026-06-03T18:37:35Z</time>
   </trkpt>
   <trkpt lat="69.5992310" lon="19.1275930">
    <ele>974.4</ele>
    <time>2026-06-03T18:37:36Z</time>
   </trkpt>
   <trkpt lat="69.5992400" lon="19.1276420">
    <ele>975.1</ele>
    <time>2026-06-03T18:37:37Z</time>
   </trkpt>
   <trkpt lat="69.5992400" lon="19.1276420">
    <ele>975.1</ele>
    <time>2026-06-03T18:37:38Z</time>
   </trkpt>
   <trkpt lat="69.5992400" lon="19.1276420">
    <ele>975.1</ele>
    <time>2026-06-03T18:37:39Z</time>
   </trkpt>
   <trkpt lat="69.5992400" lon="19.1276420">
    <ele>975.1</ele>
    <time>2026-06-03T18:37:40Z</time>
   </trkpt>
   <trkpt lat="69.5992480" lon="19.1276980">
    <ele>975.7</ele>
    <time>2026-06-03T18:37:41Z</time>
   </trkpt>
   <trkpt lat="69.5992480" lon="19.1276980">
    <ele>975.7</ele>
    <time>2026-06-03T18:37:42Z</time>
   </trkpt>
   <trkpt lat="69.5992480" lon="19.1276980">
    <ele>975.7</ele>
    <time>2026-06-03T18:37:43Z</time>
   </trkpt>
   <trkpt lat="69.5992480" lon="19.1276980">
    <ele>975.7</ele>
    <time>2026-06-03T18:37:44Z</time>
   </trkpt>
   <trkpt lat="69.5992480" lon="19.1276980">
    <ele>975.7</ele>
    <time>2026-06-03T18:37:45Z</time>
   </trkpt>
   <trkpt lat="69.5992570" lon="19.1277550">
    <ele>976.3</ele>
    <time>2026-06-03T18:37:46Z</time>
   </trkpt>
   <trkpt lat="69.5992570" lon="19.1277550">
    <ele>976.3</ele>
    <time>2026-06-03T18:37:47Z</time>
   </trkpt>
   <trkpt lat="69.5992570" lon="19.1277550">
    <ele>976.3</ele>
    <time>2026-06-03T18:37:48Z</time>
   </trkpt>
   <trkpt lat="69.5992570" lon="19.1277550">
    <ele>976.3</ele>
    <time>2026-06-03T18:37:49Z</time>
   </trkpt>
   <trkpt lat="69.5992570" lon="19.1277550">
    <ele>976.3</ele>
    <time>2026-06-03T18:37:50Z</time>
   </trkpt>
   <trkpt lat="69.5992650" lon="19.1278110">
    <ele>977.8</ele>
    <time>2026-06-03T18:37:51Z</time>
   </trkpt>
   <trkpt lat="69.5992650" lon="19.1278110">
    <ele>977.8</ele>
    <time>2026-06-03T18:37:52Z</time>
   </trkpt>
   <trkpt lat="69.5992650" lon="19.1278110">
    <ele>977.8</ele>
    <time>2026-06-03T18:37:53Z</time>
   </trkpt>
   <trkpt lat="69.5992650" lon="19.1278110">
    <ele>977.8</ele>
    <time>2026-06-03T18:37:54Z</time>
   </trkpt>
   <trkpt lat="69.5992740" lon="19.1278590">
    <ele>978.4</ele>
    <time>2026-06-03T18:37:55Z</time>
   </trkpt>
   <trkpt lat="69.5992740" lon="19.1278590">
    <ele>978.4</ele>
    <time>2026-06-03T18:37:56Z</time>
   </trkpt>
   <trkpt lat="69.5992740" lon="19.1278590">
    <ele>978.4</ele>
    <time>2026-06-03T18:37:57Z</time>
   </trkpt>
   <trkpt lat="69.5992740" lon="19.1278590">
    <ele>978.4</ele>
    <time>2026-06-03T18:37:58Z</time>
   </trkpt>
   <trkpt lat="69.5992740" lon="19.1278590">
    <ele>978.4</ele>
    <time>2026-06-03T18:37:59Z</time>
   </trkpt>
   <trkpt lat="69.5992830" lon="19.1279140">
    <ele>979.2</ele>
    <time>2026-06-03T18:38:00Z</time>
   </trkpt>
   <trkpt lat="69.5992830" lon="19.1279140">
    <ele>979.2</ele>
    <time>2026-06-03T18:38:01Z</time>
   </trkpt>
   <trkpt lat="69.5992830" lon="19.1279140">
    <ele>979.2</ele>
    <time>2026-06-03T18:38:02Z</time>
   </trkpt>
   <trkpt lat="69.5992830" lon="19.1279140">
    <ele>979.2</ele>
    <time>2026-06-03T18:38:03Z</time>
   </trkpt>
   <trkpt lat="69.5992830" lon="19.1279140">
    <ele>979.2</ele>
    <time>2026-06-03T18:38:04Z</time>
   </trkpt>
   <trkpt lat="69.5992830" lon="19.1279140">
    <ele>979.2</ele>
    <time>2026-06-03T18:38:05Z</time>
   </trkpt>
   <trkpt lat="69.5992830" lon="19.1279140">
    <ele>979.2</ele>
    <time>2026-06-03T18:38:06Z</time>
   </trkpt>
   <trkpt lat="69.5992830" lon="19.1279140">
    <ele>979.2</ele>
    <time>2026-06-03T18:38:07Z</time>
   </trkpt>
   <trkpt lat="69.5992830" lon="19.1279140">
    <ele>979.2</ele>
    <time>2026-06-03T18:38:08Z</time>
   </trkpt>
   <trkpt lat="69.5992830" lon="19.1279140">
    <ele>979.2</ele>
    <time>2026-06-03T18:38:09Z</time>
   </trkpt>
   <trkpt lat="69.5992830" lon="19.1279140">
    <ele>979.2</ele>
    <time>2026-06-03T18:38:10Z</time>
   </trkpt>
   <trkpt lat="69.5992830" lon="19.1279140">
    <ele>979.2</ele>
    <time>2026-06-03T18:38:11Z</time>
   </trkpt>
   <trkpt lat="69.5992830" lon="19.1279140">
    <ele>979.2</ele>
    <time>2026-06-03T18:38:12Z</time>
   </trkpt>
   <trkpt lat="69.5992830" lon="19.1279140">
    <ele>979.2</ele>
    <time>2026-06-03T18:38:13Z</time>
   </trkpt>
   <trkpt lat="69.5992830" lon="19.1279140">
    <ele>979.2</ele>
    <time>2026-06-03T18:38:14Z</time>
   </trkpt>
   <trkpt lat="69.5992830" lon="19.1279140">
    <ele>979.2</ele>
    <time>2026-06-03T18:38:15Z</time>
   </trkpt>
   <trkpt lat="69.5992830" lon="19.1279140">
    <ele>979.2</ele>
    <time>2026-06-03T18:38:16Z</time>
   </trkpt>
   <trkpt lat="69.5992830" lon="19.1279140">
    <ele>979.2</ele>
    <time>2026-06-03T18:38:17Z</time>
   </trkpt>
   <trkpt lat="69.5992830" lon="19.1279140">
    <ele>979.2</ele>
    <time>2026-06-03T18:38:18Z</time>
   </trkpt>
   <trkpt lat="69.5992830" lon="19.1279140">
    <ele>979.2</ele>
    <time>2026-06-03T18:38:19Z</time>
   </trkpt>
   <trkpt lat="69.5992890" lon="19.1279660">
    <ele>979.7</ele>
    <time>2026-06-03T18:38:20Z</time>
   </trkpt>
   <trkpt lat="69.5992890" lon="19.1279660">
    <ele>979.8</ele>
    <time>2026-06-03T18:38:21Z</time>
   </trkpt>
   <trkpt lat="69.5992890" lon="19.1279660">
    <ele>979.8</ele>
    <time>2026-06-03T18:38:22Z</time>
   </trkpt>
   <trkpt lat="69.5992890" lon="19.1279660">
    <ele>979.8</ele>
    <time>2026-06-03T18:38:23Z</time>
   </trkpt>
   <trkpt lat="69.5992990" lon="19.1280240">
    <ele>981.3</ele>
    <time>2026-06-03T18:38:24Z</time>
   </trkpt>
   <trkpt lat="69.5992990" lon="19.1280240">
    <ele>981.3</ele>
    <time>2026-06-03T18:38:25Z</time>
   </trkpt>
   <trkpt lat="69.5992990" lon="19.1280240">
    <ele>981.3</ele>
    <time>2026-06-03T18:38:26Z</time>
   </trkpt>
   <trkpt lat="69.5992990" lon="19.1280240">
    <ele>981.3</ele>
    <time>2026-06-03T18:38:27Z</time>
   </trkpt>
   <trkpt lat="69.5993100" lon="19.1280870">
    <ele>981.8</ele>
    <time>2026-06-03T18:38:28Z</time>
   </trkpt>
   <trkpt lat="69.5993100" lon="19.1280870">
    <ele>981.8</ele>
    <time>2026-06-03T18:38:29Z</time>
   </trkpt>
   <trkpt lat="69.5993100" lon="19.1280870">
    <ele>981.8</ele>
    <time>2026-06-03T18:38:30Z</time>
   </trkpt>
   <trkpt lat="69.5993100" lon="19.1280870">
    <ele>981.8</ele>
    <time>2026-06-03T18:38:31Z</time>
   </trkpt>
   <trkpt lat="69.5993190" lon="19.1281460">
    <ele>983.1</ele>
    <time>2026-06-03T18:38:32Z</time>
   </trkpt>
   <trkpt lat="69.5993190" lon="19.1281460">
    <ele>983.2</ele>
    <time>2026-06-03T18:38:33Z</time>
   </trkpt>
   <trkpt lat="69.5993190" lon="19.1281460">
    <ele>983.2</ele>
    <time>2026-06-03T18:38:34Z</time>
   </trkpt>
   <trkpt lat="69.5993190" lon="19.1281460">
    <ele>983.2</ele>
    <time>2026-06-03T18:38:35Z</time>
   </trkpt>
   <trkpt lat="69.5993270" lon="19.1282070">
    <ele>983.9</ele>
    <time>2026-06-03T18:38:36Z</time>
   </trkpt>
   <trkpt lat="69.5993270" lon="19.1282070">
    <ele>983.9</ele>
    <time>2026-06-03T18:38:37Z</time>
   </trkpt>
   <trkpt lat="69.5993270" lon="19.1282070">
    <ele>983.9</ele>
    <time>2026-06-03T18:38:38Z</time>
   </trkpt>
   <trkpt lat="69.5993270" lon="19.1282070">
    <ele>983.9</ele>
    <time>2026-06-03T18:38:39Z</time>
   </trkpt>
   <trkpt lat="69.5993360" lon="19.1282710">
    <ele>985.2</ele>
    <time>2026-06-03T18:38:40Z</time>
   </trkpt>
   <trkpt lat="69.5993360" lon="19.1282710">
    <ele>985.2</ele>
    <time>2026-06-03T18:38:41Z</time>
   </trkpt>
   <trkpt lat="69.5993360" lon="19.1282710">
    <ele>985.2</ele>
    <time>2026-06-03T18:38:42Z</time>
   </trkpt>
   <trkpt lat="69.5993360" lon="19.1282710">
    <ele>985.2</ele>
    <time>2026-06-03T18:38:43Z</time>
   </trkpt>
   <trkpt lat="69.5993450" lon="19.1283270">
    <ele>986.0</ele>
    <time>2026-06-03T18:38:44Z</time>
   </trkpt>
   <trkpt lat="69.5993450" lon="19.1283270">
    <ele>986.0</ele>
    <time>2026-06-03T18:38:45Z</time>
   </trkpt>
   <trkpt lat="69.5993450" lon="19.1283270">
    <ele>986.0</ele>
    <time>2026-06-03T18:38:46Z</time>
   </trkpt>
   <trkpt lat="69.5993450" lon="19.1283270">
    <ele>986.0</ele>
    <time>2026-06-03T18:38:47Z</time>
   </trkpt>
   <trkpt lat="69.5993570" lon="19.1283790">
    <ele>986.6</ele>
    <time>2026-06-03T18:38:48Z</time>
   </trkpt>
   <trkpt lat="69.5993570" lon="19.1283790">
    <ele>986.6</ele>
    <time>2026-06-03T18:38:49Z</time>
   </trkpt>
   <trkpt lat="69.5993570" lon="19.1283790">
    <ele>986.6</ele>
    <time>2026-06-03T18:38:50Z</time>
   </trkpt>
   <trkpt lat="69.5993570" lon="19.1283790">
    <ele>986.6</ele>
    <time>2026-06-03T18:38:51Z</time>
   </trkpt>
   <trkpt lat="69.5993660" lon="19.1284310">
    <ele>987.1</ele>
    <time>2026-06-03T18:38:52Z</time>
   </trkpt>
   <trkpt lat="69.5993660" lon="19.1284310">
    <ele>987.1</ele>
    <time>2026-06-03T18:38:53Z</time>
   </trkpt>
   <trkpt lat="69.5993660" lon="19.1284310">
    <ele>987.1</ele>
    <time>2026-06-03T18:38:54Z</time>
   </trkpt>
   <trkpt lat="69.5993660" lon="19.1284310">
    <ele>987.1</ele>
    <time>2026-06-03T18:38:55Z</time>
   </trkpt>
   <trkpt lat="69.5993770" lon="19.1284830">
    <ele>987.7</ele>
    <time>2026-06-03T18:38:56Z</time>
   </trkpt>
   <trkpt lat="69.5993770" lon="19.1284830">
    <ele>987.7</ele>
    <time>2026-06-03T18:38:57Z</time>
   </trkpt>
   <trkpt lat="69.5993770" lon="19.1284830">
    <ele>987.7</ele>
    <time>2026-06-03T18:38:58Z</time>
   </trkpt>
   <trkpt lat="69.5993770" lon="19.1284830">
    <ele>987.7</ele>
    <time>2026-06-03T18:38:59Z</time>
   </trkpt>
   <trkpt lat="69.5993870" lon="19.1285280">
    <ele>989.2</ele>
    <time>2026-06-03T18:39:00Z</time>
   </trkpt>
   <trkpt lat="69.5993870" lon="19.1285280">
    <ele>989.2</ele>
    <time>2026-06-03T18:39:01Z</time>
   </trkpt>
   <trkpt lat="69.5993870" lon="19.1285280">
    <ele>989.3</ele>
    <time>2026-06-03T18:39:02Z</time>
   </trkpt>
   <trkpt lat="69.5993870" lon="19.1285280">
    <ele>989.3</ele>
    <time>2026-06-03T18:39:03Z</time>
   </trkpt>
   <trkpt lat="69.5994000" lon="19.1285720">
    <ele>989.9</ele>
    <time>2026-06-03T18:39:04Z</time>
   </trkpt>
   <trkpt lat="69.5994000" lon="19.1285720">
    <ele>989.9</ele>
    <time>2026-06-03T18:39:05Z</time>
   </trkpt>
   <trkpt lat="69.5994000" lon="19.1285720">
    <ele>989.9</ele>
    <time>2026-06-03T18:39:06Z</time>
   </trkpt>
   <trkpt lat="69.5994000" lon="19.1285720">
    <ele>989.9</ele>
    <time>2026-06-03T18:39:07Z</time>
   </trkpt>
   <trkpt lat="69.5994000" lon="19.1285720">
    <ele>989.9</ele>
    <time>2026-06-03T18:39:08Z</time>
   </trkpt>
   <trkpt lat="69.5994000" lon="19.1285720">
    <ele>989.9</ele>
    <time>2026-06-03T18:39:09Z</time>
   </trkpt>
   <trkpt lat="69.5994000" lon="19.1285720">
    <ele>989.9</ele>
    <time>2026-06-03T18:39:10Z</time>
   </trkpt>
   <trkpt lat="69.5994000" lon="19.1285720">
    <ele>989.9</ele>
    <time>2026-06-03T18:39:11Z</time>
   </trkpt>
   <trkpt lat="69.5994000" lon="19.1285720">
    <ele>989.9</ele>
    <time>2026-06-03T18:39:12Z</time>
   </trkpt>
   <trkpt lat="69.5994000" lon="19.1285720">
    <ele>989.9</ele>
    <time>2026-06-03T18:39:13Z</time>
   </trkpt>
   <trkpt lat="69.5994000" lon="19.1285720">
    <ele>989.9</ele>
    <time>2026-06-03T18:39:14Z</time>
   </trkpt>
   <trkpt lat="69.5994000" lon="19.1285720">
    <ele>989.9</ele>
    <time>2026-06-03T18:39:15Z</time>
   </trkpt>
   <trkpt lat="69.5994000" lon="19.1285720">
    <ele>989.9</ele>
    <time>2026-06-03T18:39:16Z</time>
   </trkpt>
   <trkpt lat="69.5994000" lon="19.1285720">
    <ele>989.9</ele>
    <time>2026-06-03T18:39:17Z</time>
   </trkpt>
   <trkpt lat="69.5994000" lon="19.1285720">
    <ele>989.9</ele>
    <time>2026-06-03T18:39:18Z</time>
   </trkpt>
   <trkpt lat="69.5994000" lon="19.1285720">
    <ele>989.9</ele>
    <time>2026-06-03T18:39:19Z</time>
   </trkpt>
   <trkpt lat="69.5994000" lon="19.1285720">
    <ele>989.9</ele>
    <time>2026-06-03T18:39:20Z</time>
   </trkpt>
   <trkpt lat="69.5994080" lon="19.1286240">
    <ele>990.5</ele>
    <time>2026-06-03T18:39:21Z</time>
   </trkpt>
   <trkpt lat="69.5994080" lon="19.1286240">
    <ele>990.5</ele>
    <time>2026-06-03T18:39:22Z</time>
   </trkpt>
   <trkpt lat="69.5994080" lon="19.1286240">
    <ele>990.5</ele>
    <time>2026-06-03T18:39:23Z</time>
   </trkpt>
   <trkpt lat="69.5994080" lon="19.1286240">
    <ele>990.5</ele>
    <time>2026-06-03T18:39:24Z</time>
   </trkpt>
   <trkpt lat="69.5994170" lon="19.1286690">
    <ele>991.3</ele>
    <time>2026-06-03T18:39:25Z</time>
   </trkpt>
   <trkpt lat="69.5994170" lon="19.1286690">
    <ele>991.3</ele>
    <time>2026-06-03T18:39:26Z</time>
   </trkpt>
   <trkpt lat="69.5994170" lon="19.1286690">
    <ele>991.3</ele>
    <time>2026-06-03T18:39:27Z</time>
   </trkpt>
   <trkpt lat="69.5994170" lon="19.1286690">
    <ele>991.3</ele>
    <time>2026-06-03T18:39:28Z</time>
   </trkpt>
   <trkpt lat="69.5994170" lon="19.1286690">
    <ele>991.3</ele>
    <time>2026-06-03T18:39:29Z</time>
   </trkpt>
   <trkpt lat="69.5994290" lon="19.1287230">
    <ele>991.9</ele>
    <time>2026-06-03T18:39:30Z</time>
   </trkpt>
   <trkpt lat="69.5994290" lon="19.1287230">
    <ele>991.9</ele>
    <time>2026-06-03T18:39:31Z</time>
   </trkpt>
   <trkpt lat="69.5994290" lon="19.1287230">
    <ele>991.9</ele>
    <time>2026-06-03T18:39:32Z</time>
   </trkpt>
   <trkpt lat="69.5994370" lon="19.1287750">
    <ele>992.5</ele>
    <time>2026-06-03T18:39:33Z</time>
   </trkpt>
   <trkpt lat="69.5994370" lon="19.1287750">
    <ele>992.5</ele>
    <time>2026-06-03T18:39:34Z</time>
   </trkpt>
   <trkpt lat="69.5994370" lon="19.1287750">
    <ele>992.5</ele>
    <time>2026-06-03T18:39:35Z</time>
   </trkpt>
   <trkpt lat="69.5994370" lon="19.1287750">
    <ele>992.5</ele>
    <time>2026-06-03T18:39:36Z</time>
   </trkpt>
   <trkpt lat="69.5994370" lon="19.1287750">
    <ele>992.6</ele>
    <time>2026-06-03T18:39:37Z</time>
   </trkpt>
   <trkpt lat="69.5994490" lon="19.1288310">
    <ele>994.0</ele>
    <time>2026-06-03T18:39:38Z</time>
   </trkpt>
   <trkpt lat="69.5994490" lon="19.1288310">
    <ele>994.0</ele>
    <time>2026-06-03T18:39:39Z</time>
   </trkpt>
   <trkpt lat="69.5994490" lon="19.1288310">
    <ele>994.0</ele>
    <time>2026-06-03T18:39:40Z</time>
   </trkpt>
   <trkpt lat="69.5994490" lon="19.1288310">
    <ele>994.0</ele>
    <time>2026-06-03T18:39:41Z</time>
   </trkpt>
   <trkpt lat="69.5994590" lon="19.1288860">
    <ele>994.6</ele>
    <time>2026-06-03T18:39:42Z</time>
   </trkpt>
   <trkpt lat="69.5994590" lon="19.1288860">
    <ele>994.6</ele>
    <time>2026-06-03T18:39:43Z</time>
   </trkpt>
   <trkpt lat="69.5994590" lon="19.1288860">
    <ele>994.6</ele>
    <time>2026-06-03T18:39:44Z</time>
   </trkpt>
   <trkpt lat="69.5994590" lon="19.1288860">
    <ele>994.6</ele>
    <time>2026-06-03T18:39:45Z</time>
   </trkpt>
   <trkpt lat="69.5994670" lon="19.1289340">
    <ele>995.1</ele>
    <time>2026-06-03T18:39:46Z</time>
   </trkpt>
   <trkpt lat="69.5994670" lon="19.1289340">
    <ele>995.1</ele>
    <time>2026-06-03T18:39:47Z</time>
   </trkpt>
   <trkpt lat="69.5994670" lon="19.1289340">
    <ele>995.1</ele>
    <time>2026-06-03T18:39:48Z</time>
   </trkpt>
   <trkpt lat="69.5994670" lon="19.1289340">
    <ele>995.1</ele>
    <time>2026-06-03T18:39:49Z</time>
   </trkpt>
   <trkpt lat="69.5994760" lon="19.1289860">
    <ele>995.7</ele>
    <time>2026-06-03T18:39:50Z</time>
   </trkpt>
   <trkpt lat="69.5994760" lon="19.1289860">
    <ele>995.7</ele>
    <time>2026-06-03T18:39:51Z</time>
   </trkpt>
   <trkpt lat="69.5994760" lon="19.1289860">
    <ele>995.7</ele>
    <time>2026-06-03T18:39:52Z</time>
   </trkpt>
   <trkpt lat="69.5994800" lon="19.1290370">
    <ele>996.3</ele>
    <time>2026-06-03T18:39:53Z</time>
   </trkpt>
   <trkpt lat="69.5994800" lon="19.1290370">
    <ele>996.3</ele>
    <time>2026-06-03T18:39:54Z</time>
   </trkpt>
   <trkpt lat="69.5994800" lon="19.1290370">
    <ele>996.3</ele>
    <time>2026-06-03T18:39:55Z</time>
   </trkpt>
   <trkpt lat="69.5994800" lon="19.1290370">
    <ele>996.3</ele>
    <time>2026-06-03T18:39:56Z</time>
   </trkpt>
   <trkpt lat="69.5994800" lon="19.1290370">
    <ele>996.3</ele>
    <time>2026-06-03T18:39:57Z</time>
   </trkpt>
   <trkpt lat="69.5994800" lon="19.1290370">
    <ele>996.3</ele>
    <time>2026-06-03T18:39:58Z</time>
   </trkpt>
   <trkpt lat="69.5994800" lon="19.1290370">
    <ele>996.4</ele>
    <time>2026-06-03T18:39:59Z</time>
   </trkpt>
   <trkpt lat="69.5994800" lon="19.1290370">
    <ele>996.4</ele>
    <time>2026-06-03T18:40:00Z</time>
   </trkpt>
   <trkpt lat="69.5994800" lon="19.1290370">
    <ele>996.4</ele>
    <time>2026-06-03T18:40:01Z</time>
   </trkpt>
   <trkpt lat="69.5994800" lon="19.1290370">
    <ele>996.4</ele>
    <time>2026-06-03T18:40:02Z</time>
   </trkpt>
   <trkpt lat="69.5994800" lon="19.1290370">
    <ele>996.4</ele>
    <time>2026-06-03T18:40:03Z</time>
   </trkpt>
   <trkpt lat="69.5994800" lon="19.1290370">
    <ele>996.4</ele>
    <time>2026-06-03T18:40:04Z</time>
   </trkpt>
   <trkpt lat="69.5994800" lon="19.1290370">
    <ele>996.4</ele>
    <time>2026-06-03T18:40:05Z</time>
   </trkpt>
   <trkpt lat="69.5994800" lon="19.1290370">
    <ele>996.4</ele>
    <time>2026-06-03T18:40:06Z</time>
   </trkpt>
   <trkpt lat="69.5994800" lon="19.1290370">
    <ele>996.4</ele>
    <time>2026-06-03T18:40:07Z</time>
   </trkpt>
   <trkpt lat="69.5994800" lon="19.1290370">
    <ele>996.4</ele>
    <time>2026-06-03T18:40:08Z</time>
   </trkpt>
   <trkpt lat="69.5994800" lon="19.1290370">
    <ele>996.4</ele>
    <time>2026-06-03T18:40:09Z</time>
   </trkpt>
   <trkpt lat="69.5994800" lon="19.1290370">
    <ele>996.4</ele>
    <time>2026-06-03T18:40:10Z</time>
   </trkpt>
   <trkpt lat="69.5994800" lon="19.1290370">
    <ele>996.4</ele>
    <time>2026-06-03T18:40:11Z</time>
   </trkpt>
   <trkpt lat="69.5994800" lon="19.1290370">
    <ele>996.4</ele>
    <time>2026-06-03T18:40:12Z</time>
   </trkpt>
   <trkpt lat="69.5994800" lon="19.1290370">
    <ele>996.4</ele>
    <time>2026-06-03T18:40:13Z</time>
   </trkpt>
   <trkpt lat="69.5994860" lon="19.1290960">
    <ele>997.4</ele>
    <time>2026-06-03T18:40:14Z</time>
   </trkpt>
   <trkpt lat="69.5994860" lon="19.1290960">
    <ele>997.4</ele>
    <time>2026-06-03T18:40:15Z</time>
   </trkpt>
   <trkpt lat="69.5994860" lon="19.1290960">
    <ele>997.4</ele>
    <time>2026-06-03T18:40:16Z</time>
   </trkpt>
   <trkpt lat="69.5994860" lon="19.1290960">
    <ele>997.4</ele>
    <time>2026-06-03T18:40:17Z</time>
   </trkpt>
   <trkpt lat="69.5994920" lon="19.1291450">
    <ele>998.0</ele>
    <time>2026-06-03T18:40:18Z</time>
   </trkpt>
   <trkpt lat="69.5994920" lon="19.1291450">
    <ele>998.0</ele>
    <time>2026-06-03T18:40:19Z</time>
   </trkpt>
   <trkpt lat="69.5994920" lon="19.1291450">
    <ele>998.0</ele>
    <time>2026-06-03T18:40:20Z</time>
   </trkpt>
   <trkpt lat="69.5994920" lon="19.1291450">
    <ele>998.0</ele>
    <time>2026-06-03T18:40:21Z</time>
   </trkpt>
   <trkpt lat="69.5994950" lon="19.1291970">
    <ele>998.6</ele>
    <time>2026-06-03T18:40:22Z</time>
   </trkpt>
   <trkpt lat="69.5994950" lon="19.1291970">
    <ele>998.6</ele>
    <time>2026-06-03T18:40:23Z</time>
   </trkpt>
   <trkpt lat="69.5994950" lon="19.1291970">
    <ele>998.6</ele>
    <time>2026-06-03T18:40:24Z</time>
   </trkpt>
   <trkpt lat="69.5994950" lon="19.1291970">
    <ele>998.6</ele>
    <time>2026-06-03T18:40:25Z</time>
   </trkpt>
   <trkpt lat="69.5994950" lon="19.1291970">
    <ele>998.6</ele>
    <time>2026-06-03T18:40:26Z</time>
   </trkpt>
   <trkpt lat="69.5995010" lon="19.1292580">
    <ele>999.7</ele>
    <time>2026-06-03T18:40:27Z</time>
   </trkpt>
   <trkpt lat="69.5995010" lon="19.1292580">
    <ele>999.7</ele>
    <time>2026-06-03T18:40:28Z</time>
   </trkpt>
   <trkpt lat="69.5995010" lon="19.1292580">
    <ele>999.7</ele>
    <time>2026-06-03T18:40:29Z</time>
   </trkpt>
   <trkpt lat="69.5995010" lon="19.1292580">
    <ele>999.7</ele>
    <time>2026-06-03T18:40:30Z</time>
   </trkpt>
   <trkpt lat="69.5995090" lon="19.1293120">
    <ele>1000.2</ele>
    <time>2026-06-03T18:40:31Z</time>
   </trkpt>
   <trkpt lat="69.5995090" lon="19.1293120">
    <ele>1000.2</ele>
    <time>2026-06-03T18:40:32Z</time>
   </trkpt>
   <trkpt lat="69.5995090" lon="19.1293120">
    <ele>1000.2</ele>
    <time>2026-06-03T18:40:33Z</time>
   </trkpt>
   <trkpt lat="69.5995090" lon="19.1293120">
    <ele>1000.2</ele>
    <time>2026-06-03T18:40:34Z</time>
   </trkpt>
   <trkpt lat="69.5995160" lon="19.1293660">
    <ele>1000.8</ele>
    <time>2026-06-03T18:40:35Z</time>
   </trkpt>
   <trkpt lat="69.5995160" lon="19.1293660">
    <ele>1000.8</ele>
    <time>2026-06-03T18:40:36Z</time>
   </trkpt>
   <trkpt lat="69.5995160" lon="19.1293660">
    <ele>1000.8</ele>
    <time>2026-06-03T18:40:37Z</time>
   </trkpt>
   <trkpt lat="69.5995160" lon="19.1293660">
    <ele>1000.8</ele>
    <time>2026-06-03T18:40:38Z</time>
   </trkpt>
   <trkpt lat="69.5995240" lon="19.1294190">
    <ele>1001.4</ele>
    <time>2026-06-03T18:40:39Z</time>
   </trkpt>
   <trkpt lat="69.5995240" lon="19.1294190">
    <ele>1001.4</ele>
    <time>2026-06-03T18:40:40Z</time>
   </trkpt>
   <trkpt lat="69.5995240" lon="19.1294190">
    <ele>1001.4</ele>
    <time>2026-06-03T18:40:41Z</time>
   </trkpt>
   <trkpt lat="69.5995240" lon="19.1294190">
    <ele>1001.4</ele>
    <time>2026-06-03T18:40:42Z</time>
   </trkpt>
   <trkpt lat="69.5995300" lon="19.1294740">
    <ele>1002.5</ele>
    <time>2026-06-03T18:40:43Z</time>
   </trkpt>
   <trkpt lat="69.5995300" lon="19.1294740">
    <ele>1002.5</ele>
    <time>2026-06-03T18:40:44Z</time>
   </trkpt>
   <trkpt lat="69.5995300" lon="19.1294740">
    <ele>1002.5</ele>
    <time>2026-06-03T18:40:45Z</time>
   </trkpt>
   <trkpt lat="69.5995300" lon="19.1294740">
    <ele>1002.5</ele>
    <time>2026-06-03T18:40:46Z</time>
   </trkpt>
   <trkpt lat="69.5995350" lon="19.1295330">
    <ele>1003.1</ele>
    <time>2026-06-03T18:40:47Z</time>
   </trkpt>
   <trkpt lat="69.5995350" lon="19.1295330">
    <ele>1003.1</ele>
    <time>2026-06-03T18:40:48Z</time>
   </trkpt>
   <trkpt lat="69.5995350" lon="19.1295330">
    <ele>1003.1</ele>
    <time>2026-06-03T18:40:49Z</time>
   </trkpt>
   <trkpt lat="69.5995350" lon="19.1295330">
    <ele>1003.1</ele>
    <time>2026-06-03T18:40:50Z</time>
   </trkpt>
   <trkpt lat="69.5995390" lon="19.1295880">
    <ele>1003.6</ele>
    <time>2026-06-03T18:40:51Z</time>
   </trkpt>
   <trkpt lat="69.5995390" lon="19.1295880">
    <ele>1003.6</ele>
    <time>2026-06-03T18:40:52Z</time>
   </trkpt>
   <trkpt lat="69.5995390" lon="19.1295880">
    <ele>1003.6</ele>
    <time>2026-06-03T18:40:53Z</time>
   </trkpt>
   <trkpt lat="69.5995390" lon="19.1295880">
    <ele>1003.6</ele>
    <time>2026-06-03T18:40:54Z</time>
   </trkpt>
   <trkpt lat="69.5995390" lon="19.1295880">
    <ele>1003.6</ele>
    <time>2026-06-03T18:40:55Z</time>
   </trkpt>
   <trkpt lat="69.5995420" lon="19.1296450">
    <ele>1004.8</ele>
    <time>2026-06-03T18:40:56Z</time>
   </trkpt>
   <trkpt lat="69.5995420" lon="19.1296450">
    <ele>1004.8</ele>
    <time>2026-06-03T18:40:57Z</time>
   </trkpt>
   <trkpt lat="69.5995420" lon="19.1296450">
    <ele>1004.8</ele>
    <time>2026-06-03T18:40:58Z</time>
   </trkpt>
   <trkpt lat="69.5995420" lon="19.1296450">
    <ele>1004.8</ele>
    <time>2026-06-03T18:40:59Z</time>
   </trkpt>
   <trkpt lat="69.5995410" lon="19.1296980">
    <ele>1005.4</ele>
    <time>2026-06-03T18:41:00Z</time>
   </trkpt>
   <trkpt lat="69.5995410" lon="19.1296980">
    <ele>1005.4</ele>
    <time>2026-06-03T18:41:01Z</time>
   </trkpt>
   <trkpt lat="69.5995410" lon="19.1296980">
    <ele>1005.4</ele>
    <time>2026-06-03T18:41:02Z</time>
   </trkpt>
   <trkpt lat="69.5995410" lon="19.1296980">
    <ele>1005.4</ele>
    <time>2026-06-03T18:41:03Z</time>
   </trkpt>
   <trkpt lat="69.5995410" lon="19.1296980">
    <ele>1005.4</ele>
    <time>2026-06-03T18:41:04Z</time>
   </trkpt>
   <trkpt lat="69.5995460" lon="19.1297580">
    <ele>1006.0</ele>
    <time>2026-06-03T18:41:05Z</time>
   </trkpt>
   <trkpt lat="69.5995460" lon="19.1297580">
    <ele>1006.0</ele>
    <time>2026-06-03T18:41:06Z</time>
   </trkpt>
   <trkpt lat="69.5995460" lon="19.1297580">
    <ele>1006.0</ele>
    <time>2026-06-03T18:41:07Z</time>
   </trkpt>
   <trkpt lat="69.5995460" lon="19.1297580">
    <ele>1006.0</ele>
    <time>2026-06-03T18:41:08Z</time>
   </trkpt>
   <trkpt lat="69.5995460" lon="19.1297580">
    <ele>1006.0</ele>
    <time>2026-06-03T18:41:09Z</time>
   </trkpt>
   <trkpt lat="69.5995460" lon="19.1297580">
    <ele>1006.0</ele>
    <time>2026-06-03T18:41:10Z</time>
   </trkpt>
   <trkpt lat="69.5995460" lon="19.1297580">
    <ele>1006.0</ele>
    <time>2026-06-03T18:41:11Z</time>
   </trkpt>
   <trkpt lat="69.5995460" lon="19.1297580">
    <ele>1006.0</ele>
    <time>2026-06-03T18:41:12Z</time>
   </trkpt>
   <trkpt lat="69.5995460" lon="19.1297580">
    <ele>1006.0</ele>
    <time>2026-06-03T18:41:13Z</time>
   </trkpt>
   <trkpt lat="69.5995460" lon="19.1297580">
    <ele>1006.0</ele>
    <time>2026-06-03T18:41:14Z</time>
   </trkpt>
   <trkpt lat="69.5995460" lon="19.1297580">
    <ele>1006.0</ele>
    <time>2026-06-03T18:41:15Z</time>
   </trkpt>
   <trkpt lat="69.5995460" lon="19.1297580">
    <ele>1006.0</ele>
    <time>2026-06-03T18:41:16Z</time>
   </trkpt>
   <trkpt lat="69.5995460" lon="19.1297580">
    <ele>1006.0</ele>
    <time>2026-06-03T18:41:17Z</time>
   </trkpt>
   <trkpt lat="69.5995460" lon="19.1297580">
    <ele>1006.0</ele>
    <time>2026-06-03T18:41:18Z</time>
   </trkpt>
   <trkpt lat="69.5995460" lon="19.1297580">
    <ele>1006.1</ele>
    <time>2026-06-03T18:41:19Z</time>
   </trkpt>
   <trkpt lat="69.5995460" lon="19.1297580">
    <ele>1006.1</ele>
    <time>2026-06-03T18:41:20Z</time>
   </trkpt>
   <trkpt lat="69.5995460" lon="19.1297580">
    <ele>1006.1</ele>
    <time>2026-06-03T18:41:21Z</time>
   </trkpt>
   <trkpt lat="69.5995540" lon="19.1298040">
    <ele>1006.7</ele>
    <time>2026-06-03T18:41:22Z</time>
   </trkpt>
   <trkpt lat="69.5995540" lon="19.1298040">
    <ele>1006.7</ele>
    <time>2026-06-03T18:41:23Z</time>
   </trkpt>
   <trkpt lat="69.5995540" lon="19.1298040">
    <ele>1006.7</ele>
    <time>2026-06-03T18:41:24Z</time>
   </trkpt>
   <trkpt lat="69.5995640" lon="19.1298480">
    <ele>1007.3</ele>
    <time>2026-06-03T18:41:25Z</time>
   </trkpt>
   <trkpt lat="69.5995640" lon="19.1298480">
    <ele>1007.3</ele>
    <time>2026-06-03T18:41:26Z</time>
   </trkpt>
   <trkpt lat="69.5995640" lon="19.1298480">
    <ele>1007.3</ele>
    <time>2026-06-03T18:41:27Z</time>
   </trkpt>
   <trkpt lat="69.5995730" lon="19.1298930">
    <ele>1007.9</ele>
    <time>2026-06-03T18:41:28Z</time>
   </trkpt>
   <trkpt lat="69.5995730" lon="19.1298930">
    <ele>1007.9</ele>
    <time>2026-06-03T18:41:29Z</time>
   </trkpt>
   <trkpt lat="69.5995730" lon="19.1298930">
    <ele>1007.9</ele>
    <time>2026-06-03T18:41:30Z</time>
   </trkpt>
   <trkpt lat="69.5995850" lon="19.1299400">
    <ele>1008.6</ele>
    <time>2026-06-03T18:41:31Z</time>
   </trkpt>
   <trkpt lat="69.5995850" lon="19.1299400">
    <ele>1008.6</ele>
    <time>2026-06-03T18:41:32Z</time>
   </trkpt>
   <trkpt lat="69.5995850" lon="19.1299400">
    <ele>1008.6</ele>
    <time>2026-06-03T18:41:33Z</time>
   </trkpt>
   <trkpt lat="69.5996010" lon="19.1299850">
    <ele>1009.2</ele>
    <time>2026-06-03T18:41:34Z</time>
   </trkpt>
   <trkpt lat="69.5996010" lon="19.1299850">
    <ele>1009.2</ele>
    <time>2026-06-03T18:41:35Z</time>
   </trkpt>
   <trkpt lat="69.5996010" lon="19.1299850">
    <ele>1009.2</ele>
    <time>2026-06-03T18:41:36Z</time>
   </trkpt>
   <trkpt lat="69.5996130" lon="19.1300260">
    <ele>1009.9</ele>
    <time>2026-06-03T18:41:37Z</time>
   </trkpt>
   <trkpt lat="69.5996130" lon="19.1300260">
    <ele>1009.9</ele>
    <time>2026-06-03T18:41:38Z</time>
   </trkpt>
   <trkpt lat="69.5996130" lon="19.1300260">
    <ele>1009.9</ele>
    <time>2026-06-03T18:41:39Z</time>
   </trkpt>
   <trkpt lat="69.5996240" lon="19.1300660">
    <ele>1010.6</ele>
    <time>2026-06-03T18:41:40Z</time>
   </trkpt>
   <trkpt lat="69.5996240" lon="19.1300660">
    <ele>1010.6</ele>
    <time>2026-06-03T18:41:41Z</time>
   </trkpt>
   <trkpt lat="69.5996240" lon="19.1300660">
    <ele>1010.6</ele>
    <time>2026-06-03T18:41:42Z</time>
   </trkpt>
   <trkpt lat="69.5996240" lon="19.1300660">
    <ele>1010.6</ele>
    <time>2026-06-03T18:41:43Z</time>
   </trkpt>
   <trkpt lat="69.5996360" lon="19.1301140">
    <ele>1011.3</ele>
    <time>2026-06-03T18:41:44Z</time>
   </trkpt>
   <trkpt lat="69.5996360" lon="19.1301140">
    <ele>1011.3</ele>
    <time>2026-06-03T18:41:45Z</time>
   </trkpt>
   <trkpt lat="69.5996360" lon="19.1301140">
    <ele>1011.3</ele>
    <time>2026-06-03T18:41:46Z</time>
   </trkpt>
   <trkpt lat="69.5996360" lon="19.1301140">
    <ele>1011.3</ele>
    <time>2026-06-03T18:41:47Z</time>
   </trkpt>
   <trkpt lat="69.5996460" lon="19.1301640">
    <ele>1012.8</ele>
    <time>2026-06-03T18:41:48Z</time>
   </trkpt>
   <trkpt lat="69.5996460" lon="19.1301640">
    <ele>1012.8</ele>
    <time>2026-06-03T18:41:49Z</time>
   </trkpt>
   <trkpt lat="69.5996460" lon="19.1301640">
    <ele>1012.8</ele>
    <time>2026-06-03T18:41:50Z</time>
   </trkpt>
   <trkpt lat="69.5996460" lon="19.1301640">
    <ele>1012.8</ele>
    <time>2026-06-03T18:41:51Z</time>
   </trkpt>
   <trkpt lat="69.5996600" lon="19.1302170">
    <ele>1013.6</ele>
    <time>2026-06-03T18:41:52Z</time>
   </trkpt>
   <trkpt lat="69.5996600" lon="19.1302170">
    <ele>1013.6</ele>
    <time>2026-06-03T18:41:53Z</time>
   </trkpt>
   <trkpt lat="69.5996600" lon="19.1302170">
    <ele>1013.6</ele>
    <time>2026-06-03T18:41:54Z</time>
   </trkpt>
   <trkpt lat="69.5996600" lon="19.1302170">
    <ele>1013.6</ele>
    <time>2026-06-03T18:41:55Z</time>
   </trkpt>
   <trkpt lat="69.5996710" lon="19.1302670">
    <ele>1014.3</ele>
    <time>2026-06-03T18:41:56Z</time>
   </trkpt>
   <trkpt lat="69.5996710" lon="19.1302670">
    <ele>1014.3</ele>
    <time>2026-06-03T18:41:57Z</time>
   </trkpt>
   <trkpt lat="69.5996710" lon="19.1302670">
    <ele>1014.3</ele>
    <time>2026-06-03T18:41:58Z</time>
   </trkpt>
   <trkpt lat="69.5996710" lon="19.1302670">
    <ele>1014.3</ele>
    <time>2026-06-03T18:41:59Z</time>
   </trkpt>
   <trkpt lat="69.5996710" lon="19.1302670">
    <ele>1014.3</ele>
    <time>2026-06-03T18:42:00Z</time>
   </trkpt>
   <trkpt lat="69.5996830" lon="19.1303050">
    <ele>1015.1</ele>
    <time>2026-06-03T18:42:01Z</time>
   </trkpt>
   <trkpt lat="69.5996830" lon="19.1303050">
    <ele>1015.1</ele>
    <time>2026-06-03T18:42:02Z</time>
   </trkpt>
   <trkpt lat="69.5996830" lon="19.1303050">
    <ele>1015.1</ele>
    <time>2026-06-03T18:42:03Z</time>
   </trkpt>
   <trkpt lat="69.5996830" lon="19.1303050">
    <ele>1015.1</ele>
    <time>2026-06-03T18:42:04Z</time>
   </trkpt>
   <trkpt lat="69.5996960" lon="19.1303500">
    <ele>1015.8</ele>
    <time>2026-06-03T18:42:05Z</time>
   </trkpt>
   <trkpt lat="69.5996960" lon="19.1303500">
    <ele>1015.9</ele>
    <time>2026-06-03T18:42:06Z</time>
   </trkpt>
   <trkpt lat="69.5996960" lon="19.1303500">
    <ele>1015.9</ele>
    <time>2026-06-03T18:42:07Z</time>
   </trkpt>
   <trkpt lat="69.5996960" lon="19.1303500">
    <ele>1015.9</ele>
    <time>2026-06-03T18:42:08Z</time>
   </trkpt>
   <trkpt lat="69.5997070" lon="19.1303930">
    <ele>1016.6</ele>
    <time>2026-06-03T18:42:09Z</time>
   </trkpt>
   <trkpt lat="69.5997070" lon="19.1303930">
    <ele>1016.6</ele>
    <time>2026-06-03T18:42:10Z</time>
   </trkpt>
   <trkpt lat="69.5997070" lon="19.1303930">
    <ele>1016.6</ele>
    <time>2026-06-03T18:42:11Z</time>
   </trkpt>
   <trkpt lat="69.5997070" lon="19.1303930">
    <ele>1016.6</ele>
    <time>2026-06-03T18:42:12Z</time>
   </trkpt>
   <trkpt lat="69.5997070" lon="19.1303930">
    <ele>1016.6</ele>
    <time>2026-06-03T18:42:13Z</time>
   </trkpt>
   <trkpt lat="69.5997070" lon="19.1303930">
    <ele>1016.6</ele>
    <time>2026-06-03T18:42:14Z</time>
   </trkpt>
   <trkpt lat="69.5997070" lon="19.1303930">
    <ele>1016.6</ele>
    <time>2026-06-03T18:42:15Z</time>
   </trkpt>
   <trkpt lat="69.5997070" lon="19.1303930">
    <ele>1016.6</ele>
    <time>2026-06-03T18:42:16Z</time>
   </trkpt>
   <trkpt lat="69.5997070" lon="19.1303930">
    <ele>1016.6</ele>
    <time>2026-06-03T18:42:17Z</time>
   </trkpt>
   <trkpt lat="69.5997070" lon="19.1303930">
    <ele>1016.6</ele>
    <time>2026-06-03T18:42:18Z</time>
   </trkpt>
   <trkpt lat="69.5997070" lon="19.1303930">
    <ele>1016.6</ele>
    <time>2026-06-03T18:42:19Z</time>
   </trkpt>
   <trkpt lat="69.5997070" lon="19.1303930">
    <ele>1016.6</ele>
    <time>2026-06-03T18:42:20Z</time>
   </trkpt>
   <trkpt lat="69.5997070" lon="19.1303930">
    <ele>1016.6</ele>
    <time>2026-06-03T18:42:21Z</time>
   </trkpt>
   <trkpt lat="69.5997070" lon="19.1303930">
    <ele>1016.6</ele>
    <time>2026-06-03T18:42:22Z</time>
   </trkpt>
   <trkpt lat="69.5997070" lon="19.1303930">
    <ele>1016.6</ele>
    <time>2026-06-03T18:42:23Z</time>
   </trkpt>
   <trkpt lat="69.5997190" lon="19.1304400">
    <ele>1017.4</ele>
    <time>2026-06-03T18:42:24Z</time>
   </trkpt>
   <trkpt lat="69.5997190" lon="19.1304400">
    <ele>1017.4</ele>
    <time>2026-06-03T18:42:25Z</time>
   </trkpt>
   <trkpt lat="69.5997190" lon="19.1304400">
    <ele>1017.4</ele>
    <time>2026-06-03T18:42:26Z</time>
   </trkpt>
   <trkpt lat="69.5997190" lon="19.1304400">
    <ele>1017.4</ele>
    <time>2026-06-03T18:42:27Z</time>
   </trkpt>
   <trkpt lat="69.5997340" lon="19.1304830">
    <ele>1018.1</ele>
    <time>2026-06-03T18:42:28Z</time>
   </trkpt>
   <trkpt lat="69.5997340" lon="19.1304830">
    <ele>1018.1</ele>
    <time>2026-06-03T18:42:29Z</time>
   </trkpt>
   <trkpt lat="69.5997340" lon="19.1304830">
    <ele>1018.1</ele>
    <time>2026-06-03T18:42:30Z</time>
   </trkpt>
   <trkpt lat="69.5997340" lon="19.1304830">
    <ele>1018.1</ele>
    <time>2026-06-03T18:42:31Z</time>
   </trkpt>
   <trkpt lat="69.5997500" lon="19.1305320">
    <ele>1018.8</ele>
    <time>2026-06-03T18:42:32Z</time>
   </trkpt>
   <trkpt lat="69.5997500" lon="19.1305320">
    <ele>1018.8</ele>
    <time>2026-06-03T18:42:33Z</time>
   </trkpt>
   <trkpt lat="69.5997500" lon="19.1305320">
    <ele>1018.8</ele>
    <time>2026-06-03T18:42:34Z</time>
   </trkpt>
   <trkpt lat="69.5997640" lon="19.1305670">
    <ele>1019.6</ele>
    <time>2026-06-03T18:42:35Z</time>
   </trkpt>
   <trkpt lat="69.5997640" lon="19.1305670">
    <ele>1019.6</ele>
    <time>2026-06-03T18:42:36Z</time>
   </trkpt>
   <trkpt lat="69.5997640" lon="19.1305670">
    <ele>1019.6</ele>
    <time>2026-06-03T18:42:37Z</time>
   </trkpt>
   <trkpt lat="69.5997770" lon="19.1306070">
    <ele>1020.3</ele>
    <time>2026-06-03T18:42:38Z</time>
   </trkpt>
   <trkpt lat="69.5997770" lon="19.1306070">
    <ele>1020.3</ele>
    <time>2026-06-03T18:42:39Z</time>
   </trkpt>
   <trkpt lat="69.5997770" lon="19.1306070">
    <ele>1020.3</ele>
    <time>2026-06-03T18:42:40Z</time>
   </trkpt>
   <trkpt lat="69.5997770" lon="19.1306070">
    <ele>1020.3</ele>
    <time>2026-06-03T18:42:41Z</time>
   </trkpt>
   <trkpt lat="69.5997880" lon="19.1306590">
    <ele>1021.0</ele>
    <time>2026-06-03T18:42:42Z</time>
   </trkpt>
   <trkpt lat="69.5997880" lon="19.1306590">
    <ele>1021.0</ele>
    <time>2026-06-03T18:42:43Z</time>
   </trkpt>
   <trkpt lat="69.5997880" lon="19.1306590">
    <ele>1021.0</ele>
    <time>2026-06-03T18:42:44Z</time>
   </trkpt>
   <trkpt lat="69.5997880" lon="19.1306590">
    <ele>1021.0</ele>
    <time>2026-06-03T18:42:45Z</time>
   </trkpt>
   <trkpt lat="69.5997980" lon="19.1307070">
    <ele>1021.7</ele>
    <time>2026-06-03T18:42:46Z</time>
   </trkpt>
   <trkpt lat="69.5997980" lon="19.1307070">
    <ele>1021.7</ele>
    <time>2026-06-03T18:42:47Z</time>
   </trkpt>
   <trkpt lat="69.5997980" lon="19.1307070">
    <ele>1021.7</ele>
    <time>2026-06-03T18:42:48Z</time>
   </trkpt>
   <trkpt lat="69.5997980" lon="19.1307070">
    <ele>1021.7</ele>
    <time>2026-06-03T18:42:49Z</time>
   </trkpt>
   <trkpt lat="69.5998120" lon="19.1307550">
    <ele>1022.3</ele>
    <time>2026-06-03T18:42:50Z</time>
   </trkpt>
   <trkpt lat="69.5998120" lon="19.1307550">
    <ele>1022.3</ele>
    <time>2026-06-03T18:42:51Z</time>
   </trkpt>
   <trkpt lat="69.5998120" lon="19.1307550">
    <ele>1022.3</ele>
    <time>2026-06-03T18:42:52Z</time>
   </trkpt>
   <trkpt lat="69.5998120" lon="19.1307550">
    <ele>1022.3</ele>
    <time>2026-06-03T18:42:53Z</time>
   </trkpt>
   <trkpt lat="69.5998260" lon="19.1308050">
    <ele>1023.7</ele>
    <time>2026-06-03T18:42:54Z</time>
   </trkpt>
   <trkpt lat="69.5998260" lon="19.1308050">
    <ele>1023.7</ele>
    <time>2026-06-03T18:42:55Z</time>
   </trkpt>
   <trkpt lat="69.5998260" lon="19.1308050">
    <ele>1023.7</ele>
    <time>2026-06-03T18:42:56Z</time>
   </trkpt>
   <trkpt lat="69.5998260" lon="19.1308050">
    <ele>1023.7</ele>
    <time>2026-06-03T18:42:57Z</time>
   </trkpt>
   <trkpt lat="69.5998410" lon="19.1308590">
    <ele>1024.4</ele>
    <time>2026-06-03T18:42:58Z</time>
   </trkpt>
   <trkpt lat="69.5998410" lon="19.1308590">
    <ele>1024.4</ele>
    <time>2026-06-03T18:42:59Z</time>
   </trkpt>
   <trkpt lat="69.5998410" lon="19.1308590">
    <ele>1024.4</ele>
    <time>2026-06-03T18:43:00Z</time>
   </trkpt>
   <trkpt lat="69.5998410" lon="19.1308590">
    <ele>1024.4</ele>
    <time>2026-06-03T18:43:01Z</time>
   </trkpt>
   <trkpt lat="69.5998520" lon="19.1309050">
    <ele>1025.1</ele>
    <time>2026-06-03T18:43:02Z</time>
   </trkpt>
   <trkpt lat="69.5998520" lon="19.1309050">
    <ele>1025.1</ele>
    <time>2026-06-03T18:43:03Z</time>
   </trkpt>
   <trkpt lat="69.5998520" lon="19.1309050">
    <ele>1025.1</ele>
    <time>2026-06-03T18:43:04Z</time>
   </trkpt>
   <trkpt lat="69.5998520" lon="19.1309050">
    <ele>1025.1</ele>
    <time>2026-06-03T18:43:05Z</time>
   </trkpt>
   <trkpt lat="69.5998590" lon="19.1309520">
    <ele>1025.7</ele>
    <time>2026-06-03T18:43:06Z</time>
   </trkpt>
   <trkpt lat="69.5998590" lon="19.1309520">
    <ele>1025.7</ele>
    <time>2026-06-03T18:43:07Z</time>
   </trkpt>
   <trkpt lat="69.5998590" lon="19.1309520">
    <ele>1025.7</ele>
    <time>2026-06-03T18:43:08Z</time>
   </trkpt>
   <trkpt lat="69.5998720" lon="19.1309980">
    <ele>1026.3</ele>
    <time>2026-06-03T18:43:09Z</time>
   </trkpt>
   <trkpt lat="69.5998720" lon="19.1309980">
    <ele>1026.3</ele>
    <time>2026-06-03T18:43:10Z</time>
   </trkpt>
   <trkpt lat="69.5998720" lon="19.1309980">
    <ele>1026.3</ele>
    <time>2026-06-03T18:43:11Z</time>
   </trkpt>
   <trkpt lat="69.5998720" lon="19.1309980">
    <ele>1026.3</ele>
    <time>2026-06-03T18:43:12Z</time>
   </trkpt>
   <trkpt lat="69.5998720" lon="19.1309980">
    <ele>1026.3</ele>
    <time>2026-06-03T18:43:13Z</time>
   </trkpt>
   <trkpt lat="69.5998720" lon="19.1309980">
    <ele>1026.3</ele>
    <time>2026-06-03T18:43:14Z</time>
   </trkpt>
   <trkpt lat="69.5998720" lon="19.1309980">
    <ele>1026.3</ele>
    <time>2026-06-03T18:43:15Z</time>
   </trkpt>
   <trkpt lat="69.5998720" lon="19.1309980">
    <ele>1026.3</ele>
    <time>2026-06-03T18:43:16Z</time>
   </trkpt>
   <trkpt lat="69.5998720" lon="19.1309980">
    <ele>1026.3</ele>
    <time>2026-06-03T18:43:17Z</time>
   </trkpt>
   <trkpt lat="69.5998720" lon="19.1309980">
    <ele>1026.3</ele>
    <time>2026-06-03T18:43:18Z</time>
   </trkpt>
   <trkpt lat="69.5998720" lon="19.1309980">
    <ele>1026.3</ele>
    <time>2026-06-03T18:43:19Z</time>
   </trkpt>
   <trkpt lat="69.5998720" lon="19.1309980">
    <ele>1026.3</ele>
    <time>2026-06-03T18:43:20Z</time>
   </trkpt>
   <trkpt lat="69.5998720" lon="19.1309980">
    <ele>1026.3</ele>
    <time>2026-06-03T18:43:21Z</time>
   </trkpt>
   <trkpt lat="69.5998720" lon="19.1309980">
    <ele>1026.3</ele>
    <time>2026-06-03T18:43:22Z</time>
   </trkpt>
   <trkpt lat="69.5998850" lon="19.1310350">
    <ele>1026.9</ele>
    <time>2026-06-03T18:43:23Z</time>
   </trkpt>
   <trkpt lat="69.5998850" lon="19.1310350">
    <ele>1026.9</ele>
    <time>2026-06-03T18:43:24Z</time>
   </trkpt>
   <trkpt lat="69.5998850" lon="19.1310350">
    <ele>1026.9</ele>
    <time>2026-06-03T18:43:25Z</time>
   </trkpt>
   <trkpt lat="69.5998850" lon="19.1310350">
    <ele>1026.9</ele>
    <time>2026-06-03T18:43:26Z</time>
   </trkpt>
   <trkpt lat="69.5998850" lon="19.1310350">
    <ele>1026.9</ele>
    <time>2026-06-03T18:43:27Z</time>
   </trkpt>
   <trkpt lat="69.5998850" lon="19.1310350">
    <ele>1026.9</ele>
    <time>2026-06-03T18:43:28Z</time>
   </trkpt>
   <trkpt lat="69.5998850" lon="19.1310350">
    <ele>1026.9</ele>
    <time>2026-06-03T18:43:29Z</time>
   </trkpt>
   <trkpt lat="69.5998850" lon="19.1310350">
    <ele>1026.9</ele>
    <time>2026-06-03T18:43:30Z</time>
   </trkpt>
   <trkpt lat="69.5998850" lon="19.1310350">
    <ele>1026.9</ele>
    <time>2026-06-03T18:43:31Z</time>
   </trkpt>
   <trkpt lat="69.5998850" lon="19.1310350">
    <ele>1026.9</ele>
    <time>2026-06-03T18:43:32Z</time>
   </trkpt>
   <trkpt lat="69.5998970" lon="19.1310870">
    <ele>1027.6</ele>
    <time>2026-06-03T18:43:33Z</time>
   </trkpt>
   <trkpt lat="69.5998970" lon="19.1310870">
    <ele>1027.6</ele>
    <time>2026-06-03T18:43:34Z</time>
   </trkpt>
   <trkpt lat="69.5998970" lon="19.1310870">
    <ele>1027.6</ele>
    <time>2026-06-03T18:43:35Z</time>
   </trkpt>
   <trkpt lat="69.5998970" lon="19.1310870">
    <ele>1027.6</ele>
    <time>2026-06-03T18:43:36Z</time>
   </trkpt>
   <trkpt lat="69.5999110" lon="19.1311380">
    <ele>1028.2</ele>
    <time>2026-06-03T18:43:37Z</time>
   </trkpt>
   <trkpt lat="69.5999110" lon="19.1311380">
    <ele>1028.2</ele>
    <time>2026-06-03T18:43:38Z</time>
   </trkpt>
   <trkpt lat="69.5999110" lon="19.1311380">
    <ele>1028.2</ele>
    <time>2026-06-03T18:43:39Z</time>
   </trkpt>
   <trkpt lat="69.5999110" lon="19.1311380">
    <ele>1028.2</ele>
    <time>2026-06-03T18:43:40Z</time>
   </trkpt>
   <trkpt lat="69.5999240" lon="19.1311920">
    <ele>1029.4</ele>
    <time>2026-06-03T18:43:41Z</time>
   </trkpt>
   <trkpt lat="69.5999240" lon="19.1311920">
    <ele>1029.4</ele>
    <time>2026-06-03T18:43:42Z</time>
   </trkpt>
   <trkpt lat="69.5999240" lon="19.1311920">
    <ele>1029.4</ele>
    <time>2026-06-03T18:43:43Z</time>
   </trkpt>
   <trkpt lat="69.5999370" lon="19.1312300">
    <ele>1029.3</ele>
    <time>2026-06-03T18:43:44Z</time>
   </trkpt>
   <trkpt lat="69.5999370" lon="19.1312300">
    <ele>1029.3</ele>
    <time>2026-06-03T18:43:45Z</time>
   </trkpt>
   <trkpt lat="69.5999370" lon="19.1312300">
    <ele>1029.3</ele>
    <time>2026-06-03T18:43:46Z</time>
   </trkpt>
   <trkpt lat="69.5999370" lon="19.1312300">
    <ele>1029.3</ele>
    <time>2026-06-03T18:43:47Z</time>
   </trkpt>
   <trkpt lat="69.5999480" lon="19.1312800">
    <ele>1030.6</ele>
    <time>2026-06-03T18:43:48Z</time>
   </trkpt>
   <trkpt lat="69.5999480" lon="19.1312800">
    <ele>1030.6</ele>
    <time>2026-06-03T18:43:49Z</time>
   </trkpt>
   <trkpt lat="69.5999480" lon="19.1312800">
    <ele>1030.6</ele>
    <time>2026-06-03T18:43:50Z</time>
   </trkpt>
   <trkpt lat="69.5999480" lon="19.1312800">
    <ele>1030.6</ele>
    <time>2026-06-03T18:43:51Z</time>
   </trkpt>
   <trkpt lat="69.5999620" lon="19.1313270">
    <ele>1031.3</ele>
    <time>2026-06-03T18:43:52Z</time>
   </trkpt>
   <trkpt lat="69.5999620" lon="19.1313270">
    <ele>1031.3</ele>
    <time>2026-06-03T18:43:53Z</time>
   </trkpt>
   <trkpt lat="69.5999620" lon="19.1313270">
    <ele>1031.3</ele>
    <time>2026-06-03T18:43:54Z</time>
   </trkpt>
   <trkpt lat="69.5999620" lon="19.1313270">
    <ele>1031.3</ele>
    <time>2026-06-03T18:43:55Z</time>
   </trkpt>
   <trkpt lat="69.5999740" lon="19.1313690">
    <ele>1032.1</ele>
    <time>2026-06-03T18:43:56Z</time>
   </trkpt>
   <trkpt lat="69.5999740" lon="19.1313690">
    <ele>1032.1</ele>
    <time>2026-06-03T18:43:57Z</time>
   </trkpt>
   <trkpt lat="69.5999740" lon="19.1313690">
    <ele>1032.1</ele>
    <time>2026-06-03T18:43:58Z</time>
   </trkpt>
   <trkpt lat="69.5999870" lon="19.1314080">
    <ele>1032.8</ele>
    <time>2026-06-03T18:43:59Z</time>
   </trkpt>
   <trkpt lat="69.5999870" lon="19.1314080">
    <ele>1032.8</ele>
    <time>2026-06-03T18:44:00Z</time>
   </trkpt>
   <trkpt lat="69.5999870" lon="19.1314080">
    <ele>1032.8</ele>
    <time>2026-06-03T18:44:01Z</time>
   </trkpt>
   <trkpt lat="69.5999870" lon="19.1314080">
    <ele>1032.8</ele>
    <time>2026-06-03T18:44:02Z</time>
   </trkpt>
   <trkpt lat="69.5999870" lon="19.1314080">
    <ele>1032.8</ele>
    <time>2026-06-03T18:44:03Z</time>
   </trkpt>
   <trkpt lat="69.5999980" lon="19.1314550">
    <ele>1033.5</ele>
    <time>2026-06-03T18:44:04Z</time>
   </trkpt>
   <trkpt lat="69.5999980" lon="19.1314550">
    <ele>1033.5</ele>
    <time>2026-06-03T18:44:05Z</time>
   </trkpt>
   <trkpt lat="69.5999980" lon="19.1314550">
    <ele>1033.5</ele>
    <time>2026-06-03T18:44:06Z</time>
   </trkpt>
   <trkpt lat="69.5999980" lon="19.1314550">
    <ele>1033.5</ele>
    <time>2026-06-03T18:44:07Z</time>
   </trkpt>
   <trkpt lat="69.6000110" lon="19.1314930">
    <ele>1034.3</ele>
    <time>2026-06-03T18:44:08Z</time>
   </trkpt>
   <trkpt lat="69.6000110" lon="19.1314930">
    <ele>1034.3</ele>
    <time>2026-06-03T18:44:09Z</time>
   </trkpt>
   <trkpt lat="69.6000110" lon="19.1314930">
    <ele>1034.3</ele>
    <time>2026-06-03T18:44:10Z</time>
   </trkpt>
   <trkpt lat="69.6000110" lon="19.1314930">
    <ele>1034.3</ele>
    <time>2026-06-03T18:44:11Z</time>
   </trkpt>
   <trkpt lat="69.6000280" lon="19.1315380">
    <ele>1035.0</ele>
    <time>2026-06-03T18:44:12Z</time>
   </trkpt>
   <trkpt lat="69.6000280" lon="19.1315380">
    <ele>1035.0</ele>
    <time>2026-06-03T18:44:13Z</time>
   </trkpt>
   <trkpt lat="69.6000280" lon="19.1315380">
    <ele>1035.0</ele>
    <time>2026-06-03T18:44:14Z</time>
   </trkpt>
   <trkpt lat="69.6000280" lon="19.1315380">
    <ele>1035.0</ele>
    <time>2026-06-03T18:44:15Z</time>
   </trkpt>
   <trkpt lat="69.6000280" lon="19.1315380">
    <ele>1035.0</ele>
    <time>2026-06-03T18:44:16Z</time>
   </trkpt>
   <trkpt lat="69.6000280" lon="19.1315380">
    <ele>1035.0</ele>
    <time>2026-06-03T18:44:17Z</time>
   </trkpt>
   <trkpt lat="69.6000280" lon="19.1315380">
    <ele>1035.0</ele>
    <time>2026-06-03T18:44:18Z</time>
   </trkpt>
   <trkpt lat="69.6000280" lon="19.1315380">
    <ele>1035.0</ele>
    <time>2026-06-03T18:44:19Z</time>
   </trkpt>
   <trkpt lat="69.6000280" lon="19.1315380">
    <ele>1035.0</ele>
    <time>2026-06-03T18:44:20Z</time>
   </trkpt>
   <trkpt lat="69.6000280" lon="19.1315380">
    <ele>1035.0</ele>
    <time>2026-06-03T18:44:21Z</time>
   </trkpt>
   <trkpt lat="69.6000280" lon="19.1315380">
    <ele>1035.0</ele>
    <time>2026-06-03T18:44:22Z</time>
   </trkpt>
   <trkpt lat="69.6000280" lon="19.1315380">
    <ele>1035.0</ele>
    <time>2026-06-03T18:44:23Z</time>
   </trkpt>
   <trkpt lat="69.6000400" lon="19.1315780">
    <ele>1035.8</ele>
    <time>2026-06-03T18:44:24Z</time>
   </trkpt>
   <trkpt lat="69.6000400" lon="19.1315780">
    <ele>1035.8</ele>
    <time>2026-06-03T18:44:25Z</time>
   </trkpt>
   <trkpt lat="69.6000400" lon="19.1315780">
    <ele>1035.8</ele>
    <time>2026-06-03T18:44:26Z</time>
   </trkpt>
   <trkpt lat="69.6000400" lon="19.1315780">
    <ele>1035.8</ele>
    <time>2026-06-03T18:44:27Z</time>
   </trkpt>
   <trkpt lat="69.6000540" lon="19.1316190">
    <ele>1036.5</ele>
    <time>2026-06-03T18:44:28Z</time>
   </trkpt>
   <trkpt lat="69.6000540" lon="19.1316190">
    <ele>1036.5</ele>
    <time>2026-06-03T18:44:29Z</time>
   </trkpt>
   <trkpt lat="69.6000540" lon="19.1316190">
    <ele>1036.5</ele>
    <time>2026-06-03T18:44:30Z</time>
   </trkpt>
   <trkpt lat="69.6000670" lon="19.1316560">
    <ele>1036.4</ele>
    <time>2026-06-03T18:44:31Z</time>
   </trkpt>
   <trkpt lat="69.6000670" lon="19.1316560">
    <ele>1036.4</ele>
    <time>2026-06-03T18:44:32Z</time>
   </trkpt>
   <trkpt lat="69.6000670" lon="19.1316560">
    <ele>1036.4</ele>
    <time>2026-06-03T18:44:33Z</time>
   </trkpt>
   <trkpt lat="69.6000790" lon="19.1316950">
    <ele>1037.3</ele>
    <time>2026-06-03T18:44:34Z</time>
   </trkpt>
   <trkpt lat="69.6000790" lon="19.1316950">
    <ele>1037.3</ele>
    <time>2026-06-03T18:44:35Z</time>
   </trkpt>
   <trkpt lat="69.6000790" lon="19.1316950">
    <ele>1037.3</ele>
    <time>2026-06-03T18:44:36Z</time>
   </trkpt>
   <trkpt lat="69.6000790" lon="19.1316950">
    <ele>1037.3</ele>
    <time>2026-06-03T18:44:37Z</time>
   </trkpt>
   <trkpt lat="69.6000940" lon="19.1317440">
    <ele>1037.9</ele>
    <time>2026-06-03T18:44:38Z</time>
   </trkpt>
   <trkpt lat="69.6000940" lon="19.1317440">
    <ele>1037.9</ele>
    <time>2026-06-03T18:44:39Z</time>
   </trkpt>
   <trkpt lat="69.6000940" lon="19.1317440">
    <ele>1037.9</ele>
    <time>2026-06-03T18:44:40Z</time>
   </trkpt>
   <trkpt lat="69.6001030" lon="19.1317890">
    <ele>1038.8</ele>
    <time>2026-06-03T18:44:41Z</time>
   </trkpt>
   <trkpt lat="69.6001030" lon="19.1317890">
    <ele>1038.8</ele>
    <time>2026-06-03T18:44:42Z</time>
   </trkpt>
   <trkpt lat="69.6001030" lon="19.1317890">
    <ele>1038.8</ele>
    <time>2026-06-03T18:44:43Z</time>
   </trkpt>
   <trkpt lat="69.6001030" lon="19.1317890">
    <ele>1038.8</ele>
    <time>2026-06-03T18:44:44Z</time>
   </trkpt>
   <trkpt lat="69.6001030" lon="19.1317890">
    <ele>1038.8</ele>
    <time>2026-06-03T18:44:45Z</time>
   </trkpt>
   <trkpt lat="69.6001030" lon="19.1317890">
    <ele>1038.8</ele>
    <time>2026-06-03T18:44:46Z</time>
   </trkpt>
   <trkpt lat="69.6001030" lon="19.1317890">
    <ele>1038.8</ele>
    <time>2026-06-03T18:44:47Z</time>
   </trkpt>
   <trkpt lat="69.6001030" lon="19.1317890">
    <ele>1038.8</ele>
    <time>2026-06-03T18:44:48Z</time>
   </trkpt>
   <trkpt lat="69.6001030" lon="19.1317890">
    <ele>1038.8</ele>
    <time>2026-06-03T18:44:49Z</time>
   </trkpt>
   <trkpt lat="69.6001030" lon="19.1317890">
    <ele>1038.8</ele>
    <time>2026-06-03T18:44:50Z</time>
   </trkpt>
   <trkpt lat="69.6001030" lon="19.1317890">
    <ele>1038.8</ele>
    <time>2026-06-03T18:44:51Z</time>
   </trkpt>
   <trkpt lat="69.6001030" lon="19.1317890">
    <ele>1038.8</ele>
    <time>2026-06-03T18:44:52Z</time>
   </trkpt>
   <trkpt lat="69.6001030" lon="19.1317890">
    <ele>1038.8</ele>
    <time>2026-06-03T18:44:53Z</time>
   </trkpt>
   <trkpt lat="69.6001030" lon="19.1317890">
    <ele>1038.8</ele>
    <time>2026-06-03T18:44:54Z</time>
   </trkpt>
   <trkpt lat="69.6001030" lon="19.1317890">
    <ele>1038.8</ele>
    <time>2026-06-03T18:44:55Z</time>
   </trkpt>
   <trkpt lat="69.6001030" lon="19.1317890">
    <ele>1038.8</ele>
    <time>2026-06-03T18:44:56Z</time>
   </trkpt>
   <trkpt lat="69.6001030" lon="19.1317890">
    <ele>1038.8</ele>
    <time>2026-06-03T18:44:57Z</time>
   </trkpt>
   <trkpt lat="69.6001030" lon="19.1317890">
    <ele>1038.8</ele>
    <time>2026-06-03T18:44:58Z</time>
   </trkpt>
   <trkpt lat="69.6001030" lon="19.1317890">
    <ele>1038.8</ele>
    <time>2026-06-03T18:44:59Z</time>
   </trkpt>
   <trkpt lat="69.6001030" lon="19.1317890">
    <ele>1038.8</ele>
    <time>2026-06-03T18:45:00Z</time>
   </trkpt>
   <trkpt lat="69.6001030" lon="19.1317890">
    <ele>1038.8</ele>
    <time>2026-06-03T18:45:01Z</time>
   </trkpt>
   <trkpt lat="69.6001030" lon="19.1317890">
    <ele>1038.8</ele>
    <time>2026-06-03T18:45:02Z</time>
   </trkpt>
   <trkpt lat="69.6001030" lon="19.1317890">
    <ele>1038.8</ele>
    <time>2026-06-03T18:45:03Z</time>
   </trkpt>
   <trkpt lat="69.6001130" lon="19.1318460">
    <ele>1040.4</ele>
    <time>2026-06-03T18:45:04Z</time>
   </trkpt>
   <trkpt lat="69.6001130" lon="19.1318460">
    <ele>1040.4</ele>
    <time>2026-06-03T18:45:05Z</time>
   </trkpt>
   <trkpt lat="69.6001130" lon="19.1318460">
    <ele>1040.4</ele>
    <time>2026-06-03T18:45:06Z</time>
   </trkpt>
   <trkpt lat="69.6001260" lon="19.1318840">
    <ele>1041.2</ele>
    <time>2026-06-03T18:45:07Z</time>
   </trkpt>
   <trkpt lat="69.6001260" lon="19.1318840">
    <ele>1041.2</ele>
    <time>2026-06-03T18:45:08Z</time>
   </trkpt>
   <trkpt lat="69.6001260" lon="19.1318840">
    <ele>1041.2</ele>
    <time>2026-06-03T18:45:09Z</time>
   </trkpt>
   <trkpt lat="69.6001260" lon="19.1318840">
    <ele>1041.2</ele>
    <time>2026-06-03T18:45:10Z</time>
   </trkpt>
   <trkpt lat="69.6001410" lon="19.1319290">
    <ele>1041.9</ele>
    <time>2026-06-03T18:45:11Z</time>
   </trkpt>
   <trkpt lat="69.6001410" lon="19.1319290">
    <ele>1041.9</ele>
    <time>2026-06-03T18:45:12Z</time>
   </trkpt>
   <trkpt lat="69.6001410" lon="19.1319290">
    <ele>1041.9</ele>
    <time>2026-06-03T18:45:13Z</time>
   </trkpt>
   <trkpt lat="69.6001410" lon="19.1319290">
    <ele>1041.9</ele>
    <time>2026-06-03T18:45:14Z</time>
   </trkpt>
   <trkpt lat="69.6001550" lon="19.1319810">
    <ele>1042.7</ele>
    <time>2026-06-03T18:45:15Z</time>
   </trkpt>
   <trkpt lat="69.6001550" lon="19.1319810">
    <ele>1042.7</ele>
    <time>2026-06-03T18:45:16Z</time>
   </trkpt>
   <trkpt lat="69.6001550" lon="19.1319810">
    <ele>1042.7</ele>
    <time>2026-06-03T18:45:17Z</time>
   </trkpt>
   <trkpt lat="69.6001550" lon="19.1319810">
    <ele>1042.7</ele>
    <time>2026-06-03T18:45:18Z</time>
   </trkpt>
   <trkpt lat="69.6001660" lon="19.1320240">
    <ele>1043.5</ele>
    <time>2026-06-03T18:45:19Z</time>
   </trkpt>
   <trkpt lat="69.6001660" lon="19.1320240">
    <ele>1043.5</ele>
    <time>2026-06-03T18:45:20Z</time>
   </trkpt>
   <trkpt lat="69.6001660" lon="19.1320240">
    <ele>1043.5</ele>
    <time>2026-06-03T18:45:21Z</time>
   </trkpt>
   <trkpt lat="69.6001660" lon="19.1320240">
    <ele>1043.5</ele>
    <time>2026-06-03T18:45:22Z</time>
   </trkpt>
   <trkpt lat="69.6001830" lon="19.1320690">
    <ele>1044.2</ele>
    <time>2026-06-03T18:45:23Z</time>
   </trkpt>
   <trkpt lat="69.6001830" lon="19.1320690">
    <ele>1044.2</ele>
    <time>2026-06-03T18:45:24Z</time>
   </trkpt>
   <trkpt lat="69.6001830" lon="19.1320690">
    <ele>1044.2</ele>
    <time>2026-06-03T18:45:25Z</time>
   </trkpt>
   <trkpt lat="69.6001980" lon="19.1321010">
    <ele>1044.9</ele>
    <time>2026-06-03T18:45:26Z</time>
   </trkpt>
   <trkpt lat="69.6001980" lon="19.1321010">
    <ele>1044.9</ele>
    <time>2026-06-03T18:45:27Z</time>
   </trkpt>
   <trkpt lat="69.6001980" lon="19.1321010">
    <ele>1044.9</ele>
    <time>2026-06-03T18:45:28Z</time>
   </trkpt>
   <trkpt lat="69.6001980" lon="19.1321010">
    <ele>1044.9</ele>
    <time>2026-06-03T18:45:29Z</time>
   </trkpt>
   <trkpt lat="69.6002160" lon="19.1321430">
    <ele>1045.6</ele>
    <time>2026-06-03T18:45:30Z</time>
   </trkpt>
   <trkpt lat="69.6002160" lon="19.1321430">
    <ele>1045.6</ele>
    <time>2026-06-03T18:45:31Z</time>
   </trkpt>
   <trkpt lat="69.6002160" lon="19.1321430">
    <ele>1045.6</ele>
    <time>2026-06-03T18:45:32Z</time>
   </trkpt>
   <trkpt lat="69.6002160" lon="19.1321430">
    <ele>1045.6</ele>
    <time>2026-06-03T18:45:33Z</time>
   </trkpt>
   <trkpt lat="69.6002280" lon="19.1321860">
    <ele>1046.4</ele>
    <time>2026-06-03T18:45:34Z</time>
   </trkpt>
   <trkpt lat="69.6002280" lon="19.1321860">
    <ele>1046.4</ele>
    <time>2026-06-03T18:45:35Z</time>
   </trkpt>
   <trkpt lat="69.6002280" lon="19.1321860">
    <ele>1046.4</ele>
    <time>2026-06-03T18:45:36Z</time>
   </trkpt>
   <trkpt lat="69.6002280" lon="19.1321860">
    <ele>1046.4</ele>
    <time>2026-06-03T18:45:37Z</time>
   </trkpt>
   <trkpt lat="69.6002420" lon="19.1322350">
    <ele>1047.2</ele>
    <time>2026-06-03T18:45:38Z</time>
   </trkpt>
   <trkpt lat="69.6002420" lon="19.1322350">
    <ele>1047.2</ele>
    <time>2026-06-03T18:45:39Z</time>
   </trkpt>
   <trkpt lat="69.6002420" lon="19.1322350">
    <ele>1047.2</ele>
    <time>2026-06-03T18:45:40Z</time>
   </trkpt>
   <trkpt lat="69.6002420" lon="19.1322350">
    <ele>1047.2</ele>
    <time>2026-06-03T18:45:41Z</time>
   </trkpt>
   <trkpt lat="69.6002520" lon="19.1322790">
    <ele>1048.0</ele>
    <time>2026-06-03T18:45:42Z</time>
   </trkpt>
   <trkpt lat="69.6002520" lon="19.1322790">
    <ele>1048.0</ele>
    <time>2026-06-03T18:45:43Z</time>
   </trkpt>
   <trkpt lat="69.6002520" lon="19.1322790">
    <ele>1048.0</ele>
    <time>2026-06-03T18:45:44Z</time>
   </trkpt>
   <trkpt lat="69.6002520" lon="19.1322790">
    <ele>1048.0</ele>
    <time>2026-06-03T18:45:45Z</time>
   </trkpt>
   <trkpt lat="69.6002520" lon="19.1322790">
    <ele>1048.0</ele>
    <time>2026-06-03T18:45:46Z</time>
   </trkpt>
   <trkpt lat="69.6002520" lon="19.1322790">
    <ele>1048.0</ele>
    <time>2026-06-03T18:45:47Z</time>
   </trkpt>
   <trkpt lat="69.6002520" lon="19.1322790">
    <ele>1048.0</ele>
    <time>2026-06-03T18:45:48Z</time>
   </trkpt>
   <trkpt lat="69.6002520" lon="19.1322790">
    <ele>1048.0</ele>
    <time>2026-06-03T18:45:49Z</time>
   </trkpt>
   <trkpt lat="69.6002520" lon="19.1322790">
    <ele>1048.0</ele>
    <time>2026-06-03T18:45:50Z</time>
   </trkpt>
   <trkpt lat="69.6002520" lon="19.1322790">
    <ele>1048.0</ele>
    <time>2026-06-03T18:45:51Z</time>
   </trkpt>
   <trkpt lat="69.6002520" lon="19.1322790">
    <ele>1048.0</ele>
    <time>2026-06-03T18:45:52Z</time>
   </trkpt>
   <trkpt lat="69.6002520" lon="19.1322790">
    <ele>1048.0</ele>
    <time>2026-06-03T18:45:53Z</time>
   </trkpt>
   <trkpt lat="69.6002520" lon="19.1322790">
    <ele>1048.0</ele>
    <time>2026-06-03T18:45:54Z</time>
   </trkpt>
   <trkpt lat="69.6002520" lon="19.1322790">
    <ele>1048.0</ele>
    <time>2026-06-03T18:45:55Z</time>
   </trkpt>
   <trkpt lat="69.6002610" lon="19.1323260">
    <ele>1048.8</ele>
    <time>2026-06-03T18:45:56Z</time>
   </trkpt>
   <trkpt lat="69.6002610" lon="19.1323260">
    <ele>1048.8</ele>
    <time>2026-06-03T18:45:57Z</time>
   </trkpt>
   <trkpt lat="69.6002610" lon="19.1323260">
    <ele>1048.8</ele>
    <time>2026-06-03T18:45:58Z</time>
   </trkpt>
   <trkpt lat="69.6002610" lon="19.1323260">
    <ele>1048.8</ele>
    <time>2026-06-03T18:45:59Z</time>
   </trkpt>
   <trkpt lat="69.6002610" lon="19.1323260">
    <ele>1048.8</ele>
    <time>2026-06-03T18:46:00Z</time>
   </trkpt>
   <trkpt lat="69.6002690" lon="19.1323840">
    <ele>1049.7</ele>
    <time>2026-06-03T18:46:01Z</time>
   </trkpt>
   <trkpt lat="69.6002690" lon="19.1323840">
    <ele>1049.7</ele>
    <time>2026-06-03T18:46:02Z</time>
   </trkpt>
   <trkpt lat="69.6002690" lon="19.1323840">
    <ele>1049.7</ele>
    <time>2026-06-03T18:46:03Z</time>
   </trkpt>
   <trkpt lat="69.6002690" lon="19.1323840">
    <ele>1049.7</ele>
    <time>2026-06-03T18:46:04Z</time>
   </trkpt>
   <trkpt lat="69.6002770" lon="19.1324300">
    <ele>1050.5</ele>
    <time>2026-06-03T18:46:05Z</time>
   </trkpt>
   <trkpt lat="69.6002770" lon="19.1324300">
    <ele>1050.5</ele>
    <time>2026-06-03T18:46:06Z</time>
   </trkpt>
   <trkpt lat="69.6002770" lon="19.1324300">
    <ele>1050.5</ele>
    <time>2026-06-03T18:46:07Z</time>
   </trkpt>
   <trkpt lat="69.6002920" lon="19.1324760">
    <ele>1052.1</ele>
    <time>2026-06-03T18:46:08Z</time>
   </trkpt>
   <trkpt lat="69.6002920" lon="19.1324760">
    <ele>1052.1</ele>
    <time>2026-06-03T18:46:09Z</time>
   </trkpt>
   <trkpt lat="69.6002920" lon="19.1324760">
    <ele>1052.2</ele>
    <time>2026-06-03T18:46:10Z</time>
   </trkpt>
   <trkpt lat="69.6002920" lon="19.1324760">
    <ele>1052.2</ele>
    <time>2026-06-03T18:46:11Z</time>
   </trkpt>
   <trkpt lat="69.6002920" lon="19.1324760">
    <ele>1052.2</ele>
    <time>2026-06-03T18:46:12Z</time>
   </trkpt>
   <trkpt lat="69.6002920" lon="19.1324760">
    <ele>1052.2</ele>
    <time>2026-06-03T18:46:13Z</time>
   </trkpt>
   <trkpt lat="69.6002920" lon="19.1324760">
    <ele>1052.2</ele>
    <time>2026-06-03T18:46:14Z</time>
   </trkpt>
   <trkpt lat="69.6002920" lon="19.1324760">
    <ele>1052.2</ele>
    <time>2026-06-03T18:46:15Z</time>
   </trkpt>
   <trkpt lat="69.6002920" lon="19.1324760">
    <ele>1052.2</ele>
    <time>2026-06-03T18:46:16Z</time>
   </trkpt>
   <trkpt lat="69.6002920" lon="19.1324760">
    <ele>1052.2</ele>
    <time>2026-06-03T18:46:17Z</time>
   </trkpt>
   <trkpt lat="69.6002920" lon="19.1324760">
    <ele>1052.2</ele>
    <time>2026-06-03T18:46:18Z</time>
   </trkpt>
   <trkpt lat="69.6002920" lon="19.1324760">
    <ele>1052.2</ele>
    <time>2026-06-03T18:46:19Z</time>
   </trkpt>
   <trkpt lat="69.6002920" lon="19.1324760">
    <ele>1052.2</ele>
    <time>2026-06-03T18:46:20Z</time>
   </trkpt>
   <trkpt lat="69.6002920" lon="19.1324760">
    <ele>1052.2</ele>
    <time>2026-06-03T18:46:21Z</time>
   </trkpt>
   <trkpt lat="69.6002920" lon="19.1324760">
    <ele>1052.2</ele>
    <time>2026-06-03T18:46:22Z</time>
   </trkpt>
   <trkpt lat="69.6002920" lon="19.1324760">
    <ele>1052.2</ele>
    <time>2026-06-03T18:46:23Z</time>
   </trkpt>
   <trkpt lat="69.6002920" lon="19.1324760">
    <ele>1052.2</ele>
    <time>2026-06-03T18:46:24Z</time>
   </trkpt>
   <trkpt lat="69.6002920" lon="19.1324760">
    <ele>1052.2</ele>
    <time>2026-06-03T18:46:25Z</time>
   </trkpt>
   <trkpt lat="69.6002920" lon="19.1324760">
    <ele>1052.2</ele>
    <time>2026-06-03T18:46:26Z</time>
   </trkpt>
   <trkpt lat="69.6002920" lon="19.1324760">
    <ele>1052.2</ele>
    <time>2026-06-03T18:46:27Z</time>
   </trkpt>
   <trkpt lat="69.6002920" lon="19.1324760">
    <ele>1052.2</ele>
    <time>2026-06-03T18:46:28Z</time>
   </trkpt>
   <trkpt lat="69.6002920" lon="19.1324760">
    <ele>1052.2</ele>
    <time>2026-06-03T18:46:29Z</time>
   </trkpt>
   <trkpt lat="69.6002920" lon="19.1324760">
    <ele>1052.2</ele>
    <time>2026-06-03T18:46:30Z</time>
   </trkpt>
   <trkpt lat="69.6003010" lon="19.1325230">
    <ele>1053.1</ele>
    <time>2026-06-03T18:46:31Z</time>
   </trkpt>
   <trkpt lat="69.6003010" lon="19.1325230">
    <ele>1053.1</ele>
    <time>2026-06-03T18:46:32Z</time>
   </trkpt>
   <trkpt lat="69.6003010" lon="19.1325230">
    <ele>1053.1</ele>
    <time>2026-06-03T18:46:33Z</time>
   </trkpt>
   <trkpt lat="69.6003010" lon="19.1325230">
    <ele>1053.1</ele>
    <time>2026-06-03T18:46:34Z</time>
   </trkpt>
   <trkpt lat="69.6003160" lon="19.1325790">
    <ele>1053.9</ele>
    <time>2026-06-03T18:46:35Z</time>
   </trkpt>
   <trkpt lat="69.6003160" lon="19.1325790">
    <ele>1053.9</ele>
    <time>2026-06-03T18:46:36Z</time>
   </trkpt>
   <trkpt lat="69.6003160" lon="19.1325790">
    <ele>1053.9</ele>
    <time>2026-06-03T18:46:37Z</time>
   </trkpt>
   <trkpt lat="69.6003160" lon="19.1325790">
    <ele>1053.9</ele>
    <time>2026-06-03T18:46:38Z</time>
   </trkpt>
   <trkpt lat="69.6003270" lon="19.1326300">
    <ele>1054.7</ele>
    <time>2026-06-03T18:46:39Z</time>
   </trkpt>
   <trkpt lat="69.6003270" lon="19.1326300">
    <ele>1054.7</ele>
    <time>2026-06-03T18:46:40Z</time>
   </trkpt>
   <trkpt lat="69.6003270" lon="19.1326300">
    <ele>1054.7</ele>
    <time>2026-06-03T18:46:41Z</time>
   </trkpt>
   <trkpt lat="69.6003270" lon="19.1326300">
    <ele>1054.7</ele>
    <time>2026-06-03T18:46:42Z</time>
   </trkpt>
   <trkpt lat="69.6003410" lon="19.1326680">
    <ele>1055.5</ele>
    <time>2026-06-03T18:46:43Z</time>
   </trkpt>
   <trkpt lat="69.6003410" lon="19.1326680">
    <ele>1055.5</ele>
    <time>2026-06-03T18:46:44Z</time>
   </trkpt>
   <trkpt lat="69.6003410" lon="19.1326680">
    <ele>1055.6</ele>
    <time>2026-06-03T18:46:45Z</time>
   </trkpt>
   <trkpt lat="69.6003410" lon="19.1326680">
    <ele>1055.6</ele>
    <time>2026-06-03T18:46:46Z</time>
   </trkpt>
   <trkpt lat="69.6003410" lon="19.1326680">
    <ele>1055.6</ele>
    <time>2026-06-03T18:46:47Z</time>
   </trkpt>
   <trkpt lat="69.6003570" lon="19.1327120">
    <ele>1056.4</ele>
    <time>2026-06-03T18:46:48Z</time>
   </trkpt>
   <trkpt lat="69.6003570" lon="19.1327120">
    <ele>1056.4</ele>
    <time>2026-06-03T18:46:49Z</time>
   </trkpt>
   <trkpt lat="69.6003570" lon="19.1327120">
    <ele>1056.4</ele>
    <time>2026-06-03T18:46:50Z</time>
   </trkpt>
   <trkpt lat="69.6003570" lon="19.1327120">
    <ele>1056.4</ele>
    <time>2026-06-03T18:46:51Z</time>
   </trkpt>
   <trkpt lat="69.6003720" lon="19.1327620">
    <ele>1057.2</ele>
    <time>2026-06-03T18:46:52Z</time>
   </trkpt>
   <trkpt lat="69.6003720" lon="19.1327620">
    <ele>1057.2</ele>
    <time>2026-06-03T18:46:53Z</time>
   </trkpt>
   <trkpt lat="69.6003720" lon="19.1327620">
    <ele>1057.2</ele>
    <time>2026-06-03T18:46:54Z</time>
   </trkpt>
   <trkpt lat="69.6003720" lon="19.1327620">
    <ele>1057.2</ele>
    <time>2026-06-03T18:46:55Z</time>
   </trkpt>
   <trkpt lat="69.6003820" lon="19.1328160">
    <ele>1058.0</ele>
    <time>2026-06-03T18:46:56Z</time>
   </trkpt>
   <trkpt lat="69.6003820" lon="19.1328160">
    <ele>1058.0</ele>
    <time>2026-06-03T18:46:57Z</time>
   </trkpt>
   <trkpt lat="69.6003820" lon="19.1328160">
    <ele>1058.0</ele>
    <time>2026-06-03T18:46:58Z</time>
   </trkpt>
   <trkpt lat="69.6003820" lon="19.1328160">
    <ele>1058.0</ele>
    <time>2026-06-03T18:46:59Z</time>
   </trkpt>
   <trkpt lat="69.6003920" lon="19.1328660">
    <ele>1059.8</ele>
    <time>2026-06-03T18:47:00Z</time>
   </trkpt>
   <trkpt lat="69.6003920" lon="19.1328660">
    <ele>1059.8</ele>
    <time>2026-06-03T18:47:01Z</time>
   </trkpt>
   <trkpt lat="69.6003920" lon="19.1328660">
    <ele>1059.8</ele>
    <time>2026-06-03T18:47:02Z</time>
   </trkpt>
   <trkpt lat="69.6003920" lon="19.1328660">
    <ele>1059.8</ele>
    <time>2026-06-03T18:47:03Z</time>
   </trkpt>
   <trkpt lat="69.6003920" lon="19.1328660">
    <ele>1059.8</ele>
    <time>2026-06-03T18:47:04Z</time>
   </trkpt>
   <trkpt lat="69.6003920" lon="19.1328660">
    <ele>1059.8</ele>
    <time>2026-06-03T18:47:05Z</time>
   </trkpt>
   <trkpt lat="69.6003920" lon="19.1328660">
    <ele>1059.8</ele>
    <time>2026-06-03T18:47:06Z</time>
   </trkpt>
   <trkpt lat="69.6003920" lon="19.1328660">
    <ele>1059.8</ele>
    <time>2026-06-03T18:47:07Z</time>
   </trkpt>
   <trkpt lat="69.6003920" lon="19.1328660">
    <ele>1059.8</ele>
    <time>2026-06-03T18:47:08Z</time>
   </trkpt>
   <trkpt lat="69.6003920" lon="19.1328660">
    <ele>1059.8</ele>
    <time>2026-06-03T18:47:09Z</time>
   </trkpt>
   <trkpt lat="69.6003920" lon="19.1328660">
    <ele>1059.8</ele>
    <time>2026-06-03T18:47:10Z</time>
   </trkpt>
   <trkpt lat="69.6003920" lon="19.1328660">
    <ele>1059.8</ele>
    <time>2026-06-03T18:47:11Z</time>
   </trkpt>
   <trkpt lat="69.6003920" lon="19.1328660">
    <ele>1059.8</ele>
    <time>2026-06-03T18:47:12Z</time>
   </trkpt>
   <trkpt lat="69.6003920" lon="19.1328660">
    <ele>1059.8</ele>
    <time>2026-06-03T18:47:13Z</time>
   </trkpt>
   <trkpt lat="69.6003920" lon="19.1328660">
    <ele>1059.8</ele>
    <time>2026-06-03T18:47:14Z</time>
   </trkpt>
   <trkpt lat="69.6003920" lon="19.1328660">
    <ele>1059.8</ele>
    <time>2026-06-03T18:47:15Z</time>
   </trkpt>
   <trkpt lat="69.6003920" lon="19.1328660">
    <ele>1059.8</ele>
    <time>2026-06-03T18:47:16Z</time>
   </trkpt>
   <trkpt lat="69.6003920" lon="19.1328660">
    <ele>1059.8</ele>
    <time>2026-06-03T18:47:17Z</time>
   </trkpt>
   <trkpt lat="69.6003920" lon="19.1328660">
    <ele>1059.8</ele>
    <time>2026-06-03T18:47:18Z</time>
   </trkpt>
   <trkpt lat="69.6003920" lon="19.1328660">
    <ele>1059.8</ele>
    <time>2026-06-03T18:47:19Z</time>
   </trkpt>
   <trkpt lat="69.6003920" lon="19.1328660">
    <ele>1059.8</ele>
    <time>2026-06-03T18:47:20Z</time>
   </trkpt>
   <trkpt lat="69.6003920" lon="19.1328660">
    <ele>1059.8</ele>
    <time>2026-06-03T18:47:21Z</time>
   </trkpt>
   <trkpt lat="69.6003920" lon="19.1328660">
    <ele>1059.8</ele>
    <time>2026-06-03T18:47:22Z</time>
   </trkpt>
   <trkpt lat="69.6003920" lon="19.1328660">
    <ele>1059.8</ele>
    <time>2026-06-03T18:47:23Z</time>
   </trkpt>
   <trkpt lat="69.6003920" lon="19.1328660">
    <ele>1059.8</ele>
    <time>2026-06-03T18:47:24Z</time>
   </trkpt>
   <trkpt lat="69.6003920" lon="19.1328660">
    <ele>1059.8</ele>
    <time>2026-06-03T18:47:25Z</time>
   </trkpt>
   <trkpt lat="69.6003920" lon="19.1328660">
    <ele>1059.8</ele>
    <time>2026-06-03T18:47:26Z</time>
   </trkpt>
   <trkpt lat="69.6003920" lon="19.1328660">
    <ele>1059.8</ele>
    <time>2026-06-03T18:47:27Z</time>
   </trkpt>
   <trkpt lat="69.6003920" lon="19.1328660">
    <ele>1059.8</ele>
    <time>2026-06-03T18:47:28Z</time>
   </trkpt>
   <trkpt lat="69.6003920" lon="19.1328660">
    <ele>1059.8</ele>
    <time>2026-06-03T18:47:29Z</time>
   </trkpt>
   <trkpt lat="69.6003920" lon="19.1328660">
    <ele>1059.9</ele>
    <time>2026-06-03T18:47:30Z</time>
   </trkpt>
   <trkpt lat="69.6004070" lon="19.1329060">
    <ele>1060.6</ele>
    <time>2026-06-03T18:47:31Z</time>
   </trkpt>
   <trkpt lat="69.6004070" lon="19.1329060">
    <ele>1060.6</ele>
    <time>2026-06-03T18:47:32Z</time>
   </trkpt>
   <trkpt lat="69.6004070" lon="19.1329060">
    <ele>1060.6</ele>
    <time>2026-06-03T18:47:33Z</time>
   </trkpt>
   <trkpt lat="69.6004190" lon="19.1329540">
    <ele>1061.4</ele>
    <time>2026-06-03T18:47:34Z</time>
   </trkpt>
   <trkpt lat="69.6004190" lon="19.1329540">
    <ele>1061.4</ele>
    <time>2026-06-03T18:47:35Z</time>
   </trkpt>
   <trkpt lat="69.6004190" lon="19.1329540">
    <ele>1061.4</ele>
    <time>2026-06-03T18:47:36Z</time>
   </trkpt>
   <trkpt lat="69.6004190" lon="19.1329540">
    <ele>1061.4</ele>
    <time>2026-06-03T18:47:37Z</time>
   </trkpt>
   <trkpt lat="69.6004320" lon="19.1330000">
    <ele>1062.1</ele>
    <time>2026-06-03T18:47:38Z</time>
   </trkpt>
   <trkpt lat="69.6004320" lon="19.1330000">
    <ele>1062.1</ele>
    <time>2026-06-03T18:47:39Z</time>
   </trkpt>
   <trkpt lat="69.6004320" lon="19.1330000">
    <ele>1062.1</ele>
    <time>2026-06-03T18:47:40Z</time>
   </trkpt>
   <trkpt lat="69.6004320" lon="19.1330000">
    <ele>1062.1</ele>
    <time>2026-06-03T18:47:41Z</time>
   </trkpt>
   <trkpt lat="69.6004450" lon="19.1330460">
    <ele>1062.8</ele>
    <time>2026-06-03T18:47:42Z</time>
   </trkpt>
   <trkpt lat="69.6004450" lon="19.1330460">
    <ele>1062.8</ele>
    <time>2026-06-03T18:47:43Z</time>
   </trkpt>
   <trkpt lat="69.6004450" lon="19.1330460">
    <ele>1062.8</ele>
    <time>2026-06-03T18:47:44Z</time>
   </trkpt>
   <trkpt lat="69.6004450" lon="19.1330460">
    <ele>1062.8</ele>
    <time>2026-06-03T18:47:45Z</time>
   </trkpt>
   <trkpt lat="69.6004450" lon="19.1330460">
    <ele>1062.8</ele>
    <time>2026-06-03T18:47:46Z</time>
   </trkpt>
   <trkpt lat="69.6004590" lon="19.1330910">
    <ele>1063.5</ele>
    <time>2026-06-03T18:47:47Z</time>
   </trkpt>
   <trkpt lat="69.6004590" lon="19.1330910">
    <ele>1063.5</ele>
    <time>2026-06-03T18:47:48Z</time>
   </trkpt>
   <trkpt lat="69.6004590" lon="19.1330910">
    <ele>1063.5</ele>
    <time>2026-06-03T18:47:49Z</time>
   </trkpt>
   <trkpt lat="69.6004590" lon="19.1330910">
    <ele>1063.5</ele>
    <time>2026-06-03T18:47:50Z</time>
   </trkpt>
   <trkpt lat="69.6004690" lon="19.1331410">
    <ele>1064.2</ele>
    <time>2026-06-03T18:47:51Z</time>
   </trkpt>
   <trkpt lat="69.6004690" lon="19.1331410">
    <ele>1064.2</ele>
    <time>2026-06-03T18:47:52Z</time>
   </trkpt>
   <trkpt lat="69.6004690" lon="19.1331410">
    <ele>1064.2</ele>
    <time>2026-06-03T18:47:53Z</time>
   </trkpt>
   <trkpt lat="69.6004690" lon="19.1331410">
    <ele>1064.2</ele>
    <time>2026-06-03T18:47:54Z</time>
   </trkpt>
   <trkpt lat="69.6004690" lon="19.1331410">
    <ele>1064.2</ele>
    <time>2026-06-03T18:47:55Z</time>
   </trkpt>
   <trkpt lat="69.6004860" lon="19.1331830">
    <ele>1064.9</ele>
    <time>2026-06-03T18:47:56Z</time>
   </trkpt>
   <trkpt lat="69.6004860" lon="19.1331830">
    <ele>1064.9</ele>
    <time>2026-06-03T18:47:57Z</time>
   </trkpt>
   <trkpt lat="69.6004860" lon="19.1331830">
    <ele>1064.9</ele>
    <time>2026-06-03T18:47:58Z</time>
   </trkpt>
   <trkpt lat="69.6004860" lon="19.1331830">
    <ele>1064.9</ele>
    <time>2026-06-03T18:47:59Z</time>
   </trkpt>
   <trkpt lat="69.6004990" lon="19.1332250">
    <ele>1065.5</ele>
    <time>2026-06-03T18:48:00Z</time>
   </trkpt>
   <trkpt lat="69.6004990" lon="19.1332250">
    <ele>1065.5</ele>
    <time>2026-06-03T18:48:01Z</time>
   </trkpt>
   <trkpt lat="69.6004990" lon="19.1332250">
    <ele>1065.5</ele>
    <time>2026-06-03T18:48:02Z</time>
   </trkpt>
   <trkpt lat="69.6004990" lon="19.1332250">
    <ele>1065.5</ele>
    <time>2026-06-03T18:48:03Z</time>
   </trkpt>
   <trkpt lat="69.6004990" lon="19.1332250">
    <ele>1065.5</ele>
    <time>2026-06-03T18:48:04Z</time>
   </trkpt>
   <trkpt lat="69.6005150" lon="19.1332680">
    <ele>1066.2</ele>
    <time>2026-06-03T18:48:05Z</time>
   </trkpt>
   <trkpt lat="69.6005150" lon="19.1332680">
    <ele>1066.2</ele>
    <time>2026-06-03T18:48:06Z</time>
   </trkpt>
   <trkpt lat="69.6005150" lon="19.1332680">
    <ele>1066.2</ele>
    <time>2026-06-03T18:48:07Z</time>
   </trkpt>
   <trkpt lat="69.6005150" lon="19.1332680">
    <ele>1066.2</ele>
    <time>2026-06-03T18:48:08Z</time>
   </trkpt>
   <trkpt lat="69.6005150" lon="19.1332680">
    <ele>1066.2</ele>
    <time>2026-06-03T18:48:09Z</time>
   </trkpt>
   <trkpt lat="69.6005150" lon="19.1332680">
    <ele>1066.2</ele>
    <time>2026-06-03T18:48:10Z</time>
   </trkpt>
   <trkpt lat="69.6005150" lon="19.1332680">
    <ele>1066.2</ele>
    <time>2026-06-03T18:48:11Z</time>
   </trkpt>
   <trkpt lat="69.6005150" lon="19.1332680">
    <ele>1066.2</ele>
    <time>2026-06-03T18:48:12Z</time>
   </trkpt>
   <trkpt lat="69.6005150" lon="19.1332680">
    <ele>1066.2</ele>
    <time>2026-06-03T18:48:13Z</time>
   </trkpt>
   <trkpt lat="69.6005150" lon="19.1332680">
    <ele>1066.2</ele>
    <time>2026-06-03T18:48:14Z</time>
   </trkpt>
   <trkpt lat="69.6005150" lon="19.1332680">
    <ele>1066.2</ele>
    <time>2026-06-03T18:48:15Z</time>
   </trkpt>
   <trkpt lat="69.6005150" lon="19.1332680">
    <ele>1066.2</ele>
    <time>2026-06-03T18:48:16Z</time>
   </trkpt>
   <trkpt lat="69.6005150" lon="19.1332680">
    <ele>1066.2</ele>
    <time>2026-06-03T18:48:17Z</time>
   </trkpt>
   <trkpt lat="69.6005150" lon="19.1332680">
    <ele>1066.2</ele>
    <time>2026-06-03T18:48:18Z</time>
   </trkpt>
   <trkpt lat="69.6005150" lon="19.1332680">
    <ele>1066.2</ele>
    <time>2026-06-03T18:48:19Z</time>
   </trkpt>
   <trkpt lat="69.6005030" lon="19.1333120">
    <ele>1067.3</ele>
    <time>2026-06-03T18:48:20Z</time>
   </trkpt>
   <trkpt lat="69.6005030" lon="19.1333120">
    <ele>1067.3</ele>
    <time>2026-06-03T18:48:21Z</time>
   </trkpt>
   <trkpt lat="69.6005030" lon="19.1333120">
    <ele>1067.3</ele>
    <time>2026-06-03T18:48:22Z</time>
   </trkpt>
   <trkpt lat="69.6005030" lon="19.1333120">
    <ele>1067.3</ele>
    <time>2026-06-03T18:48:23Z</time>
   </trkpt>
   <trkpt lat="69.6004840" lon="19.1333420">
    <ele>1068.3</ele>
    <time>2026-06-03T18:48:24Z</time>
   </trkpt>
   <trkpt lat="69.6004840" lon="19.1333420">
    <ele>1068.3</ele>
    <time>2026-06-03T18:48:25Z</time>
   </trkpt>
   <trkpt lat="69.6004840" lon="19.1333420">
    <ele>1068.3</ele>
    <time>2026-06-03T18:48:26Z</time>
   </trkpt>
   <trkpt lat="69.6004670" lon="19.1333710">
    <ele>1068.6</ele>
    <time>2026-06-03T18:48:27Z</time>
   </trkpt>
   <trkpt lat="69.6004670" lon="19.1333710">
    <ele>1068.6</ele>
    <time>2026-06-03T18:48:28Z</time>
   </trkpt>
   <trkpt lat="69.6004670" lon="19.1333710">
    <ele>1068.6</ele>
    <time>2026-06-03T18:48:29Z</time>
   </trkpt>
   <trkpt lat="69.6004670" lon="19.1333710">
    <ele>1068.6</ele>
    <time>2026-06-03T18:48:30Z</time>
   </trkpt>
   <trkpt lat="69.6004460" lon="19.1334010">
    <ele>1069.7</ele>
    <time>2026-06-03T18:48:31Z</time>
   </trkpt>
   <trkpt lat="69.6004460" lon="19.1334010">
    <ele>1069.7</ele>
    <time>2026-06-03T18:48:32Z</time>
   </trkpt>
   <trkpt lat="69.6004460" lon="19.1334010">
    <ele>1069.7</ele>
    <time>2026-06-03T18:48:33Z</time>
   </trkpt>
   <trkpt lat="69.6004300" lon="19.1334230">
    <ele>1070.7</ele>
    <time>2026-06-03T18:48:34Z</time>
   </trkpt>
   <trkpt lat="69.6004300" lon="19.1334230">
    <ele>1070.7</ele>
    <time>2026-06-03T18:48:35Z</time>
   </trkpt>
   <trkpt lat="69.6004300" lon="19.1334230">
    <ele>1070.7</ele>
    <time>2026-06-03T18:48:36Z</time>
   </trkpt>
   <trkpt lat="69.6004130" lon="19.1334420">
    <ele>1070.8</ele>
    <time>2026-06-03T18:48:37Z</time>
   </trkpt>
   <trkpt lat="69.6004130" lon="19.1334420">
    <ele>1070.8</ele>
    <time>2026-06-03T18:48:38Z</time>
   </trkpt>
   <trkpt lat="69.6004130" lon="19.1334420">
    <ele>1070.8</ele>
    <time>2026-06-03T18:48:39Z</time>
   </trkpt>
   <trkpt lat="69.6004130" lon="19.1334420">
    <ele>1070.8</ele>
    <time>2026-06-03T18:48:40Z</time>
   </trkpt>
   <trkpt lat="69.6003900" lon="19.1334670">
    <ele>1072.0</ele>
    <time>2026-06-03T18:48:41Z</time>
   </trkpt>
   <trkpt lat="69.6003900" lon="19.1334670">
    <ele>1072.0</ele>
    <time>2026-06-03T18:48:42Z</time>
   </trkpt>
   <trkpt lat="69.6003900" lon="19.1334670">
    <ele>1072.0</ele>
    <time>2026-06-03T18:48:43Z</time>
   </trkpt>
   <trkpt lat="69.6003900" lon="19.1334670">
    <ele>1072.0</ele>
    <time>2026-06-03T18:48:44Z</time>
   </trkpt>
   <trkpt lat="69.6003900" lon="19.1334670">
    <ele>1072.0</ele>
    <time>2026-06-03T18:48:45Z</time>
   </trkpt>
   <trkpt lat="69.6003900" lon="19.1334670">
    <ele>1072.0</ele>
    <time>2026-06-03T18:48:46Z</time>
   </trkpt>
   <trkpt lat="69.6003900" lon="19.1334670">
    <ele>1072.0</ele>
    <time>2026-06-03T18:48:47Z</time>
   </trkpt>
   <trkpt lat="69.6003900" lon="19.1334670">
    <ele>1072.0</ele>
    <time>2026-06-03T18:48:48Z</time>
   </trkpt>
   <trkpt lat="69.6003900" lon="19.1334670">
    <ele>1072.0</ele>
    <time>2026-06-03T18:48:49Z</time>
   </trkpt>
   <trkpt lat="69.6003900" lon="19.1334670">
    <ele>1072.0</ele>
    <time>2026-06-03T18:48:50Z</time>
   </trkpt>
   <trkpt lat="69.6003710" lon="19.1334920">
    <ele>1072.2</ele>
    <time>2026-06-03T18:48:51Z</time>
   </trkpt>
   <trkpt lat="69.6003710" lon="19.1334920">
    <ele>1072.2</ele>
    <time>2026-06-03T18:48:52Z</time>
   </trkpt>
   <trkpt lat="69.6003710" lon="19.1334920">
    <ele>1072.2</ele>
    <time>2026-06-03T18:48:53Z</time>
   </trkpt>
   <trkpt lat="69.6003550" lon="19.1335250">
    <ele>1073.2</ele>
    <time>2026-06-03T18:48:54Z</time>
   </trkpt>
   <trkpt lat="69.6003550" lon="19.1335250">
    <ele>1073.2</ele>
    <time>2026-06-03T18:48:55Z</time>
   </trkpt>
   <trkpt lat="69.6003550" lon="19.1335250">
    <ele>1073.2</ele>
    <time>2026-06-03T18:48:56Z</time>
   </trkpt>
   <trkpt lat="69.6003550" lon="19.1335250">
    <ele>1073.2</ele>
    <time>2026-06-03T18:48:57Z</time>
   </trkpt>
   <trkpt lat="69.6003370" lon="19.1335470">
    <ele>1073.4</ele>
    <time>2026-06-03T18:48:58Z</time>
   </trkpt>
   <trkpt lat="69.6003370" lon="19.1335470">
    <ele>1073.4</ele>
    <time>2026-06-03T18:48:59Z</time>
   </trkpt>
   <trkpt lat="69.6003370" lon="19.1335470">
    <ele>1073.4</ele>
    <time>2026-06-03T18:49:00Z</time>
   </trkpt>
   <trkpt lat="69.6003370" lon="19.1335470">
    <ele>1073.4</ele>
    <time>2026-06-03T18:49:01Z</time>
   </trkpt>
   <trkpt lat="69.6003140" lon="19.1335550">
    <ele>1074.6</ele>
    <time>2026-06-03T18:49:02Z</time>
   </trkpt>
   <trkpt lat="69.6003140" lon="19.1335550">
    <ele>1074.6</ele>
    <time>2026-06-03T18:49:03Z</time>
   </trkpt>
   <trkpt lat="69.6003140" lon="19.1335550">
    <ele>1074.6</ele>
    <time>2026-06-03T18:49:04Z</time>
   </trkpt>
   <trkpt lat="69.6003140" lon="19.1335550">
    <ele>1074.6</ele>
    <time>2026-06-03T18:49:05Z</time>
   </trkpt>
   <trkpt lat="69.6002940" lon="19.1335680">
    <ele>1074.8</ele>
    <time>2026-06-03T18:49:06Z</time>
   </trkpt>
   <trkpt lat="69.6002940" lon="19.1335680">
    <ele>1074.8</ele>
    <time>2026-06-03T18:49:07Z</time>
   </trkpt>
   <trkpt lat="69.6002940" lon="19.1335680">
    <ele>1074.8</ele>
    <time>2026-06-03T18:49:08Z</time>
   </trkpt>
   <trkpt lat="69.6002940" lon="19.1335680">
    <ele>1074.8</ele>
    <time>2026-06-03T18:49:09Z</time>
   </trkpt>
   <trkpt lat="69.6002750" lon="19.1335880">
    <ele>1074.9</ele>
    <time>2026-06-03T18:49:10Z</time>
   </trkpt>
   <trkpt lat="69.6002750" lon="19.1335880">
    <ele>1074.9</ele>
    <time>2026-06-03T18:49:11Z</time>
   </trkpt>
   <trkpt lat="69.6002750" lon="19.1335880">
    <ele>1074.9</ele>
    <time>2026-06-03T18:49:12Z</time>
   </trkpt>
   <trkpt lat="69.6002750" lon="19.1335880">
    <ele>1074.9</ele>
    <time>2026-06-03T18:49:13Z</time>
   </trkpt>
   <trkpt lat="69.6002570" lon="19.1336110">
    <ele>1076.2</ele>
    <time>2026-06-03T18:49:14Z</time>
   </trkpt>
   <trkpt lat="69.6002570" lon="19.1336110">
    <ele>1076.2</ele>
    <time>2026-06-03T18:49:15Z</time>
   </trkpt>
   <trkpt lat="69.6002570" lon="19.1336110">
    <ele>1076.2</ele>
    <time>2026-06-03T18:49:16Z</time>
   </trkpt>
   <trkpt lat="69.6002570" lon="19.1336110">
    <ele>1076.2</ele>
    <time>2026-06-03T18:49:17Z</time>
   </trkpt>
   <trkpt lat="69.6002370" lon="19.1336390">
    <ele>1077.3</ele>
    <time>2026-06-03T18:49:18Z</time>
   </trkpt>
   <trkpt lat="69.6002370" lon="19.1336390">
    <ele>1077.3</ele>
    <time>2026-06-03T18:49:19Z</time>
   </trkpt>
   <trkpt lat="69.6002370" lon="19.1336390">
    <ele>1077.3</ele>
    <time>2026-06-03T18:49:20Z</time>
   </trkpt>
   <trkpt lat="69.6002370" lon="19.1336390">
    <ele>1077.3</ele>
    <time>2026-06-03T18:49:21Z</time>
   </trkpt>
   <trkpt lat="69.6002370" lon="19.1336390">
    <ele>1077.3</ele>
    <time>2026-06-03T18:49:22Z</time>
   </trkpt>
   <trkpt lat="69.6002370" lon="19.1336390">
    <ele>1077.3</ele>
    <time>2026-06-03T18:49:23Z</time>
   </trkpt>
   <trkpt lat="69.6002370" lon="19.1336390">
    <ele>1077.3</ele>
    <time>2026-06-03T18:49:24Z</time>
   </trkpt>
   <trkpt lat="69.6002370" lon="19.1336390">
    <ele>1077.3</ele>
    <time>2026-06-03T18:49:25Z</time>
   </trkpt>
   <trkpt lat="69.6002370" lon="19.1336390">
    <ele>1077.3</ele>
    <time>2026-06-03T18:49:26Z</time>
   </trkpt>
   <trkpt lat="69.6002370" lon="19.1336390">
    <ele>1077.3</ele>
    <time>2026-06-03T18:49:27Z</time>
   </trkpt>
   <trkpt lat="69.6002170" lon="19.1336630">
    <ele>1077.5</ele>
    <time>2026-06-03T18:49:28Z</time>
   </trkpt>
   <trkpt lat="69.6002170" lon="19.1336630">
    <ele>1077.5</ele>
    <time>2026-06-03T18:49:29Z</time>
   </trkpt>
   <trkpt lat="69.6002170" lon="19.1336630">
    <ele>1077.5</ele>
    <time>2026-06-03T18:49:30Z</time>
   </trkpt>
   <trkpt lat="69.6002170" lon="19.1336630">
    <ele>1077.5</ele>
    <time>2026-06-03T18:49:31Z</time>
   </trkpt>
   <trkpt lat="69.6002020" lon="19.1337010">
    <ele>1078.6</ele>
    <time>2026-06-03T18:49:32Z</time>
   </trkpt>
   <trkpt lat="69.6002020" lon="19.1337010">
    <ele>1078.6</ele>
    <time>2026-06-03T18:49:33Z</time>
   </trkpt>
   <trkpt lat="69.6002020" lon="19.1337010">
    <ele>1078.6</ele>
    <time>2026-06-03T18:49:34Z</time>
   </trkpt>
   <trkpt lat="69.6002020" lon="19.1337010">
    <ele>1078.6</ele>
    <time>2026-06-03T18:49:35Z</time>
   </trkpt>
   <trkpt lat="69.6001830" lon="19.1337320">
    <ele>1079.8</ele>
    <time>2026-06-03T18:49:36Z</time>
   </trkpt>
   <trkpt lat="69.6001830" lon="19.1337320">
    <ele>1079.8</ele>
    <time>2026-06-03T18:49:37Z</time>
   </trkpt>
   <trkpt lat="69.6001830" lon="19.1337320">
    <ele>1079.8</ele>
    <time>2026-06-03T18:49:38Z</time>
   </trkpt>
   <trkpt lat="69.6001830" lon="19.1337320">
    <ele>1079.8</ele>
    <time>2026-06-03T18:49:39Z</time>
   </trkpt>
   <trkpt lat="69.6001660" lon="19.1337500">
    <ele>1080.0</ele>
    <time>2026-06-03T18:49:40Z</time>
   </trkpt>
   <trkpt lat="69.6001660" lon="19.1337500">
    <ele>1080.0</ele>
    <time>2026-06-03T18:49:41Z</time>
   </trkpt>
   <trkpt lat="69.6001660" lon="19.1337500">
    <ele>1080.0</ele>
    <time>2026-06-03T18:49:42Z</time>
   </trkpt>
   <trkpt lat="69.6001660" lon="19.1337500">
    <ele>1080.0</ele>
    <time>2026-06-03T18:49:43Z</time>
   </trkpt>
   <trkpt lat="69.6001660" lon="19.1337500">
    <ele>1080.0</ele>
    <time>2026-06-03T18:49:44Z</time>
   </trkpt>
   <trkpt lat="69.6001490" lon="19.1337750">
    <ele>1081.0</ele>
    <time>2026-06-03T18:49:45Z</time>
   </trkpt>
   <trkpt lat="69.6001490" lon="19.1337750">
    <ele>1081.0</ele>
    <time>2026-06-03T18:49:46Z</time>
   </trkpt>
   <trkpt lat="69.6001490" lon="19.1337750">
    <ele>1081.0</ele>
    <time>2026-06-03T18:49:47Z</time>
   </trkpt>
   <trkpt lat="69.6001490" lon="19.1337750">
    <ele>1081.0</ele>
    <time>2026-06-03T18:49:48Z</time>
   </trkpt>
   <trkpt lat="69.6001300" lon="19.1337960">
    <ele>1081.1</ele>
    <time>2026-06-03T18:49:49Z</time>
   </trkpt>
   <trkpt lat="69.6001300" lon="19.1337960">
    <ele>1081.1</ele>
    <time>2026-06-03T18:49:50Z</time>
   </trkpt>
   <trkpt lat="69.6001300" lon="19.1337960">
    <ele>1081.1</ele>
    <time>2026-06-03T18:49:51Z</time>
   </trkpt>
   <trkpt lat="69.6001300" lon="19.1337960">
    <ele>1081.1</ele>
    <time>2026-06-03T18:49:52Z</time>
   </trkpt>
   <trkpt lat="69.6001100" lon="19.1338270">
    <ele>1082.1</ele>
    <time>2026-06-03T18:49:53Z</time>
   </trkpt>
   <trkpt lat="69.6001100" lon="19.1338270">
    <ele>1082.1</ele>
    <time>2026-06-03T18:49:54Z</time>
   </trkpt>
   <trkpt lat="69.6001100" lon="19.1338270">
    <ele>1082.1</ele>
    <time>2026-06-03T18:49:55Z</time>
   </trkpt>
   <trkpt lat="69.6001100" lon="19.1338270">
    <ele>1082.1</ele>
    <time>2026-06-03T18:49:56Z</time>
   </trkpt>
   <trkpt lat="69.6000930" lon="19.1338490">
    <ele>1082.2</ele>
    <time>2026-06-03T18:49:57Z</time>
   </trkpt>
   <trkpt lat="69.6000930" lon="19.1338490">
    <ele>1082.2</ele>
    <time>2026-06-03T18:49:58Z</time>
   </trkpt>
   <trkpt lat="69.6000930" lon="19.1338490">
    <ele>1082.2</ele>
    <time>2026-06-03T18:49:59Z</time>
   </trkpt>
   <trkpt lat="69.6000930" lon="19.1338490">
    <ele>1082.2</ele>
    <time>2026-06-03T18:50:00Z</time>
   </trkpt>
   <trkpt lat="69.6000930" lon="19.1338490">
    <ele>1082.2</ele>
    <time>2026-06-03T18:50:01Z</time>
   </trkpt>
   <trkpt lat="69.6000750" lon="19.1338780">
    <ele>1083.2</ele>
    <time>2026-06-03T18:50:02Z</time>
   </trkpt>
   <trkpt lat="69.6000750" lon="19.1338780">
    <ele>1083.2</ele>
    <time>2026-06-03T18:50:03Z</time>
   </trkpt>
   <trkpt lat="69.6000750" lon="19.1338780">
    <ele>1083.2</ele>
    <time>2026-06-03T18:50:04Z</time>
   </trkpt>
   <trkpt lat="69.6000750" lon="19.1338780">
    <ele>1083.2</ele>
    <time>2026-06-03T18:50:05Z</time>
   </trkpt>
   <trkpt lat="69.6000750" lon="19.1338780">
    <ele>1083.2</ele>
    <time>2026-06-03T18:50:06Z</time>
   </trkpt>
   <trkpt lat="69.6000750" lon="19.1338780">
    <ele>1083.2</ele>
    <time>2026-06-03T18:50:07Z</time>
   </trkpt>
   <trkpt lat="69.6000750" lon="19.1338780">
    <ele>1083.2</ele>
    <time>2026-06-03T18:50:08Z</time>
   </trkpt>
   <trkpt lat="69.6000750" lon="19.1338780">
    <ele>1083.2</ele>
    <time>2026-06-03T18:50:09Z</time>
   </trkpt>
   <trkpt lat="69.6000750" lon="19.1338780">
    <ele>1083.2</ele>
    <time>2026-06-03T18:50:10Z</time>
   </trkpt>
   <trkpt lat="69.6000750" lon="19.1338780">
    <ele>1083.2</ele>
    <time>2026-06-03T18:50:11Z</time>
   </trkpt>
   <trkpt lat="69.6000750" lon="19.1338780">
    <ele>1083.2</ele>
    <time>2026-06-03T18:50:12Z</time>
   </trkpt>
   <trkpt lat="69.6000750" lon="19.1338780">
    <ele>1083.2</ele>
    <time>2026-06-03T18:50:13Z</time>
   </trkpt>
   <trkpt lat="69.6000750" lon="19.1338780">
    <ele>1083.2</ele>
    <time>2026-06-03T18:50:14Z</time>
   </trkpt>
   <trkpt lat="69.6000750" lon="19.1338780">
    <ele>1083.2</ele>
    <time>2026-06-03T18:50:15Z</time>
   </trkpt>
   <trkpt lat="69.6000750" lon="19.1338780">
    <ele>1083.2</ele>
    <time>2026-06-03T18:50:16Z</time>
   </trkpt>
   <trkpt lat="69.6000750" lon="19.1338780">
    <ele>1083.2</ele>
    <time>2026-06-03T18:50:17Z</time>
   </trkpt>
   <trkpt lat="69.6000750" lon="19.1338780">
    <ele>1083.2</ele>
    <time>2026-06-03T18:50:18Z</time>
   </trkpt>
   <trkpt lat="69.6000750" lon="19.1338780">
    <ele>1083.2</ele>
    <time>2026-06-03T18:50:19Z</time>
   </trkpt>
   <trkpt lat="69.6000750" lon="19.1338780">
    <ele>1083.2</ele>
    <time>2026-06-03T18:50:20Z</time>
   </trkpt>
   <trkpt lat="69.6000750" lon="19.1338780">
    <ele>1083.2</ele>
    <time>2026-06-03T18:50:21Z</time>
   </trkpt>
   <trkpt lat="69.6000540" lon="19.1339200">
    <ele>1084.2</ele>
    <time>2026-06-03T18:50:22Z</time>
   </trkpt>
   <trkpt lat="69.6000540" lon="19.1339200">
    <ele>1084.2</ele>
    <time>2026-06-03T18:50:23Z</time>
   </trkpt>
   <trkpt lat="69.6000540" lon="19.1339200">
    <ele>1084.2</ele>
    <time>2026-06-03T18:50:24Z</time>
   </trkpt>
   <trkpt lat="69.6000540" lon="19.1339200">
    <ele>1084.2</ele>
    <time>2026-06-03T18:50:25Z</time>
   </trkpt>
   <trkpt lat="69.6000400" lon="19.1339510">
    <ele>1085.2</ele>
    <time>2026-06-03T18:50:26Z</time>
   </trkpt>
   <trkpt lat="69.6000400" lon="19.1339510">
    <ele>1085.2</ele>
    <time>2026-06-03T18:50:27Z</time>
   </trkpt>
   <trkpt lat="69.6000400" lon="19.1339510">
    <ele>1085.2</ele>
    <time>2026-06-03T18:50:28Z</time>
   </trkpt>
   <trkpt lat="69.6000400" lon="19.1339510">
    <ele>1085.2</ele>
    <time>2026-06-03T18:50:29Z</time>
   </trkpt>
   <trkpt lat="69.6000200" lon="19.1339790">
    <ele>1086.1</ele>
    <time>2026-06-03T18:50:30Z</time>
   </trkpt>
   <trkpt lat="69.6000200" lon="19.1339790">
    <ele>1086.1</ele>
    <time>2026-06-03T18:50:31Z</time>
   </trkpt>
   <trkpt lat="69.6000200" lon="19.1339790">
    <ele>1086.1</ele>
    <time>2026-06-03T18:50:32Z</time>
   </trkpt>
   <trkpt lat="69.6000200" lon="19.1339790">
    <ele>1086.1</ele>
    <time>2026-06-03T18:50:33Z</time>
   </trkpt>
   <trkpt lat="69.6000050" lon="19.1340090">
    <ele>1086.2</ele>
    <time>2026-06-03T18:50:34Z</time>
   </trkpt>
   <trkpt lat="69.6000050" lon="19.1340090">
    <ele>1086.2</ele>
    <time>2026-06-03T18:50:35Z</time>
   </trkpt>
   <trkpt lat="69.6000050" lon="19.1340090">
    <ele>1086.2</ele>
    <time>2026-06-03T18:50:36Z</time>
   </trkpt>
   <trkpt lat="69.6000050" lon="19.1340090">
    <ele>1086.2</ele>
    <time>2026-06-03T18:50:37Z</time>
   </trkpt>
   <trkpt lat="69.6000050" lon="19.1340090">
    <ele>1086.2</ele>
    <time>2026-06-03T18:50:38Z</time>
   </trkpt>
   <trkpt lat="69.6000050" lon="19.1340090">
    <ele>1086.2</ele>
    <time>2026-06-03T18:50:39Z</time>
   </trkpt>
   <trkpt lat="69.5999890" lon="19.1340390">
    <ele>1087.2</ele>
    <time>2026-06-03T18:50:40Z</time>
   </trkpt>
   <trkpt lat="69.5999890" lon="19.1340390">
    <ele>1087.2</ele>
    <time>2026-06-03T18:50:41Z</time>
   </trkpt>
   <trkpt lat="69.5999890" lon="19.1340390">
    <ele>1087.2</ele>
    <time>2026-06-03T18:50:42Z</time>
   </trkpt>
   <trkpt lat="69.5999890" lon="19.1340390">
    <ele>1087.2</ele>
    <time>2026-06-03T18:50:43Z</time>
   </trkpt>
   <trkpt lat="69.5999890" lon="19.1340390">
    <ele>1087.2</ele>
    <time>2026-06-03T18:50:44Z</time>
   </trkpt>
   <trkpt lat="69.5999890" lon="19.1340390">
    <ele>1087.2</ele>
    <time>2026-06-03T18:50:45Z</time>
   </trkpt>
   <trkpt lat="69.5999890" lon="19.1340390">
    <ele>1087.2</ele>
    <time>2026-06-03T18:50:46Z</time>
   </trkpt>
   <trkpt lat="69.5999890" lon="19.1340390">
    <ele>1087.2</ele>
    <time>2026-06-03T18:50:47Z</time>
   </trkpt>
   <trkpt lat="69.5999890" lon="19.1340390">
    <ele>1087.2</ele>
    <time>2026-06-03T18:50:48Z</time>
   </trkpt>
   <trkpt lat="69.5999890" lon="19.1340390">
    <ele>1087.2</ele>
    <time>2026-06-03T18:50:49Z</time>
   </trkpt>
   <trkpt lat="69.5999890" lon="19.1340390">
    <ele>1087.2</ele>
    <time>2026-06-03T18:50:50Z</time>
   </trkpt>
   <trkpt lat="69.5999890" lon="19.1340390">
    <ele>1087.2</ele>
    <time>2026-06-03T18:50:51Z</time>
   </trkpt>
   <trkpt lat="69.6000030" lon="19.1340740">
    <ele>1088.1</ele>
    <time>2026-06-03T18:50:52Z</time>
   </trkpt>
   <trkpt lat="69.6000030" lon="19.1340740">
    <ele>1088.1</ele>
    <time>2026-06-03T18:50:53Z</time>
   </trkpt>
   <trkpt lat="69.6000030" lon="19.1340740">
    <ele>1088.1</ele>
    <time>2026-06-03T18:50:54Z</time>
   </trkpt>
   <trkpt lat="69.6000030" lon="19.1340740">
    <ele>1088.1</ele>
    <time>2026-06-03T18:50:55Z</time>
   </trkpt>
   <trkpt lat="69.6000030" lon="19.1340740">
    <ele>1088.1</ele>
    <time>2026-06-03T18:50:56Z</time>
   </trkpt>
   <trkpt lat="69.6000220" lon="19.1341110">
    <ele>1088.9</ele>
    <time>2026-06-03T18:50:57Z</time>
   </trkpt>
   <trkpt lat="69.6000220" lon="19.1341110">
    <ele>1088.9</ele>
    <time>2026-06-03T18:50:58Z</time>
   </trkpt>
   <trkpt lat="69.6000220" lon="19.1341110">
    <ele>1088.9</ele>
    <time>2026-06-03T18:50:59Z</time>
   </trkpt>
   <trkpt lat="69.6000430" lon="19.1341420">
    <ele>1088.9</ele>
    <time>2026-06-03T18:51:00Z</time>
   </trkpt>
   <trkpt lat="69.6000430" lon="19.1341420">
    <ele>1088.9</ele>
    <time>2026-06-03T18:51:01Z</time>
   </trkpt>
   <trkpt lat="69.6000430" lon="19.1341420">
    <ele>1088.9</ele>
    <time>2026-06-03T18:51:02Z</time>
   </trkpt>
   <trkpt lat="69.6000430" lon="19.1341420">
    <ele>1088.9</ele>
    <time>2026-06-03T18:51:03Z</time>
   </trkpt>
   <trkpt lat="69.6000430" lon="19.1341420">
    <ele>1088.9</ele>
    <time>2026-06-03T18:51:04Z</time>
   </trkpt>
   <trkpt lat="69.6000600" lon="19.1341880">
    <ele>1089.8</ele>
    <time>2026-06-03T18:51:05Z</time>
   </trkpt>
   <trkpt lat="69.6000600" lon="19.1341880">
    <ele>1089.8</ele>
    <time>2026-06-03T18:51:06Z</time>
   </trkpt>
   <trkpt lat="69.6000600" lon="19.1341880">
    <ele>1089.8</ele>
    <time>2026-06-03T18:51:07Z</time>
   </trkpt>
   <trkpt lat="69.6000600" lon="19.1341880">
    <ele>1089.8</ele>
    <time>2026-06-03T18:51:08Z</time>
   </trkpt>
   <trkpt lat="69.6000740" lon="19.1342250">
    <ele>1090.7</ele>
    <time>2026-06-03T18:51:09Z</time>
   </trkpt>
   <trkpt lat="69.6000740" lon="19.1342250">
    <ele>1090.7</ele>
    <time>2026-06-03T18:51:10Z</time>
   </trkpt>
   <trkpt lat="69.6000740" lon="19.1342250">
    <ele>1090.7</ele>
    <time>2026-06-03T18:51:11Z</time>
   </trkpt>
   <trkpt lat="69.6000740" lon="19.1342250">
    <ele>1090.7</ele>
    <time>2026-06-03T18:51:12Z</time>
   </trkpt>
   <trkpt lat="69.6000740" lon="19.1342250">
    <ele>1090.7</ele>
    <time>2026-06-03T18:51:13Z</time>
   </trkpt>
   <trkpt lat="69.6000740" lon="19.1342250">
    <ele>1090.8</ele>
    <time>2026-06-03T18:51:14Z</time>
   </trkpt>
   <trkpt lat="69.6000740" lon="19.1342250">
    <ele>1090.8</ele>
    <time>2026-06-03T18:51:15Z</time>
   </trkpt>
   <trkpt lat="69.6000740" lon="19.1342250">
    <ele>1090.8</ele>
    <time>2026-06-03T18:51:16Z</time>
   </trkpt>
   <trkpt lat="69.6000740" lon="19.1342250">
    <ele>1090.8</ele>
    <time>2026-06-03T18:51:17Z</time>
   </trkpt>
   <trkpt lat="69.6000740" lon="19.1342250">
    <ele>1090.8</ele>
    <time>2026-06-03T18:51:18Z</time>
   </trkpt>
   <trkpt lat="69.6000740" lon="19.1342250">
    <ele>1090.8</ele>
    <time>2026-06-03T18:51:19Z</time>
   </trkpt>
   <trkpt lat="69.6000740" lon="19.1342250">
    <ele>1090.8</ele>
    <time>2026-06-03T18:51:20Z</time>
   </trkpt>
   <trkpt lat="69.6000740" lon="19.1342250">
    <ele>1090.8</ele>
    <time>2026-06-03T18:51:21Z</time>
   </trkpt>
   <trkpt lat="69.6000740" lon="19.1342250">
    <ele>1090.8</ele>
    <time>2026-06-03T18:51:22Z</time>
   </trkpt>
   <trkpt lat="69.6000740" lon="19.1342250">
    <ele>1090.8</ele>
    <time>2026-06-03T18:51:23Z</time>
   </trkpt>
   <trkpt lat="69.6000740" lon="19.1342250">
    <ele>1090.8</ele>
    <time>2026-06-03T18:51:24Z</time>
   </trkpt>
   <trkpt lat="69.6000890" lon="19.1342580">
    <ele>1091.7</ele>
    <time>2026-06-03T18:51:25Z</time>
   </trkpt>
   <trkpt lat="69.6000890" lon="19.1342580">
    <ele>1091.7</ele>
    <time>2026-06-03T18:51:26Z</time>
   </trkpt>
   <trkpt lat="69.6000890" lon="19.1342580">
    <ele>1091.7</ele>
    <time>2026-06-03T18:51:27Z</time>
   </trkpt>
   <trkpt lat="69.6000890" lon="19.1342580">
    <ele>1091.7</ele>
    <time>2026-06-03T18:51:28Z</time>
   </trkpt>
   <trkpt lat="69.6001080" lon="19.1342910">
    <ele>1092.6</ele>
    <time>2026-06-03T18:51:29Z</time>
   </trkpt>
   <trkpt lat="69.6001080" lon="19.1342910">
    <ele>1092.6</ele>
    <time>2026-06-03T18:51:30Z</time>
   </trkpt>
   <trkpt lat="69.6001080" lon="19.1342910">
    <ele>1092.6</ele>
    <time>2026-06-03T18:51:31Z</time>
   </trkpt>
   <trkpt lat="69.6001080" lon="19.1342910">
    <ele>1092.6</ele>
    <time>2026-06-03T18:51:32Z</time>
   </trkpt>
   <trkpt lat="69.6001250" lon="19.1343360">
    <ele>1093.3</ele>
    <time>2026-06-03T18:51:33Z</time>
   </trkpt>
   <trkpt lat="69.6001250" lon="19.1343360">
    <ele>1093.4</ele>
    <time>2026-06-03T18:51:34Z</time>
   </trkpt>
   <trkpt lat="69.6001250" lon="19.1343360">
    <ele>1093.4</ele>
    <time>2026-06-03T18:51:35Z</time>
   </trkpt>
   <trkpt lat="69.6001250" lon="19.1343360">
    <ele>1093.4</ele>
    <time>2026-06-03T18:51:36Z</time>
   </trkpt>
   <trkpt lat="69.6001250" lon="19.1343360">
    <ele>1093.4</ele>
    <time>2026-06-03T18:51:37Z</time>
   </trkpt>
   <trkpt lat="69.6001430" lon="19.1343680">
    <ele>1094.2</ele>
    <time>2026-06-03T18:51:38Z</time>
   </trkpt>
   <trkpt lat="69.6001430" lon="19.1343680">
    <ele>1094.2</ele>
    <time>2026-06-03T18:51:39Z</time>
   </trkpt>
   <trkpt lat="69.6001430" lon="19.1343680">
    <ele>1094.2</ele>
    <time>2026-06-03T18:51:40Z</time>
   </trkpt>
   <trkpt lat="69.6001430" lon="19.1343680">
    <ele>1094.2</ele>
    <time>2026-06-03T18:51:41Z</time>
   </trkpt>
   <trkpt lat="69.6001640" lon="19.1344050">
    <ele>1094.1</ele>
    <time>2026-06-03T18:51:42Z</time>
   </trkpt>
   <trkpt lat="69.6001640" lon="19.1344050">
    <ele>1094.1</ele>
    <time>2026-06-03T18:51:43Z</time>
   </trkpt>
   <trkpt lat="69.6001640" lon="19.1344050">
    <ele>1094.1</ele>
    <time>2026-06-03T18:51:44Z</time>
   </trkpt>
   <trkpt lat="69.6001830" lon="19.1344380">
    <ele>1094.9</ele>
    <time>2026-06-03T18:51:45Z</time>
   </trkpt>
   <trkpt lat="69.6001830" lon="19.1344380">
    <ele>1094.9</ele>
    <time>2026-06-03T18:51:46Z</time>
   </trkpt>
   <trkpt lat="69.6001830" lon="19.1344380">
    <ele>1094.9</ele>
    <time>2026-06-03T18:51:47Z</time>
   </trkpt>
   <trkpt lat="69.6001830" lon="19.1344380">
    <ele>1094.9</ele>
    <time>2026-06-03T18:51:48Z</time>
   </trkpt>
   <trkpt lat="69.6002010" lon="19.1344680">
    <ele>1095.6</ele>
    <time>2026-06-03T18:51:49Z</time>
   </trkpt>
   <trkpt lat="69.6002010" lon="19.1344680">
    <ele>1095.6</ele>
    <time>2026-06-03T18:51:50Z</time>
   </trkpt>
   <trkpt lat="69.6002010" lon="19.1344680">
    <ele>1095.6</ele>
    <time>2026-06-03T18:51:51Z</time>
   </trkpt>
   <trkpt lat="69.6002010" lon="19.1344680">
    <ele>1095.6</ele>
    <time>2026-06-03T18:51:52Z</time>
   </trkpt>
   <trkpt lat="69.6002010" lon="19.1344680">
    <ele>1095.6</ele>
    <time>2026-06-03T18:51:53Z</time>
   </trkpt>
   <trkpt lat="69.6002010" lon="19.1344680">
    <ele>1095.6</ele>
    <time>2026-06-03T18:51:54Z</time>
   </trkpt>
   <trkpt lat="69.6002200" lon="19.1344900">
    <ele>1095.5</ele>
    <time>2026-06-03T18:51:55Z</time>
   </trkpt>
   <trkpt lat="69.6002200" lon="19.1344900">
    <ele>1095.5</ele>
    <time>2026-06-03T18:51:56Z</time>
   </trkpt>
   <trkpt lat="69.6002200" lon="19.1344900">
    <ele>1095.5</ele>
    <time>2026-06-03T18:51:57Z</time>
   </trkpt>
   <trkpt lat="69.6002200" lon="19.1344900">
    <ele>1095.5</ele>
    <time>2026-06-03T18:51:58Z</time>
   </trkpt>
   <trkpt lat="69.6002200" lon="19.1344900">
    <ele>1095.5</ele>
    <time>2026-06-03T18:51:59Z</time>
   </trkpt>
   <trkpt lat="69.6002370" lon="19.1345140">
    <ele>1096.3</ele>
    <time>2026-06-03T18:52:00Z</time>
   </trkpt>
   <trkpt lat="69.6002370" lon="19.1345140">
    <ele>1096.3</ele>
    <time>2026-06-03T18:52:01Z</time>
   </trkpt>
   <trkpt lat="69.6002370" lon="19.1345140">
    <ele>1096.3</ele>
    <time>2026-06-03T18:52:02Z</time>
   </trkpt>
   <trkpt lat="69.6002370" lon="19.1345140">
    <ele>1096.3</ele>
    <time>2026-06-03T18:52:03Z</time>
   </trkpt>
   <trkpt lat="69.6002370" lon="19.1345140">
    <ele>1096.3</ele>
    <time>2026-06-03T18:52:04Z</time>
   </trkpt>
   <trkpt lat="69.6002370" lon="19.1345140">
    <ele>1096.3</ele>
    <time>2026-06-03T18:52:05Z</time>
   </trkpt>
   <trkpt lat="69.6002370" lon="19.1345140">
    <ele>1096.3</ele>
    <time>2026-06-03T18:52:06Z</time>
   </trkpt>
   <trkpt lat="69.6002370" lon="19.1345140">
    <ele>1096.3</ele>
    <time>2026-06-03T18:52:07Z</time>
   </trkpt>
   <trkpt lat="69.6002370" lon="19.1345140">
    <ele>1096.3</ele>
    <time>2026-06-03T18:52:08Z</time>
   </trkpt>
   <trkpt lat="69.6002370" lon="19.1345140">
    <ele>1096.3</ele>
    <time>2026-06-03T18:52:09Z</time>
   </trkpt>
   <trkpt lat="69.6002370" lon="19.1345140">
    <ele>1096.3</ele>
    <time>2026-06-03T18:52:10Z</time>
   </trkpt>
   <trkpt lat="69.6002370" lon="19.1345140">
    <ele>1096.3</ele>
    <time>2026-06-03T18:52:11Z</time>
   </trkpt>
   <trkpt lat="69.6002530" lon="19.1345420">
    <ele>1097.1</ele>
    <time>2026-06-03T18:52:12Z</time>
   </trkpt>
   <trkpt lat="69.6002530" lon="19.1345420">
    <ele>1097.1</ele>
    <time>2026-06-03T18:52:13Z</time>
   </trkpt>
   <trkpt lat="69.6002530" lon="19.1345420">
    <ele>1097.1</ele>
    <time>2026-06-03T18:52:14Z</time>
   </trkpt>
   <trkpt lat="69.6002530" lon="19.1345420">
    <ele>1097.1</ele>
    <time>2026-06-03T18:52:15Z</time>
   </trkpt>
   <trkpt lat="69.6002700" lon="19.1345740">
    <ele>1097.0</ele>
    <time>2026-06-03T18:52:16Z</time>
   </trkpt>
   <trkpt lat="69.6002700" lon="19.1345740">
    <ele>1097.0</ele>
    <time>2026-06-03T18:52:17Z</time>
   </trkpt>
   <trkpt lat="69.6002700" lon="19.1345740">
    <ele>1097.0</ele>
    <time>2026-06-03T18:52:18Z</time>
   </trkpt>
   <trkpt lat="69.6002700" lon="19.1345740">
    <ele>1097.0</ele>
    <time>2026-06-03T18:52:19Z</time>
   </trkpt>
   <trkpt lat="69.6002900" lon="19.1346040">
    <ele>1097.7</ele>
    <time>2026-06-03T18:52:20Z</time>
   </trkpt>
   <trkpt lat="69.6002900" lon="19.1346040">
    <ele>1097.7</ele>
    <time>2026-06-03T18:52:21Z</time>
   </trkpt>
   <trkpt lat="69.6002900" lon="19.1346040">
    <ele>1097.7</ele>
    <time>2026-06-03T18:52:22Z</time>
   </trkpt>
   <trkpt lat="69.6003060" lon="19.1346320">
    <ele>1098.5</ele>
    <time>2026-06-03T18:52:23Z</time>
   </trkpt>
   <trkpt lat="69.6003060" lon="19.1346320">
    <ele>1098.5</ele>
    <time>2026-06-03T18:52:24Z</time>
   </trkpt>
   <trkpt lat="69.6003060" lon="19.1346320">
    <ele>1098.5</ele>
    <time>2026-06-03T18:52:25Z</time>
   </trkpt>
   <trkpt lat="69.6003060" lon="19.1346320">
    <ele>1098.5</ele>
    <time>2026-06-03T18:52:26Z</time>
   </trkpt>
   <trkpt lat="69.6003260" lon="19.1346650">
    <ele>1099.3</ele>
    <time>2026-06-03T18:52:27Z</time>
   </trkpt>
   <trkpt lat="69.6003260" lon="19.1346650">
    <ele>1099.3</ele>
    <time>2026-06-03T18:52:28Z</time>
   </trkpt>
   <trkpt lat="69.6003260" lon="19.1346650">
    <ele>1099.3</ele>
    <time>2026-06-03T18:52:29Z</time>
   </trkpt>
   <trkpt lat="69.6003420" lon="19.1346920">
    <ele>1099.2</ele>
    <time>2026-06-03T18:52:30Z</time>
   </trkpt>
   <trkpt lat="69.6003420" lon="19.1346920">
    <ele>1099.2</ele>
    <time>2026-06-03T18:52:31Z</time>
   </trkpt>
   <trkpt lat="69.6003420" lon="19.1346920">
    <ele>1099.2</ele>
    <time>2026-06-03T18:52:32Z</time>
   </trkpt>
   <trkpt lat="69.6003420" lon="19.1346920">
    <ele>1099.2</ele>
    <time>2026-06-03T18:52:33Z</time>
   </trkpt>
   <trkpt lat="69.6003590" lon="19.1347190">
    <ele>1100.0</ele>
    <time>2026-06-03T18:52:34Z</time>
   </trkpt>
   <trkpt lat="69.6003590" lon="19.1347190">
    <ele>1100.0</ele>
    <time>2026-06-03T18:52:35Z</time>
   </trkpt>
   <trkpt lat="69.6003590" lon="19.1347190">
    <ele>1100.0</ele>
    <time>2026-06-03T18:52:36Z</time>
   </trkpt>
   <trkpt lat="69.6003590" lon="19.1347190">
    <ele>1100.0</ele>
    <time>2026-06-03T18:52:37Z</time>
   </trkpt>
   <trkpt lat="69.6003780" lon="19.1347530">
    <ele>1100.8</ele>
    <time>2026-06-03T18:52:38Z</time>
   </trkpt>
   <trkpt lat="69.6003780" lon="19.1347530">
    <ele>1100.8</ele>
    <time>2026-06-03T18:52:39Z</time>
   </trkpt>
   <trkpt lat="69.6003780" lon="19.1347530">
    <ele>1100.8</ele>
    <time>2026-06-03T18:52:40Z</time>
   </trkpt>
   <trkpt lat="69.6003780" lon="19.1347530">
    <ele>1100.8</ele>
    <time>2026-06-03T18:52:41Z</time>
   </trkpt>
   <trkpt lat="69.6003960" lon="19.1347770">
    <ele>1100.6</ele>
    <time>2026-06-03T18:52:42Z</time>
   </trkpt>
   <trkpt lat="69.6003960" lon="19.1347770">
    <ele>1100.6</ele>
    <time>2026-06-03T18:52:43Z</time>
   </trkpt>
   <trkpt lat="69.6003960" lon="19.1347770">
    <ele>1100.6</ele>
    <time>2026-06-03T18:52:44Z</time>
   </trkpt>
   <trkpt lat="69.6003960" lon="19.1347770">
    <ele>1100.6</ele>
    <time>2026-06-03T18:52:45Z</time>
   </trkpt>
   <trkpt lat="69.6004160" lon="19.1348050">
    <ele>1101.4</ele>
    <time>2026-06-03T18:52:46Z</time>
   </trkpt>
   <trkpt lat="69.6004160" lon="19.1348050">
    <ele>1101.4</ele>
    <time>2026-06-03T18:52:47Z</time>
   </trkpt>
   <trkpt lat="69.6004160" lon="19.1348050">
    <ele>1101.4</ele>
    <time>2026-06-03T18:52:48Z</time>
   </trkpt>
   <trkpt lat="69.6004160" lon="19.1348050">
    <ele>1101.4</ele>
    <time>2026-06-03T18:52:49Z</time>
   </trkpt>
   <trkpt lat="69.6004340" lon="19.1348360">
    <ele>1101.2</ele>
    <time>2026-06-03T18:52:50Z</time>
   </trkpt>
   <trkpt lat="69.6004340" lon="19.1348360">
    <ele>1101.2</ele>
    <time>2026-06-03T18:52:51Z</time>
   </trkpt>
   <trkpt lat="69.6004340" lon="19.1348360">
    <ele>1101.2</ele>
    <time>2026-06-03T18:52:52Z</time>
   </trkpt>
   <trkpt lat="69.6004340" lon="19.1348360">
    <ele>1101.2</ele>
    <time>2026-06-03T18:52:53Z</time>
   </trkpt>
   <trkpt lat="69.6004490" lon="19.1348670">
    <ele>1102.1</ele>
    <time>2026-06-03T18:52:54Z</time>
   </trkpt>
   <trkpt lat="69.6004490" lon="19.1348670">
    <ele>1102.1</ele>
    <time>2026-06-03T18:52:55Z</time>
   </trkpt>
   <trkpt lat="69.6004490" lon="19.1348670">
    <ele>1102.1</ele>
    <time>2026-06-03T18:52:56Z</time>
   </trkpt>
   <trkpt lat="69.6004490" lon="19.1348670">
    <ele>1102.1</ele>
    <time>2026-06-03T18:52:57Z</time>
   </trkpt>
   <trkpt lat="69.6004660" lon="19.1348900">
    <ele>1102.9</ele>
    <time>2026-06-03T18:52:58Z</time>
   </trkpt>
   <trkpt lat="69.6004660" lon="19.1348900">
    <ele>1102.9</ele>
    <time>2026-06-03T18:52:59Z</time>
   </trkpt>
   <trkpt lat="69.6004660" lon="19.1348900">
    <ele>1102.9</ele>
    <time>2026-06-03T18:53:00Z</time>
   </trkpt>
   <trkpt lat="69.6004660" lon="19.1348900">
    <ele>1102.9</ele>
    <time>2026-06-03T18:53:01Z</time>
   </trkpt>
   <trkpt lat="69.6004660" lon="19.1348900">
    <ele>1102.9</ele>
    <time>2026-06-03T18:53:02Z</time>
   </trkpt>
   <trkpt lat="69.6004850" lon="19.1349190">
    <ele>1102.5</ele>
    <time>2026-06-03T18:53:03Z</time>
   </trkpt>
   <trkpt lat="69.6004850" lon="19.1349190">
    <ele>1102.5</ele>
    <time>2026-06-03T18:53:04Z</time>
   </trkpt>
   <trkpt lat="69.6004850" lon="19.1349190">
    <ele>1102.5</ele>
    <time>2026-06-03T18:53:05Z</time>
   </trkpt>
   <trkpt lat="69.6004850" lon="19.1349190">
    <ele>1102.5</ele>
    <time>2026-06-03T18:53:06Z</time>
   </trkpt>
   <trkpt lat="69.6005010" lon="19.1349570">
    <ele>1103.3</ele>
    <time>2026-06-03T18:53:07Z</time>
   </trkpt>
   <trkpt lat="69.6005010" lon="19.1349570">
    <ele>1103.3</ele>
    <time>2026-06-03T18:53:08Z</time>
   </trkpt>
   <trkpt lat="69.6005010" lon="19.1349570">
    <ele>1103.3</ele>
    <time>2026-06-03T18:53:09Z</time>
   </trkpt>
   <trkpt lat="69.6005190" lon="19.1349880">
    <ele>1104.1</ele>
    <time>2026-06-03T18:53:10Z</time>
   </trkpt>
   <trkpt lat="69.6005190" lon="19.1349880">
    <ele>1104.1</ele>
    <time>2026-06-03T18:53:11Z</time>
   </trkpt>
   <trkpt lat="69.6005190" lon="19.1349880">
    <ele>1104.1</ele>
    <time>2026-06-03T18:53:12Z</time>
   </trkpt>
   <trkpt lat="69.6005360" lon="19.1350170">
    <ele>1104.8</ele>
    <time>2026-06-03T18:53:13Z</time>
   </trkpt>
   <trkpt lat="69.6005360" lon="19.1350170">
    <ele>1104.8</ele>
    <time>2026-06-03T18:53:14Z</time>
   </trkpt>
   <trkpt lat="69.6005360" lon="19.1350170">
    <ele>1104.8</ele>
    <time>2026-06-03T18:53:15Z</time>
   </trkpt>
   <trkpt lat="69.6005530" lon="19.1350540">
    <ele>1105.5</ele>
    <time>2026-06-03T18:53:16Z</time>
   </trkpt>
   <trkpt lat="69.6005530" lon="19.1350540">
    <ele>1105.5</ele>
    <time>2026-06-03T18:53:17Z</time>
   </trkpt>
   <trkpt lat="69.6005530" lon="19.1350540">
    <ele>1105.5</ele>
    <time>2026-06-03T18:53:18Z</time>
   </trkpt>
   <trkpt lat="69.6005530" lon="19.1350540">
    <ele>1105.5</ele>
    <time>2026-06-03T18:53:19Z</time>
   </trkpt>
   <trkpt lat="69.6005690" lon="19.1350850">
    <ele>1105.3</ele>
    <time>2026-06-03T18:53:20Z</time>
   </trkpt>
   <trkpt lat="69.6005690" lon="19.1350850">
    <ele>1105.3</ele>
    <time>2026-06-03T18:53:21Z</time>
   </trkpt>
   <trkpt lat="69.6005690" lon="19.1350850">
    <ele>1105.3</ele>
    <time>2026-06-03T18:53:22Z</time>
   </trkpt>
   <trkpt lat="69.6005690" lon="19.1350850">
    <ele>1105.3</ele>
    <time>2026-06-03T18:53:23Z</time>
   </trkpt>
   <trkpt lat="69.6005690" lon="19.1350850">
    <ele>1105.3</ele>
    <time>2026-06-03T18:53:24Z</time>
   </trkpt>
   <trkpt lat="69.6005850" lon="19.1351350">
    <ele>1106.0</ele>
    <time>2026-06-03T18:53:25Z</time>
   </trkpt>
   <trkpt lat="69.6005850" lon="19.1351350">
    <ele>1106.0</ele>
    <time>2026-06-03T18:53:26Z</time>
   </trkpt>
   <trkpt lat="69.6005850" lon="19.1351350">
    <ele>1106.0</ele>
    <time>2026-06-03T18:53:27Z</time>
   </trkpt>
   <trkpt lat="69.6005850" lon="19.1351350">
    <ele>1106.0</ele>
    <time>2026-06-03T18:53:28Z</time>
   </trkpt>
   <trkpt lat="69.6005850" lon="19.1351350">
    <ele>1106.0</ele>
    <time>2026-06-03T18:53:29Z</time>
   </trkpt>
   <trkpt lat="69.6006000" lon="19.1351770">
    <ele>1106.6</ele>
    <time>2026-06-03T18:53:30Z</time>
   </trkpt>
   <trkpt lat="69.6006000" lon="19.1351770">
    <ele>1106.6</ele>
    <time>2026-06-03T18:53:31Z</time>
   </trkpt>
   <trkpt lat="69.6006000" lon="19.1351770">
    <ele>1106.6</ele>
    <time>2026-06-03T18:53:32Z</time>
   </trkpt>
   <trkpt lat="69.6006000" lon="19.1351770">
    <ele>1106.6</ele>
    <time>2026-06-03T18:53:33Z</time>
   </trkpt>
   <trkpt lat="69.6006000" lon="19.1351770">
    <ele>1106.6</ele>
    <time>2026-06-03T18:53:34Z</time>
   </trkpt>
   <trkpt lat="69.6006000" lon="19.1351770">
    <ele>1106.6</ele>
    <time>2026-06-03T18:53:35Z</time>
   </trkpt>
   <trkpt lat="69.6006000" lon="19.1351770">
    <ele>1106.6</ele>
    <time>2026-06-03T18:53:36Z</time>
   </trkpt>
   <trkpt lat="69.6006110" lon="19.1352280">
    <ele>1108.1</ele>
    <time>2026-06-03T18:53:37Z</time>
   </trkpt>
   <trkpt lat="69.6006110" lon="19.1352280">
    <ele>1108.1</ele>
    <time>2026-06-03T18:53:38Z</time>
   </trkpt>
   <trkpt lat="69.6006110" lon="19.1352280">
    <ele>1108.1</ele>
    <time>2026-06-03T18:53:39Z</time>
   </trkpt>
   <trkpt lat="69.6006110" lon="19.1352280">
    <ele>1108.1</ele>
    <time>2026-06-03T18:53:40Z</time>
   </trkpt>
   <trkpt lat="69.6006110" lon="19.1352280">
    <ele>1108.1</ele>
    <time>2026-06-03T18:53:41Z</time>
   </trkpt>
   <trkpt lat="69.6006210" lon="19.1352740">
    <ele>1108.7</ele>
    <time>2026-06-03T18:53:42Z</time>
   </trkpt>
   <trkpt lat="69.6006210" lon="19.1352740">
    <ele>1108.7</ele>
    <time>2026-06-03T18:53:43Z</time>
   </trkpt>
   <trkpt lat="69.6006210" lon="19.1352740">
    <ele>1108.7</ele>
    <time>2026-06-03T18:53:44Z</time>
   </trkpt>
   <trkpt lat="69.6006210" lon="19.1352740">
    <ele>1108.7</ele>
    <time>2026-06-03T18:53:45Z</time>
   </trkpt>
   <trkpt lat="69.6006340" lon="19.1353160">
    <ele>1109.3</ele>
    <time>2026-06-03T18:53:46Z</time>
   </trkpt>
   <trkpt lat="69.6006340" lon="19.1353160">
    <ele>1109.4</ele>
    <time>2026-06-03T18:53:47Z</time>
   </trkpt>
   <trkpt lat="69.6006340" lon="19.1353160">
    <ele>1109.4</ele>
    <time>2026-06-03T18:53:48Z</time>
   </trkpt>
   <trkpt lat="69.6006340" lon="19.1353160">
    <ele>1109.4</ele>
    <time>2026-06-03T18:53:49Z</time>
   </trkpt>
   <trkpt lat="69.6006490" lon="19.1353560">
    <ele>1110.0</ele>
    <time>2026-06-03T18:53:50Z</time>
   </trkpt>
   <trkpt lat="69.6006490" lon="19.1353560">
    <ele>1110.0</ele>
    <time>2026-06-03T18:53:51Z</time>
   </trkpt>
   <trkpt lat="69.6006490" lon="19.1353560">
    <ele>1110.0</ele>
    <time>2026-06-03T18:53:52Z</time>
   </trkpt>
   <trkpt lat="69.6006490" lon="19.1353560">
    <ele>1110.0</ele>
    <time>2026-06-03T18:53:53Z</time>
   </trkpt>
   <trkpt lat="69.6006650" lon="19.1353890">
    <ele>1109.8</ele>
    <time>2026-06-03T18:53:54Z</time>
   </trkpt>
   <trkpt lat="69.6006650" lon="19.1353890">
    <ele>1109.8</ele>
    <time>2026-06-03T18:53:55Z</time>
   </trkpt>
   <trkpt lat="69.6006650" lon="19.1353890">
    <ele>1109.8</ele>
    <time>2026-06-03T18:53:56Z</time>
   </trkpt>
   <trkpt lat="69.6006650" lon="19.1353890">
    <ele>1109.8</ele>
    <time>2026-06-03T18:53:57Z</time>
   </trkpt>
   <trkpt lat="69.6006790" lon="19.1354310">
    <ele>1110.4</ele>
    <time>2026-06-03T18:53:58Z</time>
   </trkpt>
   <trkpt lat="69.6006790" lon="19.1354310">
    <ele>1110.4</ele>
    <time>2026-06-03T18:53:59Z</time>
   </trkpt>
   <trkpt lat="69.6006790" lon="19.1354310">
    <ele>1110.4</ele>
    <time>2026-06-03T18:54:00Z</time>
   </trkpt>
   <trkpt lat="69.6006790" lon="19.1354310">
    <ele>1110.4</ele>
    <time>2026-06-03T18:54:01Z</time>
   </trkpt>
   <trkpt lat="69.6006790" lon="19.1354310">
    <ele>1110.4</ele>
    <time>2026-06-03T18:54:02Z</time>
   </trkpt>
   <trkpt lat="69.6006930" lon="19.1354700">
    <ele>1111.0</ele>
    <time>2026-06-03T18:54:03Z</time>
   </trkpt>
   <trkpt lat="69.6006930" lon="19.1354700">
    <ele>1111.0</ele>
    <time>2026-06-03T18:54:04Z</time>
   </trkpt>
   <trkpt lat="69.6006930" lon="19.1354700">
    <ele>1111.0</ele>
    <time>2026-06-03T18:54:05Z</time>
   </trkpt>
   <trkpt lat="69.6006930" lon="19.1354700">
    <ele>1111.0</ele>
    <time>2026-06-03T18:54:06Z</time>
   </trkpt>
   <trkpt lat="69.6006930" lon="19.1354700">
    <ele>1111.0</ele>
    <time>2026-06-03T18:54:07Z</time>
   </trkpt>
   <trkpt lat="69.6007060" lon="19.1355160">
    <ele>1111.8</ele>
    <time>2026-06-03T18:54:08Z</time>
   </trkpt>
   <trkpt lat="69.6007060" lon="19.1355160">
    <ele>1111.8</ele>
    <time>2026-06-03T18:54:09Z</time>
   </trkpt>
   <trkpt lat="69.6007060" lon="19.1355160">
    <ele>1111.8</ele>
    <time>2026-06-03T18:54:10Z</time>
   </trkpt>
   <trkpt lat="69.6007060" lon="19.1355160">
    <ele>1111.8</ele>
    <time>2026-06-03T18:54:11Z</time>
   </trkpt>
   <trkpt lat="69.6007060" lon="19.1355160">
    <ele>1111.8</ele>
    <time>2026-06-03T18:54:12Z</time>
   </trkpt>
   <trkpt lat="69.6007060" lon="19.1355160">
    <ele>1111.8</ele>
    <time>2026-06-03T18:54:13Z</time>
   </trkpt>
   <trkpt lat="69.6007060" lon="19.1355160">
    <ele>1111.8</ele>
    <time>2026-06-03T18:54:14Z</time>
   </trkpt>
   <trkpt lat="69.6007060" lon="19.1355160">
    <ele>1111.8</ele>
    <time>2026-06-03T18:54:15Z</time>
   </trkpt>
   <trkpt lat="69.6007060" lon="19.1355160">
    <ele>1111.8</ele>
    <time>2026-06-03T18:54:16Z</time>
   </trkpt>
   <trkpt lat="69.6007200" lon="19.1355590">
    <ele>1112.4</ele>
    <time>2026-06-03T18:54:17Z</time>
   </trkpt>
   <trkpt lat="69.6007200" lon="19.1355590">
    <ele>1112.5</ele>
    <time>2026-06-03T18:54:18Z</time>
   </trkpt>
   <trkpt lat="69.6007200" lon="19.1355590">
    <ele>1112.5</ele>
    <time>2026-06-03T18:54:19Z</time>
   </trkpt>
   <trkpt lat="69.6007200" lon="19.1355590">
    <ele>1112.5</ele>
    <time>2026-06-03T18:54:20Z</time>
   </trkpt>
   <trkpt lat="69.6007350" lon="19.1355900">
    <ele>1113.1</ele>
    <time>2026-06-03T18:54:21Z</time>
   </trkpt>
   <trkpt lat="69.6007350" lon="19.1355900">
    <ele>1113.1</ele>
    <time>2026-06-03T18:54:22Z</time>
   </trkpt>
   <trkpt lat="69.6007350" lon="19.1355900">
    <ele>1113.1</ele>
    <time>2026-06-03T18:54:23Z</time>
   </trkpt>
   <trkpt lat="69.6007350" lon="19.1355900">
    <ele>1113.1</ele>
    <time>2026-06-03T18:54:24Z</time>
   </trkpt>
   <trkpt lat="69.6007500" lon="19.1356410">
    <ele>1113.6</ele>
    <time>2026-06-03T18:54:25Z</time>
   </trkpt>
   <trkpt lat="69.6007500" lon="19.1356410">
    <ele>1113.6</ele>
    <time>2026-06-03T18:54:26Z</time>
   </trkpt>
   <trkpt lat="69.6007500" lon="19.1356410">
    <ele>1113.6</ele>
    <time>2026-06-03T18:54:27Z</time>
   </trkpt>
   <trkpt lat="69.6007650" lon="19.1356790">
    <ele>1114.2</ele>
    <time>2026-06-03T18:54:28Z</time>
   </trkpt>
   <trkpt lat="69.6007650" lon="19.1356790">
    <ele>1114.2</ele>
    <time>2026-06-03T18:54:29Z</time>
   </trkpt>
   <trkpt lat="69.6007650" lon="19.1356790">
    <ele>1114.2</ele>
    <time>2026-06-03T18:54:30Z</time>
   </trkpt>
   <trkpt lat="69.6007650" lon="19.1356790">
    <ele>1114.2</ele>
    <time>2026-06-03T18:54:31Z</time>
   </trkpt>
   <trkpt lat="69.6007820" lon="19.1357190">
    <ele>1114.8</ele>
    <time>2026-06-03T18:54:32Z</time>
   </trkpt>
   <trkpt lat="69.6007820" lon="19.1357190">
    <ele>1114.8</ele>
    <time>2026-06-03T18:54:33Z</time>
   </trkpt>
   <trkpt lat="69.6007820" lon="19.1357190">
    <ele>1114.8</ele>
    <time>2026-06-03T18:54:34Z</time>
   </trkpt>
   <trkpt lat="69.6007980" lon="19.1357510">
    <ele>1115.1</ele>
    <time>2026-06-03T18:54:35Z</time>
   </trkpt>
   <trkpt lat="69.6007980" lon="19.1357510">
    <ele>1115.1</ele>
    <time>2026-06-03T18:54:36Z</time>
   </trkpt>
   <trkpt lat="69.6007980" lon="19.1357510">
    <ele>1115.1</ele>
    <time>2026-06-03T18:54:37Z</time>
   </trkpt>
   <trkpt lat="69.6007980" lon="19.1357510">
    <ele>1115.1</ele>
    <time>2026-06-03T18:54:38Z</time>
   </trkpt>
   <trkpt lat="69.6008170" lon="19.1357840">
    <ele>1115.6</ele>
    <time>2026-06-03T18:54:39Z</time>
   </trkpt>
   <trkpt lat="69.6008170" lon="19.1357840">
    <ele>1115.6</ele>
    <time>2026-06-03T18:54:40Z</time>
   </trkpt>
   <trkpt lat="69.6008170" lon="19.1357840">
    <ele>1115.6</ele>
    <time>2026-06-03T18:54:41Z</time>
   </trkpt>
   <trkpt lat="69.6008170" lon="19.1357840">
    <ele>1115.6</ele>
    <time>2026-06-03T18:54:42Z</time>
   </trkpt>
   <trkpt lat="69.6008170" lon="19.1357840">
    <ele>1115.6</ele>
    <time>2026-06-03T18:54:43Z</time>
   </trkpt>
   <trkpt lat="69.6008170" lon="19.1357840">
    <ele>1115.6</ele>
    <time>2026-06-03T18:54:44Z</time>
   </trkpt>
   <trkpt lat="69.6008170" lon="19.1357840">
    <ele>1115.6</ele>
    <time>2026-06-03T18:54:45Z</time>
   </trkpt>
   <trkpt lat="69.6008170" lon="19.1357840">
    <ele>1115.7</ele>
    <time>2026-06-03T18:54:46Z</time>
   </trkpt>
   <trkpt lat="69.6008170" lon="19.1357840">
    <ele>1115.7</ele>
    <time>2026-06-03T18:54:47Z</time>
   </trkpt>
   <trkpt lat="69.6008170" lon="19.1357840">
    <ele>1115.7</ele>
    <time>2026-06-03T18:54:48Z</time>
   </trkpt>
   <trkpt lat="69.6008170" lon="19.1357840">
    <ele>1115.7</ele>
    <time>2026-06-03T18:54:49Z</time>
   </trkpt>
   <trkpt lat="69.6008170" lon="19.1357840">
    <ele>1115.7</ele>
    <time>2026-06-03T18:54:50Z</time>
   </trkpt>
   <trkpt lat="69.6008280" lon="19.1358320">
    <ele>1116.2</ele>
    <time>2026-06-03T18:54:51Z</time>
   </trkpt>
   <trkpt lat="69.6008280" lon="19.1358320">
    <ele>1116.2</ele>
    <time>2026-06-03T18:54:52Z</time>
   </trkpt>
   <trkpt lat="69.6008280" lon="19.1358320">
    <ele>1116.2</ele>
    <time>2026-06-03T18:54:53Z</time>
   </trkpt>
   <trkpt lat="69.6008400" lon="19.1358700">
    <ele>1116.9</ele>
    <time>2026-06-03T18:54:54Z</time>
   </trkpt>
   <trkpt lat="69.6008400" lon="19.1358700">
    <ele>1116.9</ele>
    <time>2026-06-03T18:54:55Z</time>
   </trkpt>
   <trkpt lat="69.6008400" lon="19.1358700">
    <ele>1116.9</ele>
    <time>2026-06-03T18:54:56Z</time>
   </trkpt>
   <trkpt lat="69.6008400" lon="19.1358700">
    <ele>1116.9</ele>
    <time>2026-06-03T18:54:57Z</time>
   </trkpt>
   <trkpt lat="69.6008560" lon="19.1359230">
    <ele>1117.3</ele>
    <time>2026-06-03T18:54:58Z</time>
   </trkpt>
   <trkpt lat="69.6008560" lon="19.1359230">
    <ele>1117.3</ele>
    <time>2026-06-03T18:54:59Z</time>
   </trkpt>
   <trkpt lat="69.6008560" lon="19.1359230">
    <ele>1117.3</ele>
    <time>2026-06-03T18:55:00Z</time>
   </trkpt>
   <trkpt lat="69.6008670" lon="19.1359680">
    <ele>1117.8</ele>
    <time>2026-06-03T18:55:01Z</time>
   </trkpt>
   <trkpt lat="69.6008670" lon="19.1359680">
    <ele>1117.8</ele>
    <time>2026-06-03T18:55:02Z</time>
   </trkpt>
   <trkpt lat="69.6008670" lon="19.1359680">
    <ele>1117.8</ele>
    <time>2026-06-03T18:55:03Z</time>
   </trkpt>
   <trkpt lat="69.6008790" lon="19.1360150">
    <ele>1118.3</ele>
    <time>2026-06-03T18:55:04Z</time>
   </trkpt>
   <trkpt lat="69.6008790" lon="19.1360150">
    <ele>1118.3</ele>
    <time>2026-06-03T18:55:05Z</time>
   </trkpt>
   <trkpt lat="69.6008790" lon="19.1360150">
    <ele>1118.3</ele>
    <time>2026-06-03T18:55:06Z</time>
   </trkpt>
   <trkpt lat="69.6008790" lon="19.1360150">
    <ele>1118.3</ele>
    <time>2026-06-03T18:55:07Z</time>
   </trkpt>
   <trkpt lat="69.6008960" lon="19.1360580">
    <ele>1118.7</ele>
    <time>2026-06-03T18:55:08Z</time>
   </trkpt>
   <trkpt lat="69.6008960" lon="19.1360580">
    <ele>1118.7</ele>
    <time>2026-06-03T18:55:09Z</time>
   </trkpt>
   <trkpt lat="69.6008960" lon="19.1360580">
    <ele>1118.7</ele>
    <time>2026-06-03T18:55:10Z</time>
   </trkpt>
   <trkpt lat="69.6008960" lon="19.1360580">
    <ele>1118.7</ele>
    <time>2026-06-03T18:55:11Z</time>
   </trkpt>
   <trkpt lat="69.6009090" lon="19.1360970">
    <ele>1119.2</ele>
    <time>2026-06-03T18:55:12Z</time>
   </trkpt>
   <trkpt lat="69.6009090" lon="19.1360970">
    <ele>1119.2</ele>
    <time>2026-06-03T18:55:13Z</time>
   </trkpt>
   <trkpt lat="69.6009090" lon="19.1360970">
    <ele>1119.2</ele>
    <time>2026-06-03T18:55:14Z</time>
   </trkpt>
   <trkpt lat="69.6009090" lon="19.1360970">
    <ele>1119.2</ele>
    <time>2026-06-03T18:55:15Z</time>
   </trkpt>
   <trkpt lat="69.6009090" lon="19.1360970">
    <ele>1119.2</ele>
    <time>2026-06-03T18:55:16Z</time>
   </trkpt>
   <trkpt lat="69.6009090" lon="19.1360970">
    <ele>1119.2</ele>
    <time>2026-06-03T18:55:17Z</time>
   </trkpt>
   <trkpt lat="69.6009090" lon="19.1360970">
    <ele>1119.2</ele>
    <time>2026-06-03T18:55:18Z</time>
   </trkpt>
   <trkpt lat="69.6009090" lon="19.1360970">
    <ele>1119.2</ele>
    <time>2026-06-03T18:55:19Z</time>
   </trkpt>
   <trkpt lat="69.6009090" lon="19.1360970">
    <ele>1119.2</ele>
    <time>2026-06-03T18:55:20Z</time>
   </trkpt>
   <trkpt lat="69.6009090" lon="19.1360970">
    <ele>1119.2</ele>
    <time>2026-06-03T18:55:21Z</time>
   </trkpt>
   <trkpt lat="69.6009090" lon="19.1360970">
    <ele>1119.2</ele>
    <time>2026-06-03T18:55:22Z</time>
   </trkpt>
   <trkpt lat="69.6009090" lon="19.1360970">
    <ele>1119.2</ele>
    <time>2026-06-03T18:55:23Z</time>
   </trkpt>
   <trkpt lat="69.6009090" lon="19.1360970">
    <ele>1119.2</ele>
    <time>2026-06-03T18:55:24Z</time>
   </trkpt>
   <trkpt lat="69.6009090" lon="19.1360970">
    <ele>1119.2</ele>
    <time>2026-06-03T18:55:25Z</time>
   </trkpt>
   <trkpt lat="69.6009090" lon="19.1360970">
    <ele>1119.2</ele>
    <time>2026-06-03T18:55:26Z</time>
   </trkpt>
   <trkpt lat="69.6009090" lon="19.1360970">
    <ele>1119.2</ele>
    <time>2026-06-03T18:55:27Z</time>
   </trkpt>
   <trkpt lat="69.6009090" lon="19.1360970">
    <ele>1119.2</ele>
    <time>2026-06-03T18:55:28Z</time>
   </trkpt>
   <trkpt lat="69.6009090" lon="19.1360970">
    <ele>1119.2</ele>
    <time>2026-06-03T18:55:29Z</time>
   </trkpt>
   <trkpt lat="69.6009090" lon="19.1360970">
    <ele>1119.2</ele>
    <time>2026-06-03T18:55:30Z</time>
   </trkpt>
   <trkpt lat="69.6009090" lon="19.1360970">
    <ele>1119.2</ele>
    <time>2026-06-03T18:55:31Z</time>
   </trkpt>
   <trkpt lat="69.6009090" lon="19.1360970">
    <ele>1119.2</ele>
    <time>2026-06-03T18:55:32Z</time>
   </trkpt>
   <trkpt lat="69.6009090" lon="19.1360970">
    <ele>1119.2</ele>
    <time>2026-06-03T18:55:33Z</time>
   </trkpt>
   <trkpt lat="69.6009090" lon="19.1360970">
    <ele>1119.2</ele>
    <time>2026-06-03T18:55:34Z</time>
   </trkpt>
   <trkpt lat="69.6009090" lon="19.1360970">
    <ele>1119.2</ele>
    <time>2026-06-03T18:55:35Z</time>
   </trkpt>
   <trkpt lat="69.6009090" lon="19.1360970">
    <ele>1119.2</ele>
    <time>2026-06-03T18:55:36Z</time>
   </trkpt>
   <trkpt lat="69.6009090" lon="19.1360970">
    <ele>1119.2</ele>
    <time>2026-06-03T18:55:37Z</time>
   </trkpt>
   <trkpt lat="69.6009090" lon="19.1360970">
    <ele>1119.2</ele>
    <time>2026-06-03T18:55:38Z</time>
   </trkpt>
   <trkpt lat="69.6009090" lon="19.1360970">
    <ele>1119.2</ele>
    <time>2026-06-03T18:55:39Z</time>
   </trkpt>
   <trkpt lat="69.6009090" lon="19.1360970">
    <ele>1119.2</ele>
    <time>2026-06-03T18:55:40Z</time>
   </trkpt>
   <trkpt lat="69.6009090" lon="19.1360970">
    <ele>1119.2</ele>
    <time>2026-06-03T18:55:41Z</time>
   </trkpt>
   <trkpt lat="69.6009090" lon="19.1360970">
    <ele>1119.2</ele>
    <time>2026-06-03T18:55:42Z</time>
   </trkpt>
   <trkpt lat="69.6009090" lon="19.1360970">
    <ele>1119.2</ele>
    <time>2026-06-03T18:55:43Z</time>
   </trkpt>
   <trkpt lat="69.6009090" lon="19.1360970">
    <ele>1119.3</ele>
    <time>2026-06-03T18:55:44Z</time>
   </trkpt>
   <trkpt lat="69.6009090" lon="19.1360970">
    <ele>1119.3</ele>
    <time>2026-06-03T18:55:45Z</time>
   </trkpt>
   <trkpt lat="69.6009090" lon="19.1360970">
    <ele>1119.3</ele>
    <time>2026-06-03T18:55:46Z</time>
   </trkpt>
   <trkpt lat="69.6009090" lon="19.1360970">
    <ele>1119.3</ele>
    <time>2026-06-03T18:55:47Z</time>
   </trkpt>
   <trkpt lat="69.6009090" lon="19.1360970">
    <ele>1119.3</ele>
    <time>2026-06-03T18:55:48Z</time>
   </trkpt>
   <trkpt lat="69.6009090" lon="19.1360970">
    <ele>1119.3</ele>
    <time>2026-06-03T18:55:49Z</time>
   </trkpt>
   <trkpt lat="69.6009090" lon="19.1360970">
    <ele>1119.3</ele>
    <time>2026-06-03T18:55:50Z</time>
   </trkpt>
   <trkpt lat="69.6009090" lon="19.1360970">
    <ele>1119.3</ele>
    <time>2026-06-03T18:55:51Z</time>
   </trkpt>
   <trkpt lat="69.6009090" lon="19.1360970">
    <ele>1119.3</ele>
    <time>2026-06-03T18:55:52Z</time>
   </trkpt>
   <trkpt lat="69.6009090" lon="19.1360970">
    <ele>1119.3</ele>
    <time>2026-06-03T18:55:53Z</time>
   </trkpt>
   <trkpt lat="69.6009090" lon="19.1360970">
    <ele>1119.3</ele>
    <time>2026-06-03T18:55:54Z</time>
   </trkpt>
   <trkpt lat="69.6009090" lon="19.1360970">
    <ele>1119.3</ele>
    <time>2026-06-03T18:55:55Z</time>
   </trkpt>
   <trkpt lat="69.6009090" lon="19.1360970">
    <ele>1119.3</ele>
    <time>2026-06-03T18:55:56Z</time>
   </trkpt>
   <trkpt lat="69.6009090" lon="19.1360970">
    <ele>1119.3</ele>
    <time>2026-06-03T18:55:57Z</time>
   </trkpt>
   <trkpt lat="69.6009090" lon="19.1360970">
    <ele>1119.3</ele>
    <time>2026-06-03T18:55:58Z</time>
   </trkpt>
   <trkpt lat="69.6009090" lon="19.1360970">
    <ele>1119.3</ele>
    <time>2026-06-03T18:55:59Z</time>
   </trkpt>
   <trkpt lat="69.6009090" lon="19.1360970">
    <ele>1119.3</ele>
    <time>2026-06-03T18:56:00Z</time>
   </trkpt>
   <trkpt lat="69.6009090" lon="19.1360970">
    <ele>1119.3</ele>
    <time>2026-06-03T18:56:01Z</time>
   </trkpt>
   <trkpt lat="69.6009090" lon="19.1360970">
    <ele>1119.3</ele>
    <time>2026-06-03T18:56:02Z</time>
   </trkpt>
   <trkpt lat="69.6009090" lon="19.1360970">
    <ele>1119.3</ele>
    <time>2026-06-03T18:56:03Z</time>
   </trkpt>
   <trkpt lat="69.6009090" lon="19.1360970">
    <ele>1119.3</ele>
    <time>2026-06-03T18:56:04Z</time>
   </trkpt>
   <trkpt lat="69.6009090" lon="19.1360970">
    <ele>1119.3</ele>
    <time>2026-06-03T18:56:05Z</time>
   </trkpt>
   <trkpt lat="69.6009090" lon="19.1360970">
    <ele>1119.3</ele>
    <time>2026-06-03T18:56:06Z</time>
   </trkpt>
   <trkpt lat="69.6009090" lon="19.1360970">
    <ele>1119.3</ele>
    <time>2026-06-03T18:56:07Z</time>
   </trkpt>
   <trkpt lat="69.6009090" lon="19.1360970">
    <ele>1119.3</ele>
    <time>2026-06-03T18:56:08Z</time>
   </trkpt>
   <trkpt lat="69.6009090" lon="19.1360970">
    <ele>1119.3</ele>
    <time>2026-06-03T18:56:09Z</time>
   </trkpt>
   <trkpt lat="69.6009090" lon="19.1360970">
    <ele>1119.3</ele>
    <time>2026-06-03T18:56:10Z</time>
   </trkpt>
   <trkpt lat="69.6009090" lon="19.1360970">
    <ele>1119.3</ele>
    <time>2026-06-03T18:56:11Z</time>
   </trkpt>
   <trkpt lat="69.6009090" lon="19.1360970">
    <ele>1119.3</ele>
    <time>2026-06-03T18:56:12Z</time>
   </trkpt>
   <trkpt lat="69.6009090" lon="19.1360970">
    <ele>1119.3</ele>
    <time>2026-06-03T18:56:13Z</time>
   </trkpt>
   <trkpt lat="69.6009090" lon="19.1360970">
    <ele>1119.3</ele>
    <time>2026-06-03T18:56:14Z</time>
   </trkpt>
   <trkpt lat="69.6009090" lon="19.1360970">
    <ele>1119.3</ele>
    <time>2026-06-03T18:56:15Z</time>
   </trkpt>
   <trkpt lat="69.6009090" lon="19.1360970">
    <ele>1119.3</ele>
    <time>2026-06-03T18:56:16Z</time>
   </trkpt>
   <trkpt lat="69.6009090" lon="19.1360970">
    <ele>1119.3</ele>
    <time>2026-06-03T18:56:17Z</time>
   </trkpt>
   <trkpt lat="69.6009090" lon="19.1360970">
    <ele>1119.3</ele>
    <time>2026-06-03T18:56:18Z</time>
   </trkpt>
   <trkpt lat="69.6009090" lon="19.1360970">
    <ele>1119.3</ele>
    <time>2026-06-03T18:56:19Z</time>
   </trkpt>
   <trkpt lat="69.6009090" lon="19.1360970">
    <ele>1119.3</ele>
    <time>2026-06-03T18:56:20Z</time>
   </trkpt>
   <trkpt lat="69.6009090" lon="19.1360970">
    <ele>1119.3</ele>
    <time>2026-06-03T18:56:21Z</time>
   </trkpt>
   <trkpt lat="69.6009090" lon="19.1360970">
    <ele>1119.3</ele>
    <time>2026-06-03T18:56:22Z</time>
   </trkpt>
   <trkpt lat="69.6009090" lon="19.1360970">
    <ele>1119.3</ele>
    <time>2026-06-03T18:56:23Z</time>
   </trkpt>
   <trkpt lat="69.6009090" lon="19.1360970">
    <ele>1119.3</ele>
    <time>2026-06-03T18:56:24Z</time>
   </trkpt>
   <trkpt lat="69.6009090" lon="19.1360970">
    <ele>1119.3</ele>
    <time>2026-06-03T18:56:25Z</time>
   </trkpt>
   <trkpt lat="69.6009090" lon="19.1360970">
    <ele>1119.3</ele>
    <time>2026-06-03T18:56:26Z</time>
   </trkpt>
   <trkpt lat="69.6009090" lon="19.1360970">
    <ele>1119.3</ele>
    <time>2026-06-03T18:56:27Z</time>
   </trkpt>
   <trkpt lat="69.6009090" lon="19.1360970">
    <ele>1119.3</ele>
    <time>2026-06-03T18:56:28Z</time>
   </trkpt>
   <trkpt lat="69.6009090" lon="19.1360970">
    <ele>1119.3</ele>
    <time>2026-06-03T18:56:29Z</time>
   </trkpt>
   <trkpt lat="69.6009090" lon="19.1360970">
    <ele>1119.3</ele>
    <time>2026-06-03T18:56:30Z</time>
   </trkpt>
   <trkpt lat="69.6009090" lon="19.1360970">
    <ele>1119.3</ele>
    <time>2026-06-03T18:56:31Z</time>
   </trkpt>
   <trkpt lat="69.6009090" lon="19.1360970">
    <ele>1119.3</ele>
    <time>2026-06-03T18:56:32Z</time>
   </trkpt>
   <trkpt lat="69.6009090" lon="19.1360970">
    <ele>1119.3</ele>
    <time>2026-06-03T18:56:33Z</time>
   </trkpt>
   <trkpt lat="69.6009090" lon="19.1360970">
    <ele>1119.3</ele>
    <time>2026-06-03T18:56:34Z</time>
   </trkpt>
   <trkpt lat="69.6009090" lon="19.1360970">
    <ele>1119.3</ele>
    <time>2026-06-03T18:56:35Z</time>
   </trkpt>
   <trkpt lat="69.6009090" lon="19.1360970">
    <ele>1119.3</ele>
    <time>2026-06-03T18:56:36Z</time>
   </trkpt>
   <trkpt lat="69.6009250" lon="19.1361370">
    <ele>1119.8</ele>
    <time>2026-06-03T18:56:37Z</time>
   </trkpt>
   <trkpt lat="69.6009250" lon="19.1361370">
    <ele>1119.8</ele>
    <time>2026-06-03T18:56:38Z</time>
   </trkpt>
   <trkpt lat="69.6009380" lon="19.1361790">
    <ele>1120.3</ele>
    <time>2026-06-03T18:56:39Z</time>
   </trkpt>
   <trkpt lat="69.6009380" lon="19.1361790">
    <ele>1120.3</ele>
    <time>2026-06-03T18:56:40Z</time>
   </trkpt>
   <trkpt lat="69.6009500" lon="19.1362190">
    <ele>1120.8</ele>
    <time>2026-06-03T18:56:41Z</time>
   </trkpt>
   <trkpt lat="69.6009500" lon="19.1362190">
    <ele>1120.8</ele>
    <time>2026-06-03T18:56:42Z</time>
   </trkpt>
   <trkpt lat="69.6009500" lon="19.1362190">
    <ele>1120.8</ele>
    <time>2026-06-03T18:56:43Z</time>
   </trkpt>
   <trkpt lat="69.6009680" lon="19.1362640">
    <ele>1121.2</ele>
    <time>2026-06-03T18:56:44Z</time>
   </trkpt>
   <trkpt lat="69.6009680" lon="19.1362640">
    <ele>1121.3</ele>
    <time>2026-06-03T18:56:45Z</time>
   </trkpt>
   <trkpt lat="69.6009840" lon="19.1363050">
    <ele>1121.8</ele>
    <time>2026-06-03T18:56:46Z</time>
   </trkpt>
   <trkpt lat="69.6009840" lon="19.1363050">
    <ele>1121.8</ele>
    <time>2026-06-03T18:56:47Z</time>
   </trkpt>
   <trkpt lat="69.6009840" lon="19.1363050">
    <ele>1121.8</ele>
    <time>2026-06-03T18:56:48Z</time>
   </trkpt>
   <trkpt lat="69.6010040" lon="19.1363320">
    <ele>1121.5</ele>
    <time>2026-06-03T18:56:49Z</time>
   </trkpt>
   <trkpt lat="69.6010040" lon="19.1363320">
    <ele>1121.5</ele>
    <time>2026-06-03T18:56:50Z</time>
   </trkpt>
   <trkpt lat="69.6010040" lon="19.1363320">
    <ele>1121.5</ele>
    <time>2026-06-03T18:56:51Z</time>
   </trkpt>
   <trkpt lat="69.6010220" lon="19.1363760">
    <ele>1121.8</ele>
    <time>2026-06-03T18:56:52Z</time>
   </trkpt>
   <trkpt lat="69.6010220" lon="19.1363760">
    <ele>1121.8</ele>
    <time>2026-06-03T18:56:53Z</time>
   </trkpt>
   <trkpt lat="69.6010220" lon="19.1363760">
    <ele>1121.8</ele>
    <time>2026-06-03T18:56:54Z</time>
   </trkpt>
   <trkpt lat="69.6010430" lon="19.1364250">
    <ele>1123.1</ele>
    <time>2026-06-03T18:56:55Z</time>
   </trkpt>
   <trkpt lat="69.6010430" lon="19.1364250">
    <ele>1123.1</ele>
    <time>2026-06-03T18:56:56Z</time>
   </trkpt>
   <trkpt lat="69.6010570" lon="19.1364630">
    <ele>1122.9</ele>
    <time>2026-06-03T18:56:57Z</time>
   </trkpt>
   <trkpt lat="69.6010570" lon="19.1364630">
    <ele>1122.9</ele>
    <time>2026-06-03T18:56:58Z</time>
   </trkpt>
   <trkpt lat="69.6010570" lon="19.1364630">
    <ele>1122.9</ele>
    <time>2026-06-03T18:56:59Z</time>
   </trkpt>
   <trkpt lat="69.6010780" lon="19.1365090">
    <ele>1123.5</ele>
    <time>2026-06-03T18:57:00Z</time>
   </trkpt>
   <trkpt lat="69.6010780" lon="19.1365090">
    <ele>1123.5</ele>
    <time>2026-06-03T18:57:01Z</time>
   </trkpt>
   <trkpt lat="69.6010780" lon="19.1365090">
    <ele>1123.5</ele>
    <time>2026-06-03T18:57:02Z</time>
   </trkpt>
   <trkpt lat="69.6010960" lon="19.1365570">
    <ele>1124.7</ele>
    <time>2026-06-03T18:57:03Z</time>
   </trkpt>
   <trkpt lat="69.6010960" lon="19.1365570">
    <ele>1124.7</ele>
    <time>2026-06-03T18:57:04Z</time>
   </trkpt>
   <trkpt lat="69.6010960" lon="19.1365570">
    <ele>1124.7</ele>
    <time>2026-06-03T18:57:05Z</time>
   </trkpt>
   <trkpt lat="69.6011130" lon="19.1366120">
    <ele>1125.0</ele>
    <time>2026-06-03T18:57:06Z</time>
   </trkpt>
   <trkpt lat="69.6011130" lon="19.1366120">
    <ele>1125.0</ele>
    <time>2026-06-03T18:57:07Z</time>
   </trkpt>
   <trkpt lat="69.6011130" lon="19.1366120">
    <ele>1125.0</ele>
    <time>2026-06-03T18:57:08Z</time>
   </trkpt>
   <trkpt lat="69.6011310" lon="19.1366580">
    <ele>1125.5</ele>
    <time>2026-06-03T18:57:09Z</time>
   </trkpt>
   <trkpt lat="69.6011310" lon="19.1366580">
    <ele>1125.5</ele>
    <time>2026-06-03T18:57:10Z</time>
   </trkpt>
   <trkpt lat="69.6011310" lon="19.1366580">
    <ele>1125.5</ele>
    <time>2026-06-03T18:57:11Z</time>
   </trkpt>
   <trkpt lat="69.6011450" lon="19.1367040">
    <ele>1126.0</ele>
    <time>2026-06-03T18:57:12Z</time>
   </trkpt>
   <trkpt lat="69.6011450" lon="19.1367040">
    <ele>1126.0</ele>
    <time>2026-06-03T18:57:13Z</time>
   </trkpt>
   <trkpt lat="69.6011450" lon="19.1367040">
    <ele>1126.0</ele>
    <time>2026-06-03T18:57:14Z</time>
   </trkpt>
   <trkpt lat="69.6011630" lon="19.1367300">
    <ele>1126.5</ele>
    <time>2026-06-03T18:57:15Z</time>
   </trkpt>
   <trkpt lat="69.6011630" lon="19.1367300">
    <ele>1126.5</ele>
    <time>2026-06-03T18:57:16Z</time>
   </trkpt>
   <trkpt lat="69.6011630" lon="19.1367300">
    <ele>1126.5</ele>
    <time>2026-06-03T18:57:17Z</time>
   </trkpt>
   <trkpt lat="69.6011760" lon="19.1367830">
    <ele>1126.9</ele>
    <time>2026-06-03T18:57:18Z</time>
   </trkpt>
   <trkpt lat="69.6011760" lon="19.1367830">
    <ele>1127.0</ele>
    <time>2026-06-03T18:57:19Z</time>
   </trkpt>
   <trkpt lat="69.6011760" lon="19.1367830">
    <ele>1127.0</ele>
    <time>2026-06-03T18:57:20Z</time>
   </trkpt>
   <trkpt lat="69.6011910" lon="19.1368310">
    <ele>1127.4</ele>
    <time>2026-06-03T18:57:21Z</time>
   </trkpt>
   <trkpt lat="69.6011910" lon="19.1368310">
    <ele>1127.4</ele>
    <time>2026-06-03T18:57:22Z</time>
   </trkpt>
   <trkpt lat="69.6011910" lon="19.1368310">
    <ele>1127.4</ele>
    <time>2026-06-03T18:57:23Z</time>
   </trkpt>
   <trkpt lat="69.6012060" lon="19.1368750">
    <ele>1128.0</ele>
    <time>2026-06-03T18:57:24Z</time>
   </trkpt>
   <trkpt lat="69.6012060" lon="19.1368750">
    <ele>1128.0</ele>
    <time>2026-06-03T18:57:25Z</time>
   </trkpt>
   <trkpt lat="69.6012060" lon="19.1368750">
    <ele>1128.0</ele>
    <time>2026-06-03T18:57:26Z</time>
   </trkpt>
   <trkpt lat="69.6012240" lon="19.1369130">
    <ele>1128.5</ele>
    <time>2026-06-03T18:57:27Z</time>
   </trkpt>
   <trkpt lat="69.6012240" lon="19.1369130">
    <ele>1128.5</ele>
    <time>2026-06-03T18:57:28Z</time>
   </trkpt>
   <trkpt lat="69.6012240" lon="19.1369130">
    <ele>1128.5</ele>
    <time>2026-06-03T18:57:29Z</time>
   </trkpt>
   <trkpt lat="69.6012380" lon="19.1369540">
    <ele>1129.1</ele>
    <time>2026-06-03T18:57:30Z</time>
   </trkpt>
   <trkpt lat="69.6012380" lon="19.1369540">
    <ele>1129.1</ele>
    <time>2026-06-03T18:57:31Z</time>
   </trkpt>
   <trkpt lat="69.6012380" lon="19.1369540">
    <ele>1129.1</ele>
    <time>2026-06-03T18:57:32Z</time>
   </trkpt>
   <trkpt lat="69.6012540" lon="19.1369980">
    <ele>1129.6</ele>
    <time>2026-06-03T18:57:33Z</time>
   </trkpt>
   <trkpt lat="69.6012540" lon="19.1369980">
    <ele>1129.6</ele>
    <time>2026-06-03T18:57:34Z</time>
   </trkpt>
   <trkpt lat="69.6012540" lon="19.1369980">
    <ele>1129.7</ele>
    <time>2026-06-03T18:57:35Z</time>
   </trkpt>
   <trkpt lat="69.6012710" lon="19.1370370">
    <ele>1130.2</ele>
    <time>2026-06-03T18:57:36Z</time>
   </trkpt>
   <trkpt lat="69.6012710" lon="19.1370370">
    <ele>1130.2</ele>
    <time>2026-06-03T18:57:37Z</time>
   </trkpt>
   <trkpt lat="69.6012710" lon="19.1370370">
    <ele>1130.2</ele>
    <time>2026-06-03T18:57:38Z</time>
   </trkpt>
   <trkpt lat="69.6012870" lon="19.1370740">
    <ele>1130.8</ele>
    <time>2026-06-03T18:57:39Z</time>
   </trkpt>
   <trkpt lat="69.6012870" lon="19.1370740">
    <ele>1130.8</ele>
    <time>2026-06-03T18:57:40Z</time>
   </trkpt>
   <trkpt lat="69.6012870" lon="19.1370740">
    <ele>1130.8</ele>
    <time>2026-06-03T18:57:41Z</time>
   </trkpt>
   <trkpt lat="69.6013030" lon="19.1371030">
    <ele>1130.6</ele>
    <time>2026-06-03T18:57:42Z</time>
   </trkpt>
   <trkpt lat="69.6013030" lon="19.1371030">
    <ele>1130.6</ele>
    <time>2026-06-03T18:57:43Z</time>
   </trkpt>
   <trkpt lat="69.6013030" lon="19.1371030">
    <ele>1130.6</ele>
    <time>2026-06-03T18:57:44Z</time>
   </trkpt>
   <trkpt lat="69.6013180" lon="19.1371390">
    <ele>1131.1</ele>
    <time>2026-06-03T18:57:45Z</time>
   </trkpt>
   <trkpt lat="69.6013180" lon="19.1371390">
    <ele>1131.1</ele>
    <time>2026-06-03T18:57:46Z</time>
   </trkpt>
   <trkpt lat="69.6013180" lon="19.1371390">
    <ele>1131.2</ele>
    <time>2026-06-03T18:57:47Z</time>
   </trkpt>
   <trkpt lat="69.6013360" lon="19.1371790">
    <ele>1131.5</ele>
    <time>2026-06-03T18:57:48Z</time>
   </trkpt>
   <trkpt lat="69.6013360" lon="19.1371790">
    <ele>1131.5</ele>
    <time>2026-06-03T18:57:49Z</time>
   </trkpt>
   <trkpt lat="69.6013360" lon="19.1371790">
    <ele>1131.5</ele>
    <time>2026-06-03T18:57:50Z</time>
   </trkpt>
   <trkpt lat="69.6013520" lon="19.1372090">
    <ele>1132.0</ele>
    <time>2026-06-03T18:57:51Z</time>
   </trkpt>
   <trkpt lat="69.6013520" lon="19.1372090">
    <ele>1132.0</ele>
    <time>2026-06-03T18:57:52Z</time>
   </trkpt>
   <trkpt lat="69.6013520" lon="19.1372090">
    <ele>1132.0</ele>
    <time>2026-06-03T18:57:53Z</time>
   </trkpt>
   <trkpt lat="69.6013520" lon="19.1372090">
    <ele>1132.0</ele>
    <time>2026-06-03T18:57:54Z</time>
   </trkpt>
   <trkpt lat="69.6013710" lon="19.1372510">
    <ele>1132.5</ele>
    <time>2026-06-03T18:57:55Z</time>
   </trkpt>
   <trkpt lat="69.6013710" lon="19.1372510">
    <ele>1132.5</ele>
    <time>2026-06-03T18:57:56Z</time>
   </trkpt>
   <trkpt lat="69.6013710" lon="19.1372510">
    <ele>1132.5</ele>
    <time>2026-06-03T18:57:57Z</time>
   </trkpt>
   <trkpt lat="69.6013710" lon="19.1372510">
    <ele>1132.5</ele>
    <time>2026-06-03T18:57:58Z</time>
   </trkpt>
   <trkpt lat="69.6013890" lon="19.1373000">
    <ele>1133.1</ele>
    <time>2026-06-03T18:57:59Z</time>
   </trkpt>
   <trkpt lat="69.6013890" lon="19.1373000">
    <ele>1133.1</ele>
    <time>2026-06-03T18:58:00Z</time>
   </trkpt>
   <trkpt lat="69.6013890" lon="19.1373000">
    <ele>1133.1</ele>
    <time>2026-06-03T18:58:01Z</time>
   </trkpt>
   <trkpt lat="69.6014050" lon="19.1373330">
    <ele>1133.6</ele>
    <time>2026-06-03T18:58:02Z</time>
   </trkpt>
   <trkpt lat="69.6014050" lon="19.1373330">
    <ele>1133.6</ele>
    <time>2026-06-03T18:58:03Z</time>
   </trkpt>
   <trkpt lat="69.6014050" lon="19.1373330">
    <ele>1133.6</ele>
    <time>2026-06-03T18:58:04Z</time>
   </trkpt>
   <trkpt lat="69.6014050" lon="19.1373330">
    <ele>1133.6</ele>
    <time>2026-06-03T18:58:05Z</time>
   </trkpt>
   <trkpt lat="69.6014240" lon="19.1373740">
    <ele>1134.1</ele>
    <time>2026-06-03T18:58:06Z</time>
   </trkpt>
   <trkpt lat="69.6014240" lon="19.1373740">
    <ele>1134.1</ele>
    <time>2026-06-03T18:58:07Z</time>
   </trkpt>
   <trkpt lat="69.6014240" lon="19.1373740">
    <ele>1134.1</ele>
    <time>2026-06-03T18:58:08Z</time>
   </trkpt>
   <trkpt lat="69.6014380" lon="19.1374050">
    <ele>1134.0</ele>
    <time>2026-06-03T18:58:09Z</time>
   </trkpt>
   <trkpt lat="69.6014380" lon="19.1374050">
    <ele>1134.0</ele>
    <time>2026-06-03T18:58:10Z</time>
   </trkpt>
   <trkpt lat="69.6014380" lon="19.1374050">
    <ele>1134.0</ele>
    <time>2026-06-03T18:58:11Z</time>
   </trkpt>
   <trkpt lat="69.6014550" lon="19.1374330">
    <ele>1134.6</ele>
    <time>2026-06-03T18:58:12Z</time>
   </trkpt>
   <trkpt lat="69.6014550" lon="19.1374330">
    <ele>1134.6</ele>
    <time>2026-06-03T18:58:13Z</time>
   </trkpt>
   <trkpt lat="69.6014550" lon="19.1374330">
    <ele>1134.6</ele>
    <time>2026-06-03T18:58:14Z</time>
   </trkpt>
   <trkpt lat="69.6014550" lon="19.1374330">
    <ele>1134.6</ele>
    <time>2026-06-03T18:58:15Z</time>
   </trkpt>
   <trkpt lat="69.6014760" lon="19.1374640">
    <ele>1135.1</ele>
    <time>2026-06-03T18:58:16Z</time>
   </trkpt>
   <trkpt lat="69.6014760" lon="19.1374640">
    <ele>1135.1</ele>
    <time>2026-06-03T18:58:17Z</time>
   </trkpt>
   <trkpt lat="69.6014760" lon="19.1374640">
    <ele>1135.1</ele>
    <time>2026-06-03T18:58:18Z</time>
   </trkpt>
   <trkpt lat="69.6014760" lon="19.1374640">
    <ele>1135.1</ele>
    <time>2026-06-03T18:58:19Z</time>
   </trkpt>
   <trkpt lat="69.6014960" lon="19.1374940">
    <ele>1135.0</ele>
    <time>2026-06-03T18:58:20Z</time>
   </trkpt>
   <trkpt lat="69.6014960" lon="19.1374940">
    <ele>1135.0</ele>
    <time>2026-06-03T18:58:21Z</time>
   </trkpt>
   <trkpt lat="69.6014960" lon="19.1374940">
    <ele>1135.0</ele>
    <time>2026-06-03T18:58:22Z</time>
   </trkpt>
   <trkpt lat="69.6014960" lon="19.1374940">
    <ele>1135.0</ele>
    <time>2026-06-03T18:58:23Z</time>
   </trkpt>
   <trkpt lat="69.6015100" lon="19.1375260">
    <ele>1135.6</ele>
    <time>2026-06-03T18:58:24Z</time>
   </trkpt>
   <trkpt lat="69.6015100" lon="19.1375260">
    <ele>1135.6</ele>
    <time>2026-06-03T18:58:25Z</time>
   </trkpt>
   <trkpt lat="69.6015100" lon="19.1375260">
    <ele>1135.6</ele>
    <time>2026-06-03T18:58:26Z</time>
   </trkpt>
   <trkpt lat="69.6015100" lon="19.1375260">
    <ele>1135.6</ele>
    <time>2026-06-03T18:58:27Z</time>
   </trkpt>
   <trkpt lat="69.6015230" lon="19.1375620">
    <ele>1136.2</ele>
    <time>2026-06-03T18:58:28Z</time>
   </trkpt>
   <trkpt lat="69.6015230" lon="19.1375620">
    <ele>1136.2</ele>
    <time>2026-06-03T18:58:29Z</time>
   </trkpt>
   <trkpt lat="69.6015230" lon="19.1375620">
    <ele>1136.2</ele>
    <time>2026-06-03T18:58:30Z</time>
   </trkpt>
   <trkpt lat="69.6015230" lon="19.1375620">
    <ele>1136.2</ele>
    <time>2026-06-03T18:58:31Z</time>
   </trkpt>
   <trkpt lat="69.6015230" lon="19.1375620">
    <ele>1136.2</ele>
    <time>2026-06-03T18:58:32Z</time>
   </trkpt>
   <trkpt lat="69.6015320" lon="19.1376130">
    <ele>1136.7</ele>
    <time>2026-06-03T18:58:33Z</time>
   </trkpt>
   <trkpt lat="69.6015320" lon="19.1376130">
    <ele>1136.7</ele>
    <time>2026-06-03T18:58:34Z</time>
   </trkpt>
   <trkpt lat="69.6015320" lon="19.1376130">
    <ele>1136.7</ele>
    <time>2026-06-03T18:58:35Z</time>
   </trkpt>
   <trkpt lat="69.6015320" lon="19.1376130">
    <ele>1136.7</ele>
    <time>2026-06-03T18:58:36Z</time>
   </trkpt>
   <trkpt lat="69.6015400" lon="19.1376610">
    <ele>1137.4</ele>
    <time>2026-06-03T18:58:37Z</time>
   </trkpt>
   <trkpt lat="69.6015400" lon="19.1376610">
    <ele>1137.4</ele>
    <time>2026-06-03T18:58:38Z</time>
   </trkpt>
   <trkpt lat="69.6015400" lon="19.1376610">
    <ele>1137.4</ele>
    <time>2026-06-03T18:58:39Z</time>
   </trkpt>
   <trkpt lat="69.6015400" lon="19.1376610">
    <ele>1137.4</ele>
    <time>2026-06-03T18:58:40Z</time>
   </trkpt>
   <trkpt lat="69.6015510" lon="19.1377060">
    <ele>1138.0</ele>
    <time>2026-06-03T18:58:41Z</time>
   </trkpt>
   <trkpt lat="69.6015510" lon="19.1377060">
    <ele>1138.0</ele>
    <time>2026-06-03T18:58:42Z</time>
   </trkpt>
   <trkpt lat="69.6015510" lon="19.1377060">
    <ele>1138.0</ele>
    <time>2026-06-03T18:58:43Z</time>
   </trkpt>
   <trkpt lat="69.6015670" lon="19.1377470">
    <ele>1138.5</ele>
    <time>2026-06-03T18:58:44Z</time>
   </trkpt>
   <trkpt lat="69.6015670" lon="19.1377470">
    <ele>1138.5</ele>
    <time>2026-06-03T18:58:45Z</time>
   </trkpt>
   <trkpt lat="69.6015670" lon="19.1377470">
    <ele>1138.5</ele>
    <time>2026-06-03T18:58:46Z</time>
   </trkpt>
   <trkpt lat="69.6015850" lon="19.1377880">
    <ele>1139.0</ele>
    <time>2026-06-03T18:58:47Z</time>
   </trkpt>
   <trkpt lat="69.6015850" lon="19.1377880">
    <ele>1139.0</ele>
    <time>2026-06-03T18:58:48Z</time>
   </trkpt>
   <trkpt lat="69.6015850" lon="19.1377880">
    <ele>1139.0</ele>
    <time>2026-06-03T18:58:49Z</time>
   </trkpt>
   <trkpt lat="69.6016060" lon="19.1378230">
    <ele>1139.4</ele>
    <time>2026-06-03T18:58:50Z</time>
   </trkpt>
   <trkpt lat="69.6016060" lon="19.1378230">
    <ele>1139.4</ele>
    <time>2026-06-03T18:58:51Z</time>
   </trkpt>
   <trkpt lat="69.6016060" lon="19.1378230">
    <ele>1139.4</ele>
    <time>2026-06-03T18:58:52Z</time>
   </trkpt>
   <trkpt lat="69.6016270" lon="19.1378450">
    <ele>1139.9</ele>
    <time>2026-06-03T18:58:53Z</time>
   </trkpt>
   <trkpt lat="69.6016270" lon="19.1378450">
    <ele>1139.9</ele>
    <time>2026-06-03T18:58:54Z</time>
   </trkpt>
   <trkpt lat="69.6016270" lon="19.1378450">
    <ele>1139.9</ele>
    <time>2026-06-03T18:58:55Z</time>
   </trkpt>
   <trkpt lat="69.6016420" lon="19.1378740">
    <ele>1139.8</ele>
    <time>2026-06-03T18:58:56Z</time>
   </trkpt>
   <trkpt lat="69.6016420" lon="19.1378740">
    <ele>1139.8</ele>
    <time>2026-06-03T18:58:57Z</time>
   </trkpt>
   <trkpt lat="69.6016420" lon="19.1378740">
    <ele>1139.8</ele>
    <time>2026-06-03T18:58:58Z</time>
   </trkpt>
   <trkpt lat="69.6016420" lon="19.1378740">
    <ele>1139.8</ele>
    <time>2026-06-03T18:58:59Z</time>
   </trkpt>
   <trkpt lat="69.6016570" lon="19.1379220">
    <ele>1140.4</ele>
    <time>2026-06-03T18:59:00Z</time>
   </trkpt>
   <trkpt lat="69.6016570" lon="19.1379220">
    <ele>1140.4</ele>
    <time>2026-06-03T18:59:01Z</time>
   </trkpt>
   <trkpt lat="69.6016570" lon="19.1379220">
    <ele>1140.4</ele>
    <time>2026-06-03T18:59:02Z</time>
   </trkpt>
   <trkpt lat="69.6016730" lon="19.1379540">
    <ele>1140.9</ele>
    <time>2026-06-03T18:59:03Z</time>
   </trkpt>
   <trkpt lat="69.6016730" lon="19.1379540">
    <ele>1140.9</ele>
    <time>2026-06-03T18:59:04Z</time>
   </trkpt>
   <trkpt lat="69.6016730" lon="19.1379540">
    <ele>1140.9</ele>
    <time>2026-06-03T18:59:05Z</time>
   </trkpt>
   <trkpt lat="69.6016880" lon="19.1379850">
    <ele>1141.5</ele>
    <time>2026-06-03T18:59:06Z</time>
   </trkpt>
   <trkpt lat="69.6016880" lon="19.1379850">
    <ele>1141.5</ele>
    <time>2026-06-03T18:59:07Z</time>
   </trkpt>
   <trkpt lat="69.6016880" lon="19.1379850">
    <ele>1141.5</ele>
    <time>2026-06-03T18:59:08Z</time>
   </trkpt>
   <trkpt lat="69.6017020" lon="19.1380200">
    <ele>1142.0</ele>
    <time>2026-06-03T18:59:09Z</time>
   </trkpt>
   <trkpt lat="69.6017020" lon="19.1380200">
    <ele>1142.0</ele>
    <time>2026-06-03T18:59:10Z</time>
   </trkpt>
   <trkpt lat="69.6017020" lon="19.1380200">
    <ele>1142.0</ele>
    <time>2026-06-03T18:59:11Z</time>
   </trkpt>
   <trkpt lat="69.6017160" lon="19.1380580">
    <ele>1142.6</ele>
    <time>2026-06-03T18:59:12Z</time>
   </trkpt>
   <trkpt lat="69.6017160" lon="19.1380580">
    <ele>1142.6</ele>
    <time>2026-06-03T18:59:13Z</time>
   </trkpt>
   <trkpt lat="69.6017160" lon="19.1380580">
    <ele>1142.6</ele>
    <time>2026-06-03T18:59:14Z</time>
   </trkpt>
   <trkpt lat="69.6017160" lon="19.1380580">
    <ele>1142.6</ele>
    <time>2026-06-03T18:59:15Z</time>
   </trkpt>
   <trkpt lat="69.6017340" lon="19.1380940">
    <ele>1142.5</ele>
    <time>2026-06-03T18:59:16Z</time>
   </trkpt>
   <trkpt lat="69.6017340" lon="19.1380940">
    <ele>1142.5</ele>
    <time>2026-06-03T18:59:17Z</time>
   </trkpt>
   <trkpt lat="69.6017340" lon="19.1380940">
    <ele>1142.5</ele>
    <time>2026-06-03T18:59:18Z</time>
   </trkpt>
   <trkpt lat="69.6017530" lon="19.1381080">
    <ele>1143.1</ele>
    <time>2026-06-03T18:59:19Z</time>
   </trkpt>
   <trkpt lat="69.6017530" lon="19.1381080">
    <ele>1143.1</ele>
    <time>2026-06-03T18:59:20Z</time>
   </trkpt>
   <trkpt lat="69.6017530" lon="19.1381080">
    <ele>1143.1</ele>
    <time>2026-06-03T18:59:21Z</time>
   </trkpt>
   <trkpt lat="69.6017690" lon="19.1381380">
    <ele>1143.0</ele>
    <time>2026-06-03T18:59:22Z</time>
   </trkpt>
   <trkpt lat="69.6017690" lon="19.1381380">
    <ele>1143.1</ele>
    <time>2026-06-03T18:59:23Z</time>
   </trkpt>
   <trkpt lat="69.6017690" lon="19.1381380">
    <ele>1143.1</ele>
    <time>2026-06-03T18:59:24Z</time>
   </trkpt>
   <trkpt lat="69.6017690" lon="19.1381380">
    <ele>1143.1</ele>
    <time>2026-06-03T18:59:25Z</time>
   </trkpt>
   <trkpt lat="69.6017860" lon="19.1381800">
    <ele>1143.6</ele>
    <time>2026-06-03T18:59:26Z</time>
   </trkpt>
   <trkpt lat="69.6017860" lon="19.1381800">
    <ele>1143.6</ele>
    <time>2026-06-03T18:59:27Z</time>
   </trkpt>
   <trkpt lat="69.6017860" lon="19.1381800">
    <ele>1143.6</ele>
    <time>2026-06-03T18:59:28Z</time>
   </trkpt>
   <trkpt lat="69.6017860" lon="19.1381800">
    <ele>1143.6</ele>
    <time>2026-06-03T18:59:29Z</time>
   </trkpt>
   <trkpt lat="69.6017990" lon="19.1382250">
    <ele>1144.3</ele>
    <time>2026-06-03T18:59:30Z</time>
   </trkpt>
   <trkpt lat="69.6017990" lon="19.1382250">
    <ele>1144.3</ele>
    <time>2026-06-03T18:59:31Z</time>
   </trkpt>
   <trkpt lat="69.6017990" lon="19.1382250">
    <ele>1144.3</ele>
    <time>2026-06-03T18:59:32Z</time>
   </trkpt>
   <trkpt lat="69.6017990" lon="19.1382250">
    <ele>1144.3</ele>
    <time>2026-06-03T18:59:33Z</time>
   </trkpt>
   <trkpt lat="69.6018100" lon="19.1382760">
    <ele>1145.4</ele>
    <time>2026-06-03T18:59:34Z</time>
   </trkpt>
   <trkpt lat="69.6018100" lon="19.1382760">
    <ele>1145.4</ele>
    <time>2026-06-03T18:59:35Z</time>
   </trkpt>
   <trkpt lat="69.6018100" lon="19.1382760">
    <ele>1145.4</ele>
    <time>2026-06-03T18:59:36Z</time>
   </trkpt>
   <trkpt lat="69.6018240" lon="19.1383190">
    <ele>1145.9</ele>
    <time>2026-06-03T18:59:37Z</time>
   </trkpt>
   <trkpt lat="69.6018240" lon="19.1383190">
    <ele>1145.9</ele>
    <time>2026-06-03T18:59:38Z</time>
   </trkpt>
   <trkpt lat="69.6018240" lon="19.1383190">
    <ele>1145.9</ele>
    <time>2026-06-03T18:59:39Z</time>
   </trkpt>
   <trkpt lat="69.6018240" lon="19.1383190">
    <ele>1145.9</ele>
    <time>2026-06-03T18:59:40Z</time>
   </trkpt>
   <trkpt lat="69.6018400" lon="19.1383630">
    <ele>1146.4</ele>
    <time>2026-06-03T18:59:41Z</time>
   </trkpt>
   <trkpt lat="69.6018400" lon="19.1383630">
    <ele>1146.4</ele>
    <time>2026-06-03T18:59:42Z</time>
   </trkpt>
   <trkpt lat="69.6018400" lon="19.1383630">
    <ele>1146.4</ele>
    <time>2026-06-03T18:59:43Z</time>
   </trkpt>
   <trkpt lat="69.6018400" lon="19.1383630">
    <ele>1146.4</ele>
    <time>2026-06-03T18:59:44Z</time>
   </trkpt>
   <trkpt lat="69.6018400" lon="19.1383630">
    <ele>1146.4</ele>
    <time>2026-06-03T18:59:45Z</time>
   </trkpt>
   <trkpt lat="69.6018400" lon="19.1383630">
    <ele>1146.4</ele>
    <time>2026-06-03T18:59:46Z</time>
   </trkpt>
   <trkpt lat="69.6018400" lon="19.1383630">
    <ele>1146.4</ele>
    <time>2026-06-03T18:59:47Z</time>
   </trkpt>
   <trkpt lat="69.6018400" lon="19.1383630">
    <ele>1146.4</ele>
    <time>2026-06-03T18:59:48Z</time>
   </trkpt>
   <trkpt lat="69.6018400" lon="19.1383630">
    <ele>1146.4</ele>
    <time>2026-06-03T18:59:49Z</time>
   </trkpt>
   <trkpt lat="69.6018400" lon="19.1383630">
    <ele>1146.4</ele>
    <time>2026-06-03T18:59:50Z</time>
   </trkpt>
   <trkpt lat="69.6018400" lon="19.1383630">
    <ele>1146.4</ele>
    <time>2026-06-03T18:59:51Z</time>
   </trkpt>
   <trkpt lat="69.6018400" lon="19.1383630">
    <ele>1146.4</ele>
    <time>2026-06-03T18:59:52Z</time>
   </trkpt>
   <trkpt lat="69.6018490" lon="19.1384090">
    <ele>1146.9</ele>
    <time>2026-06-03T18:59:53Z</time>
   </trkpt>
   <trkpt lat="69.6018490" lon="19.1384090">
    <ele>1146.9</ele>
    <time>2026-06-03T18:59:54Z</time>
   </trkpt>
   <trkpt lat="69.6018490" lon="19.1384090">
    <ele>1146.9</ele>
    <time>2026-06-03T18:59:55Z</time>
   </trkpt>
   <trkpt lat="69.6018610" lon="19.1384530">
    <ele>1147.3</ele>
    <time>2026-06-03T18:59:56Z</time>
   </trkpt>
   <trkpt lat="69.6018610" lon="19.1384530">
    <ele>1147.3</ele>
    <time>2026-06-03T18:59:57Z</time>
   </trkpt>
   <trkpt lat="69.6018610" lon="19.1384530">
    <ele>1147.3</ele>
    <time>2026-06-03T18:59:58Z</time>
   </trkpt>
   <trkpt lat="69.6018610" lon="19.1384530">
    <ele>1147.3</ele>
    <time>2026-06-03T18:59:59Z</time>
   </trkpt>
   <trkpt lat="69.6018750" lon="19.1384920">
    <ele>1147.8</ele>
    <time>2026-06-03T19:00:00Z</time>
   </trkpt>
   <trkpt lat="69.6018750" lon="19.1384920">
    <ele>1147.8</ele>
    <time>2026-06-03T19:00:01Z</time>
   </trkpt>
   <trkpt lat="69.6018880" lon="19.1385330">
    <ele>1148.3</ele>
    <time>2026-06-03T19:00:02Z</time>
   </trkpt>
   <trkpt lat="69.6018880" lon="19.1385330">
    <ele>1148.3</ele>
    <time>2026-06-03T19:00:03Z</time>
   </trkpt>
   <trkpt lat="69.6018880" lon="19.1385330">
    <ele>1148.3</ele>
    <time>2026-06-03T19:00:04Z</time>
   </trkpt>
   <trkpt lat="69.6019040" lon="19.1385820">
    <ele>1148.7</ele>
    <time>2026-06-03T19:00:05Z</time>
   </trkpt>
   <trkpt lat="69.6019040" lon="19.1385820">
    <ele>1148.7</ele>
    <time>2026-06-03T19:00:06Z</time>
   </trkpt>
   <trkpt lat="69.6019040" lon="19.1385820">
    <ele>1148.7</ele>
    <time>2026-06-03T19:00:07Z</time>
   </trkpt>
   <trkpt lat="69.6019200" lon="19.1386250">
    <ele>1149.1</ele>
    <time>2026-06-03T19:00:08Z</time>
   </trkpt>
   <trkpt lat="69.6019200" lon="19.1386250">
    <ele>1149.1</ele>
    <time>2026-06-03T19:00:09Z</time>
   </trkpt>
   <trkpt lat="69.6019200" lon="19.1386250">
    <ele>1149.1</ele>
    <time>2026-06-03T19:00:10Z</time>
   </trkpt>
   <trkpt lat="69.6019370" lon="19.1386700">
    <ele>1149.6</ele>
    <time>2026-06-03T19:00:11Z</time>
   </trkpt>
   <trkpt lat="69.6019370" lon="19.1386700">
    <ele>1149.6</ele>
    <time>2026-06-03T19:00:12Z</time>
   </trkpt>
   <trkpt lat="69.6019370" lon="19.1386700">
    <ele>1149.6</ele>
    <time>2026-06-03T19:00:13Z</time>
   </trkpt>
   <trkpt lat="69.6019500" lon="19.1387170">
    <ele>1150.1</ele>
    <time>2026-06-03T19:00:14Z</time>
   </trkpt>
   <trkpt lat="69.6019500" lon="19.1387170">
    <ele>1150.1</ele>
    <time>2026-06-03T19:00:15Z</time>
   </trkpt>
   <trkpt lat="69.6019500" lon="19.1387170">
    <ele>1150.1</ele>
    <time>2026-06-03T19:00:16Z</time>
   </trkpt>
   <trkpt lat="69.6019640" lon="19.1387740">
    <ele>1150.5</ele>
    <time>2026-06-03T19:00:17Z</time>
   </trkpt>
   <trkpt lat="69.6019640" lon="19.1387740">
    <ele>1150.5</ele>
    <time>2026-06-03T19:00:18Z</time>
   </trkpt>
   <trkpt lat="69.6019640" lon="19.1387740">
    <ele>1150.5</ele>
    <time>2026-06-03T19:00:19Z</time>
   </trkpt>
   <trkpt lat="69.6019760" lon="19.1388180">
    <ele>1151.0</ele>
    <time>2026-06-03T19:00:20Z</time>
   </trkpt>
   <trkpt lat="69.6019760" lon="19.1388180">
    <ele>1151.0</ele>
    <time>2026-06-03T19:00:21Z</time>
   </trkpt>
   <trkpt lat="69.6019760" lon="19.1388180">
    <ele>1151.0</ele>
    <time>2026-06-03T19:00:22Z</time>
   </trkpt>
   <trkpt lat="69.6019890" lon="19.1388610">
    <ele>1151.4</ele>
    <time>2026-06-03T19:00:23Z</time>
   </trkpt>
   <trkpt lat="69.6019890" lon="19.1388610">
    <ele>1151.4</ele>
    <time>2026-06-03T19:00:24Z</time>
   </trkpt>
   <trkpt lat="69.6019890" lon="19.1388610">
    <ele>1151.5</ele>
    <time>2026-06-03T19:00:25Z</time>
   </trkpt>
   <trkpt lat="69.6020010" lon="19.1389020">
    <ele>1151.9</ele>
    <time>2026-06-03T19:00:26Z</time>
   </trkpt>
   <trkpt lat="69.6020010" lon="19.1389020">
    <ele>1151.9</ele>
    <time>2026-06-03T19:00:27Z</time>
   </trkpt>
   <trkpt lat="69.6020010" lon="19.1389020">
    <ele>1151.9</ele>
    <time>2026-06-03T19:00:28Z</time>
   </trkpt>
   <trkpt lat="69.6020140" lon="19.1389440">
    <ele>1152.4</ele>
    <time>2026-06-03T19:00:29Z</time>
   </trkpt>
   <trkpt lat="69.6020140" lon="19.1389440">
    <ele>1152.4</ele>
    <time>2026-06-03T19:00:30Z</time>
   </trkpt>
   <trkpt lat="69.6020140" lon="19.1389440">
    <ele>1152.4</ele>
    <time>2026-06-03T19:00:31Z</time>
   </trkpt>
   <trkpt lat="69.6020260" lon="19.1389860">
    <ele>1152.8</ele>
    <time>2026-06-03T19:00:32Z</time>
   </trkpt>
   <trkpt lat="69.6020260" lon="19.1389860">
    <ele>1152.8</ele>
    <time>2026-06-03T19:00:33Z</time>
   </trkpt>
   <trkpt lat="69.6020260" lon="19.1389860">
    <ele>1152.8</ele>
    <time>2026-06-03T19:00:34Z</time>
   </trkpt>
   <trkpt lat="69.6020260" lon="19.1389860">
    <ele>1152.8</ele>
    <time>2026-06-03T19:00:35Z</time>
   </trkpt>
   <trkpt lat="69.6020410" lon="19.1390420">
    <ele>1153.8</ele>
    <time>2026-06-03T19:00:36Z</time>
   </trkpt>
   <trkpt lat="69.6020410" lon="19.1390420">
    <ele>1153.8</ele>
    <time>2026-06-03T19:00:37Z</time>
   </trkpt>
   <trkpt lat="69.6020410" lon="19.1390420">
    <ele>1153.8</ele>
    <time>2026-06-03T19:00:38Z</time>
   </trkpt>
   <trkpt lat="69.6020520" lon="19.1390840">
    <ele>1153.8</ele>
    <time>2026-06-03T19:00:39Z</time>
   </trkpt>
   <trkpt lat="69.6020520" lon="19.1390840">
    <ele>1153.8</ele>
    <time>2026-06-03T19:00:40Z</time>
   </trkpt>
   <trkpt lat="69.6020520" lon="19.1390840">
    <ele>1153.8</ele>
    <time>2026-06-03T19:00:41Z</time>
   </trkpt>
   <trkpt lat="69.6020640" lon="19.1391300">
    <ele>1154.7</ele>
    <time>2026-06-03T19:00:42Z</time>
   </trkpt>
   <trkpt lat="69.6020640" lon="19.1391300">
    <ele>1154.7</ele>
    <time>2026-06-03T19:00:43Z</time>
   </trkpt>
   <trkpt lat="69.6020640" lon="19.1391300">
    <ele>1154.7</ele>
    <time>2026-06-03T19:00:44Z</time>
   </trkpt>
   <trkpt lat="69.6020760" lon="19.1391750">
    <ele>1155.2</ele>
    <time>2026-06-03T19:00:45Z</time>
   </trkpt>
   <trkpt lat="69.6020760" lon="19.1391750">
    <ele>1155.2</ele>
    <time>2026-06-03T19:00:46Z</time>
   </trkpt>
   <trkpt lat="69.6020760" lon="19.1391750">
    <ele>1155.2</ele>
    <time>2026-06-03T19:00:47Z</time>
   </trkpt>
   <trkpt lat="69.6020870" lon="19.1392200">
    <ele>1155.7</ele>
    <time>2026-06-03T19:00:48Z</time>
   </trkpt>
   <trkpt lat="69.6020870" lon="19.1392200">
    <ele>1155.7</ele>
    <time>2026-06-03T19:00:50Z</time>
   </trkpt>
   <trkpt lat="69.6020980" lon="19.1392670">
    <ele>1156.2</ele>
    <time>2026-06-03T19:00:51Z</time>
   </trkpt>
   <trkpt lat="69.6020980" lon="19.1392670">
    <ele>1156.2</ele>
    <time>2026-06-03T19:00:52Z</time>
   </trkpt>
   <trkpt lat="69.6020980" lon="19.1392670">
    <ele>1156.2</ele>
    <time>2026-06-03T19:00:53Z</time>
   </trkpt>
   <trkpt lat="69.6021090" lon="19.1393100">
    <ele>1156.8</ele>
    <time>2026-06-03T19:00:54Z</time>
   </trkpt>
   <trkpt lat="69.6021090" lon="19.1393100">
    <ele>1156.8</ele>
    <time>2026-06-03T19:00:55Z</time>
   </trkpt>
   <trkpt lat="69.6021090" lon="19.1393100">
    <ele>1156.8</ele>
    <time>2026-06-03T19:00:56Z</time>
   </trkpt>
   <trkpt lat="69.6021210" lon="19.1393520">
    <ele>1157.4</ele>
    <time>2026-06-03T19:00:57Z</time>
   </trkpt>
   <trkpt lat="69.6021210" lon="19.1393520">
    <ele>1157.4</ele>
    <time>2026-06-03T19:00:58Z</time>
   </trkpt>
   <trkpt lat="69.6021210" lon="19.1393520">
    <ele>1157.4</ele>
    <time>2026-06-03T19:00:59Z</time>
   </trkpt>
   <trkpt lat="69.6021320" lon="19.1393920">
    <ele>1158.0</ele>
    <time>2026-06-03T19:01:00Z</time>
   </trkpt>
   <trkpt lat="69.6021320" lon="19.1393920">
    <ele>1158.0</ele>
    <time>2026-06-03T19:01:01Z</time>
   </trkpt>
   <trkpt lat="69.6021320" lon="19.1393920">
    <ele>1158.0</ele>
    <time>2026-06-03T19:01:02Z</time>
   </trkpt>
   <trkpt lat="69.6021320" lon="19.1393920">
    <ele>1158.0</ele>
    <time>2026-06-03T19:01:03Z</time>
   </trkpt>
   <trkpt lat="69.6021470" lon="19.1394440">
    <ele>1158.6</ele>
    <time>2026-06-03T19:01:04Z</time>
   </trkpt>
   <trkpt lat="69.6021470" lon="19.1394440">
    <ele>1158.6</ele>
    <time>2026-06-03T19:01:05Z</time>
   </trkpt>
   <trkpt lat="69.6021470" lon="19.1394440">
    <ele>1158.6</ele>
    <time>2026-06-03T19:01:06Z</time>
   </trkpt>
   <trkpt lat="69.6021470" lon="19.1394440">
    <ele>1158.6</ele>
    <time>2026-06-03T19:01:07Z</time>
   </trkpt>
   <trkpt lat="69.6021470" lon="19.1394440">
    <ele>1158.6</ele>
    <time>2026-06-03T19:01:08Z</time>
   </trkpt>
   <trkpt lat="69.6021470" lon="19.1394440">
    <ele>1158.6</ele>
    <time>2026-06-03T19:01:09Z</time>
   </trkpt>
   <trkpt lat="69.6021470" lon="19.1394440">
    <ele>1158.6</ele>
    <time>2026-06-03T19:01:10Z</time>
   </trkpt>
   <trkpt lat="69.6021470" lon="19.1394440">
    <ele>1158.6</ele>
    <time>2026-06-03T19:01:11Z</time>
   </trkpt>
   <trkpt lat="69.6021470" lon="19.1394440">
    <ele>1158.6</ele>
    <time>2026-06-03T19:01:12Z</time>
   </trkpt>
   <trkpt lat="69.6021470" lon="19.1394440">
    <ele>1158.6</ele>
    <time>2026-06-03T19:01:13Z</time>
   </trkpt>
   <trkpt lat="69.6021470" lon="19.1394440">
    <ele>1158.6</ele>
    <time>2026-06-03T19:01:14Z</time>
   </trkpt>
   <trkpt lat="69.6021600" lon="19.1394820">
    <ele>1159.3</ele>
    <time>2026-06-03T19:01:15Z</time>
   </trkpt>
   <trkpt lat="69.6021600" lon="19.1394820">
    <ele>1159.3</ele>
    <time>2026-06-03T19:01:16Z</time>
   </trkpt>
   <trkpt lat="69.6021600" lon="19.1394820">
    <ele>1159.3</ele>
    <time>2026-06-03T19:01:17Z</time>
   </trkpt>
   <trkpt lat="69.6021750" lon="19.1395260">
    <ele>1160.0</ele>
    <time>2026-06-03T19:01:18Z</time>
   </trkpt>
   <trkpt lat="69.6021750" lon="19.1395260">
    <ele>1160.0</ele>
    <time>2026-06-03T19:01:19Z</time>
   </trkpt>
   <trkpt lat="69.6021750" lon="19.1395260">
    <ele>1160.0</ele>
    <time>2026-06-03T19:01:20Z</time>
   </trkpt>
   <trkpt lat="69.6021880" lon="19.1395770">
    <ele>1160.5</ele>
    <time>2026-06-03T19:01:21Z</time>
   </trkpt>
   <trkpt lat="69.6021880" lon="19.1395770">
    <ele>1160.5</ele>
    <time>2026-06-03T19:01:22Z</time>
   </trkpt>
   <trkpt lat="69.6021880" lon="19.1395770">
    <ele>1160.5</ele>
    <time>2026-06-03T19:01:23Z</time>
   </trkpt>
   <trkpt lat="69.6022040" lon="19.1396180">
    <ele>1161.4</ele>
    <time>2026-06-03T19:01:24Z</time>
   </trkpt>
   <trkpt lat="69.6022040" lon="19.1396180">
    <ele>1161.4</ele>
    <time>2026-06-03T19:01:25Z</time>
   </trkpt>
   <trkpt lat="69.6022040" lon="19.1396180">
    <ele>1161.4</ele>
    <time>2026-06-03T19:01:26Z</time>
   </trkpt>
   <trkpt lat="69.6022170" lon="19.1396650">
    <ele>1161.9</ele>
    <time>2026-06-03T19:01:27Z</time>
   </trkpt>
   <trkpt lat="69.6022170" lon="19.1396650">
    <ele>1161.9</ele>
    <time>2026-06-03T19:01:28Z</time>
   </trkpt>
   <trkpt lat="69.6022170" lon="19.1396650">
    <ele>1161.9</ele>
    <time>2026-06-03T19:01:29Z</time>
   </trkpt>
   <trkpt lat="69.6022290" lon="19.1397100">
    <ele>1162.6</ele>
    <time>2026-06-03T19:01:30Z</time>
   </trkpt>
   <trkpt lat="69.6022290" lon="19.1397100">
    <ele>1162.6</ele>
    <time>2026-06-03T19:01:31Z</time>
   </trkpt>
   <trkpt lat="69.6022290" lon="19.1397100">
    <ele>1162.6</ele>
    <time>2026-06-03T19:01:32Z</time>
   </trkpt>
   <trkpt lat="69.6022420" lon="19.1397510">
    <ele>1163.3</ele>
    <time>2026-06-03T19:01:33Z</time>
   </trkpt>
   <trkpt lat="69.6022420" lon="19.1397510">
    <ele>1163.3</ele>
    <time>2026-06-03T19:01:34Z</time>
   </trkpt>
   <trkpt lat="69.6022420" lon="19.1397510">
    <ele>1163.3</ele>
    <time>2026-06-03T19:01:35Z</time>
   </trkpt>
   <trkpt lat="69.6022540" lon="19.1397910">
    <ele>1164.0</ele>
    <time>2026-06-03T19:01:36Z</time>
   </trkpt>
   <trkpt lat="69.6022540" lon="19.1397910">
    <ele>1164.0</ele>
    <time>2026-06-03T19:01:37Z</time>
   </trkpt>
   <trkpt lat="69.6022540" lon="19.1397910">
    <ele>1164.0</ele>
    <time>2026-06-03T19:01:38Z</time>
   </trkpt>
   <trkpt lat="69.6022690" lon="19.1398200">
    <ele>1164.7</ele>
    <time>2026-06-03T19:01:39Z</time>
   </trkpt>
   <trkpt lat="69.6022690" lon="19.1398200">
    <ele>1164.7</ele>
    <time>2026-06-03T19:01:40Z</time>
   </trkpt>
   <trkpt lat="69.6022690" lon="19.1398200">
    <ele>1164.7</ele>
    <time>2026-06-03T19:01:41Z</time>
   </trkpt>
   <trkpt lat="69.6022690" lon="19.1398200">
    <ele>1164.7</ele>
    <time>2026-06-03T19:01:42Z</time>
   </trkpt>
   <trkpt lat="69.6022880" lon="19.1398560">
    <ele>1164.8</ele>
    <time>2026-06-03T19:01:43Z</time>
   </trkpt>
   <trkpt lat="69.6022880" lon="19.1398560">
    <ele>1164.8</ele>
    <time>2026-06-03T19:01:44Z</time>
   </trkpt>
   <trkpt lat="69.6022880" lon="19.1398560">
    <ele>1164.8</ele>
    <time>2026-06-03T19:01:45Z</time>
   </trkpt>
   <trkpt lat="69.6022880" lon="19.1398560">
    <ele>1164.8</ele>
    <time>2026-06-03T19:01:46Z</time>
   </trkpt>
   <trkpt lat="69.6023030" lon="19.1399050">
    <ele>1166.0</ele>
    <time>2026-06-03T19:01:47Z</time>
   </trkpt>
   <trkpt lat="69.6023030" lon="19.1399050">
    <ele>1166.0</ele>
    <time>2026-06-03T19:01:48Z</time>
   </trkpt>
   <trkpt lat="69.6023030" lon="19.1399050">
    <ele>1166.0</ele>
    <time>2026-06-03T19:01:49Z</time>
   </trkpt>
   <trkpt lat="69.6023030" lon="19.1399050">
    <ele>1166.0</ele>
    <time>2026-06-03T19:01:50Z</time>
   </trkpt>
   <trkpt lat="69.6023150" lon="19.1399500">
    <ele>1166.6</ele>
    <time>2026-06-03T19:01:51Z</time>
   </trkpt>
   <trkpt lat="69.6023150" lon="19.1399500">
    <ele>1166.6</ele>
    <time>2026-06-03T19:01:52Z</time>
   </trkpt>
   <trkpt lat="69.6023150" lon="19.1399500">
    <ele>1166.6</ele>
    <time>2026-06-03T19:01:53Z</time>
   </trkpt>
   <trkpt lat="69.6023150" lon="19.1399500">
    <ele>1166.6</ele>
    <time>2026-06-03T19:01:54Z</time>
   </trkpt>
   <trkpt lat="69.6023310" lon="19.1399950">
    <ele>1167.2</ele>
    <time>2026-06-03T19:01:55Z</time>
   </trkpt>
   <trkpt lat="69.6023310" lon="19.1399950">
    <ele>1167.2</ele>
    <time>2026-06-03T19:01:56Z</time>
   </trkpt>
   <trkpt lat="69.6023310" lon="19.1399950">
    <ele>1167.2</ele>
    <time>2026-06-03T19:01:57Z</time>
   </trkpt>
   <trkpt lat="69.6023310" lon="19.1399950">
    <ele>1167.2</ele>
    <time>2026-06-03T19:01:58Z</time>
   </trkpt>
   <trkpt lat="69.6023310" lon="19.1399950">
    <ele>1167.2</ele>
    <time>2026-06-03T19:01:59Z</time>
   </trkpt>
   <trkpt lat="69.6023310" lon="19.1399950">
    <ele>1167.2</ele>
    <time>2026-06-03T19:02:00Z</time>
   </trkpt>
   <trkpt lat="69.6023310" lon="19.1399950">
    <ele>1167.2</ele>
    <time>2026-06-03T19:02:01Z</time>
   </trkpt>
   <trkpt lat="69.6023310" lon="19.1399950">
    <ele>1167.2</ele>
    <time>2026-06-03T19:02:02Z</time>
   </trkpt>
   <trkpt lat="69.6023310" lon="19.1399950">
    <ele>1167.2</ele>
    <time>2026-06-03T19:02:03Z</time>
   </trkpt>
   <trkpt lat="69.6023310" lon="19.1399950">
    <ele>1167.2</ele>
    <time>2026-06-03T19:02:04Z</time>
   </trkpt>
   <trkpt lat="69.6023310" lon="19.1399950">
    <ele>1167.2</ele>
    <time>2026-06-03T19:02:05Z</time>
   </trkpt>
   <trkpt lat="69.6023310" lon="19.1399950">
    <ele>1167.2</ele>
    <time>2026-06-03T19:02:06Z</time>
   </trkpt>
   <trkpt lat="69.6023310" lon="19.1399950">
    <ele>1167.2</ele>
    <time>2026-06-03T19:02:07Z</time>
   </trkpt>
   <trkpt lat="69.6023310" lon="19.1399950">
    <ele>1167.2</ele>
    <time>2026-06-03T19:02:08Z</time>
   </trkpt>
   <trkpt lat="69.6023310" lon="19.1399950">
    <ele>1167.2</ele>
    <time>2026-06-03T19:02:09Z</time>
   </trkpt>
   <trkpt lat="69.6023310" lon="19.1399950">
    <ele>1167.2</ele>
    <time>2026-06-03T19:02:10Z</time>
   </trkpt>
   <trkpt lat="69.6023310" lon="19.1399950">
    <ele>1167.2</ele>
    <time>2026-06-03T19:02:11Z</time>
   </trkpt>
   <trkpt lat="69.6023310" lon="19.1399950">
    <ele>1167.2</ele>
    <time>2026-06-03T19:02:12Z</time>
   </trkpt>
   <trkpt lat="69.6023450" lon="19.1400490">
    <ele>1167.8</ele>
    <time>2026-06-03T19:02:13Z</time>
   </trkpt>
   <trkpt lat="69.6023450" lon="19.1400490">
    <ele>1167.8</ele>
    <time>2026-06-03T19:02:14Z</time>
   </trkpt>
   <trkpt lat="69.6023450" lon="19.1400490">
    <ele>1167.8</ele>
    <time>2026-06-03T19:02:15Z</time>
   </trkpt>
   <trkpt lat="69.6023590" lon="19.1400870">
    <ele>1168.3</ele>
    <time>2026-06-03T19:02:16Z</time>
   </trkpt>
   <trkpt lat="69.6023590" lon="19.1400870">
    <ele>1168.3</ele>
    <time>2026-06-03T19:02:17Z</time>
   </trkpt>
   <trkpt lat="69.6023590" lon="19.1400870">
    <ele>1168.3</ele>
    <time>2026-06-03T19:02:18Z</time>
   </trkpt>
   <trkpt lat="69.6023710" lon="19.1401260">
    <ele>1168.9</ele>
    <time>2026-06-03T19:02:19Z</time>
   </trkpt>
   <trkpt lat="69.6023710" lon="19.1401260">
    <ele>1168.9</ele>
    <time>2026-06-03T19:02:20Z</time>
   </trkpt>
   <trkpt lat="69.6023710" lon="19.1401260">
    <ele>1168.9</ele>
    <time>2026-06-03T19:02:21Z</time>
   </trkpt>
   <trkpt lat="69.6023850" lon="19.1401620">
    <ele>1169.5</ele>
    <time>2026-06-03T19:02:22Z</time>
   </trkpt>
   <trkpt lat="69.6023850" lon="19.1401620">
    <ele>1169.5</ele>
    <time>2026-06-03T19:02:23Z</time>
   </trkpt>
   <trkpt lat="69.6023850" lon="19.1401620">
    <ele>1169.5</ele>
    <time>2026-06-03T19:02:24Z</time>
   </trkpt>
   <trkpt lat="69.6023990" lon="19.1402020">
    <ele>1170.0</ele>
    <time>2026-06-03T19:02:25Z</time>
   </trkpt>
   <trkpt lat="69.6023990" lon="19.1402020">
    <ele>1170.0</ele>
    <time>2026-06-03T19:02:26Z</time>
   </trkpt>
   <trkpt lat="69.6023990" lon="19.1402020">
    <ele>1170.1</ele>
    <time>2026-06-03T19:02:27Z</time>
   </trkpt>
   <trkpt lat="69.6024140" lon="19.1402340">
    <ele>1170.2</ele>
    <time>2026-06-03T19:02:28Z</time>
   </trkpt>
   <trkpt lat="69.6024140" lon="19.1402340">
    <ele>1170.2</ele>
    <time>2026-06-03T19:02:29Z</time>
   </trkpt>
   <trkpt lat="69.6024140" lon="19.1402340">
    <ele>1170.2</ele>
    <time>2026-06-03T19:02:30Z</time>
   </trkpt>
   <trkpt lat="69.6024270" lon="19.1402720">
    <ele>1170.7</ele>
    <time>2026-06-03T19:02:31Z</time>
   </trkpt>
   <trkpt lat="69.6024270" lon="19.1402720">
    <ele>1170.7</ele>
    <time>2026-06-03T19:02:32Z</time>
   </trkpt>
   <trkpt lat="69.6024270" lon="19.1402720">
    <ele>1170.7</ele>
    <time>2026-06-03T19:02:33Z</time>
   </trkpt>
   <trkpt lat="69.6024270" lon="19.1402720">
    <ele>1170.7</ele>
    <time>2026-06-03T19:02:34Z</time>
   </trkpt>
   <trkpt lat="69.6024420" lon="19.1403190">
    <ele>1171.3</ele>
    <time>2026-06-03T19:02:35Z</time>
   </trkpt>
   <trkpt lat="69.6024420" lon="19.1403190">
    <ele>1171.3</ele>
    <time>2026-06-03T19:02:36Z</time>
   </trkpt>
   <trkpt lat="69.6024420" lon="19.1403190">
    <ele>1171.3</ele>
    <time>2026-06-03T19:02:37Z</time>
   </trkpt>
   <trkpt lat="69.6024420" lon="19.1403190">
    <ele>1171.3</ele>
    <time>2026-06-03T19:02:38Z</time>
   </trkpt>
   <trkpt lat="69.6024590" lon="19.1403610">
    <ele>1172.2</ele>
    <time>2026-06-03T19:02:39Z</time>
   </trkpt>
   <trkpt lat="69.6024590" lon="19.1403610">
    <ele>1172.2</ele>
    <time>2026-06-03T19:02:40Z</time>
   </trkpt>
   <trkpt lat="69.6024590" lon="19.1403610">
    <ele>1172.2</ele>
    <time>2026-06-03T19:02:41Z</time>
   </trkpt>
   <trkpt lat="69.6024590" lon="19.1403610">
    <ele>1172.2</ele>
    <time>2026-06-03T19:02:42Z</time>
   </trkpt>
   <trkpt lat="69.6024750" lon="19.1404080">
    <ele>1172.9</ele>
    <time>2026-06-03T19:02:43Z</time>
   </trkpt>
   <trkpt lat="69.6024750" lon="19.1404080">
    <ele>1172.9</ele>
    <time>2026-06-03T19:02:44Z</time>
   </trkpt>
   <trkpt lat="69.6024750" lon="19.1404080">
    <ele>1172.9</ele>
    <time>2026-06-03T19:02:45Z</time>
   </trkpt>
   <trkpt lat="69.6024750" lon="19.1404080">
    <ele>1172.9</ele>
    <time>2026-06-03T19:02:46Z</time>
   </trkpt>
   <trkpt lat="69.6024880" lon="19.1404520">
    <ele>1173.7</ele>
    <time>2026-06-03T19:02:47Z</time>
   </trkpt>
   <trkpt lat="69.6024880" lon="19.1404520">
    <ele>1173.7</ele>
    <time>2026-06-03T19:02:48Z</time>
   </trkpt>
   <trkpt lat="69.6024880" lon="19.1404520">
    <ele>1173.7</ele>
    <time>2026-06-03T19:02:49Z</time>
   </trkpt>
   <trkpt lat="69.6024880" lon="19.1404520">
    <ele>1173.7</ele>
    <time>2026-06-03T19:02:50Z</time>
   </trkpt>
   <trkpt lat="69.6024880" lon="19.1404520">
    <ele>1173.7</ele>
    <time>2026-06-03T19:02:51Z</time>
   </trkpt>
   <trkpt lat="69.6024880" lon="19.1404520">
    <ele>1173.7</ele>
    <time>2026-06-03T19:02:52Z</time>
   </trkpt>
   <trkpt lat="69.6024880" lon="19.1404520">
    <ele>1173.7</ele>
    <time>2026-06-03T19:02:53Z</time>
   </trkpt>
   <trkpt lat="69.6024880" lon="19.1404520">
    <ele>1173.7</ele>
    <time>2026-06-03T19:02:54Z</time>
   </trkpt>
   <trkpt lat="69.6024880" lon="19.1404520">
    <ele>1173.7</ele>
    <time>2026-06-03T19:02:55Z</time>
   </trkpt>
   <trkpt lat="69.6024880" lon="19.1404520">
    <ele>1173.7</ele>
    <time>2026-06-03T19:02:56Z</time>
   </trkpt>
   <trkpt lat="69.6024880" lon="19.1404520">
    <ele>1173.7</ele>
    <time>2026-06-03T19:02:57Z</time>
   </trkpt>
   <trkpt lat="69.6024880" lon="19.1404520">
    <ele>1173.7</ele>
    <time>2026-06-03T19:02:58Z</time>
   </trkpt>
   <trkpt lat="69.6024880" lon="19.1404520">
    <ele>1173.7</ele>
    <time>2026-06-03T19:02:59Z</time>
   </trkpt>
   <trkpt lat="69.6024880" lon="19.1404520">
    <ele>1173.7</ele>
    <time>2026-06-03T19:03:00Z</time>
   </trkpt>
   <trkpt lat="69.6024880" lon="19.1404520">
    <ele>1173.7</ele>
    <time>2026-06-03T19:03:01Z</time>
   </trkpt>
   <trkpt lat="69.6025040" lon="19.1404900">
    <ele>1174.4</ele>
    <time>2026-06-03T19:03:02Z</time>
   </trkpt>
   <trkpt lat="69.6025040" lon="19.1404900">
    <ele>1174.4</ele>
    <time>2026-06-03T19:03:03Z</time>
   </trkpt>
   <trkpt lat="69.6025040" lon="19.1404900">
    <ele>1174.4</ele>
    <time>2026-06-03T19:03:04Z</time>
   </trkpt>
   <trkpt lat="69.6025180" lon="19.1405310">
    <ele>1175.2</ele>
    <time>2026-06-03T19:03:05Z</time>
   </trkpt>
   <trkpt lat="69.6025180" lon="19.1405310">
    <ele>1175.2</ele>
    <time>2026-06-03T19:03:06Z</time>
   </trkpt>
   <trkpt lat="69.6025180" lon="19.1405310">
    <ele>1175.2</ele>
    <time>2026-06-03T19:03:07Z</time>
   </trkpt>
   <trkpt lat="69.6025320" lon="19.1405670">
    <ele>1175.7</ele>
    <time>2026-06-03T19:03:08Z</time>
   </trkpt>
   <trkpt lat="69.6025320" lon="19.1405670">
    <ele>1175.7</ele>
    <time>2026-06-03T19:03:09Z</time>
   </trkpt>
   <trkpt lat="69.6025320" lon="19.1405670">
    <ele>1175.7</ele>
    <time>2026-06-03T19:03:10Z</time>
   </trkpt>
   <trkpt lat="69.6025480" lon="19.1406060">
    <ele>1176.7</ele>
    <time>2026-06-03T19:03:11Z</time>
   </trkpt>
   <trkpt lat="69.6025480" lon="19.1406060">
    <ele>1176.7</ele>
    <time>2026-06-03T19:03:12Z</time>
   </trkpt>
   <trkpt lat="69.6025480" lon="19.1406060">
    <ele>1176.7</ele>
    <time>2026-06-03T19:03:13Z</time>
   </trkpt>
   <trkpt lat="69.6025620" lon="19.1406470">
    <ele>1177.2</ele>
    <time>2026-06-03T19:03:14Z</time>
   </trkpt>
   <trkpt lat="69.6025620" lon="19.1406470">
    <ele>1177.2</ele>
    <time>2026-06-03T19:03:15Z</time>
   </trkpt>
   <trkpt lat="69.6025620" lon="19.1406470">
    <ele>1177.2</ele>
    <time>2026-06-03T19:03:16Z</time>
   </trkpt>
   <trkpt lat="69.6025750" lon="19.1406830">
    <ele>1177.9</ele>
    <time>2026-06-03T19:03:17Z</time>
   </trkpt>
   <trkpt lat="69.6025750" lon="19.1406830">
    <ele>1177.9</ele>
    <time>2026-06-03T19:03:18Z</time>
   </trkpt>
   <trkpt lat="69.6025750" lon="19.1406830">
    <ele>1177.9</ele>
    <time>2026-06-03T19:03:19Z</time>
   </trkpt>
   <trkpt lat="69.6025900" lon="19.1407190">
    <ele>1178.6</ele>
    <time>2026-06-03T19:03:20Z</time>
   </trkpt>
   <trkpt lat="69.6025900" lon="19.1407190">
    <ele>1178.6</ele>
    <time>2026-06-03T19:03:21Z</time>
   </trkpt>
   <trkpt lat="69.6025900" lon="19.1407190">
    <ele>1178.6</ele>
    <time>2026-06-03T19:03:22Z</time>
   </trkpt>
   <trkpt lat="69.6026060" lon="19.1407510">
    <ele>1178.8</ele>
    <time>2026-06-03T19:03:23Z</time>
   </trkpt>
   <trkpt lat="69.6026060" lon="19.1407510">
    <ele>1178.8</ele>
    <time>2026-06-03T19:03:24Z</time>
   </trkpt>
   <trkpt lat="69.6026060" lon="19.1407510">
    <ele>1178.8</ele>
    <time>2026-06-03T19:03:25Z</time>
   </trkpt>
   <trkpt lat="69.6026220" lon="19.1407830">
    <ele>1179.8</ele>
    <time>2026-06-03T19:03:26Z</time>
   </trkpt>
   <trkpt lat="69.6026220" lon="19.1407830">
    <ele>1179.8</ele>
    <time>2026-06-03T19:03:27Z</time>
   </trkpt>
   <trkpt lat="69.6026220" lon="19.1407830">
    <ele>1179.8</ele>
    <time>2026-06-03T19:03:28Z</time>
   </trkpt>
   <trkpt lat="69.6026360" lon="19.1408190">
    <ele>1180.3</ele>
    <time>2026-06-03T19:03:29Z</time>
   </trkpt>
   <trkpt lat="69.6026360" lon="19.1408190">
    <ele>1180.3</ele>
    <time>2026-06-03T19:03:30Z</time>
   </trkpt>
   <trkpt lat="69.6026360" lon="19.1408190">
    <ele>1180.3</ele>
    <time>2026-06-03T19:03:31Z</time>
   </trkpt>
   <trkpt lat="69.6026360" lon="19.1408190">
    <ele>1180.3</ele>
    <time>2026-06-03T19:03:32Z</time>
   </trkpt>
   <trkpt lat="69.6026530" lon="19.1408600">
    <ele>1181.2</ele>
    <time>2026-06-03T19:03:33Z</time>
   </trkpt>
   <trkpt lat="69.6026530" lon="19.1408600">
    <ele>1181.2</ele>
    <time>2026-06-03T19:03:34Z</time>
   </trkpt>
   <trkpt lat="69.6026530" lon="19.1408600">
    <ele>1181.2</ele>
    <time>2026-06-03T19:03:35Z</time>
   </trkpt>
   <trkpt lat="69.6026530" lon="19.1408600">
    <ele>1181.2</ele>
    <time>2026-06-03T19:03:36Z</time>
   </trkpt>
   <trkpt lat="69.6026530" lon="19.1408600">
    <ele>1181.2</ele>
    <time>2026-06-03T19:03:37Z</time>
   </trkpt>
   <trkpt lat="69.6026530" lon="19.1408600">
    <ele>1181.2</ele>
    <time>2026-06-03T19:03:38Z</time>
   </trkpt>
   <trkpt lat="69.6026530" lon="19.1408600">
    <ele>1181.2</ele>
    <time>2026-06-03T19:03:39Z</time>
   </trkpt>
   <trkpt lat="69.6026530" lon="19.1408600">
    <ele>1181.2</ele>
    <time>2026-06-03T19:03:40Z</time>
   </trkpt>
   <trkpt lat="69.6026530" lon="19.1408600">
    <ele>1181.2</ele>
    <time>2026-06-03T19:03:41Z</time>
   </trkpt>
   <trkpt lat="69.6026530" lon="19.1408600">
    <ele>1181.2</ele>
    <time>2026-06-03T19:03:42Z</time>
   </trkpt>
   <trkpt lat="69.6026530" lon="19.1408600">
    <ele>1181.2</ele>
    <time>2026-06-03T19:03:43Z</time>
   </trkpt>
   <trkpt lat="69.6026530" lon="19.1408600">
    <ele>1181.2</ele>
    <time>2026-06-03T19:03:44Z</time>
   </trkpt>
   <trkpt lat="69.6026700" lon="19.1409020">
    <ele>1181.9</ele>
    <time>2026-06-03T19:03:45Z</time>
   </trkpt>
   <trkpt lat="69.6026700" lon="19.1409020">
    <ele>1181.9</ele>
    <time>2026-06-03T19:03:46Z</time>
   </trkpt>
   <trkpt lat="69.6026700" lon="19.1409020">
    <ele>1182.0</ele>
    <time>2026-06-03T19:03:47Z</time>
   </trkpt>
   <trkpt lat="69.6026700" lon="19.1409020">
    <ele>1182.0</ele>
    <time>2026-06-03T19:03:48Z</time>
   </trkpt>
   <trkpt lat="69.6026880" lon="19.1409380">
    <ele>1182.7</ele>
    <time>2026-06-03T19:03:49Z</time>
   </trkpt>
   <trkpt lat="69.6026880" lon="19.1409380">
    <ele>1182.7</ele>
    <time>2026-06-03T19:03:50Z</time>
   </trkpt>
   <trkpt lat="69.6026880" lon="19.1409380">
    <ele>1182.7</ele>
    <time>2026-06-03T19:03:51Z</time>
   </trkpt>
   <trkpt lat="69.6026880" lon="19.1409380">
    <ele>1182.7</ele>
    <time>2026-06-03T19:03:52Z</time>
   </trkpt>
   <trkpt lat="69.6027070" lon="19.1409760">
    <ele>1183.4</ele>
    <time>2026-06-03T19:03:53Z</time>
   </trkpt>
   <trkpt lat="69.6027070" lon="19.1409760">
    <ele>1183.4</ele>
    <time>2026-06-03T19:03:54Z</time>
   </trkpt>
   <trkpt lat="69.6027070" lon="19.1409760">
    <ele>1183.4</ele>
    <time>2026-06-03T19:03:55Z</time>
   </trkpt>
   <trkpt lat="69.6027070" lon="19.1409760">
    <ele>1183.4</ele>
    <time>2026-06-03T19:03:56Z</time>
   </trkpt>
   <trkpt lat="69.6027250" lon="19.1410080">
    <ele>1183.6</ele>
    <time>2026-06-03T19:03:57Z</time>
   </trkpt>
   <trkpt lat="69.6027250" lon="19.1410080">
    <ele>1183.6</ele>
    <time>2026-06-03T19:03:58Z</time>
   </trkpt>
   <trkpt lat="69.6027250" lon="19.1410080">
    <ele>1183.6</ele>
    <time>2026-06-03T19:03:59Z</time>
   </trkpt>
   <trkpt lat="69.6027250" lon="19.1410080">
    <ele>1183.6</ele>
    <time>2026-06-03T19:04:00Z</time>
   </trkpt>
   <trkpt lat="69.6027430" lon="19.1410460">
    <ele>1184.6</ele>
    <time>2026-06-03T19:04:01Z</time>
   </trkpt>
   <trkpt lat="69.6027430" lon="19.1410460">
    <ele>1184.6</ele>
    <time>2026-06-03T19:04:02Z</time>
   </trkpt>
   <trkpt lat="69.6027430" lon="19.1410460">
    <ele>1184.6</ele>
    <time>2026-06-03T19:04:03Z</time>
   </trkpt>
   <trkpt lat="69.6027430" lon="19.1410460">
    <ele>1184.6</ele>
    <time>2026-06-03T19:04:04Z</time>
   </trkpt>
   <trkpt lat="69.6027590" lon="19.1410830">
    <ele>1185.4</ele>
    <time>2026-06-03T19:04:05Z</time>
   </trkpt>
   <trkpt lat="69.6027590" lon="19.1410830">
    <ele>1185.4</ele>
    <time>2026-06-03T19:04:06Z</time>
   </trkpt>
   <trkpt lat="69.6027590" lon="19.1410830">
    <ele>1185.4</ele>
    <time>2026-06-03T19:04:07Z</time>
   </trkpt>
   <trkpt lat="69.6027590" lon="19.1410830">
    <ele>1185.4</ele>
    <time>2026-06-03T19:04:08Z</time>
   </trkpt>
   <trkpt lat="69.6027740" lon="19.1411200">
    <ele>1186.2</ele>
    <time>2026-06-03T19:04:09Z</time>
   </trkpt>
   <trkpt lat="69.6027740" lon="19.1411200">
    <ele>1186.2</ele>
    <time>2026-06-03T19:04:10Z</time>
   </trkpt>
   <trkpt lat="69.6027740" lon="19.1411200">
    <ele>1186.2</ele>
    <time>2026-06-03T19:04:11Z</time>
   </trkpt>
   <trkpt lat="69.6027740" lon="19.1411200">
    <ele>1186.2</ele>
    <time>2026-06-03T19:04:12Z</time>
   </trkpt>
   <trkpt lat="69.6027740" lon="19.1411200">
    <ele>1186.2</ele>
    <time>2026-06-03T19:04:13Z</time>
   </trkpt>
   <trkpt lat="69.6027900" lon="19.1411540">
    <ele>1187.0</ele>
    <time>2026-06-03T19:04:14Z</time>
   </trkpt>
   <trkpt lat="69.6027900" lon="19.1411540">
    <ele>1187.0</ele>
    <time>2026-06-03T19:04:15Z</time>
   </trkpt>
   <trkpt lat="69.6027900" lon="19.1411540">
    <ele>1187.0</ele>
    <time>2026-06-03T19:04:16Z</time>
   </trkpt>
   <trkpt lat="69.6027900" lon="19.1411540">
    <ele>1187.0</ele>
    <time>2026-06-03T19:04:17Z</time>
   </trkpt>
   <trkpt lat="69.6027900" lon="19.1411540">
    <ele>1187.0</ele>
    <time>2026-06-03T19:04:18Z</time>
   </trkpt>
   <trkpt lat="69.6027900" lon="19.1411540">
    <ele>1187.0</ele>
    <time>2026-06-03T19:04:19Z</time>
   </trkpt>
   <trkpt lat="69.6027900" lon="19.1411540">
    <ele>1187.0</ele>
    <time>2026-06-03T19:04:20Z</time>
   </trkpt>
   <trkpt lat="69.6027900" lon="19.1411540">
    <ele>1187.0</ele>
    <time>2026-06-03T19:04:21Z</time>
   </trkpt>
   <trkpt lat="69.6027900" lon="19.1411540">
    <ele>1187.0</ele>
    <time>2026-06-03T19:04:22Z</time>
   </trkpt>
   <trkpt lat="69.6027900" lon="19.1411540">
    <ele>1187.0</ele>
    <time>2026-06-03T19:04:23Z</time>
   </trkpt>
   <trkpt lat="69.6027900" lon="19.1411540">
    <ele>1187.0</ele>
    <time>2026-06-03T19:04:24Z</time>
   </trkpt>
   <trkpt lat="69.6028000" lon="19.1411970">
    <ele>1187.6</ele>
    <time>2026-06-03T19:04:25Z</time>
   </trkpt>
   <trkpt lat="69.6028000" lon="19.1411970">
    <ele>1187.6</ele>
    <time>2026-06-03T19:04:26Z</time>
   </trkpt>
   <trkpt lat="69.6028000" lon="19.1411970">
    <ele>1187.6</ele>
    <time>2026-06-03T19:04:27Z</time>
   </trkpt>
   <trkpt lat="69.6028000" lon="19.1411970">
    <ele>1187.6</ele>
    <time>2026-06-03T19:04:28Z</time>
   </trkpt>
   <trkpt lat="69.6028160" lon="19.1412340">
    <ele>1188.3</ele>
    <time>2026-06-03T19:04:29Z</time>
   </trkpt>
   <trkpt lat="69.6028160" lon="19.1412340">
    <ele>1188.3</ele>
    <time>2026-06-03T19:04:30Z</time>
   </trkpt>
   <trkpt lat="69.6028160" lon="19.1412340">
    <ele>1188.3</ele>
    <time>2026-06-03T19:04:31Z</time>
   </trkpt>
   <trkpt lat="69.6028160" lon="19.1412340">
    <ele>1188.3</ele>
    <time>2026-06-03T19:04:32Z</time>
   </trkpt>
   <trkpt lat="69.6028310" lon="19.1412700">
    <ele>1188.9</ele>
    <time>2026-06-03T19:04:33Z</time>
   </trkpt>
   <trkpt lat="69.6028310" lon="19.1412700">
    <ele>1188.9</ele>
    <time>2026-06-03T19:04:34Z</time>
   </trkpt>
   <trkpt lat="69.6028310" lon="19.1412700">
    <ele>1188.9</ele>
    <time>2026-06-03T19:04:35Z</time>
   </trkpt>
   <trkpt lat="69.6028310" lon="19.1412700">
    <ele>1188.9</ele>
    <time>2026-06-03T19:04:36Z</time>
   </trkpt>
   <trkpt lat="69.6028470" lon="19.1413080">
    <ele>1189.6</ele>
    <time>2026-06-03T19:04:37Z</time>
   </trkpt>
   <trkpt lat="69.6028470" lon="19.1413080">
    <ele>1189.6</ele>
    <time>2026-06-03T19:04:38Z</time>
   </trkpt>
   <trkpt lat="69.6028470" lon="19.1413080">
    <ele>1189.6</ele>
    <time>2026-06-03T19:04:39Z</time>
   </trkpt>
   <trkpt lat="69.6028470" lon="19.1413080">
    <ele>1189.6</ele>
    <time>2026-06-03T19:04:40Z</time>
   </trkpt>
   <trkpt lat="69.6028610" lon="19.1413490">
    <ele>1190.2</ele>
    <time>2026-06-03T19:04:41Z</time>
   </trkpt>
   <trkpt lat="69.6028610" lon="19.1413490">
    <ele>1190.2</ele>
    <time>2026-06-03T19:04:42Z</time>
   </trkpt>
   <trkpt lat="69.6028610" lon="19.1413490">
    <ele>1190.2</ele>
    <time>2026-06-03T19:04:43Z</time>
   </trkpt>
   <trkpt lat="69.6028610" lon="19.1413490">
    <ele>1190.2</ele>
    <time>2026-06-03T19:04:44Z</time>
   </trkpt>
   <trkpt lat="69.6028750" lon="19.1413840">
    <ele>1190.8</ele>
    <time>2026-06-03T19:04:45Z</time>
   </trkpt>
   <trkpt lat="69.6028750" lon="19.1413840">
    <ele>1190.8</ele>
    <time>2026-06-03T19:04:46Z</time>
   </trkpt>
   <trkpt lat="69.6028750" lon="19.1413840">
    <ele>1190.8</ele>
    <time>2026-06-03T19:04:47Z</time>
   </trkpt>
   <trkpt lat="69.6028750" lon="19.1413840">
    <ele>1190.8</ele>
    <time>2026-06-03T19:04:48Z</time>
   </trkpt>
   <trkpt lat="69.6028880" lon="19.1414220">
    <ele>1191.4</ele>
    <time>2026-06-03T19:04:49Z</time>
   </trkpt>
   <trkpt lat="69.6028880" lon="19.1414220">
    <ele>1191.4</ele>
    <time>2026-06-03T19:04:50Z</time>
   </trkpt>
   <trkpt lat="69.6028880" lon="19.1414220">
    <ele>1191.4</ele>
    <time>2026-06-03T19:04:51Z</time>
   </trkpt>
   <trkpt lat="69.6028880" lon="19.1414220">
    <ele>1191.4</ele>
    <time>2026-06-03T19:04:52Z</time>
   </trkpt>
   <trkpt lat="69.6028880" lon="19.1414220">
    <ele>1191.4</ele>
    <time>2026-06-03T19:04:53Z</time>
   </trkpt>
   <trkpt lat="69.6029060" lon="19.1414650">
    <ele>1192.2</ele>
    <time>2026-06-03T19:04:54Z</time>
   </trkpt>
   <trkpt lat="69.6029060" lon="19.1414650">
    <ele>1192.2</ele>
    <time>2026-06-03T19:04:55Z</time>
   </trkpt>
   <trkpt lat="69.6029060" lon="19.1414650">
    <ele>1192.2</ele>
    <time>2026-06-03T19:04:56Z</time>
   </trkpt>
   <trkpt lat="69.6029060" lon="19.1414650">
    <ele>1192.2</ele>
    <time>2026-06-03T19:04:57Z</time>
   </trkpt>
   <trkpt lat="69.6029060" lon="19.1414650">
    <ele>1192.2</ele>
    <time>2026-06-03T19:04:58Z</time>
   </trkpt>
   <trkpt lat="69.6029060" lon="19.1414650">
    <ele>1192.2</ele>
    <time>2026-06-03T19:04:59Z</time>
   </trkpt>
   <trkpt lat="69.6029060" lon="19.1414650">
    <ele>1192.2</ele>
    <time>2026-06-03T19:05:00Z</time>
   </trkpt>
   <trkpt lat="69.6029060" lon="19.1414650">
    <ele>1192.2</ele>
    <time>2026-06-03T19:05:01Z</time>
   </trkpt>
   <trkpt lat="69.6029060" lon="19.1414650">
    <ele>1192.2</ele>
    <time>2026-06-03T19:05:02Z</time>
   </trkpt>
   <trkpt lat="69.6029060" lon="19.1414650">
    <ele>1192.2</ele>
    <time>2026-06-03T19:05:03Z</time>
   </trkpt>
   <trkpt lat="69.6029060" lon="19.1414650">
    <ele>1192.2</ele>
    <time>2026-06-03T19:05:04Z</time>
   </trkpt>
   <trkpt lat="69.6029060" lon="19.1414650">
    <ele>1192.2</ele>
    <time>2026-06-03T19:05:05Z</time>
   </trkpt>
   <trkpt lat="69.6029060" lon="19.1414650">
    <ele>1192.2</ele>
    <time>2026-06-03T19:05:06Z</time>
   </trkpt>
   <trkpt lat="69.6029060" lon="19.1414650">
    <ele>1192.2</ele>
    <time>2026-06-03T19:05:07Z</time>
   </trkpt>
   <trkpt lat="69.6029060" lon="19.1414650">
    <ele>1192.2</ele>
    <time>2026-06-03T19:05:08Z</time>
   </trkpt>
   <trkpt lat="69.6029060" lon="19.1414650">
    <ele>1192.2</ele>
    <time>2026-06-03T19:05:09Z</time>
   </trkpt>
   <trkpt lat="69.6029190" lon="19.1415090">
    <ele>1192.8</ele>
    <time>2026-06-03T19:05:10Z</time>
   </trkpt>
   <trkpt lat="69.6029190" lon="19.1415090">
    <ele>1192.8</ele>
    <time>2026-06-03T19:05:11Z</time>
   </trkpt>
   <trkpt lat="69.6029190" lon="19.1415090">
    <ele>1192.8</ele>
    <time>2026-06-03T19:05:12Z</time>
   </trkpt>
   <trkpt lat="69.6029190" lon="19.1415090">
    <ele>1192.8</ele>
    <time>2026-06-03T19:05:13Z</time>
   </trkpt>
   <trkpt lat="69.6029350" lon="19.1415530">
    <ele>1193.5</ele>
    <time>2026-06-03T19:05:14Z</time>
   </trkpt>
   <trkpt lat="69.6029350" lon="19.1415530">
    <ele>1193.5</ele>
    <time>2026-06-03T19:05:15Z</time>
   </trkpt>
   <trkpt lat="69.6029350" lon="19.1415530">
    <ele>1193.5</ele>
    <time>2026-06-03T19:05:16Z</time>
   </trkpt>
   <trkpt lat="69.6029350" lon="19.1415530">
    <ele>1193.5</ele>
    <time>2026-06-03T19:05:17Z</time>
   </trkpt>
   <trkpt lat="69.6029480" lon="19.1415900">
    <ele>1194.1</ele>
    <time>2026-06-03T19:05:18Z</time>
   </trkpt>
   <trkpt lat="69.6029480" lon="19.1415900">
    <ele>1194.1</ele>
    <time>2026-06-03T19:05:19Z</time>
   </trkpt>
   <trkpt lat="69.6029480" lon="19.1415900">
    <ele>1194.1</ele>
    <time>2026-06-03T19:05:20Z</time>
   </trkpt>
   <trkpt lat="69.6029480" lon="19.1415900">
    <ele>1194.1</ele>
    <time>2026-06-03T19:05:21Z</time>
   </trkpt>
   <trkpt lat="69.6029640" lon="19.1416290">
    <ele>1194.8</ele>
    <time>2026-06-03T19:05:22Z</time>
   </trkpt>
   <trkpt lat="69.6029640" lon="19.1416290">
    <ele>1194.8</ele>
    <time>2026-06-03T19:05:23Z</time>
   </trkpt>
   <trkpt lat="69.6029640" lon="19.1416290">
    <ele>1194.8</ele>
    <time>2026-06-03T19:05:24Z</time>
   </trkpt>
   <trkpt lat="69.6029640" lon="19.1416290">
    <ele>1194.8</ele>
    <time>2026-06-03T19:05:25Z</time>
   </trkpt>
   <trkpt lat="69.6029790" lon="19.1416640">
    <ele>1195.4</ele>
    <time>2026-06-03T19:05:26Z</time>
   </trkpt>
   <trkpt lat="69.6029790" lon="19.1416640">
    <ele>1195.4</ele>
    <time>2026-06-03T19:05:27Z</time>
   </trkpt>
   <trkpt lat="69.6029790" lon="19.1416640">
    <ele>1195.4</ele>
    <time>2026-06-03T19:05:28Z</time>
   </trkpt>
   <trkpt lat="69.6029790" lon="19.1416640">
    <ele>1195.4</ele>
    <time>2026-06-03T19:05:29Z</time>
   </trkpt>
   <trkpt lat="69.6029930" lon="19.1417070">
    <ele>1196.0</ele>
    <time>2026-06-03T19:05:30Z</time>
   </trkpt>
   <trkpt lat="69.6029930" lon="19.1417070">
    <ele>1196.0</ele>
    <time>2026-06-03T19:05:31Z</time>
   </trkpt>
   <trkpt lat="69.6029930" lon="19.1417070">
    <ele>1196.0</ele>
    <time>2026-06-03T19:05:32Z</time>
   </trkpt>
   <trkpt lat="69.6029930" lon="19.1417070">
    <ele>1196.0</ele>
    <time>2026-06-03T19:05:33Z</time>
   </trkpt>
   <trkpt lat="69.6029930" lon="19.1417070">
    <ele>1196.0</ele>
    <time>2026-06-03T19:05:34Z</time>
   </trkpt>
   <trkpt lat="69.6029930" lon="19.1417070">
    <ele>1196.0</ele>
    <time>2026-06-03T19:05:35Z</time>
   </trkpt>
   <trkpt lat="69.6029930" lon="19.1417070">
    <ele>1196.0</ele>
    <time>2026-06-03T19:05:36Z</time>
   </trkpt>
   <trkpt lat="69.6029930" lon="19.1417070">
    <ele>1196.0</ele>
    <time>2026-06-03T19:05:37Z</time>
   </trkpt>
   <trkpt lat="69.6029930" lon="19.1417070">
    <ele>1196.0</ele>
    <time>2026-06-03T19:05:38Z</time>
   </trkpt>
   <trkpt lat="69.6029930" lon="19.1417070">
    <ele>1196.0</ele>
    <time>2026-06-03T19:05:39Z</time>
   </trkpt>
   <trkpt lat="69.6029930" lon="19.1417070">
    <ele>1196.0</ele>
    <time>2026-06-03T19:05:40Z</time>
   </trkpt>
   <trkpt lat="69.6029930" lon="19.1417070">
    <ele>1196.0</ele>
    <time>2026-06-03T19:05:41Z</time>
   </trkpt>
   <trkpt lat="69.6029930" lon="19.1417070">
    <ele>1196.0</ele>
    <time>2026-06-03T19:05:42Z</time>
   </trkpt>
   <trkpt lat="69.6029930" lon="19.1417070">
    <ele>1196.0</ele>
    <time>2026-06-03T19:05:43Z</time>
   </trkpt>
   <trkpt lat="69.6029930" lon="19.1417070">
    <ele>1196.0</ele>
    <time>2026-06-03T19:05:44Z</time>
   </trkpt>
   <trkpt lat="69.6029930" lon="19.1417070">
    <ele>1196.0</ele>
    <time>2026-06-03T19:05:45Z</time>
   </trkpt>
   <trkpt lat="69.6029930" lon="19.1417070">
    <ele>1196.0</ele>
    <time>2026-06-03T19:05:46Z</time>
   </trkpt>
   <trkpt lat="69.6029930" lon="19.1417070">
    <ele>1196.0</ele>
    <time>2026-06-03T19:05:47Z</time>
   </trkpt>
   <trkpt lat="69.6029930" lon="19.1417070">
    <ele>1196.0</ele>
    <time>2026-06-03T19:05:48Z</time>
   </trkpt>
   <trkpt lat="69.6029930" lon="19.1417070">
    <ele>1196.0</ele>
    <time>2026-06-03T19:05:49Z</time>
   </trkpt>
   <trkpt lat="69.6030090" lon="19.1417490">
    <ele>1196.6</ele>
    <time>2026-06-03T19:05:50Z</time>
   </trkpt>
   <trkpt lat="69.6030090" lon="19.1417490">
    <ele>1196.6</ele>
    <time>2026-06-03T19:05:51Z</time>
   </trkpt>
   <trkpt lat="69.6030090" lon="19.1417490">
    <ele>1196.6</ele>
    <time>2026-06-03T19:05:52Z</time>
   </trkpt>
   <trkpt lat="69.6030090" lon="19.1417490">
    <ele>1196.6</ele>
    <time>2026-06-03T19:05:53Z</time>
   </trkpt>
   <trkpt lat="69.6030200" lon="19.1417930">
    <ele>1197.1</ele>
    <time>2026-06-03T19:05:54Z</time>
   </trkpt>
   <trkpt lat="69.6030200" lon="19.1417930">
    <ele>1197.1</ele>
    <time>2026-06-03T19:05:55Z</time>
   </trkpt>
   <trkpt lat="69.6030200" lon="19.1417930">
    <ele>1197.1</ele>
    <time>2026-06-03T19:05:56Z</time>
   </trkpt>
   <trkpt lat="69.6030200" lon="19.1417930">
    <ele>1197.1</ele>
    <time>2026-06-03T19:05:57Z</time>
   </trkpt>
   <trkpt lat="69.6030360" lon="19.1418370">
    <ele>1197.8</ele>
    <time>2026-06-03T19:05:58Z</time>
   </trkpt>
   <trkpt lat="69.6030360" lon="19.1418370">
    <ele>1197.8</ele>
    <time>2026-06-03T19:05:59Z</time>
   </trkpt>
   <trkpt lat="69.6030360" lon="19.1418370">
    <ele>1197.8</ele>
    <time>2026-06-03T19:06:00Z</time>
   </trkpt>
   <trkpt lat="69.6030360" lon="19.1418370">
    <ele>1197.8</ele>
    <time>2026-06-03T19:06:01Z</time>
   </trkpt>
   <trkpt lat="69.6030490" lon="19.1418750">
    <ele>1198.2</ele>
    <time>2026-06-03T19:06:02Z</time>
   </trkpt>
   <trkpt lat="69.6030490" lon="19.1418750">
    <ele>1198.2</ele>
    <time>2026-06-03T19:06:03Z</time>
   </trkpt>
   <trkpt lat="69.6030490" lon="19.1418750">
    <ele>1198.2</ele>
    <time>2026-06-03T19:06:04Z</time>
   </trkpt>
   <trkpt lat="69.6030490" lon="19.1418750">
    <ele>1198.2</ele>
    <time>2026-06-03T19:06:05Z</time>
   </trkpt>
   <trkpt lat="69.6030600" lon="19.1419180">
    <ele>1198.7</ele>
    <time>2026-06-03T19:06:06Z</time>
   </trkpt>
   <trkpt lat="69.6030600" lon="19.1419180">
    <ele>1198.7</ele>
    <time>2026-06-03T19:06:07Z</time>
   </trkpt>
   <trkpt lat="69.6030600" lon="19.1419180">
    <ele>1198.7</ele>
    <time>2026-06-03T19:06:08Z</time>
   </trkpt>
   <trkpt lat="69.6030600" lon="19.1419180">
    <ele>1198.7</ele>
    <time>2026-06-03T19:06:09Z</time>
   </trkpt>
   <trkpt lat="69.6030600" lon="19.1419180">
    <ele>1198.7</ele>
    <time>2026-06-03T19:06:10Z</time>
   </trkpt>
   <trkpt lat="69.6030700" lon="19.1419640">
    <ele>1199.2</ele>
    <time>2026-06-03T19:06:11Z</time>
   </trkpt>
   <trkpt lat="69.6030700" lon="19.1419640">
    <ele>1199.2</ele>
    <time>2026-06-03T19:06:12Z</time>
   </trkpt>
   <trkpt lat="69.6030700" lon="19.1419640">
    <ele>1199.2</ele>
    <time>2026-06-03T19:06:13Z</time>
   </trkpt>
   <trkpt lat="69.6030700" lon="19.1419640">
    <ele>1199.2</ele>
    <time>2026-06-03T19:06:14Z</time>
   </trkpt>
   <trkpt lat="69.6030700" lon="19.1419640">
    <ele>1199.2</ele>
    <time>2026-06-03T19:06:15Z</time>
   </trkpt>
   <trkpt lat="69.6030700" lon="19.1419640">
    <ele>1199.2</ele>
    <time>2026-06-03T19:06:16Z</time>
   </trkpt>
   <trkpt lat="69.6030700" lon="19.1419640">
    <ele>1199.2</ele>
    <time>2026-06-03T19:06:17Z</time>
   </trkpt>
   <trkpt lat="69.6030840" lon="19.1420100">
    <ele>1199.8</ele>
    <time>2026-06-03T19:06:18Z</time>
   </trkpt>
   <trkpt lat="69.6030840" lon="19.1420100">
    <ele>1199.8</ele>
    <time>2026-06-03T19:06:19Z</time>
   </trkpt>
   <trkpt lat="69.6030840" lon="19.1420100">
    <ele>1199.8</ele>
    <time>2026-06-03T19:06:20Z</time>
   </trkpt>
   <trkpt lat="69.6030840" lon="19.1420100">
    <ele>1199.8</ele>
    <time>2026-06-03T19:06:21Z</time>
   </trkpt>
   <trkpt lat="69.6030840" lon="19.1420100">
    <ele>1199.8</ele>
    <time>2026-06-03T19:06:22Z</time>
   </trkpt>
   <trkpt lat="69.6031030" lon="19.1420390">
    <ele>1200.3</ele>
    <time>2026-06-03T19:06:23Z</time>
   </trkpt>
   <trkpt lat="69.6031030" lon="19.1420390">
    <ele>1200.3</ele>
    <time>2026-06-03T19:06:24Z</time>
   </trkpt>
   <trkpt lat="69.6031030" lon="19.1420390">
    <ele>1200.3</ele>
    <time>2026-06-03T19:06:25Z</time>
   </trkpt>
   <trkpt lat="69.6031030" lon="19.1420390">
    <ele>1200.3</ele>
    <time>2026-06-03T19:06:26Z</time>
   </trkpt>
   <trkpt lat="69.6031030" lon="19.1420390">
    <ele>1200.3</ele>
    <time>2026-06-03T19:06:27Z</time>
   </trkpt>
   <trkpt lat="69.6031030" lon="19.1420390">
    <ele>1200.3</ele>
    <time>2026-06-03T19:06:28Z</time>
   </trkpt>
   <trkpt lat="69.6031030" lon="19.1420390">
    <ele>1200.3</ele>
    <time>2026-06-03T19:06:29Z</time>
   </trkpt>
   <trkpt lat="69.6031030" lon="19.1420390">
    <ele>1200.3</ele>
    <time>2026-06-03T19:06:30Z</time>
   </trkpt>
   <trkpt lat="69.6031030" lon="19.1420390">
    <ele>1200.3</ele>
    <time>2026-06-03T19:06:31Z</time>
   </trkpt>
   <trkpt lat="69.6031030" lon="19.1420390">
    <ele>1200.3</ele>
    <time>2026-06-03T19:06:32Z</time>
   </trkpt>
   <trkpt lat="69.6031030" lon="19.1420390">
    <ele>1200.3</ele>
    <time>2026-06-03T19:06:33Z</time>
   </trkpt>
   <trkpt lat="69.6031030" lon="19.1420390">
    <ele>1200.3</ele>
    <time>2026-06-03T19:06:34Z</time>
   </trkpt>
   <trkpt lat="69.6031030" lon="19.1420390">
    <ele>1200.3</ele>
    <time>2026-06-03T19:06:35Z</time>
   </trkpt>
   <trkpt lat="69.6031030" lon="19.1420390">
    <ele>1200.3</ele>
    <time>2026-06-03T19:06:36Z</time>
   </trkpt>
   <trkpt lat="69.6031030" lon="19.1420390">
    <ele>1200.3</ele>
    <time>2026-06-03T19:06:37Z</time>
   </trkpt>
   <trkpt lat="69.6031200" lon="19.1420790">
    <ele>1200.9</ele>
    <time>2026-06-03T19:06:38Z</time>
   </trkpt>
   <trkpt lat="69.6031200" lon="19.1420790">
    <ele>1200.9</ele>
    <time>2026-06-03T19:06:39Z</time>
   </trkpt>
   <trkpt lat="69.6031200" lon="19.1420790">
    <ele>1200.9</ele>
    <time>2026-06-03T19:06:40Z</time>
   </trkpt>
   <trkpt lat="69.6031200" lon="19.1420790">
    <ele>1200.9</ele>
    <time>2026-06-03T19:06:41Z</time>
   </trkpt>
   <trkpt lat="69.6031420" lon="19.1421080">
    <ele>1201.4</ele>
    <time>2026-06-03T19:06:42Z</time>
   </trkpt>
   <trkpt lat="69.6031420" lon="19.1421080">
    <ele>1201.4</ele>
    <time>2026-06-03T19:06:43Z</time>
   </trkpt>
   <trkpt lat="69.6031420" lon="19.1421080">
    <ele>1201.4</ele>
    <time>2026-06-03T19:06:44Z</time>
   </trkpt>
   <trkpt lat="69.6031420" lon="19.1421080">
    <ele>1201.4</ele>
    <time>2026-06-03T19:06:45Z</time>
   </trkpt>
   <trkpt lat="69.6031420" lon="19.1421080">
    <ele>1201.4</ele>
    <time>2026-06-03T19:06:46Z</time>
   </trkpt>
   <trkpt lat="69.6031420" lon="19.1421080">
    <ele>1201.4</ele>
    <time>2026-06-03T19:06:47Z</time>
   </trkpt>
   <trkpt lat="69.6031600" lon="19.1421290">
    <ele>1201.9</ele>
    <time>2026-06-03T19:06:48Z</time>
   </trkpt>
   <trkpt lat="69.6031600" lon="19.1421290">
    <ele>1201.9</ele>
    <time>2026-06-03T19:06:49Z</time>
   </trkpt>
   <trkpt lat="69.6031600" lon="19.1421290">
    <ele>1201.9</ele>
    <time>2026-06-03T19:06:50Z</time>
   </trkpt>
   <trkpt lat="69.6031790" lon="19.1421580">
    <ele>1202.4</ele>
    <time>2026-06-03T19:06:51Z</time>
   </trkpt>
   <trkpt lat="69.6031790" lon="19.1421580">
    <ele>1202.4</ele>
    <time>2026-06-03T19:06:52Z</time>
   </trkpt>
   <trkpt lat="69.6031790" lon="19.1421580">
    <ele>1202.4</ele>
    <time>2026-06-03T19:06:53Z</time>
   </trkpt>
   <trkpt lat="69.6031990" lon="19.1421800">
    <ele>1203.0</ele>
    <time>2026-06-03T19:06:54Z</time>
   </trkpt>
   <trkpt lat="69.6031990" lon="19.1421800">
    <ele>1203.0</ele>
    <time>2026-06-03T19:06:55Z</time>
   </trkpt>
   <trkpt lat="69.6031990" lon="19.1421800">
    <ele>1203.0</ele>
    <time>2026-06-03T19:06:56Z</time>
   </trkpt>
   <trkpt lat="69.6032190" lon="19.1422140">
    <ele>1203.5</ele>
    <time>2026-06-03T19:06:57Z</time>
   </trkpt>
   <trkpt lat="69.6032190" lon="19.1422140">
    <ele>1203.5</ele>
    <time>2026-06-03T19:06:58Z</time>
   </trkpt>
   <trkpt lat="69.6032190" lon="19.1422140">
    <ele>1203.5</ele>
    <time>2026-06-03T19:06:59Z</time>
   </trkpt>
   <trkpt lat="69.6032360" lon="19.1422420">
    <ele>1203.9</ele>
    <time>2026-06-03T19:07:00Z</time>
   </trkpt>
   <trkpt lat="69.6032360" lon="19.1422420">
    <ele>1203.9</ele>
    <time>2026-06-03T19:07:01Z</time>
   </trkpt>
   <trkpt lat="69.6032360" lon="19.1422420">
    <ele>1203.9</ele>
    <time>2026-06-03T19:07:02Z</time>
   </trkpt>
   <trkpt lat="69.6032530" lon="19.1422630">
    <ele>1204.4</ele>
    <time>2026-06-03T19:07:03Z</time>
   </trkpt>
   <trkpt lat="69.6032530" lon="19.1422630">
    <ele>1204.4</ele>
    <time>2026-06-03T19:07:04Z</time>
   </trkpt>
   <trkpt lat="69.6032530" lon="19.1422630">
    <ele>1204.4</ele>
    <time>2026-06-03T19:07:05Z</time>
   </trkpt>
   <trkpt lat="69.6032530" lon="19.1422630">
    <ele>1204.4</ele>
    <time>2026-06-03T19:07:06Z</time>
   </trkpt>
   <trkpt lat="69.6032530" lon="19.1422630">
    <ele>1204.4</ele>
    <time>2026-06-03T19:07:07Z</time>
   </trkpt>
   <trkpt lat="69.6032750" lon="19.1422720">
    <ele>1204.9</ele>
    <time>2026-06-03T19:07:08Z</time>
   </trkpt>
   <trkpt lat="69.6032750" lon="19.1422720">
    <ele>1204.9</ele>
    <time>2026-06-03T19:07:09Z</time>
   </trkpt>
   <trkpt lat="69.6032750" lon="19.1422720">
    <ele>1204.9</ele>
    <time>2026-06-03T19:07:10Z</time>
   </trkpt>
   <trkpt lat="69.6032930" lon="19.1422900">
    <ele>1205.3</ele>
    <time>2026-06-03T19:07:11Z</time>
   </trkpt>
   <trkpt lat="69.6032930" lon="19.1422900">
    <ele>1205.3</ele>
    <time>2026-06-03T19:07:12Z</time>
   </trkpt>
   <trkpt lat="69.6032930" lon="19.1422900">
    <ele>1205.3</ele>
    <time>2026-06-03T19:07:13Z</time>
   </trkpt>
   <trkpt lat="69.6032930" lon="19.1422900">
    <ele>1205.3</ele>
    <time>2026-06-03T19:07:14Z</time>
   </trkpt>
   <trkpt lat="69.6032930" lon="19.1422900">
    <ele>1205.3</ele>
    <time>2026-06-03T19:07:15Z</time>
   </trkpt>
   <trkpt lat="69.6032930" lon="19.1422900">
    <ele>1205.3</ele>
    <time>2026-06-03T19:07:16Z</time>
   </trkpt>
   <trkpt lat="69.6032930" lon="19.1422900">
    <ele>1205.3</ele>
    <time>2026-06-03T19:07:17Z</time>
   </trkpt>
   <trkpt lat="69.6032930" lon="19.1422900">
    <ele>1205.3</ele>
    <time>2026-06-03T19:07:18Z</time>
   </trkpt>
   <trkpt lat="69.6032930" lon="19.1422900">
    <ele>1205.3</ele>
    <time>2026-06-03T19:07:19Z</time>
   </trkpt>
   <trkpt lat="69.6032930" lon="19.1422900">
    <ele>1205.3</ele>
    <time>2026-06-03T19:07:20Z</time>
   </trkpt>
   <trkpt lat="69.6032930" lon="19.1422900">
    <ele>1205.3</ele>
    <time>2026-06-03T19:07:21Z</time>
   </trkpt>
   <trkpt lat="69.6032930" lon="19.1422900">
    <ele>1205.3</ele>
    <time>2026-06-03T19:07:22Z</time>
   </trkpt>
   <trkpt lat="69.6032930" lon="19.1422900">
    <ele>1205.3</ele>
    <time>2026-06-03T19:07:23Z</time>
   </trkpt>
   <trkpt lat="69.6032930" lon="19.1422900">
    <ele>1205.3</ele>
    <time>2026-06-03T19:07:24Z</time>
   </trkpt>
   <trkpt lat="69.6032930" lon="19.1422900">
    <ele>1205.3</ele>
    <time>2026-06-03T19:07:25Z</time>
   </trkpt>
   <trkpt lat="69.6032930" lon="19.1422900">
    <ele>1205.3</ele>
    <time>2026-06-03T19:07:26Z</time>
   </trkpt>
   <trkpt lat="69.6032930" lon="19.1422900">
    <ele>1205.3</ele>
    <time>2026-06-03T19:07:27Z</time>
   </trkpt>
   <trkpt lat="69.6033110" lon="19.1423110">
    <ele>1205.7</ele>
    <time>2026-06-03T19:07:28Z</time>
   </trkpt>
   <trkpt lat="69.6033110" lon="19.1423110">
    <ele>1205.7</ele>
    <time>2026-06-03T19:07:29Z</time>
   </trkpt>
   <trkpt lat="69.6033290" lon="19.1423300">
    <ele>1206.1</ele>
    <time>2026-06-03T19:07:30Z</time>
   </trkpt>
   <trkpt lat="69.6033290" lon="19.1423300">
    <ele>1206.1</ele>
    <time>2026-06-03T19:07:31Z</time>
   </trkpt>
   <trkpt lat="69.6033290" lon="19.1423300">
    <ele>1206.1</ele>
    <time>2026-06-03T19:07:32Z</time>
   </trkpt>
   <trkpt lat="69.6033520" lon="19.1423600">
    <ele>1206.6</ele>
    <time>2026-06-03T19:07:33Z</time>
   </trkpt>
   <trkpt lat="69.6033520" lon="19.1423600">
    <ele>1206.6</ele>
    <time>2026-06-03T19:07:34Z</time>
   </trkpt>
   <trkpt lat="69.6033520" lon="19.1423600">
    <ele>1206.6</ele>
    <time>2026-06-03T19:07:35Z</time>
   </trkpt>
   <trkpt lat="69.6033750" lon="19.1423880">
    <ele>1207.2</ele>
    <time>2026-06-03T19:07:36Z</time>
   </trkpt>
   <trkpt lat="69.6033750" lon="19.1423880">
    <ele>1207.2</ele>
    <time>2026-06-03T19:07:37Z</time>
   </trkpt>
   <trkpt lat="69.6033750" lon="19.1423880">
    <ele>1207.2</ele>
    <time>2026-06-03T19:07:38Z</time>
   </trkpt>
   <trkpt lat="69.6034000" lon="19.1424090">
    <ele>1207.7</ele>
    <time>2026-06-03T19:07:39Z</time>
   </trkpt>
   <trkpt lat="69.6034000" lon="19.1424090">
    <ele>1207.7</ele>
    <time>2026-06-03T19:07:40Z</time>
   </trkpt>
   <trkpt lat="69.6034000" lon="19.1424090">
    <ele>1207.7</ele>
    <time>2026-06-03T19:07:41Z</time>
   </trkpt>
   <trkpt lat="69.6034230" lon="19.1424340">
    <ele>1208.1</ele>
    <time>2026-06-03T19:07:42Z</time>
   </trkpt>
   <trkpt lat="69.6034230" lon="19.1424340">
    <ele>1208.1</ele>
    <time>2026-06-03T19:07:43Z</time>
   </trkpt>
   <trkpt lat="69.6034230" lon="19.1424340">
    <ele>1208.1</ele>
    <time>2026-06-03T19:07:44Z</time>
   </trkpt>
   <trkpt lat="69.6034460" lon="19.1424490">
    <ele>1208.6</ele>
    <time>2026-06-03T19:07:45Z</time>
   </trkpt>
   <trkpt lat="69.6034460" lon="19.1424490">
    <ele>1208.6</ele>
    <time>2026-06-03T19:07:46Z</time>
   </trkpt>
   <trkpt lat="69.6034460" lon="19.1424490">
    <ele>1208.6</ele>
    <time>2026-06-03T19:07:47Z</time>
   </trkpt>
   <trkpt lat="69.6034680" lon="19.1424610">
    <ele>1209.0</ele>
    <time>2026-06-03T19:07:48Z</time>
   </trkpt>
   <trkpt lat="69.6034680" lon="19.1424610">
    <ele>1209.0</ele>
    <time>2026-06-03T19:07:49Z</time>
   </trkpt>
   <trkpt lat="69.6034680" lon="19.1424610">
    <ele>1209.0</ele>
    <time>2026-06-03T19:07:50Z</time>
   </trkpt>
   <trkpt lat="69.6034880" lon="19.1424840">
    <ele>1209.4</ele>
    <time>2026-06-03T19:07:51Z</time>
   </trkpt>
   <trkpt lat="69.6034880" lon="19.1424840">
    <ele>1209.4</ele>
    <time>2026-06-03T19:07:52Z</time>
   </trkpt>
   <trkpt lat="69.6034880" lon="19.1424840">
    <ele>1209.4</ele>
    <time>2026-06-03T19:07:53Z</time>
   </trkpt>
   <trkpt lat="69.6035080" lon="19.1425040">
    <ele>1209.7</ele>
    <time>2026-06-03T19:07:54Z</time>
   </trkpt>
   <trkpt lat="69.6035080" lon="19.1425040">
    <ele>1209.7</ele>
    <time>2026-06-03T19:07:55Z</time>
   </trkpt>
   <trkpt lat="69.6035080" lon="19.1425040">
    <ele>1209.7</ele>
    <time>2026-06-03T19:07:56Z</time>
   </trkpt>
   <trkpt lat="69.6035280" lon="19.1425290">
    <ele>1210.1</ele>
    <time>2026-06-03T19:07:57Z</time>
   </trkpt>
   <trkpt lat="69.6035280" lon="19.1425290">
    <ele>1210.1</ele>
    <time>2026-06-03T19:07:58Z</time>
   </trkpt>
   <trkpt lat="69.6035280" lon="19.1425290">
    <ele>1210.1</ele>
    <time>2026-06-03T19:07:59Z</time>
   </trkpt>
   <trkpt lat="69.6035500" lon="19.1425500">
    <ele>1210.5</ele>
    <time>2026-06-03T19:08:00Z</time>
   </trkpt>
   <trkpt lat="69.6035500" lon="19.1425500">
    <ele>1210.5</ele>
    <time>2026-06-03T19:08:01Z</time>
   </trkpt>
   <trkpt lat="69.6035500" lon="19.1425500">
    <ele>1210.5</ele>
    <time>2026-06-03T19:08:02Z</time>
   </trkpt>
   <trkpt lat="69.6035730" lon="19.1425690">
    <ele>1210.8</ele>
    <time>2026-06-03T19:08:03Z</time>
   </trkpt>
   <trkpt lat="69.6035730" lon="19.1425690">
    <ele>1210.8</ele>
    <time>2026-06-03T19:08:04Z</time>
   </trkpt>
   <trkpt lat="69.6035730" lon="19.1425690">
    <ele>1210.8</ele>
    <time>2026-06-03T19:08:05Z</time>
   </trkpt>
   <trkpt lat="69.6035920" lon="19.1425900">
    <ele>1211.1</ele>
    <time>2026-06-03T19:08:06Z</time>
   </trkpt>
   <trkpt lat="69.6035920" lon="19.1425900">
    <ele>1211.1</ele>
    <time>2026-06-03T19:08:07Z</time>
   </trkpt>
   <trkpt lat="69.6035920" lon="19.1425900">
    <ele>1211.1</ele>
    <time>2026-06-03T19:08:08Z</time>
   </trkpt>
   <trkpt lat="69.6036110" lon="19.1426110">
    <ele>1211.5</ele>
    <time>2026-06-03T19:08:09Z</time>
   </trkpt>
   <trkpt lat="69.6036110" lon="19.1426110">
    <ele>1211.5</ele>
    <time>2026-06-03T19:08:10Z</time>
   </trkpt>
   <trkpt lat="69.6036110" lon="19.1426110">
    <ele>1211.5</ele>
    <time>2026-06-03T19:08:11Z</time>
   </trkpt>
   <trkpt lat="69.6036300" lon="19.1426330">
    <ele>1211.8</ele>
    <time>2026-06-03T19:08:12Z</time>
   </trkpt>
   <trkpt lat="69.6036300" lon="19.1426330">
    <ele>1211.8</ele>
    <time>2026-06-03T19:08:13Z</time>
   </trkpt>
   <trkpt lat="69.6036300" lon="19.1426330">
    <ele>1211.8</ele>
    <time>2026-06-03T19:08:14Z</time>
   </trkpt>
   <trkpt lat="69.6036510" lon="19.1426580">
    <ele>1212.1</ele>
    <time>2026-06-03T19:08:15Z</time>
   </trkpt>
   <trkpt lat="69.6036510" lon="19.1426580">
    <ele>1212.1</ele>
    <time>2026-06-03T19:08:16Z</time>
   </trkpt>
   <trkpt lat="69.6036510" lon="19.1426580">
    <ele>1212.1</ele>
    <time>2026-06-03T19:08:17Z</time>
   </trkpt>
   <trkpt lat="69.6036720" lon="19.1426740">
    <ele>1212.4</ele>
    <time>2026-06-03T19:08:18Z</time>
   </trkpt>
   <trkpt lat="69.6036720" lon="19.1426740">
    <ele>1212.4</ele>
    <time>2026-06-03T19:08:19Z</time>
   </trkpt>
   <trkpt lat="69.6036720" lon="19.1426740">
    <ele>1212.4</ele>
    <time>2026-06-03T19:08:20Z</time>
   </trkpt>
   <trkpt lat="69.6036890" lon="19.1427010">
    <ele>1212.7</ele>
    <time>2026-06-03T19:08:21Z</time>
   </trkpt>
   <trkpt lat="69.6036890" lon="19.1427010">
    <ele>1212.7</ele>
    <time>2026-06-03T19:08:22Z</time>
   </trkpt>
   <trkpt lat="69.6036890" lon="19.1427010">
    <ele>1212.7</ele>
    <time>2026-06-03T19:08:23Z</time>
   </trkpt>
   <trkpt lat="69.6037070" lon="19.1427300">
    <ele>1212.9</ele>
    <time>2026-06-03T19:08:24Z</time>
   </trkpt>
   <trkpt lat="69.6037070" lon="19.1427300">
    <ele>1212.9</ele>
    <time>2026-06-03T19:08:25Z</time>
   </trkpt>
   <trkpt lat="69.6037070" lon="19.1427300">
    <ele>1212.9</ele>
    <time>2026-06-03T19:08:26Z</time>
   </trkpt>
   <trkpt lat="69.6037260" lon="19.1427570">
    <ele>1213.2</ele>
    <time>2026-06-03T19:08:27Z</time>
   </trkpt>
   <trkpt lat="69.6037260" lon="19.1427570">
    <ele>1213.2</ele>
    <time>2026-06-03T19:08:28Z</time>
   </trkpt>
   <trkpt lat="69.6037260" lon="19.1427570">
    <ele>1213.2</ele>
    <time>2026-06-03T19:08:29Z</time>
   </trkpt>
   <trkpt lat="69.6037450" lon="19.1427790">
    <ele>1213.5</ele>
    <time>2026-06-03T19:08:30Z</time>
   </trkpt>
   <trkpt lat="69.6037450" lon="19.1427790">
    <ele>1213.5</ele>
    <time>2026-06-03T19:08:31Z</time>
   </trkpt>
   <trkpt lat="69.6037450" lon="19.1427790">
    <ele>1213.5</ele>
    <time>2026-06-03T19:08:32Z</time>
   </trkpt>
   <trkpt lat="69.6037450" lon="19.1427790">
    <ele>1213.5</ele>
    <time>2026-06-03T19:08:33Z</time>
   </trkpt>
   <trkpt lat="69.6037450" lon="19.1427790">
    <ele>1213.5</ele>
    <time>2026-06-03T19:08:34Z</time>
   </trkpt>
   <trkpt lat="69.6037450" lon="19.1427790">
    <ele>1213.5</ele>
    <time>2026-06-03T19:08:35Z</time>
   </trkpt>
   <trkpt lat="69.6037450" lon="19.1427790">
    <ele>1213.5</ele>
    <time>2026-06-03T19:08:36Z</time>
   </trkpt>
   <trkpt lat="69.6037450" lon="19.1427790">
    <ele>1213.5</ele>
    <time>2026-06-03T19:08:37Z</time>
   </trkpt>
   <trkpt lat="69.6037600" lon="19.1428100">
    <ele>1213.7</ele>
    <time>2026-06-03T19:08:38Z</time>
   </trkpt>
   <trkpt lat="69.6037600" lon="19.1428100">
    <ele>1213.7</ele>
    <time>2026-06-03T19:08:39Z</time>
   </trkpt>
   <trkpt lat="69.6037600" lon="19.1428100">
    <ele>1213.7</ele>
    <time>2026-06-03T19:08:40Z</time>
   </trkpt>
   <trkpt lat="69.6037600" lon="19.1428100">
    <ele>1213.7</ele>
    <time>2026-06-03T19:08:41Z</time>
   </trkpt>
   <trkpt lat="69.6037600" lon="19.1428100">
    <ele>1213.7</ele>
    <time>2026-06-03T19:08:42Z</time>
   </trkpt>
   <trkpt lat="69.6037600" lon="19.1428100">
    <ele>1213.7</ele>
    <time>2026-06-03T19:08:43Z</time>
   </trkpt>
   <trkpt lat="69.6037600" lon="19.1428100">
    <ele>1213.7</ele>
    <time>2026-06-03T19:08:44Z</time>
   </trkpt>
   <trkpt lat="69.6037600" lon="19.1428100">
    <ele>1213.7</ele>
    <time>2026-06-03T19:08:45Z</time>
   </trkpt>
   <trkpt lat="69.6037600" lon="19.1428100">
    <ele>1213.7</ele>
    <time>2026-06-03T19:08:46Z</time>
   </trkpt>
   <trkpt lat="69.6037600" lon="19.1428100">
    <ele>1213.7</ele>
    <time>2026-06-03T19:08:47Z</time>
   </trkpt>
   <trkpt lat="69.6037600" lon="19.1428100">
    <ele>1213.7</ele>
    <time>2026-06-03T19:08:48Z</time>
   </trkpt>
   <trkpt lat="69.6037600" lon="19.1428100">
    <ele>1213.7</ele>
    <time>2026-06-03T19:08:49Z</time>
   </trkpt>
   <trkpt lat="69.6037600" lon="19.1428100">
    <ele>1213.7</ele>
    <time>2026-06-03T19:08:50Z</time>
   </trkpt>
   <trkpt lat="69.6037600" lon="19.1428100">
    <ele>1213.7</ele>
    <time>2026-06-03T19:08:51Z</time>
   </trkpt>
   <trkpt lat="69.6037600" lon="19.1428100">
    <ele>1213.7</ele>
    <time>2026-06-03T19:08:52Z</time>
   </trkpt>
   <trkpt lat="69.6037600" lon="19.1428100">
    <ele>1213.7</ele>
    <time>2026-06-03T19:08:53Z</time>
   </trkpt>
   <trkpt lat="69.6037600" lon="19.1428100">
    <ele>1213.7</ele>
    <time>2026-06-03T19:08:54Z</time>
   </trkpt>
   <trkpt lat="69.6037600" lon="19.1428100">
    <ele>1213.7</ele>
    <time>2026-06-03T19:08:55Z</time>
   </trkpt>
   <trkpt lat="69.6037600" lon="19.1428100">
    <ele>1213.7</ele>
    <time>2026-06-03T19:08:56Z</time>
   </trkpt>
   <trkpt lat="69.6037600" lon="19.1428100">
    <ele>1213.7</ele>
    <time>2026-06-03T19:08:57Z</time>
   </trkpt>
   <trkpt lat="69.6037600" lon="19.1428100">
    <ele>1213.7</ele>
    <time>2026-06-03T19:08:58Z</time>
   </trkpt>
   <trkpt lat="69.6037600" lon="19.1428100">
    <ele>1213.7</ele>
    <time>2026-06-03T19:08:59Z</time>
   </trkpt>
   <trkpt lat="69.6037600" lon="19.1428100">
    <ele>1213.7</ele>
    <time>2026-06-03T19:09:00Z</time>
   </trkpt>
   <trkpt lat="69.6037600" lon="19.1428100">
    <ele>1213.7</ele>
    <time>2026-06-03T19:09:01Z</time>
   </trkpt>
   <trkpt lat="69.6037600" lon="19.1428100">
    <ele>1213.7</ele>
    <time>2026-06-03T19:09:02Z</time>
   </trkpt>
   <trkpt lat="69.6037600" lon="19.1428100">
    <ele>1213.7</ele>
    <time>2026-06-03T19:09:03Z</time>
   </trkpt>
   <trkpt lat="69.6037600" lon="19.1428100">
    <ele>1213.7</ele>
    <time>2026-06-03T19:09:04Z</time>
   </trkpt>
   <trkpt lat="69.6037600" lon="19.1428100">
    <ele>1213.7</ele>
    <time>2026-06-03T19:09:05Z</time>
   </trkpt>
   <trkpt lat="69.6037600" lon="19.1428100">
    <ele>1213.7</ele>
    <time>2026-06-03T19:09:06Z</time>
   </trkpt>
   <trkpt lat="69.6037600" lon="19.1428100">
    <ele>1213.7</ele>
    <time>2026-06-03T19:09:07Z</time>
   </trkpt>
   <trkpt lat="69.6037600" lon="19.1428100">
    <ele>1213.7</ele>
    <time>2026-06-03T19:09:08Z</time>
   </trkpt>
   <trkpt lat="69.6037600" lon="19.1428100">
    <ele>1213.7</ele>
    <time>2026-06-03T19:09:09Z</time>
   </trkpt>
   <trkpt lat="69.6037600" lon="19.1428100">
    <ele>1213.7</ele>
    <time>2026-06-03T19:09:10Z</time>
   </trkpt>
   <trkpt lat="69.6037600" lon="19.1428100">
    <ele>1213.7</ele>
    <time>2026-06-03T19:09:11Z</time>
   </trkpt>
   <trkpt lat="69.6037600" lon="19.1428100">
    <ele>1213.7</ele>
    <time>2026-06-03T19:09:12Z</time>
   </trkpt>
   <trkpt lat="69.6037600" lon="19.1428100">
    <ele>1213.7</ele>
    <time>2026-06-03T19:09:13Z</time>
   </trkpt>
   <trkpt lat="69.6037600" lon="19.1428100">
    <ele>1213.7</ele>
    <time>2026-06-03T19:09:14Z</time>
   </trkpt>
   <trkpt lat="69.6037600" lon="19.1428100">
    <ele>1213.7</ele>
    <time>2026-06-03T19:09:15Z</time>
   </trkpt>
   <trkpt lat="69.6037600" lon="19.1428100">
    <ele>1213.7</ele>
    <time>2026-06-03T19:09:16Z</time>
   </trkpt>
   <trkpt lat="69.6037600" lon="19.1428100">
    <ele>1213.7</ele>
    <time>2026-06-03T19:09:17Z</time>
   </trkpt>
   <trkpt lat="69.6037600" lon="19.1428100">
    <ele>1213.7</ele>
    <time>2026-06-03T19:09:18Z</time>
   </trkpt>
   <trkpt lat="69.6037600" lon="19.1428100">
    <ele>1213.7</ele>
    <time>2026-06-03T19:09:19Z</time>
   </trkpt>
   <trkpt lat="69.6037600" lon="19.1428100">
    <ele>1213.7</ele>
    <time>2026-06-03T19:09:20Z</time>
   </trkpt>
   <trkpt lat="69.6037600" lon="19.1428100">
    <ele>1213.7</ele>
    <time>2026-06-03T19:09:21Z</time>
   </trkpt>
   <trkpt lat="69.6037600" lon="19.1428100">
    <ele>1213.7</ele>
    <time>2026-06-03T19:09:22Z</time>
   </trkpt>
   <trkpt lat="69.6037600" lon="19.1428100">
    <ele>1213.7</ele>
    <time>2026-06-03T19:09:23Z</time>
   </trkpt>
   <trkpt lat="69.6037600" lon="19.1428100">
    <ele>1213.7</ele>
    <time>2026-06-03T19:09:24Z</time>
   </trkpt>
   <trkpt lat="69.6037600" lon="19.1428100">
    <ele>1213.7</ele>
    <time>2026-06-03T19:09:25Z</time>
   </trkpt>
   <trkpt lat="69.6037810" lon="19.1428340">
    <ele>1213.9</ele>
    <time>2026-06-03T19:09:26Z</time>
   </trkpt>
   <trkpt lat="69.6037810" lon="19.1428340">
    <ele>1213.9</ele>
    <time>2026-06-03T19:09:27Z</time>
   </trkpt>
   <trkpt lat="69.6038010" lon="19.1428610">
    <ele>1214.2</ele>
    <time>2026-06-03T19:09:28Z</time>
   </trkpt>
   <trkpt lat="69.6038010" lon="19.1428610">
    <ele>1214.2</ele>
    <time>2026-06-03T19:09:29Z</time>
   </trkpt>
   <trkpt lat="69.6038200" lon="19.1428840">
    <ele>1214.4</ele>
    <time>2026-06-03T19:09:30Z</time>
   </trkpt>
   <trkpt lat="69.6038200" lon="19.1428840">
    <ele>1214.4</ele>
    <time>2026-06-03T19:09:31Z</time>
   </trkpt>
   <trkpt lat="69.6038390" lon="19.1429090">
    <ele>1214.7</ele>
    <time>2026-06-03T19:09:32Z</time>
   </trkpt>
   <trkpt lat="69.6038390" lon="19.1429090">
    <ele>1214.7</ele>
    <time>2026-06-03T19:09:33Z</time>
   </trkpt>
   <trkpt lat="69.6038590" lon="19.1429360">
    <ele>1214.9</ele>
    <time>2026-06-03T19:09:34Z</time>
   </trkpt>
   <trkpt lat="69.6038590" lon="19.1429360">
    <ele>1214.9</ele>
    <time>2026-06-03T19:09:35Z</time>
   </trkpt>
   <trkpt lat="69.6038780" lon="19.1429650">
    <ele>1215.2</ele>
    <time>2026-06-03T19:09:36Z</time>
   </trkpt>
   <trkpt lat="69.6038780" lon="19.1429650">
    <ele>1215.2</ele>
    <time>2026-06-03T19:09:37Z</time>
   </trkpt>
   <trkpt lat="69.6038950" lon="19.1429910">
    <ele>1215.4</ele>
    <time>2026-06-03T19:09:38Z</time>
   </trkpt>
   <trkpt lat="69.6038950" lon="19.1429910">
    <ele>1215.4</ele>
    <time>2026-06-03T19:09:39Z</time>
   </trkpt>
   <trkpt lat="69.6039140" lon="19.1430210">
    <ele>1215.6</ele>
    <time>2026-06-03T19:09:40Z</time>
   </trkpt>
   <trkpt lat="69.6039140" lon="19.1430210">
    <ele>1215.6</ele>
    <time>2026-06-03T19:09:41Z</time>
   </trkpt>
   <trkpt lat="69.6039330" lon="19.1430440">
    <ele>1215.9</ele>
    <time>2026-06-03T19:09:42Z</time>
   </trkpt>
   <trkpt lat="69.6039330" lon="19.1430440">
    <ele>1215.9</ele>
    <time>2026-06-03T19:09:43Z</time>
   </trkpt>
   <trkpt lat="69.6039540" lon="19.1430660">
    <ele>1216.1</ele>
    <time>2026-06-03T19:09:44Z</time>
   </trkpt>
   <trkpt lat="69.6039540" lon="19.1430660">
    <ele>1216.1</ele>
    <time>2026-06-03T19:09:45Z</time>
   </trkpt>
   <trkpt lat="69.6039740" lon="19.1430890">
    <ele>1216.3</ele>
    <time>2026-06-03T19:09:46Z</time>
   </trkpt>
   <trkpt lat="69.6039740" lon="19.1430890">
    <ele>1216.3</ele>
    <time>2026-06-03T19:09:47Z</time>
   </trkpt>
   <trkpt lat="69.6039920" lon="19.1431110">
    <ele>1216.6</ele>
    <time>2026-06-03T19:09:48Z</time>
   </trkpt>
   <trkpt lat="69.6039920" lon="19.1431110">
    <ele>1216.6</ele>
    <time>2026-06-03T19:09:49Z</time>
   </trkpt>
   <trkpt lat="69.6040120" lon="19.1431330">
    <ele>1216.8</ele>
    <time>2026-06-03T19:09:50Z</time>
   </trkpt>
   <trkpt lat="69.6040120" lon="19.1431330">
    <ele>1216.8</ele>
    <time>2026-06-03T19:09:51Z</time>
   </trkpt>
   <trkpt lat="69.6040310" lon="19.1431560">
    <ele>1217.0</ele>
    <time>2026-06-03T19:09:52Z</time>
   </trkpt>
   <trkpt lat="69.6040310" lon="19.1431560">
    <ele>1217.0</ele>
    <time>2026-06-03T19:09:53Z</time>
   </trkpt>
   <trkpt lat="69.6040490" lon="19.1431800">
    <ele>1217.2</ele>
    <time>2026-06-03T19:09:54Z</time>
   </trkpt>
   <trkpt lat="69.6040490" lon="19.1431800">
    <ele>1217.2</ele>
    <time>2026-06-03T19:09:55Z</time>
   </trkpt>
   <trkpt lat="69.6040670" lon="19.1431950">
    <ele>1217.4</ele>
    <time>2026-06-03T19:09:56Z</time>
   </trkpt>
   <trkpt lat="69.6040670" lon="19.1431950">
    <ele>1217.4</ele>
    <time>2026-06-03T19:09:57Z</time>
   </trkpt>
   <trkpt lat="69.6040870" lon="19.1432190">
    <ele>1217.6</ele>
    <time>2026-06-03T19:09:58Z</time>
   </trkpt>
   <trkpt lat="69.6040870" lon="19.1432190">
    <ele>1217.6</ele>
    <time>2026-06-03T19:09:59Z</time>
   </trkpt>
   <trkpt lat="69.6041040" lon="19.1432420">
    <ele>1217.8</ele>
    <time>2026-06-03T19:10:00Z</time>
   </trkpt>
   <trkpt lat="69.6041040" lon="19.1432420">
    <ele>1217.8</ele>
    <time>2026-06-03T19:10:01Z</time>
   </trkpt>
   <trkpt lat="69.6041220" lon="19.1432500">
    <ele>1218.0</ele>
    <time>2026-06-03T19:10:02Z</time>
   </trkpt>
   <trkpt lat="69.6041220" lon="19.1432500">
    <ele>1218.0</ele>
    <time>2026-06-03T19:10:03Z</time>
   </trkpt>
   <trkpt lat="69.6041430" lon="19.1432670">
    <ele>1218.2</ele>
    <time>2026-06-03T19:10:04Z</time>
   </trkpt>
   <trkpt lat="69.6041430" lon="19.1432670">
    <ele>1218.2</ele>
    <time>2026-06-03T19:10:05Z</time>
   </trkpt>
   <trkpt lat="69.6041430" lon="19.1432670">
    <ele>1218.2</ele>
    <time>2026-06-03T19:10:06Z</time>
   </trkpt>
   <trkpt lat="69.6041660" lon="19.1432840">
    <ele>1218.4</ele>
    <time>2026-06-03T19:10:07Z</time>
   </trkpt>
   <trkpt lat="69.6041660" lon="19.1432840">
    <ele>1218.4</ele>
    <time>2026-06-03T19:10:08Z</time>
   </trkpt>
   <trkpt lat="69.6041850" lon="19.1432990">
    <ele>1218.6</ele>
    <time>2026-06-03T19:10:09Z</time>
   </trkpt>
   <trkpt lat="69.6041850" lon="19.1432990">
    <ele>1218.6</ele>
    <time>2026-06-03T19:10:10Z</time>
   </trkpt>
   <trkpt lat="69.6042020" lon="19.1433130">
    <ele>1218.8</ele>
    <time>2026-06-03T19:10:11Z</time>
   </trkpt>
   <trkpt lat="69.6042020" lon="19.1433130">
    <ele>1218.8</ele>
    <time>2026-06-03T19:10:12Z</time>
   </trkpt>
   <trkpt lat="69.6042190" lon="19.1433300">
    <ele>1218.9</ele>
    <time>2026-06-03T19:10:13Z</time>
   </trkpt>
   <trkpt lat="69.6042190" lon="19.1433300">
    <ele>1218.9</ele>
    <time>2026-06-03T19:10:14Z</time>
   </trkpt>
   <trkpt lat="69.6042360" lon="19.1433490">
    <ele>1219.1</ele>
    <time>2026-06-03T19:10:15Z</time>
   </trkpt>
   <trkpt lat="69.6042360" lon="19.1433490">
    <ele>1219.1</ele>
    <time>2026-06-03T19:10:16Z</time>
   </trkpt>
   <trkpt lat="69.6042540" lon="19.1433670">
    <ele>1219.2</ele>
    <time>2026-06-03T19:10:17Z</time>
   </trkpt>
   <trkpt lat="69.6042540" lon="19.1433670">
    <ele>1219.2</ele>
    <time>2026-06-03T19:10:18Z</time>
   </trkpt>
   <trkpt lat="69.6042760" lon="19.1433950">
    <ele>1219.4</ele>
    <time>2026-06-03T19:10:19Z</time>
   </trkpt>
   <trkpt lat="69.6042760" lon="19.1433950">
    <ele>1219.4</ele>
    <time>2026-06-03T19:10:20Z</time>
   </trkpt>
   <trkpt lat="69.6042940" lon="19.1434170">
    <ele>1219.5</ele>
    <time>2026-06-03T19:10:21Z</time>
   </trkpt>
   <trkpt lat="69.6042940" lon="19.1434170">
    <ele>1219.5</ele>
    <time>2026-06-03T19:10:22Z</time>
   </trkpt>
   <trkpt lat="69.6042940" lon="19.1434170">
    <ele>1219.5</ele>
    <time>2026-06-03T19:10:23Z</time>
   </trkpt>
   <trkpt lat="69.6043180" lon="19.1434530">
    <ele>1219.6</ele>
    <time>2026-06-03T19:10:24Z</time>
   </trkpt>
   <trkpt lat="69.6043180" lon="19.1434530">
    <ele>1219.6</ele>
    <time>2026-06-03T19:10:25Z</time>
   </trkpt>
   <trkpt lat="69.6043180" lon="19.1434530">
    <ele>1219.6</ele>
    <time>2026-06-03T19:10:26Z</time>
   </trkpt>
   <trkpt lat="69.6043400" lon="19.1434830">
    <ele>1219.7</ele>
    <time>2026-06-03T19:10:27Z</time>
   </trkpt>
   <trkpt lat="69.6043400" lon="19.1434830">
    <ele>1219.7</ele>
    <time>2026-06-03T19:10:28Z</time>
   </trkpt>
   <trkpt lat="69.6043580" lon="19.1435030">
    <ele>1219.8</ele>
    <time>2026-06-03T19:10:29Z</time>
   </trkpt>
   <trkpt lat="69.6043580" lon="19.1435030">
    <ele>1219.8</ele>
    <time>2026-06-03T19:10:30Z</time>
   </trkpt>
   <trkpt lat="69.6043760" lon="19.1435210">
    <ele>1219.8</ele>
    <time>2026-06-03T19:10:31Z</time>
   </trkpt>
   <trkpt lat="69.6043760" lon="19.1435210">
    <ele>1219.8</ele>
    <time>2026-06-03T19:10:32Z</time>
   </trkpt>
   <trkpt lat="69.6043760" lon="19.1435210">
    <ele>1219.8</ele>
    <time>2026-06-03T19:10:33Z</time>
   </trkpt>
   <trkpt lat="69.6043960" lon="19.1435440">
    <ele>1219.8</ele>
    <time>2026-06-03T19:10:34Z</time>
   </trkpt>
   <trkpt lat="69.6043960" lon="19.1435440">
    <ele>1219.8</ele>
    <time>2026-06-03T19:10:35Z</time>
   </trkpt>
   <trkpt lat="69.6043960" lon="19.1435440">
    <ele>1219.8</ele>
    <time>2026-06-03T19:10:36Z</time>
   </trkpt>
   <trkpt lat="69.6043960" lon="19.1435440">
    <ele>1219.8</ele>
    <time>2026-06-03T19:10:37Z</time>
   </trkpt>
   <trkpt lat="69.6043960" lon="19.1435440">
    <ele>1219.8</ele>
    <time>2026-06-03T19:10:38Z</time>
   </trkpt>
   <trkpt lat="69.6043960" lon="19.1435440">
    <ele>1219.8</ele>
    <time>2026-06-03T19:10:39Z</time>
   </trkpt>
   <trkpt lat="69.6043960" lon="19.1435440">
    <ele>1219.8</ele>
    <time>2026-06-03T19:10:40Z</time>
   </trkpt>
   <trkpt lat="69.6043960" lon="19.1435440">
    <ele>1219.8</ele>
    <time>2026-06-03T19:10:41Z</time>
   </trkpt>
   <trkpt lat="69.6043960" lon="19.1435440">
    <ele>1219.8</ele>
    <time>2026-06-03T19:10:42Z</time>
   </trkpt>
   <trkpt lat="69.6043960" lon="19.1435440">
    <ele>1219.8</ele>
    <time>2026-06-03T19:10:43Z</time>
   </trkpt>
   <trkpt lat="69.6043960" lon="19.1435440">
    <ele>1219.8</ele>
    <time>2026-06-03T19:10:44Z</time>
   </trkpt>
   <trkpt lat="69.6043960" lon="19.1435440">
    <ele>1219.8</ele>
    <time>2026-06-03T19:10:45Z</time>
   </trkpt>
   <trkpt lat="69.6043960" lon="19.1435440">
    <ele>1219.8</ele>
    <time>2026-06-03T19:10:46Z</time>
   </trkpt>
   <trkpt lat="69.6043960" lon="19.1435440">
    <ele>1219.8</ele>
    <time>2026-06-03T19:10:47Z</time>
   </trkpt>
   <trkpt lat="69.6043960" lon="19.1435440">
    <ele>1219.8</ele>
    <time>2026-06-03T19:10:48Z</time>
   </trkpt>
   <trkpt lat="69.6043960" lon="19.1435440">
    <ele>1219.8</ele>
    <time>2026-06-03T19:10:49Z</time>
   </trkpt>
   <trkpt lat="69.6043960" lon="19.1435440">
    <ele>1219.8</ele>
    <time>2026-06-03T19:10:50Z</time>
   </trkpt>
   <trkpt lat="69.6043960" lon="19.1435440">
    <ele>1219.8</ele>
    <time>2026-06-03T19:10:51Z</time>
   </trkpt>
   <trkpt lat="69.6043960" lon="19.1435440">
    <ele>1219.8</ele>
    <time>2026-06-03T19:10:52Z</time>
   </trkpt>
   <trkpt lat="69.6043960" lon="19.1435440">
    <ele>1219.8</ele>
    <time>2026-06-03T19:10:53Z</time>
   </trkpt>
   <trkpt lat="69.6043960" lon="19.1435440">
    <ele>1219.8</ele>
    <time>2026-06-03T19:10:54Z</time>
   </trkpt>
   <trkpt lat="69.6043960" lon="19.1435440">
    <ele>1219.8</ele>
    <time>2026-06-03T19:10:55Z</time>
   </trkpt>
   <trkpt lat="69.6043960" lon="19.1435440">
    <ele>1219.8</ele>
    <time>2026-06-03T19:10:56Z</time>
   </trkpt>
   <trkpt lat="69.6043960" lon="19.1435440">
    <ele>1219.8</ele>
    <time>2026-06-03T19:10:57Z</time>
   </trkpt>
   <trkpt lat="69.6043960" lon="19.1435440">
    <ele>1219.8</ele>
    <time>2026-06-03T19:10:58Z</time>
   </trkpt>
   <trkpt lat="69.6043960" lon="19.1435440">
    <ele>1219.8</ele>
    <time>2026-06-03T19:10:59Z</time>
   </trkpt>
   <trkpt lat="69.6043960" lon="19.1435440">
    <ele>1219.8</ele>
    <time>2026-06-03T19:11:00Z</time>
   </trkpt>
   <trkpt lat="69.6043960" lon="19.1435440">
    <ele>1219.8</ele>
    <time>2026-06-03T19:11:01Z</time>
   </trkpt>
   <trkpt lat="69.6043960" lon="19.1435440">
    <ele>1219.8</ele>
    <time>2026-06-03T19:11:02Z</time>
   </trkpt>
   <trkpt lat="69.6043960" lon="19.1435440">
    <ele>1219.8</ele>
    <time>2026-06-03T19:11:03Z</time>
   </trkpt>
   <trkpt lat="69.6043960" lon="19.1435440">
    <ele>1219.8</ele>
    <time>2026-06-03T19:11:04Z</time>
   </trkpt>
   <trkpt lat="69.6043960" lon="19.1435440">
    <ele>1219.8</ele>
    <time>2026-06-03T19:11:05Z</time>
   </trkpt>
   <trkpt lat="69.6043960" lon="19.1435440">
    <ele>1219.8</ele>
    <time>2026-06-03T19:11:06Z</time>
   </trkpt>
   <trkpt lat="69.6043960" lon="19.1435440">
    <ele>1219.8</ele>
    <time>2026-06-03T19:11:07Z</time>
   </trkpt>
   <trkpt lat="69.6043960" lon="19.1435440">
    <ele>1219.8</ele>
    <time>2026-06-03T19:11:08Z</time>
   </trkpt>
   <trkpt lat="69.6043960" lon="19.1435440">
    <ele>1219.8</ele>
    <time>2026-06-03T19:11:09Z</time>
   </trkpt>
   <trkpt lat="69.6043960" lon="19.1435440">
    <ele>1219.8</ele>
    <time>2026-06-03T19:11:10Z</time>
   </trkpt>
   <trkpt lat="69.6043960" lon="19.1435440">
    <ele>1219.8</ele>
    <time>2026-06-03T19:11:11Z</time>
   </trkpt>
   <trkpt lat="69.6043960" lon="19.1435440">
    <ele>1219.8</ele>
    <time>2026-06-03T19:11:12Z</time>
   </trkpt>
   <trkpt lat="69.6043960" lon="19.1435440">
    <ele>1219.8</ele>
    <time>2026-06-03T19:11:13Z</time>
   </trkpt>
   <trkpt lat="69.6043960" lon="19.1435440">
    <ele>1219.8</ele>
    <time>2026-06-03T19:11:14Z</time>
   </trkpt>
   <trkpt lat="69.6043960" lon="19.1435440">
    <ele>1219.8</ele>
    <time>2026-06-03T19:11:15Z</time>
   </trkpt>
   <trkpt lat="69.6043960" lon="19.1435440">
    <ele>1219.8</ele>
    <time>2026-06-03T19:11:16Z</time>
   </trkpt>
   <trkpt lat="69.6043960" lon="19.1435440">
    <ele>1219.8</ele>
    <time>2026-06-03T19:11:17Z</time>
   </trkpt>
   <trkpt lat="69.6043960" lon="19.1435440">
    <ele>1219.8</ele>
    <time>2026-06-03T19:11:18Z</time>
   </trkpt>
   <trkpt lat="69.6043960" lon="19.1435440">
    <ele>1219.8</ele>
    <time>2026-06-03T19:11:19Z</time>
   </trkpt>
   <trkpt lat="69.6043960" lon="19.1435440">
    <ele>1219.8</ele>
    <time>2026-06-03T19:11:20Z</time>
   </trkpt>
   <trkpt lat="69.6043960" lon="19.1435440">
    <ele>1219.8</ele>
    <time>2026-06-03T19:11:21Z</time>
   </trkpt>
   <trkpt lat="69.6043960" lon="19.1435440">
    <ele>1219.8</ele>
    <time>2026-06-03T19:11:22Z</time>
   </trkpt>
   <trkpt lat="69.6043960" lon="19.1435440">
    <ele>1219.8</ele>
    <time>2026-06-03T19:11:23Z</time>
   </trkpt>
   <trkpt lat="69.6043960" lon="19.1435440">
    <ele>1219.8</ele>
    <time>2026-06-03T19:11:24Z</time>
   </trkpt>
   <trkpt lat="69.6043960" lon="19.1435440">
    <ele>1219.8</ele>
    <time>2026-06-03T19:11:25Z</time>
   </trkpt>
   <trkpt lat="69.6043960" lon="19.1435440">
    <ele>1219.8</ele>
    <time>2026-06-03T19:11:26Z</time>
   </trkpt>
   <trkpt lat="69.6043960" lon="19.1435440">
    <ele>1219.8</ele>
    <time>2026-06-03T19:11:27Z</time>
   </trkpt>
   <trkpt lat="69.6043960" lon="19.1435440">
    <ele>1219.8</ele>
    <time>2026-06-03T19:11:28Z</time>
   </trkpt>
   <trkpt lat="69.6044210" lon="19.1435730">
    <ele>1219.8</ele>
    <time>2026-06-03T19:11:29Z</time>
   </trkpt>
   <trkpt lat="69.6044210" lon="19.1435730">
    <ele>1219.8</ele>
    <time>2026-06-03T19:11:30Z</time>
   </trkpt>
   <trkpt lat="69.6044460" lon="19.1435990">
    <ele>1219.8</ele>
    <time>2026-06-03T19:11:31Z</time>
   </trkpt>
   <trkpt lat="69.6044460" lon="19.1435990">
    <ele>1219.8</ele>
    <time>2026-06-03T19:11:32Z</time>
   </trkpt>
   <trkpt lat="69.6044730" lon="19.1436260">
    <ele>1219.8</ele>
    <time>2026-06-03T19:11:33Z</time>
   </trkpt>
   <trkpt lat="69.6044730" lon="19.1436260">
    <ele>1219.8</ele>
    <time>2026-06-03T19:11:34Z</time>
   </trkpt>
   <trkpt lat="69.6044980" lon="19.1436540">
    <ele>1219.8</ele>
    <time>2026-06-03T19:11:35Z</time>
   </trkpt>
   <trkpt lat="69.6044980" lon="19.1436540">
    <ele>1219.8</ele>
    <time>2026-06-03T19:11:36Z</time>
   </trkpt>
   <trkpt lat="69.6045200" lon="19.1436770">
    <ele>1219.7</ele>
    <time>2026-06-03T19:11:37Z</time>
   </trkpt>
   <trkpt lat="69.6045200" lon="19.1436770">
    <ele>1219.7</ele>
    <time>2026-06-03T19:11:38Z</time>
   </trkpt>
   <trkpt lat="69.6045430" lon="19.1436980">
    <ele>1219.7</ele>
    <time>2026-06-03T19:11:39Z</time>
   </trkpt>
   <trkpt lat="69.6045430" lon="19.1436980">
    <ele>1219.7</ele>
    <time>2026-06-03T19:11:40Z</time>
   </trkpt>
   <trkpt lat="69.6045690" lon="19.1437290">
    <ele>1219.7</ele>
    <time>2026-06-03T19:11:41Z</time>
   </trkpt>
   <trkpt lat="69.6045690" lon="19.1437290">
    <ele>1219.7</ele>
    <time>2026-06-03T19:11:42Z</time>
   </trkpt>
   <trkpt lat="69.6045950" lon="19.1437540">
    <ele>1219.6</ele>
    <time>2026-06-03T19:11:43Z</time>
   </trkpt>
   <trkpt lat="69.6045950" lon="19.1437540">
    <ele>1219.6</ele>
    <time>2026-06-03T19:11:44Z</time>
   </trkpt>
   <trkpt lat="69.6046170" lon="19.1437780">
    <ele>1219.6</ele>
    <time>2026-06-03T19:11:45Z</time>
   </trkpt>
   <trkpt lat="69.6046170" lon="19.1437780">
    <ele>1219.6</ele>
    <time>2026-06-03T19:11:46Z</time>
   </trkpt>
   <trkpt lat="69.6046370" lon="19.1438010">
    <ele>1219.6</ele>
    <time>2026-06-03T19:11:47Z</time>
   </trkpt>
   <trkpt lat="69.6046370" lon="19.1438010">
    <ele>1219.6</ele>
    <time>2026-06-03T19:11:48Z</time>
   </trkpt>
   <trkpt lat="69.6046580" lon="19.1438200">
    <ele>1219.6</ele>
    <time>2026-06-03T19:11:49Z</time>
   </trkpt>
   <trkpt lat="69.6046580" lon="19.1438200">
    <ele>1219.6</ele>
    <time>2026-06-03T19:11:50Z</time>
   </trkpt>
   <trkpt lat="69.6046840" lon="19.1438470">
    <ele>1219.6</ele>
    <time>2026-06-03T19:11:51Z</time>
   </trkpt>
   <trkpt lat="69.6046840" lon="19.1438470">
    <ele>1219.6</ele>
    <time>2026-06-03T19:11:52Z</time>
   </trkpt>
   <trkpt lat="69.6047080" lon="19.1438690">
    <ele>1219.6</ele>
    <time>2026-06-03T19:11:53Z</time>
   </trkpt>
   <trkpt lat="69.6047080" lon="19.1438690">
    <ele>1219.6</ele>
    <time>2026-06-03T19:11:54Z</time>
   </trkpt>
   <trkpt lat="69.6047300" lon="19.1438890">
    <ele>1219.6</ele>
    <time>2026-06-03T19:11:55Z</time>
   </trkpt>
   <trkpt lat="69.6047300" lon="19.1438890">
    <ele>1219.6</ele>
    <time>2026-06-03T19:11:56Z</time>
   </trkpt>
   <trkpt lat="69.6047530" lon="19.1439110">
    <ele>1219.6</ele>
    <time>2026-06-03T19:11:57Z</time>
   </trkpt>
   <trkpt lat="69.6047530" lon="19.1439110">
    <ele>1219.6</ele>
    <time>2026-06-03T19:11:58Z</time>
   </trkpt>
   <trkpt lat="69.6047760" lon="19.1439360">
    <ele>1219.7</ele>
    <time>2026-06-03T19:11:59Z</time>
   </trkpt>
   <trkpt lat="69.6047760" lon="19.1439360">
    <ele>1219.7</ele>
    <time>2026-06-03T19:12:00Z</time>
   </trkpt>
   <trkpt lat="69.6047990" lon="19.1439570">
    <ele>1219.7</ele>
    <time>2026-06-03T19:12:01Z</time>
   </trkpt>
   <trkpt lat="69.6047990" lon="19.1439570">
    <ele>1219.7</ele>
    <time>2026-06-03T19:12:02Z</time>
   </trkpt>
   <trkpt lat="69.6048220" lon="19.1439760">
    <ele>1219.7</ele>
    <time>2026-06-03T19:12:03Z</time>
   </trkpt>
   <trkpt lat="69.6048220" lon="19.1439760">
    <ele>1219.7</ele>
    <time>2026-06-03T19:12:04Z</time>
   </trkpt>
   <trkpt lat="69.6048450" lon="19.1439970">
    <ele>1219.8</ele>
    <time>2026-06-03T19:12:05Z</time>
   </trkpt>
   <trkpt lat="69.6048450" lon="19.1439970">
    <ele>1219.8</ele>
    <time>2026-06-03T19:12:06Z</time>
   </trkpt>
   <trkpt lat="69.6048660" lon="19.1440180">
    <ele>1219.8</ele>
    <time>2026-06-03T19:12:07Z</time>
   </trkpt>
   <trkpt lat="69.6048660" lon="19.1440180">
    <ele>1219.8</ele>
    <time>2026-06-03T19:12:08Z</time>
   </trkpt>
   <trkpt lat="69.6048890" lon="19.1440370">
    <ele>1219.9</ele>
    <time>2026-06-03T19:12:09Z</time>
   </trkpt>
   <trkpt lat="69.6048890" lon="19.1440370">
    <ele>1219.9</ele>
    <time>2026-06-03T19:12:10Z</time>
   </trkpt>
   <trkpt lat="69.6049130" lon="19.1440570">
    <ele>1220.0</ele>
    <time>2026-06-03T19:12:11Z</time>
   </trkpt>
   <trkpt lat="69.6049130" lon="19.1440570">
    <ele>1220.0</ele>
    <time>2026-06-03T19:12:12Z</time>
   </trkpt>
   <trkpt lat="69.6049370" lon="19.1440830">
    <ele>1220.0</ele>
    <time>2026-06-03T19:12:13Z</time>
   </trkpt>
   <trkpt lat="69.6049370" lon="19.1440830">
    <ele>1220.0</ele>
    <time>2026-06-03T19:12:14Z</time>
   </trkpt>
   <trkpt lat="69.6049610" lon="19.1441040">
    <ele>1220.1</ele>
    <time>2026-06-03T19:12:15Z</time>
   </trkpt>
   <trkpt lat="69.6049610" lon="19.1441040">
    <ele>1220.1</ele>
    <time>2026-06-03T19:12:16Z</time>
   </trkpt>
   <trkpt lat="69.6049810" lon="19.1441260">
    <ele>1220.2</ele>
    <time>2026-06-03T19:12:17Z</time>
   </trkpt>
   <trkpt lat="69.6049810" lon="19.1441260">
    <ele>1220.2</ele>
    <time>2026-06-03T19:12:18Z</time>
   </trkpt>
   <trkpt lat="69.6050020" lon="19.1441440">
    <ele>1220.3</ele>
    <time>2026-06-03T19:12:19Z</time>
   </trkpt>
   <trkpt lat="69.6050020" lon="19.1441440">
    <ele>1220.3</ele>
    <time>2026-06-03T19:12:20Z</time>
   </trkpt>
   <trkpt lat="69.6050210" lon="19.1441600">
    <ele>1220.4</ele>
    <time>2026-06-03T19:12:21Z</time>
   </trkpt>
   <trkpt lat="69.6050210" lon="19.1441600">
    <ele>1220.4</ele>
    <time>2026-06-03T19:12:22Z</time>
   </trkpt>
   <trkpt lat="69.6050410" lon="19.1441790">
    <ele>1220.4</ele>
    <time>2026-06-03T19:12:23Z</time>
   </trkpt>
   <trkpt lat="69.6050410" lon="19.1441790">
    <ele>1220.4</ele>
    <time>2026-06-03T19:12:24Z</time>
   </trkpt>
   <trkpt lat="69.6050610" lon="19.1442020">
    <ele>1220.5</ele>
    <time>2026-06-03T19:12:25Z</time>
   </trkpt>
   <trkpt lat="69.6050610" lon="19.1442020">
    <ele>1220.5</ele>
    <time>2026-06-03T19:12:26Z</time>
   </trkpt>
   <trkpt lat="69.6050810" lon="19.1442330">
    <ele>1220.6</ele>
    <time>2026-06-03T19:12:27Z</time>
   </trkpt>
   <trkpt lat="69.6050810" lon="19.1442330">
    <ele>1220.6</ele>
    <time>2026-06-03T19:12:28Z</time>
   </trkpt>
   <trkpt lat="69.6051000" lon="19.1442550">
    <ele>1220.6</ele>
    <time>2026-06-03T19:12:29Z</time>
   </trkpt>
   <trkpt lat="69.6051000" lon="19.1442550">
    <ele>1220.6</ele>
    <time>2026-06-03T19:12:30Z</time>
   </trkpt>
   <trkpt lat="69.6051200" lon="19.1442770">
    <ele>1220.7</ele>
    <time>2026-06-03T19:12:31Z</time>
   </trkpt>
   <trkpt lat="69.6051200" lon="19.1442770">
    <ele>1220.7</ele>
    <time>2026-06-03T19:12:32Z</time>
   </trkpt>
   <trkpt lat="69.6051200" lon="19.1442770">
    <ele>1220.7</ele>
    <time>2026-06-03T19:12:33Z</time>
   </trkpt>
   <trkpt lat="69.6051470" lon="19.1443130">
    <ele>1220.8</ele>
    <time>2026-06-03T19:12:34Z</time>
   </trkpt>
   <trkpt lat="69.6051470" lon="19.1443130">
    <ele>1220.8</ele>
    <time>2026-06-03T19:12:35Z</time>
   </trkpt>
   <trkpt lat="69.6051650" lon="19.1443350">
    <ele>1220.9</ele>
    <time>2026-06-03T19:12:36Z</time>
   </trkpt>
   <trkpt lat="69.6051650" lon="19.1443350">
    <ele>1220.9</ele>
    <time>2026-06-03T19:12:37Z</time>
   </trkpt>
   <trkpt lat="69.6051830" lon="19.1443560">
    <ele>1221.0</ele>
    <time>2026-06-03T19:12:38Z</time>
   </trkpt>
   <trkpt lat="69.6051830" lon="19.1443560">
    <ele>1221.0</ele>
    <time>2026-06-03T19:12:39Z</time>
   </trkpt>
   <trkpt lat="69.6051830" lon="19.1443560">
    <ele>1221.0</ele>
    <time>2026-06-03T19:12:40Z</time>
   </trkpt>
   <trkpt lat="69.6052100" lon="19.1443860">
    <ele>1221.1</ele>
    <time>2026-06-03T19:12:41Z</time>
   </trkpt>
   <trkpt lat="69.6052100" lon="19.1443860">
    <ele>1221.1</ele>
    <time>2026-06-03T19:12:42Z</time>
   </trkpt>
   <trkpt lat="69.6052100" lon="19.1443860">
    <ele>1221.1</ele>
    <time>2026-06-03T19:12:43Z</time>
   </trkpt>
   <trkpt lat="69.6052340" lon="19.1444190">
    <ele>1221.2</ele>
    <time>2026-06-03T19:12:44Z</time>
   </trkpt>
   <trkpt lat="69.6052340" lon="19.1444190">
    <ele>1221.2</ele>
    <time>2026-06-03T19:12:45Z</time>
   </trkpt>
   <trkpt lat="69.6052530" lon="19.1444390">
    <ele>1221.2</ele>
    <time>2026-06-03T19:12:46Z</time>
   </trkpt>
   <trkpt lat="69.6052530" lon="19.1444390">
    <ele>1221.2</ele>
    <time>2026-06-03T19:12:47Z</time>
   </trkpt>
   <trkpt lat="69.6052710" lon="19.1444560">
    <ele>1221.3</ele>
    <time>2026-06-03T19:12:48Z</time>
   </trkpt>
   <trkpt lat="69.6052710" lon="19.1444560">
    <ele>1221.3</ele>
    <time>2026-06-03T19:12:49Z</time>
   </trkpt>
   <trkpt lat="69.6052710" lon="19.1444560">
    <ele>1221.3</ele>
    <time>2026-06-03T19:12:50Z</time>
   </trkpt>
   <trkpt lat="69.6052980" lon="19.1444850">
    <ele>1221.4</ele>
    <time>2026-06-03T19:12:51Z</time>
   </trkpt>
   <trkpt lat="69.6052980" lon="19.1444850">
    <ele>1221.4</ele>
    <time>2026-06-03T19:12:52Z</time>
   </trkpt>
   <trkpt lat="69.6053150" lon="19.1445040">
    <ele>1221.5</ele>
    <time>2026-06-03T19:12:53Z</time>
   </trkpt>
   <trkpt lat="69.6053150" lon="19.1445040">
    <ele>1221.5</ele>
    <time>2026-06-03T19:12:54Z</time>
   </trkpt>
   <trkpt lat="69.6053330" lon="19.1445230">
    <ele>1221.7</ele>
    <time>2026-06-03T19:12:55Z</time>
   </trkpt>
   <trkpt lat="69.6053330" lon="19.1445230">
    <ele>1221.7</ele>
    <time>2026-06-03T19:12:56Z</time>
   </trkpt>
   <trkpt lat="69.6053510" lon="19.1445460">
    <ele>1221.8</ele>
    <time>2026-06-03T19:12:57Z</time>
   </trkpt>
   <trkpt lat="69.6053510" lon="19.1445460">
    <ele>1221.8</ele>
    <time>2026-06-03T19:12:58Z</time>
   </trkpt>
   <trkpt lat="69.6053510" lon="19.1445460">
    <ele>1221.8</ele>
    <time>2026-06-03T19:12:59Z</time>
   </trkpt>
   <trkpt lat="69.6053760" lon="19.1445740">
    <ele>1221.9</ele>
    <time>2026-06-03T19:13:00Z</time>
   </trkpt>
   <trkpt lat="69.6053760" lon="19.1445740">
    <ele>1221.9</ele>
    <time>2026-06-03T19:13:01Z</time>
   </trkpt>
   <trkpt lat="69.6053760" lon="19.1445740">
    <ele>1221.9</ele>
    <time>2026-06-03T19:13:02Z</time>
   </trkpt>
   <trkpt lat="69.6054010" lon="19.1446040">
    <ele>1222.1</ele>
    <time>2026-06-03T19:13:03Z</time>
   </trkpt>
   <trkpt lat="69.6054010" lon="19.1446040">
    <ele>1222.1</ele>
    <time>2026-06-03T19:13:04Z</time>
   </trkpt>
   <trkpt lat="69.6054180" lon="19.1446260">
    <ele>1222.2</ele>
    <time>2026-06-03T19:13:05Z</time>
   </trkpt>
   <trkpt lat="69.6054180" lon="19.1446260">
    <ele>1222.2</ele>
    <time>2026-06-03T19:13:06Z</time>
   </trkpt>
   <trkpt lat="69.6054350" lon="19.1446450">
    <ele>1222.4</ele>
    <time>2026-06-03T19:13:07Z</time>
   </trkpt>
   <trkpt lat="69.6054350" lon="19.1446450">
    <ele>1222.4</ele>
    <time>2026-06-03T19:13:08Z</time>
   </trkpt>
   <trkpt lat="69.6054530" lon="19.1446670">
    <ele>1222.5</ele>
    <time>2026-06-03T19:13:09Z</time>
   </trkpt>
   <trkpt lat="69.6054530" lon="19.1446670">
    <ele>1222.5</ele>
    <time>2026-06-03T19:13:10Z</time>
   </trkpt>
   <trkpt lat="69.6054700" lon="19.1446900">
    <ele>1222.6</ele>
    <time>2026-06-03T19:13:11Z</time>
   </trkpt>
   <trkpt lat="69.6054700" lon="19.1446900">
    <ele>1222.6</ele>
    <time>2026-06-03T19:13:12Z</time>
   </trkpt>
   <trkpt lat="69.6054870" lon="19.1447100">
    <ele>1222.8</ele>
    <time>2026-06-03T19:13:13Z</time>
   </trkpt>
   <trkpt lat="69.6054870" lon="19.1447100">
    <ele>1222.8</ele>
    <time>2026-06-03T19:13:14Z</time>
   </trkpt>
   <trkpt lat="69.6054870" lon="19.1447100">
    <ele>1222.8</ele>
    <time>2026-06-03T19:13:15Z</time>
   </trkpt>
   <trkpt lat="69.6055100" lon="19.1447400">
    <ele>1222.9</ele>
    <time>2026-06-03T19:13:16Z</time>
   </trkpt>
   <trkpt lat="69.6055100" lon="19.1447400">
    <ele>1222.9</ele>
    <time>2026-06-03T19:13:17Z</time>
   </trkpt>
   <trkpt lat="69.6055100" lon="19.1447400">
    <ele>1222.9</ele>
    <time>2026-06-03T19:13:18Z</time>
   </trkpt>
   <trkpt lat="69.6055330" lon="19.1447740">
    <ele>1223.1</ele>
    <time>2026-06-03T19:13:19Z</time>
   </trkpt>
   <trkpt lat="69.6055330" lon="19.1447740">
    <ele>1223.1</ele>
    <time>2026-06-03T19:13:20Z</time>
   </trkpt>
   <trkpt lat="69.6055330" lon="19.1447740">
    <ele>1223.1</ele>
    <time>2026-06-03T19:13:21Z</time>
   </trkpt>
   <trkpt lat="69.6055560" lon="19.1447970">
    <ele>1223.3</ele>
    <time>2026-06-03T19:13:22Z</time>
   </trkpt>
   <trkpt lat="69.6055560" lon="19.1447970">
    <ele>1223.3</ele>
    <time>2026-06-03T19:13:23Z</time>
   </trkpt>
   <trkpt lat="69.6055730" lon="19.1448200">
    <ele>1223.4</ele>
    <time>2026-06-03T19:13:24Z</time>
   </trkpt>
   <trkpt lat="69.6055730" lon="19.1448200">
    <ele>1223.4</ele>
    <time>2026-06-03T19:13:25Z</time>
   </trkpt>
   <trkpt lat="69.6055730" lon="19.1448200">
    <ele>1223.4</ele>
    <time>2026-06-03T19:13:26Z</time>
   </trkpt>
   <trkpt lat="69.6055980" lon="19.1448420">
    <ele>1223.5</ele>
    <time>2026-06-03T19:13:27Z</time>
   </trkpt>
   <trkpt lat="69.6055980" lon="19.1448420">
    <ele>1223.5</ele>
    <time>2026-06-03T19:13:28Z</time>
   </trkpt>
   <trkpt lat="69.6055980" lon="19.1448420">
    <ele>1223.5</ele>
    <time>2026-06-03T19:13:29Z</time>
   </trkpt>
   <trkpt lat="69.6056220" lon="19.1448670">
    <ele>1223.7</ele>
    <time>2026-06-03T19:13:30Z</time>
   </trkpt>
   <trkpt lat="69.6056220" lon="19.1448670">
    <ele>1223.7</ele>
    <time>2026-06-03T19:13:31Z</time>
   </trkpt>
   <trkpt lat="69.6056220" lon="19.1448670">
    <ele>1223.7</ele>
    <time>2026-06-03T19:13:32Z</time>
   </trkpt>
   <trkpt lat="69.6056460" lon="19.1448930">
    <ele>1223.8</ele>
    <time>2026-06-03T19:13:33Z</time>
   </trkpt>
   <trkpt lat="69.6056460" lon="19.1448930">
    <ele>1223.8</ele>
    <time>2026-06-03T19:13:34Z</time>
   </trkpt>
   <trkpt lat="69.6056630" lon="19.1449110">
    <ele>1223.9</ele>
    <time>2026-06-03T19:13:35Z</time>
   </trkpt>
   <trkpt lat="69.6056630" lon="19.1449110">
    <ele>1223.9</ele>
    <time>2026-06-03T19:13:36Z</time>
   </trkpt>
   <trkpt lat="69.6056810" lon="19.1449280">
    <ele>1224.0</ele>
    <time>2026-06-03T19:13:37Z</time>
   </trkpt>
   <trkpt lat="69.6056810" lon="19.1449280">
    <ele>1224.0</ele>
    <time>2026-06-03T19:13:38Z</time>
   </trkpt>
   <trkpt lat="69.6056810" lon="19.1449280">
    <ele>1224.0</ele>
    <time>2026-06-03T19:13:39Z</time>
   </trkpt>
   <trkpt lat="69.6057040" lon="19.1449580">
    <ele>1224.2</ele>
    <time>2026-06-03T19:13:40Z</time>
   </trkpt>
   <trkpt lat="69.6057040" lon="19.1449580">
    <ele>1224.2</ele>
    <time>2026-06-03T19:13:41Z</time>
   </trkpt>
   <trkpt lat="69.6057040" lon="19.1449580">
    <ele>1224.2</ele>
    <time>2026-06-03T19:13:42Z</time>
   </trkpt>
   <trkpt lat="69.6057270" lon="19.1449830">
    <ele>1224.3</ele>
    <time>2026-06-03T19:13:43Z</time>
   </trkpt>
   <trkpt lat="69.6057270" lon="19.1449830">
    <ele>1224.3</ele>
    <time>2026-06-03T19:13:44Z</time>
   </trkpt>
   <trkpt lat="69.6057270" lon="19.1449830">
    <ele>1224.3</ele>
    <time>2026-06-03T19:13:45Z</time>
   </trkpt>
   <trkpt lat="69.6057470" lon="19.1450060">
    <ele>1224.4</ele>
    <time>2026-06-03T19:13:46Z</time>
   </trkpt>
   <trkpt lat="69.6057470" lon="19.1450060">
    <ele>1224.4</ele>
    <time>2026-06-03T19:13:47Z</time>
   </trkpt>
   <trkpt lat="69.6057470" lon="19.1450060">
    <ele>1224.4</ele>
    <time>2026-06-03T19:13:48Z</time>
   </trkpt>
   <trkpt lat="69.6057680" lon="19.1450360">
    <ele>1224.5</ele>
    <time>2026-06-03T19:13:49Z</time>
   </trkpt>
   <trkpt lat="69.6057680" lon="19.1450360">
    <ele>1224.5</ele>
    <time>2026-06-03T19:13:50Z</time>
   </trkpt>
   <trkpt lat="69.6057680" lon="19.1450360">
    <ele>1224.5</ele>
    <time>2026-06-03T19:13:51Z</time>
   </trkpt>
   <trkpt lat="69.6057910" lon="19.1450650">
    <ele>1224.7</ele>
    <time>2026-06-03T19:13:52Z</time>
   </trkpt>
   <trkpt lat="69.6057910" lon="19.1450650">
    <ele>1224.7</ele>
    <time>2026-06-03T19:13:53Z</time>
   </trkpt>
   <trkpt lat="69.6057910" lon="19.1450650">
    <ele>1224.7</ele>
    <time>2026-06-03T19:13:54Z</time>
   </trkpt>
   <trkpt lat="69.6058140" lon="19.1450940">
    <ele>1224.8</ele>
    <time>2026-06-03T19:13:55Z</time>
   </trkpt>
   <trkpt lat="69.6058140" lon="19.1450940">
    <ele>1224.8</ele>
    <time>2026-06-03T19:13:56Z</time>
   </trkpt>
   <trkpt lat="69.6058140" lon="19.1450940">
    <ele>1224.8</ele>
    <time>2026-06-03T19:13:57Z</time>
   </trkpt>
   <trkpt lat="69.6058390" lon="19.1451190">
    <ele>1224.9</ele>
    <time>2026-06-03T19:13:58Z</time>
   </trkpt>
   <trkpt lat="69.6058390" lon="19.1451190">
    <ele>1224.9</ele>
    <time>2026-06-03T19:13:59Z</time>
   </trkpt>
   <trkpt lat="69.6058390" lon="19.1451190">
    <ele>1224.9</ele>
    <time>2026-06-03T19:14:00Z</time>
   </trkpt>
   <trkpt lat="69.6058620" lon="19.1451470">
    <ele>1225.1</ele>
    <time>2026-06-03T19:14:01Z</time>
   </trkpt>
   <trkpt lat="69.6058620" lon="19.1451470">
    <ele>1225.1</ele>
    <time>2026-06-03T19:14:02Z</time>
   </trkpt>
   <trkpt lat="69.6058620" lon="19.1451470">
    <ele>1225.1</ele>
    <time>2026-06-03T19:14:03Z</time>
   </trkpt>
   <trkpt lat="69.6058840" lon="19.1451720">
    <ele>1225.2</ele>
    <time>2026-06-03T19:14:04Z</time>
   </trkpt>
   <trkpt lat="69.6058840" lon="19.1451720">
    <ele>1225.2</ele>
    <time>2026-06-03T19:14:05Z</time>
   </trkpt>
   <trkpt lat="69.6059010" lon="19.1451880">
    <ele>1225.3</ele>
    <time>2026-06-03T19:14:06Z</time>
   </trkpt>
   <trkpt lat="69.6059010" lon="19.1451880">
    <ele>1225.3</ele>
    <time>2026-06-03T19:14:07Z</time>
   </trkpt>
   <trkpt lat="69.6059010" lon="19.1451880">
    <ele>1225.3</ele>
    <time>2026-06-03T19:14:08Z</time>
   </trkpt>
   <trkpt lat="69.6059260" lon="19.1452110">
    <ele>1225.4</ele>
    <time>2026-06-03T19:14:09Z</time>
   </trkpt>
   <trkpt lat="69.6059260" lon="19.1452110">
    <ele>1225.4</ele>
    <time>2026-06-03T19:14:10Z</time>
   </trkpt>
   <trkpt lat="69.6059260" lon="19.1452110">
    <ele>1225.4</ele>
    <time>2026-06-03T19:14:11Z</time>
   </trkpt>
   <trkpt lat="69.6059480" lon="19.1452350">
    <ele>1225.5</ele>
    <time>2026-06-03T19:14:12Z</time>
   </trkpt>
   <trkpt lat="69.6059480" lon="19.1452350">
    <ele>1225.5</ele>
    <time>2026-06-03T19:14:13Z</time>
   </trkpt>
   <trkpt lat="69.6059480" lon="19.1452350">
    <ele>1225.5</ele>
    <time>2026-06-03T19:14:14Z</time>
   </trkpt>
   <trkpt lat="69.6059720" lon="19.1452620">
    <ele>1225.7</ele>
    <time>2026-06-03T19:14:15Z</time>
   </trkpt>
   <trkpt lat="69.6059720" lon="19.1452620">
    <ele>1225.7</ele>
    <time>2026-06-03T19:14:16Z</time>
   </trkpt>
   <trkpt lat="69.6059720" lon="19.1452620">
    <ele>1225.7</ele>
    <time>2026-06-03T19:14:17Z</time>
   </trkpt>
   <trkpt lat="69.6059910" lon="19.1452870">
    <ele>1225.8</ele>
    <time>2026-06-03T19:14:18Z</time>
   </trkpt>
   <trkpt lat="69.6059910" lon="19.1452870">
    <ele>1225.8</ele>
    <time>2026-06-03T19:14:19Z</time>
   </trkpt>
   <trkpt lat="69.6059910" lon="19.1452870">
    <ele>1225.8</ele>
    <time>2026-06-03T19:14:20Z</time>
   </trkpt>
   <trkpt lat="69.6060150" lon="19.1453040">
    <ele>1225.9</ele>
    <time>2026-06-03T19:14:21Z</time>
   </trkpt>
   <trkpt lat="69.6060150" lon="19.1453040">
    <ele>1225.9</ele>
    <time>2026-06-03T19:14:22Z</time>
   </trkpt>
   <trkpt lat="69.6060150" lon="19.1453040">
    <ele>1225.9</ele>
    <time>2026-06-03T19:14:23Z</time>
   </trkpt>
   <trkpt lat="69.6060390" lon="19.1453350">
    <ele>1226.0</ele>
    <time>2026-06-03T19:14:24Z</time>
   </trkpt>
   <trkpt lat="69.6060390" lon="19.1453350">
    <ele>1226.0</ele>
    <time>2026-06-03T19:14:25Z</time>
   </trkpt>
   <trkpt lat="69.6060390" lon="19.1453350">
    <ele>1226.0</ele>
    <time>2026-06-03T19:14:26Z</time>
   </trkpt>
   <trkpt lat="69.6060600" lon="19.1453570">
    <ele>1226.2</ele>
    <time>2026-06-03T19:14:27Z</time>
   </trkpt>
   <trkpt lat="69.6060600" lon="19.1453570">
    <ele>1226.2</ele>
    <time>2026-06-03T19:14:28Z</time>
   </trkpt>
   <trkpt lat="69.6060600" lon="19.1453570">
    <ele>1226.2</ele>
    <time>2026-06-03T19:14:29Z</time>
   </trkpt>
   <trkpt lat="69.6060850" lon="19.1453720">
    <ele>1226.3</ele>
    <time>2026-06-03T19:14:30Z</time>
   </trkpt>
   <trkpt lat="69.6060850" lon="19.1453720">
    <ele>1226.3</ele>
    <time>2026-06-03T19:14:31Z</time>
   </trkpt>
   <trkpt lat="69.6060850" lon="19.1453720">
    <ele>1226.3</ele>
    <time>2026-06-03T19:14:32Z</time>
   </trkpt>
   <trkpt lat="69.6061100" lon="19.1453950">
    <ele>1226.5</ele>
    <time>2026-06-03T19:14:33Z</time>
   </trkpt>
   <trkpt lat="69.6061100" lon="19.1453950">
    <ele>1226.5</ele>
    <time>2026-06-03T19:14:34Z</time>
   </trkpt>
   <trkpt lat="69.6061100" lon="19.1453950">
    <ele>1226.5</ele>
    <time>2026-06-03T19:14:35Z</time>
   </trkpt>
   <trkpt lat="69.6061320" lon="19.1454160">
    <ele>1226.7</ele>
    <time>2026-06-03T19:14:36Z</time>
   </trkpt>
   <trkpt lat="69.6061320" lon="19.1454160">
    <ele>1226.7</ele>
    <time>2026-06-03T19:14:37Z</time>
   </trkpt>
   <trkpt lat="69.6061490" lon="19.1454310">
    <ele>1226.8</ele>
    <time>2026-06-03T19:14:38Z</time>
   </trkpt>
   <trkpt lat="69.6061490" lon="19.1454310">
    <ele>1226.8</ele>
    <time>2026-06-03T19:14:39Z</time>
   </trkpt>
   <trkpt lat="69.6061670" lon="19.1454450">
    <ele>1227.0</ele>
    <time>2026-06-03T19:14:40Z</time>
   </trkpt>
   <trkpt lat="69.6061670" lon="19.1454450">
    <ele>1227.0</ele>
    <time>2026-06-03T19:14:41Z</time>
   </trkpt>
   <trkpt lat="69.6061670" lon="19.1454450">
    <ele>1227.0</ele>
    <time>2026-06-03T19:14:42Z</time>
   </trkpt>
   <trkpt lat="69.6061940" lon="19.1454600">
    <ele>1227.2</ele>
    <time>2026-06-03T19:14:43Z</time>
   </trkpt>
   <trkpt lat="69.6061940" lon="19.1454600">
    <ele>1227.2</ele>
    <time>2026-06-03T19:14:44Z</time>
   </trkpt>
   <trkpt lat="69.6061940" lon="19.1454600">
    <ele>1227.2</ele>
    <time>2026-06-03T19:14:45Z</time>
   </trkpt>
   <trkpt lat="69.6062210" lon="19.1454650">
    <ele>1227.5</ele>
    <time>2026-06-03T19:14:46Z</time>
   </trkpt>
   <trkpt lat="69.6062210" lon="19.1454650">
    <ele>1227.5</ele>
    <time>2026-06-03T19:14:47Z</time>
   </trkpt>
   <trkpt lat="69.6062210" lon="19.1454650">
    <ele>1227.5</ele>
    <time>2026-06-03T19:14:48Z</time>
   </trkpt>
   <trkpt lat="69.6062490" lon="19.1454780">
    <ele>1227.8</ele>
    <time>2026-06-03T19:14:49Z</time>
   </trkpt>
   <trkpt lat="69.6062490" lon="19.1454780">
    <ele>1227.8</ele>
    <time>2026-06-03T19:14:50Z</time>
   </trkpt>
   <trkpt lat="69.6062680" lon="19.1454790">
    <ele>1228.0</ele>
    <time>2026-06-03T19:14:51Z</time>
   </trkpt>
   <trkpt lat="69.6062680" lon="19.1454790">
    <ele>1228.0</ele>
    <time>2026-06-03T19:14:52Z</time>
   </trkpt>
   <trkpt lat="69.6062870" lon="19.1454760">
    <ele>1228.2</ele>
    <time>2026-06-03T19:14:53Z</time>
   </trkpt>
   <trkpt lat="69.6062870" lon="19.1454760">
    <ele>1228.2</ele>
    <time>2026-06-03T19:14:54Z</time>
   </trkpt>
   <trkpt lat="69.6063060" lon="19.1454830">
    <ele>1228.4</ele>
    <time>2026-06-03T19:14:55Z</time>
   </trkpt>
   <trkpt lat="69.6063060" lon="19.1454830">
    <ele>1228.4</ele>
    <time>2026-06-03T19:14:56Z</time>
   </trkpt>
   <trkpt lat="69.6063060" lon="19.1454830">
    <ele>1228.4</ele>
    <time>2026-06-03T19:14:57Z</time>
   </trkpt>
   <trkpt lat="69.6063350" lon="19.1454930">
    <ele>1228.7</ele>
    <time>2026-06-03T19:14:58Z</time>
   </trkpt>
   <trkpt lat="69.6063350" lon="19.1454930">
    <ele>1228.7</ele>
    <time>2026-06-03T19:14:59Z</time>
   </trkpt>
   <trkpt lat="69.6063540" lon="19.1455030">
    <ele>1228.8</ele>
    <time>2026-06-03T19:15:00Z</time>
   </trkpt>
   <trkpt lat="69.6063540" lon="19.1455030">
    <ele>1228.8</ele>
    <time>2026-06-03T19:15:01Z</time>
   </trkpt>
   <trkpt lat="69.6063730" lon="19.1455090">
    <ele>1229.0</ele>
    <time>2026-06-03T19:15:02Z</time>
   </trkpt>
   <trkpt lat="69.6063730" lon="19.1455090">
    <ele>1229.0</ele>
    <time>2026-06-03T19:15:03Z</time>
   </trkpt>
   <trkpt lat="69.6063730" lon="19.1455090">
    <ele>1229.0</ele>
    <time>2026-06-03T19:15:04Z</time>
   </trkpt>
   <trkpt lat="69.6063990" lon="19.1455180">
    <ele>1229.2</ele>
    <time>2026-06-03T19:15:05Z</time>
   </trkpt>
   <trkpt lat="69.6063990" lon="19.1455180">
    <ele>1229.2</ele>
    <time>2026-06-03T19:15:06Z</time>
   </trkpt>
   <trkpt lat="69.6064180" lon="19.1455300">
    <ele>1229.3</ele>
    <time>2026-06-03T19:15:07Z</time>
   </trkpt>
   <trkpt lat="69.6064180" lon="19.1455300">
    <ele>1229.3</ele>
    <time>2026-06-03T19:15:08Z</time>
   </trkpt>
   <trkpt lat="69.6064180" lon="19.1455300">
    <ele>1229.3</ele>
    <time>2026-06-03T19:15:09Z</time>
   </trkpt>
   <trkpt lat="69.6064420" lon="19.1455320">
    <ele>1229.5</ele>
    <time>2026-06-03T19:15:10Z</time>
   </trkpt>
   <trkpt lat="69.6064420" lon="19.1455320">
    <ele>1229.5</ele>
    <time>2026-06-03T19:15:11Z</time>
   </trkpt>
   <trkpt lat="69.6064610" lon="19.1455370">
    <ele>1229.6</ele>
    <time>2026-06-03T19:15:12Z</time>
   </trkpt>
   <trkpt lat="69.6064610" lon="19.1455370">
    <ele>1229.6</ele>
    <time>2026-06-03T19:15:13Z</time>
   </trkpt>
   <trkpt lat="69.6064790" lon="19.1455430">
    <ele>1229.7</ele>
    <time>2026-06-03T19:15:14Z</time>
   </trkpt>
   <trkpt lat="69.6064790" lon="19.1455430">
    <ele>1229.7</ele>
    <time>2026-06-03T19:15:15Z</time>
   </trkpt>
   <trkpt lat="69.6064790" lon="19.1455430">
    <ele>1229.7</ele>
    <time>2026-06-03T19:15:16Z</time>
   </trkpt>
   <trkpt lat="69.6065070" lon="19.1455490">
    <ele>1229.8</ele>
    <time>2026-06-03T19:15:17Z</time>
   </trkpt>
   <trkpt lat="69.6065070" lon="19.1455490">
    <ele>1229.8</ele>
    <time>2026-06-03T19:15:18Z</time>
   </trkpt>
   <trkpt lat="69.6065250" lon="19.1455550">
    <ele>1229.9</ele>
    <time>2026-06-03T19:15:19Z</time>
   </trkpt>
   <trkpt lat="69.6065250" lon="19.1455550">
    <ele>1229.9</ele>
    <time>2026-06-03T19:15:20Z</time>
   </trkpt>
   <trkpt lat="69.6065450" lon="19.1455580">
    <ele>1230.1</ele>
    <time>2026-06-03T19:15:21Z</time>
   </trkpt>
   <trkpt lat="69.6065450" lon="19.1455580">
    <ele>1230.1</ele>
    <time>2026-06-03T19:15:22Z</time>
   </trkpt>
   <trkpt lat="69.6065640" lon="19.1455650">
    <ele>1230.2</ele>
    <time>2026-06-03T19:15:23Z</time>
   </trkpt>
   <trkpt lat="69.6065640" lon="19.1455650">
    <ele>1230.2</ele>
    <time>2026-06-03T19:15:24Z</time>
   </trkpt>
   <trkpt lat="69.6065830" lon="19.1455690">
    <ele>1230.3</ele>
    <time>2026-06-03T19:15:25Z</time>
   </trkpt>
   <trkpt lat="69.6065830" lon="19.1455690">
    <ele>1230.3</ele>
    <time>2026-06-03T19:15:26Z</time>
   </trkpt>
   <trkpt lat="69.6066020" lon="19.1455740">
    <ele>1230.4</ele>
    <time>2026-06-03T19:15:27Z</time>
   </trkpt>
   <trkpt lat="69.6066020" lon="19.1455740">
    <ele>1230.4</ele>
    <time>2026-06-03T19:15:28Z</time>
   </trkpt>
   <trkpt lat="69.6066210" lon="19.1455800">
    <ele>1230.5</ele>
    <time>2026-06-03T19:15:29Z</time>
   </trkpt>
   <trkpt lat="69.6066210" lon="19.1455800">
    <ele>1230.5</ele>
    <time>2026-06-03T19:15:30Z</time>
   </trkpt>
   <trkpt lat="69.6066420" lon="19.1455860">
    <ele>1230.6</ele>
    <time>2026-06-03T19:15:31Z</time>
   </trkpt>
   <trkpt lat="69.6066420" lon="19.1455860">
    <ele>1230.6</ele>
    <time>2026-06-03T19:15:32Z</time>
   </trkpt>
   <trkpt lat="69.6066620" lon="19.1455880">
    <ele>1230.8</ele>
    <time>2026-06-03T19:15:33Z</time>
   </trkpt>
   <trkpt lat="69.6066620" lon="19.1455880">
    <ele>1230.8</ele>
    <time>2026-06-03T19:15:34Z</time>
   </trkpt>
   <trkpt lat="69.6066820" lon="19.1455950">
    <ele>1230.9</ele>
    <time>2026-06-03T19:15:35Z</time>
   </trkpt>
   <trkpt lat="69.6066820" lon="19.1455950">
    <ele>1230.9</ele>
    <time>2026-06-03T19:15:36Z</time>
   </trkpt>
   <trkpt lat="69.6067000" lon="19.1456010">
    <ele>1231.1</ele>
    <time>2026-06-03T19:15:37Z</time>
   </trkpt>
   <trkpt lat="69.6067000" lon="19.1456010">
    <ele>1231.1</ele>
    <time>2026-06-03T19:15:38Z</time>
   </trkpt>
   <trkpt lat="69.6067190" lon="19.1456080">
    <ele>1231.2</ele>
    <time>2026-06-03T19:15:39Z</time>
   </trkpt>
   <trkpt lat="69.6067190" lon="19.1456080">
    <ele>1231.2</ele>
    <time>2026-06-03T19:15:40Z</time>
   </trkpt>
   <trkpt lat="69.6067370" lon="19.1456100">
    <ele>1231.3</ele>
    <time>2026-06-03T19:15:41Z</time>
   </trkpt>
   <trkpt lat="69.6067370" lon="19.1456100">
    <ele>1231.3</ele>
    <time>2026-06-03T19:15:42Z</time>
   </trkpt>
   <trkpt lat="69.6067570" lon="19.1456130">
    <ele>1231.4</ele>
    <time>2026-06-03T19:15:43Z</time>
   </trkpt>
   <trkpt lat="69.6067570" lon="19.1456130">
    <ele>1231.4</ele>
    <time>2026-06-03T19:15:44Z</time>
   </trkpt>
   <trkpt lat="69.6067770" lon="19.1456140">
    <ele>1231.6</ele>
    <time>2026-06-03T19:15:45Z</time>
   </trkpt>
   <trkpt lat="69.6067770" lon="19.1456140">
    <ele>1231.6</ele>
    <time>2026-06-03T19:15:46Z</time>
   </trkpt>
   <trkpt lat="69.6067770" lon="19.1456140">
    <ele>1231.6</ele>
    <time>2026-06-03T19:15:47Z</time>
   </trkpt>
   <trkpt lat="69.6067960" lon="19.1456140">
    <ele>1231.7</ele>
    <time>2026-06-03T19:15:48Z</time>
   </trkpt>
   <trkpt lat="69.6067960" lon="19.1456140">
    <ele>1231.7</ele>
    <time>2026-06-03T19:15:49Z</time>
   </trkpt>
   <trkpt lat="69.6067960" lon="19.1456140">
    <ele>1231.7</ele>
    <time>2026-06-03T19:15:50Z</time>
   </trkpt>
   <trkpt lat="69.6068190" lon="19.1456240">
    <ele>1231.9</ele>
    <time>2026-06-03T19:15:51Z</time>
   </trkpt>
   <trkpt lat="69.6068190" lon="19.1456240">
    <ele>1231.9</ele>
    <time>2026-06-03T19:15:52Z</time>
   </trkpt>
   <trkpt lat="69.6068190" lon="19.1456240">
    <ele>1231.9</ele>
    <time>2026-06-03T19:15:53Z</time>
   </trkpt>
   <trkpt lat="69.6068450" lon="19.1456320">
    <ele>1232.0</ele>
    <time>2026-06-03T19:15:54Z</time>
   </trkpt>
   <trkpt lat="69.6068450" lon="19.1456320">
    <ele>1232.0</ele>
    <time>2026-06-03T19:15:55Z</time>
   </trkpt>
   <trkpt lat="69.6068450" lon="19.1456320">
    <ele>1232.0</ele>
    <time>2026-06-03T19:15:56Z</time>
   </trkpt>
   <trkpt lat="69.6068720" lon="19.1456370">
    <ele>1232.2</ele>
    <time>2026-06-03T19:15:57Z</time>
   </trkpt>
   <trkpt lat="69.6068720" lon="19.1456370">
    <ele>1232.2</ele>
    <time>2026-06-03T19:15:58Z</time>
   </trkpt>
   <trkpt lat="69.6068900" lon="19.1456400">
    <ele>1232.3</ele>
    <time>2026-06-03T19:15:59Z</time>
   </trkpt>
   <trkpt lat="69.6068900" lon="19.1456400">
    <ele>1232.3</ele>
    <time>2026-06-03T19:16:00Z</time>
   </trkpt>
   <trkpt lat="69.6069090" lon="19.1456460">
    <ele>1232.4</ele>
    <time>2026-06-03T19:16:01Z</time>
   </trkpt>
   <trkpt lat="69.6069090" lon="19.1456460">
    <ele>1232.4</ele>
    <time>2026-06-03T19:16:02Z</time>
   </trkpt>
   <trkpt lat="69.6069310" lon="19.1456600">
    <ele>1232.6</ele>
    <time>2026-06-03T19:16:03Z</time>
   </trkpt>
   <trkpt lat="69.6069310" lon="19.1456600">
    <ele>1232.6</ele>
    <time>2026-06-03T19:16:04Z</time>
   </trkpt>
   <trkpt lat="69.6069510" lon="19.1456740">
    <ele>1232.7</ele>
    <time>2026-06-03T19:16:05Z</time>
   </trkpt>
   <trkpt lat="69.6069510" lon="19.1456740">
    <ele>1232.7</ele>
    <time>2026-06-03T19:16:06Z</time>
   </trkpt>
   <trkpt lat="69.6069690" lon="19.1456860">
    <ele>1232.8</ele>
    <time>2026-06-03T19:16:07Z</time>
   </trkpt>
   <trkpt lat="69.6069690" lon="19.1456860">
    <ele>1232.8</ele>
    <time>2026-06-03T19:16:08Z</time>
   </trkpt>
   <trkpt lat="69.6069870" lon="19.1457000">
    <ele>1232.9</ele>
    <time>2026-06-03T19:16:09Z</time>
   </trkpt>
   <trkpt lat="69.6069870" lon="19.1457000">
    <ele>1232.9</ele>
    <time>2026-06-03T19:16:10Z</time>
   </trkpt>
   <trkpt lat="69.6070050" lon="19.1457170">
    <ele>1232.9</ele>
    <time>2026-06-03T19:16:11Z</time>
   </trkpt>
   <trkpt lat="69.6070050" lon="19.1457170">
    <ele>1232.9</ele>
    <time>2026-06-03T19:16:12Z</time>
   </trkpt>
   <trkpt lat="69.6070240" lon="19.1457300">
    <ele>1233.0</ele>
    <time>2026-06-03T19:16:13Z</time>
   </trkpt>
   <trkpt lat="69.6070240" lon="19.1457300">
    <ele>1233.0</ele>
    <time>2026-06-03T19:16:14Z</time>
   </trkpt>
   <trkpt lat="69.6070240" lon="19.1457300">
    <ele>1233.0</ele>
    <time>2026-06-03T19:16:15Z</time>
   </trkpt>
   <trkpt lat="69.6070500" lon="19.1457410">
    <ele>1233.1</ele>
    <time>2026-06-03T19:16:16Z</time>
   </trkpt>
   <trkpt lat="69.6070500" lon="19.1457410">
    <ele>1233.1</ele>
    <time>2026-06-03T19:16:17Z</time>
   </trkpt>
   <trkpt lat="69.6070500" lon="19.1457410">
    <ele>1233.1</ele>
    <time>2026-06-03T19:16:18Z</time>
   </trkpt>
   <trkpt lat="69.6070760" lon="19.1457600">
    <ele>1233.2</ele>
    <time>2026-06-03T19:16:19Z</time>
   </trkpt>
   <trkpt lat="69.6070760" lon="19.1457600">
    <ele>1233.2</ele>
    <time>2026-06-03T19:16:20Z</time>
   </trkpt>
   <trkpt lat="69.6070760" lon="19.1457600">
    <ele>1233.2</ele>
    <time>2026-06-03T19:16:21Z</time>
   </trkpt>
   <trkpt lat="69.6070990" lon="19.1457850">
    <ele>1233.3</ele>
    <time>2026-06-03T19:16:22Z</time>
   </trkpt>
   <trkpt lat="69.6070990" lon="19.1457850">
    <ele>1233.3</ele>
    <time>2026-06-03T19:16:23Z</time>
   </trkpt>
   <trkpt lat="69.6070990" lon="19.1457850">
    <ele>1233.3</ele>
    <time>2026-06-03T19:16:24Z</time>
   </trkpt>
   <trkpt lat="69.6071200" lon="19.1458150">
    <ele>1233.3</ele>
    <time>2026-06-03T19:16:25Z</time>
   </trkpt>
   <trkpt lat="69.6071200" lon="19.1458150">
    <ele>1233.3</ele>
    <time>2026-06-03T19:16:26Z</time>
   </trkpt>
   <trkpt lat="69.6071200" lon="19.1458150">
    <ele>1233.3</ele>
    <time>2026-06-03T19:16:27Z</time>
   </trkpt>
   <trkpt lat="69.6071400" lon="19.1458470">
    <ele>1233.4</ele>
    <time>2026-06-03T19:16:28Z</time>
   </trkpt>
   <trkpt lat="69.6071400" lon="19.1458470">
    <ele>1233.4</ele>
    <time>2026-06-03T19:16:29Z</time>
   </trkpt>
   <trkpt lat="69.6071400" lon="19.1458470">
    <ele>1233.4</ele>
    <time>2026-06-03T19:16:30Z</time>
   </trkpt>
   <trkpt lat="69.6071570" lon="19.1458750">
    <ele>1233.4</ele>
    <time>2026-06-03T19:16:31Z</time>
   </trkpt>
   <trkpt lat="69.6071570" lon="19.1458750">
    <ele>1233.4</ele>
    <time>2026-06-03T19:16:32Z</time>
   </trkpt>
   <trkpt lat="69.6071570" lon="19.1458750">
    <ele>1233.4</ele>
    <time>2026-06-03T19:16:33Z</time>
   </trkpt>
   <trkpt lat="69.6071570" lon="19.1458750">
    <ele>1233.4</ele>
    <time>2026-06-03T19:16:34Z</time>
   </trkpt>
   <trkpt lat="69.6071570" lon="19.1458750">
    <ele>1233.4</ele>
    <time>2026-06-03T19:16:35Z</time>
   </trkpt>
   <trkpt lat="69.6071750" lon="19.1458870">
    <ele>1233.4</ele>
    <time>2026-06-03T19:16:36Z</time>
   </trkpt>
   <trkpt lat="69.6071750" lon="19.1458870">
    <ele>1233.4</ele>
    <time>2026-06-03T19:16:37Z</time>
   </trkpt>
   <trkpt lat="69.6071750" lon="19.1458870">
    <ele>1233.4</ele>
    <time>2026-06-03T19:16:38Z</time>
   </trkpt>
   <trkpt lat="69.6071750" lon="19.1458870">
    <ele>1233.4</ele>
    <time>2026-06-03T19:16:39Z</time>
   </trkpt>
   <trkpt lat="69.6071750" lon="19.1458870">
    <ele>1233.4</ele>
    <time>2026-06-03T19:16:40Z</time>
   </trkpt>
   <trkpt lat="69.6071750" lon="19.1458870">
    <ele>1233.4</ele>
    <time>2026-06-03T19:16:41Z</time>
   </trkpt>
   <trkpt lat="69.6071750" lon="19.1458870">
    <ele>1233.4</ele>
    <time>2026-06-03T19:16:42Z</time>
   </trkpt>
   <trkpt lat="69.6071750" lon="19.1458870">
    <ele>1233.4</ele>
    <time>2026-06-03T19:16:43Z</time>
   </trkpt>
   <trkpt lat="69.6071750" lon="19.1458870">
    <ele>1233.4</ele>
    <time>2026-06-03T19:16:44Z</time>
   </trkpt>
   <trkpt lat="69.6071750" lon="19.1458870">
    <ele>1233.4</ele>
    <time>2026-06-03T19:16:45Z</time>
   </trkpt>
   <trkpt lat="69.6071750" lon="19.1458870">
    <ele>1233.4</ele>
    <time>2026-06-03T19:16:46Z</time>
   </trkpt>
   <trkpt lat="69.6071750" lon="19.1458870">
    <ele>1233.4</ele>
    <time>2026-06-03T19:16:47Z</time>
   </trkpt>
   <trkpt lat="69.6071750" lon="19.1458870">
    <ele>1233.4</ele>
    <time>2026-06-03T19:16:48Z</time>
   </trkpt>
   <trkpt lat="69.6071750" lon="19.1458870">
    <ele>1233.4</ele>
    <time>2026-06-03T19:16:49Z</time>
   </trkpt>
   <trkpt lat="69.6071750" lon="19.1458870">
    <ele>1233.4</ele>
    <time>2026-06-03T19:16:50Z</time>
   </trkpt>
   <trkpt lat="69.6071750" lon="19.1458870">
    <ele>1233.4</ele>
    <time>2026-06-03T19:16:51Z</time>
   </trkpt>
   <trkpt lat="69.6071750" lon="19.1458870">
    <ele>1233.4</ele>
    <time>2026-06-03T19:16:52Z</time>
   </trkpt>
   <trkpt lat="69.6071750" lon="19.1458870">
    <ele>1233.4</ele>
    <time>2026-06-03T19:16:53Z</time>
   </trkpt>
   <trkpt lat="69.6071750" lon="19.1458870">
    <ele>1233.4</ele>
    <time>2026-06-03T19:16:54Z</time>
   </trkpt>
   <trkpt lat="69.6071750" lon="19.1458870">
    <ele>1233.4</ele>
    <time>2026-06-03T19:16:55Z</time>
   </trkpt>
   <trkpt lat="69.6071750" lon="19.1458870">
    <ele>1233.4</ele>
    <time>2026-06-03T19:16:56Z</time>
   </trkpt>
   <trkpt lat="69.6071750" lon="19.1458870">
    <ele>1233.4</ele>
    <time>2026-06-03T19:16:57Z</time>
   </trkpt>
   <trkpt lat="69.6071750" lon="19.1458870">
    <ele>1233.4</ele>
    <time>2026-06-03T19:16:58Z</time>
   </trkpt>
   <trkpt lat="69.6071750" lon="19.1458870">
    <ele>1233.4</ele>
    <time>2026-06-03T19:16:59Z</time>
   </trkpt>
   <trkpt lat="69.6071750" lon="19.1458870">
    <ele>1233.4</ele>
    <time>2026-06-03T19:17:00Z</time>
   </trkpt>
   <trkpt lat="69.6071750" lon="19.1458870">
    <ele>1233.4</ele>
    <time>2026-06-03T19:17:01Z</time>
   </trkpt>
   <trkpt lat="69.6071750" lon="19.1458870">
    <ele>1233.4</ele>
    <time>2026-06-03T19:17:02Z</time>
   </trkpt>
   <trkpt lat="69.6071750" lon="19.1458870">
    <ele>1233.4</ele>
    <time>2026-06-03T19:17:03Z</time>
   </trkpt>
   <trkpt lat="69.6071750" lon="19.1458870">
    <ele>1233.4</ele>
    <time>2026-06-03T19:17:04Z</time>
   </trkpt>
   <trkpt lat="69.6071750" lon="19.1458870">
    <ele>1233.4</ele>
    <time>2026-06-03T19:17:05Z</time>
   </trkpt>
   <trkpt lat="69.6071750" lon="19.1458870">
    <ele>1233.4</ele>
    <time>2026-06-03T19:17:06Z</time>
   </trkpt>
   <trkpt lat="69.6071750" lon="19.1458870">
    <ele>1233.4</ele>
    <time>2026-06-03T19:17:07Z</time>
   </trkpt>
   <trkpt lat="69.6071750" lon="19.1458870">
    <ele>1233.4</ele>
    <time>2026-06-03T19:17:08Z</time>
   </trkpt>
   <trkpt lat="69.6071750" lon="19.1458870">
    <ele>1233.4</ele>
    <time>2026-06-03T19:17:09Z</time>
   </trkpt>
   <trkpt lat="69.6071750" lon="19.1458870">
    <ele>1233.4</ele>
    <time>2026-06-03T19:17:10Z</time>
   </trkpt>
   <trkpt lat="69.6071750" lon="19.1458870">
    <ele>1233.4</ele>
    <time>2026-06-03T19:17:11Z</time>
   </trkpt>
   <trkpt lat="69.6071750" lon="19.1458870">
    <ele>1233.4</ele>
    <time>2026-06-03T19:17:12Z</time>
   </trkpt>
   <trkpt lat="69.6071750" lon="19.1458870">
    <ele>1233.4</ele>
    <time>2026-06-03T19:17:13Z</time>
   </trkpt>
   <trkpt lat="69.6071750" lon="19.1458870">
    <ele>1233.4</ele>
    <time>2026-06-03T19:17:14Z</time>
   </trkpt>
   <trkpt lat="69.6071750" lon="19.1458870">
    <ele>1233.4</ele>
    <time>2026-06-03T19:17:15Z</time>
   </trkpt>
   <trkpt lat="69.6071750" lon="19.1458870">
    <ele>1233.4</ele>
    <time>2026-06-03T19:17:16Z</time>
   </trkpt>
   <trkpt lat="69.6071750" lon="19.1458870">
    <ele>1233.4</ele>
    <time>2026-06-03T19:17:17Z</time>
   </trkpt>
   <trkpt lat="69.6071750" lon="19.1458870">
    <ele>1233.4</ele>
    <time>2026-06-03T19:17:18Z</time>
   </trkpt>
   <trkpt lat="69.6071750" lon="19.1458870">
    <ele>1233.4</ele>
    <time>2026-06-03T19:17:19Z</time>
   </trkpt>
   <trkpt lat="69.6071750" lon="19.1458870">
    <ele>1233.4</ele>
    <time>2026-06-03T19:17:20Z</time>
   </trkpt>
   <trkpt lat="69.6071750" lon="19.1458870">
    <ele>1233.4</ele>
    <time>2026-06-03T19:17:21Z</time>
   </trkpt>
   <trkpt lat="69.6071750" lon="19.1458870">
    <ele>1233.4</ele>
    <time>2026-06-03T19:17:22Z</time>
   </trkpt>
   <trkpt lat="69.6071750" lon="19.1458870">
    <ele>1233.4</ele>
    <time>2026-06-03T19:17:23Z</time>
   </trkpt>
   <trkpt lat="69.6071750" lon="19.1458870">
    <ele>1233.4</ele>
    <time>2026-06-03T19:17:24Z</time>
   </trkpt>
   <trkpt lat="69.6071750" lon="19.1458870">
    <ele>1233.4</ele>
    <time>2026-06-03T19:17:25Z</time>
   </trkpt>
   <trkpt lat="69.6071750" lon="19.1458870">
    <ele>1233.4</ele>
    <time>2026-06-03T19:17:26Z</time>
   </trkpt>
   <trkpt lat="69.6071750" lon="19.1458870">
    <ele>1233.4</ele>
    <time>2026-06-03T19:17:27Z</time>
   </trkpt>
   <trkpt lat="69.6071750" lon="19.1458870">
    <ele>1233.4</ele>
    <time>2026-06-03T19:17:28Z</time>
   </trkpt>
   <trkpt lat="69.6071750" lon="19.1458870">
    <ele>1233.4</ele>
    <time>2026-06-03T19:17:29Z</time>
   </trkpt>
   <trkpt lat="69.6071750" lon="19.1458870">
    <ele>1233.4</ele>
    <time>2026-06-03T19:17:30Z</time>
   </trkpt>
   <trkpt lat="69.6071750" lon="19.1458870">
    <ele>1233.4</ele>
    <time>2026-06-03T19:17:31Z</time>
   </trkpt>
   <trkpt lat="69.6071750" lon="19.1458870">
    <ele>1233.4</ele>
    <time>2026-06-03T19:17:32Z</time>
   </trkpt>
   <trkpt lat="69.6071750" lon="19.1458870">
    <ele>1233.4</ele>
    <time>2026-06-03T19:17:33Z</time>
   </trkpt>
   <trkpt lat="69.6071750" lon="19.1458870">
    <ele>1233.4</ele>
    <time>2026-06-03T19:17:34Z</time>
   </trkpt>
   <trkpt lat="69.6071750" lon="19.1458870">
    <ele>1233.4</ele>
    <time>2026-06-03T19:17:35Z</time>
   </trkpt>
   <trkpt lat="69.6071750" lon="19.1458870">
    <ele>1233.4</ele>
    <time>2026-06-03T19:17:36Z</time>
   </trkpt>
   <trkpt lat="69.6071750" lon="19.1458870">
    <ele>1233.4</ele>
    <time>2026-06-03T19:17:37Z</time>
   </trkpt>
   <trkpt lat="69.6071750" lon="19.1458870">
    <ele>1233.4</ele>
    <time>2026-06-03T19:17:38Z</time>
   </trkpt>
   <trkpt lat="69.6071750" lon="19.1458870">
    <ele>1233.4</ele>
    <time>2026-06-03T19:17:39Z</time>
   </trkpt>
   <trkpt lat="69.6071750" lon="19.1458870">
    <ele>1233.4</ele>
    <time>2026-06-03T19:17:40Z</time>
   </trkpt>
   <trkpt lat="69.6071750" lon="19.1458870">
    <ele>1233.4</ele>
    <time>2026-06-03T19:17:41Z</time>
   </trkpt>
   <trkpt lat="69.6071750" lon="19.1458870">
    <ele>1233.4</ele>
    <time>2026-06-03T19:17:42Z</time>
   </trkpt>
   <trkpt lat="69.6071750" lon="19.1458870">
    <ele>1233.4</ele>
    <time>2026-06-03T19:17:43Z</time>
   </trkpt>
   <trkpt lat="69.6071750" lon="19.1458870">
    <ele>1233.4</ele>
    <time>2026-06-03T19:17:44Z</time>
   </trkpt>
   <trkpt lat="69.6071750" lon="19.1458870">
    <ele>1233.4</ele>
    <time>2026-06-03T19:17:45Z</time>
   </trkpt>
   <trkpt lat="69.6071750" lon="19.1458870">
    <ele>1233.4</ele>
    <time>2026-06-03T19:17:46Z</time>
   </trkpt>
   <trkpt lat="69.6071750" lon="19.1458870">
    <ele>1233.4</ele>
    <time>2026-06-03T19:17:47Z</time>
   </trkpt>
   <trkpt lat="69.6071750" lon="19.1458870">
    <ele>1233.4</ele>
    <time>2026-06-03T19:17:48Z</time>
   </trkpt>
   <trkpt lat="69.6071750" lon="19.1458870">
    <ele>1233.4</ele>
    <time>2026-06-03T19:17:49Z</time>
   </trkpt>
   <trkpt lat="69.6071750" lon="19.1458870">
    <ele>1233.4</ele>
    <time>2026-06-03T19:17:50Z</time>
   </trkpt>
   <trkpt lat="69.6071750" lon="19.1458870">
    <ele>1233.4</ele>
    <time>2026-06-03T19:17:51Z</time>
   </trkpt>
   <trkpt lat="69.6071750" lon="19.1458870">
    <ele>1233.4</ele>
    <time>2026-06-03T19:17:52Z</time>
   </trkpt>
   <trkpt lat="69.6071750" lon="19.1458870">
    <ele>1233.4</ele>
    <time>2026-06-03T19:17:53Z</time>
   </trkpt>
   <trkpt lat="69.6071750" lon="19.1458870">
    <ele>1233.4</ele>
    <time>2026-06-03T19:17:54Z</time>
   </trkpt>
   <trkpt lat="69.6071750" lon="19.1458870">
    <ele>1233.4</ele>
    <time>2026-06-03T19:17:55Z</time>
   </trkpt>
   <trkpt lat="69.6071750" lon="19.1458870">
    <ele>1233.4</ele>
    <time>2026-06-03T19:17:56Z</time>
   </trkpt>
   <trkpt lat="69.6071750" lon="19.1458870">
    <ele>1233.4</ele>
    <time>2026-06-03T19:17:57Z</time>
   </trkpt>
   <trkpt lat="69.6071750" lon="19.1458870">
    <ele>1233.4</ele>
    <time>2026-06-03T19:17:58Z</time>
   </trkpt>
   <trkpt lat="69.6071750" lon="19.1458870">
    <ele>1233.4</ele>
    <time>2026-06-03T19:17:59Z</time>
   </trkpt>
   <trkpt lat="69.6071750" lon="19.1458870">
    <ele>1233.4</ele>
    <time>2026-06-03T19:18:00Z</time>
   </trkpt>
   <trkpt lat="69.6071750" lon="19.1458870">
    <ele>1233.4</ele>
    <time>2026-06-03T19:18:01Z</time>
   </trkpt>
   <trkpt lat="69.6071750" lon="19.1458870">
    <ele>1233.4</ele>
    <time>2026-06-03T19:18:02Z</time>
   </trkpt>
   <trkpt lat="69.6071750" lon="19.1458870">
    <ele>1233.4</ele>
    <time>2026-06-03T19:18:03Z</time>
   </trkpt>
   <trkpt lat="69.6071750" lon="19.1458870">
    <ele>1233.4</ele>
    <time>2026-06-03T19:18:04Z</time>
   </trkpt>
   <trkpt lat="69.6071750" lon="19.1458870">
    <ele>1233.4</ele>
    <time>2026-06-03T19:18:05Z</time>
   </trkpt>
   <trkpt lat="69.6071750" lon="19.1458870">
    <ele>1233.4</ele>
    <time>2026-06-03T19:18:06Z</time>
   </trkpt>
   <trkpt lat="69.6071750" lon="19.1458870">
    <ele>1233.4</ele>
    <time>2026-06-03T19:18:07Z</time>
   </trkpt>
   <trkpt lat="69.6071750" lon="19.1458870">
    <ele>1233.4</ele>
    <time>2026-06-03T19:18:08Z</time>
   </trkpt>
   <trkpt lat="69.6071750" lon="19.1458870">
    <ele>1233.4</ele>
    <time>2026-06-03T19:18:09Z</time>
   </trkpt>
   <trkpt lat="69.6071750" lon="19.1458870">
    <ele>1233.4</ele>
    <time>2026-06-03T19:18:10Z</time>
   </trkpt>
   <trkpt lat="69.6071750" lon="19.1458870">
    <ele>1233.4</ele>
    <time>2026-06-03T19:18:11Z</time>
   </trkpt>
   <trkpt lat="69.6071750" lon="19.1458870">
    <ele>1233.4</ele>
    <time>2026-06-03T19:18:12Z</time>
   </trkpt>
   <trkpt lat="69.6071750" lon="19.1458870">
    <ele>1233.4</ele>
    <time>2026-06-03T19:18:13Z</time>
   </trkpt>
   <trkpt lat="69.6071750" lon="19.1458870">
    <ele>1233.4</ele>
    <time>2026-06-03T19:18:14Z</time>
   </trkpt>
   <trkpt lat="69.6071750" lon="19.1458870">
    <ele>1233.4</ele>
    <time>2026-06-03T19:18:15Z</time>
   </trkpt>
   <trkpt lat="69.6071750" lon="19.1458870">
    <ele>1233.4</ele>
    <time>2026-06-03T19:18:16Z</time>
   </trkpt>
   <trkpt lat="69.6071750" lon="19.1458870">
    <ele>1233.4</ele>
    <time>2026-06-03T19:18:17Z</time>
   </trkpt>
   <trkpt lat="69.6071750" lon="19.1458870">
    <ele>1233.4</ele>
    <time>2026-06-03T19:18:18Z</time>
   </trkpt>
   <trkpt lat="69.6071750" lon="19.1458870">
    <ele>1233.4</ele>
    <time>2026-06-03T19:18:19Z</time>
   </trkpt>
   <trkpt lat="69.6071750" lon="19.1458870">
    <ele>1233.4</ele>
    <time>2026-06-03T19:18:20Z</time>
   </trkpt>
   <trkpt lat="69.6071750" lon="19.1458870">
    <ele>1233.4</ele>
    <time>2026-06-03T19:18:21Z</time>
   </trkpt>
   <trkpt lat="69.6071750" lon="19.1458870">
    <ele>1233.4</ele>
    <time>2026-06-03T19:18:22Z</time>
   </trkpt>
   <trkpt lat="69.6071750" lon="19.1458870">
    <ele>1233.4</ele>
    <time>2026-06-03T19:18:23Z</time>
   </trkpt>
   <trkpt lat="69.6071750" lon="19.1458870">
    <ele>1233.4</ele>
    <time>2026-06-03T19:18:24Z</time>
   </trkpt>
   <trkpt lat="69.6071750" lon="19.1458870">
    <ele>1233.4</ele>
    <time>2026-06-03T19:18:25Z</time>
   </trkpt>
   <trkpt lat="69.6071750" lon="19.1458870">
    <ele>1233.4</ele>
    <time>2026-06-03T19:18:26Z</time>
   </trkpt>
   <trkpt lat="69.6071750" lon="19.1458870">
    <ele>1233.4</ele>
    <time>2026-06-03T19:18:27Z</time>
   </trkpt>
   <trkpt lat="69.6071750" lon="19.1458870">
    <ele>1233.4</ele>
    <time>2026-06-03T19:18:28Z</time>
   </trkpt>
   <trkpt lat="69.6071750" lon="19.1458870">
    <ele>1233.4</ele>
    <time>2026-06-03T19:18:29Z</time>
   </trkpt>
   <trkpt lat="69.6071750" lon="19.1458870">
    <ele>1233.4</ele>
    <time>2026-06-03T19:18:30Z</time>
   </trkpt>
   <trkpt lat="69.6071750" lon="19.1458870">
    <ele>1233.4</ele>
    <time>2026-06-03T19:18:31Z</time>
   </trkpt>
   <trkpt lat="69.6071750" lon="19.1458870">
    <ele>1233.4</ele>
    <time>2026-06-03T19:18:32Z</time>
   </trkpt>
   <trkpt lat="69.6071750" lon="19.1458870">
    <ele>1233.4</ele>
    <time>2026-06-03T19:18:33Z</time>
   </trkpt>
   <trkpt lat="69.6071750" lon="19.1458870">
    <ele>1233.4</ele>
    <time>2026-06-03T19:18:34Z</time>
   </trkpt>
   <trkpt lat="69.6071750" lon="19.1458870">
    <ele>1233.4</ele>
    <time>2026-06-03T19:18:35Z</time>
   </trkpt>
   <trkpt lat="69.6071750" lon="19.1458870">
    <ele>1233.4</ele>
    <time>2026-06-03T19:18:36Z</time>
   </trkpt>
   <trkpt lat="69.6071750" lon="19.1458870">
    <ele>1233.4</ele>
    <time>2026-06-03T19:18:37Z</time>
   </trkpt>
   <trkpt lat="69.6071750" lon="19.1458870">
    <ele>1233.4</ele>
    <time>2026-06-03T19:18:38Z</time>
   </trkpt>
   <trkpt lat="69.6071750" lon="19.1458870">
    <ele>1233.4</ele>
    <time>2026-06-03T19:18:39Z</time>
   </trkpt>
   <trkpt lat="69.6071750" lon="19.1458870">
    <ele>1233.4</ele>
    <time>2026-06-03T19:18:40Z</time>
   </trkpt>
   <trkpt lat="69.6071750" lon="19.1458870">
    <ele>1233.4</ele>
    <time>2026-06-03T19:18:41Z</time>
   </trkpt>
   <trkpt lat="69.6071750" lon="19.1458870">
    <ele>1233.4</ele>
    <time>2026-06-03T19:18:42Z</time>
   </trkpt>
   <trkpt lat="69.6071750" lon="19.1458870">
    <ele>1233.4</ele>
    <time>2026-06-03T19:18:43Z</time>
   </trkpt>
   <trkpt lat="69.6071750" lon="19.1458870">
    <ele>1233.4</ele>
    <time>2026-06-03T19:18:44Z</time>
   </trkpt>
   <trkpt lat="69.6071750" lon="19.1458870">
    <ele>1233.4</ele>
    <time>2026-06-03T19:18:45Z</time>
   </trkpt>
   <trkpt lat="69.6071750" lon="19.1458870">
    <ele>1233.4</ele>
    <time>2026-06-03T19:18:46Z</time>
   </trkpt>
   <trkpt lat="69.6071750" lon="19.1458870">
    <ele>1233.4</ele>
    <time>2026-06-03T19:18:47Z</time>
   </trkpt>
   <trkpt lat="69.6071750" lon="19.1458870">
    <ele>1233.4</ele>
    <time>2026-06-03T19:18:48Z</time>
   </trkpt>
   <trkpt lat="69.6071750" lon="19.1458870">
    <ele>1233.4</ele>
    <time>2026-06-03T19:18:49Z</time>
   </trkpt>
   <trkpt lat="69.6071750" lon="19.1458870">
    <ele>1233.4</ele>
    <time>2026-06-03T19:18:50Z</time>
   </trkpt>
   <trkpt lat="69.6071750" lon="19.1458870">
    <ele>1233.4</ele>
    <time>2026-06-03T19:18:51Z</time>
   </trkpt>
   <trkpt lat="69.6071750" lon="19.1458870">
    <ele>1233.4</ele>
    <time>2026-06-03T19:18:52Z</time>
   </trkpt>
   <trkpt lat="69.6071750" lon="19.1458870">
    <ele>1233.4</ele>
    <time>2026-06-03T19:18:53Z</time>
   </trkpt>
   <trkpt lat="69.6071750" lon="19.1458870">
    <ele>1233.4</ele>
    <time>2026-06-03T19:18:54Z</time>
   </trkpt>
   <trkpt lat="69.6071750" lon="19.1458870">
    <ele>1233.4</ele>
    <time>2026-06-03T19:18:55Z</time>
   </trkpt>
   <trkpt lat="69.6071750" lon="19.1458870">
    <ele>1233.4</ele>
    <time>2026-06-03T19:18:56Z</time>
   </trkpt>
   <trkpt lat="69.6071750" lon="19.1458870">
    <ele>1233.4</ele>
    <time>2026-06-03T19:18:57Z</time>
   </trkpt>
   <trkpt lat="69.6071750" lon="19.1458870">
    <ele>1233.4</ele>
    <time>2026-06-03T19:18:58Z</time>
   </trkpt>
   <trkpt lat="69.6071750" lon="19.1458870">
    <ele>1233.4</ele>
    <time>2026-06-03T19:18:59Z</time>
   </trkpt>
   <trkpt lat="69.6071750" lon="19.1458870">
    <ele>1233.4</ele>
    <time>2026-06-03T19:19:00Z</time>
   </trkpt>
   <trkpt lat="69.6071750" lon="19.1458870">
    <ele>1233.4</ele>
    <time>2026-06-03T19:19:01Z</time>
   </trkpt>
   <trkpt lat="69.6071750" lon="19.1458870">
    <ele>1233.4</ele>
    <time>2026-06-03T19:19:02Z</time>
   </trkpt>
   <trkpt lat="69.6071750" lon="19.1458870">
    <ele>1233.4</ele>
    <time>2026-06-03T19:19:03Z</time>
   </trkpt>
   <trkpt lat="69.6071750" lon="19.1458870">
    <ele>1233.4</ele>
    <time>2026-06-03T19:19:04Z</time>
   </trkpt>
   <trkpt lat="69.6071750" lon="19.1458870">
    <ele>1233.4</ele>
    <time>2026-06-03T19:19:05Z</time>
   </trkpt>
   <trkpt lat="69.6071750" lon="19.1458870">
    <ele>1233.4</ele>
    <time>2026-06-03T19:19:06Z</time>
   </trkpt>
   <trkpt lat="69.6071750" lon="19.1458870">
    <ele>1233.4</ele>
    <time>2026-06-03T19:19:07Z</time>
   </trkpt>
   <trkpt lat="69.6071750" lon="19.1458870">
    <ele>1233.4</ele>
    <time>2026-06-03T19:19:08Z</time>
   </trkpt>
   <trkpt lat="69.6071750" lon="19.1458870">
    <ele>1233.4</ele>
    <time>2026-06-03T19:19:09Z</time>
   </trkpt>
   <trkpt lat="69.6071750" lon="19.1458870">
    <ele>1233.4</ele>
    <time>2026-06-03T19:19:10Z</time>
   </trkpt>
   <trkpt lat="69.6071750" lon="19.1458870">
    <ele>1233.4</ele>
    <time>2026-06-03T19:19:11Z</time>
   </trkpt>
   <trkpt lat="69.6071750" lon="19.1458870">
    <ele>1233.4</ele>
    <time>2026-06-03T19:19:12Z</time>
   </trkpt>
   <trkpt lat="69.6071750" lon="19.1458870">
    <ele>1233.4</ele>
    <time>2026-06-03T19:19:13Z</time>
   </trkpt>
   <trkpt lat="69.6071750" lon="19.1458870">
    <ele>1233.4</ele>
    <time>2026-06-03T19:19:14Z</time>
   </trkpt>
   <trkpt lat="69.6071750" lon="19.1458870">
    <ele>1233.4</ele>
    <time>2026-06-03T19:19:15Z</time>
   </trkpt>
   <trkpt lat="69.6071750" lon="19.1458870">
    <ele>1233.4</ele>
    <time>2026-06-03T19:19:16Z</time>
   </trkpt>
   <trkpt lat="69.6071750" lon="19.1458870">
    <ele>1233.4</ele>
    <time>2026-06-03T19:19:17Z</time>
   </trkpt>
   <trkpt lat="69.6071750" lon="19.1458870">
    <ele>1233.4</ele>
    <time>2026-06-03T19:19:18Z</time>
   </trkpt>
   <trkpt lat="69.6071750" lon="19.1458870">
    <ele>1233.4</ele>
    <time>2026-06-03T19:19:19Z</time>
   </trkpt>
   <trkpt lat="69.6071750" lon="19.1458870">
    <ele>1233.4</ele>
    <time>2026-06-03T19:19:20Z</time>
   </trkpt>
   <trkpt lat="69.6071750" lon="19.1458870">
    <ele>1233.4</ele>
    <time>2026-06-03T19:19:21Z</time>
   </trkpt>
   <trkpt lat="69.6071750" lon="19.1458870">
    <ele>1233.4</ele>
    <time>2026-06-03T19:19:22Z</time>
   </trkpt>
   <trkpt lat="69.6071750" lon="19.1458870">
    <ele>1233.4</ele>
    <time>2026-06-03T19:19:23Z</time>
   </trkpt>
   <trkpt lat="69.6071750" lon="19.1458870">
    <ele>1233.4</ele>
    <time>2026-06-03T19:19:24Z</time>
   </trkpt>
   <trkpt lat="69.6071750" lon="19.1458870">
    <ele>1233.4</ele>
    <time>2026-06-03T19:19:25Z</time>
   </trkpt>
   <trkpt lat="69.6071750" lon="19.1458870">
    <ele>1233.4</ele>
    <time>2026-06-03T19:19:26Z</time>
   </trkpt>
   <trkpt lat="69.6071750" lon="19.1458870">
    <ele>1233.4</ele>
    <time>2026-06-03T19:19:27Z</time>
   </trkpt>
   <trkpt lat="69.6071750" lon="19.1458870">
    <ele>1233.4</ele>
    <time>2026-06-03T19:19:28Z</time>
   </trkpt>
   <trkpt lat="69.6071750" lon="19.1458870">
    <ele>1233.4</ele>
    <time>2026-06-03T19:19:29Z</time>
   </trkpt>
   <trkpt lat="69.6071750" lon="19.1458870">
    <ele>1233.4</ele>
    <time>2026-06-03T19:19:30Z</time>
   </trkpt>
   <trkpt lat="69.6071750" lon="19.1458870">
    <ele>1233.4</ele>
    <time>2026-06-03T19:19:31Z</time>
   </trkpt>
   <trkpt lat="69.6071750" lon="19.1458870">
    <ele>1233.4</ele>
    <time>2026-06-03T19:19:32Z</time>
   </trkpt>
   <trkpt lat="69.6071750" lon="19.1458870">
    <ele>1233.4</ele>
    <time>2026-06-03T19:19:33Z</time>
   </trkpt>
   <trkpt lat="69.6071750" lon="19.1458870">
    <ele>1233.4</ele>
    <time>2026-06-03T19:19:34Z</time>
   </trkpt>
   <trkpt lat="69.6071750" lon="19.1458870">
    <ele>1233.4</ele>
    <time>2026-06-03T19:19:35Z</time>
   </trkpt>
   <trkpt lat="69.6071750" lon="19.1458870">
    <ele>1233.4</ele>
    <time>2026-06-03T19:19:36Z</time>
   </trkpt>
   <trkpt lat="69.6071750" lon="19.1458870">
    <ele>1233.4</ele>
    <time>2026-06-03T19:19:37Z</time>
   </trkpt>
   <trkpt lat="69.6071750" lon="19.1458870">
    <ele>1233.4</ele>
    <time>2026-06-03T19:19:38Z</time>
   </trkpt>
   <trkpt lat="69.6071750" lon="19.1458870">
    <ele>1233.4</ele>
    <time>2026-06-03T19:19:39Z</time>
   </trkpt>
   <trkpt lat="69.6071750" lon="19.1458870">
    <ele>1233.4</ele>
    <time>2026-06-03T19:19:40Z</time>
   </trkpt>
   <trkpt lat="69.6071750" lon="19.1458870">
    <ele>1233.4</ele>
    <time>2026-06-03T19:19:41Z</time>
   </trkpt>
   <trkpt lat="69.6071750" lon="19.1458870">
    <ele>1233.4</ele>
    <time>2026-06-03T19:19:42Z</time>
   </trkpt>
   <trkpt lat="69.6071750" lon="19.1458870">
    <ele>1233.4</ele>
    <time>2026-06-03T19:19:43Z</time>
   </trkpt>
   <trkpt lat="69.6071750" lon="19.1458870">
    <ele>1233.4</ele>
    <time>2026-06-03T19:19:44Z</time>
   </trkpt>
   <trkpt lat="69.6071750" lon="19.1458870">
    <ele>1233.4</ele>
    <time>2026-06-03T19:19:45Z</time>
   </trkpt>
   <trkpt lat="69.6071750" lon="19.1458870">
    <ele>1233.4</ele>
    <time>2026-06-03T19:19:46Z</time>
   </trkpt>
   <trkpt lat="69.6071750" lon="19.1458870">
    <ele>1233.4</ele>
    <time>2026-06-03T19:19:47Z</time>
   </trkpt>
   <trkpt lat="69.6071750" lon="19.1458870">
    <ele>1233.4</ele>
    <time>2026-06-03T19:19:48Z</time>
   </trkpt>
   <trkpt lat="69.6071750" lon="19.1458870">
    <ele>1233.4</ele>
    <time>2026-06-03T19:19:49Z</time>
   </trkpt>
   <trkpt lat="69.6071750" lon="19.1458870">
    <ele>1233.4</ele>
    <time>2026-06-03T19:19:50Z</time>
   </trkpt>
   <trkpt lat="69.6071750" lon="19.1458870">
    <ele>1233.4</ele>
    <time>2026-06-03T19:19:51Z</time>
   </trkpt>
   <trkpt lat="69.6071750" lon="19.1458870">
    <ele>1233.4</ele>
    <time>2026-06-03T19:19:52Z</time>
   </trkpt>
   <trkpt lat="69.6071750" lon="19.1458870">
    <ele>1233.4</ele>
    <time>2026-06-03T19:19:53Z</time>
   </trkpt>
   <trkpt lat="69.6071750" lon="19.1458870">
    <ele>1233.4</ele>
    <time>2026-06-03T19:19:54Z</time>
   </trkpt>
   <trkpt lat="69.6071750" lon="19.1458870">
    <ele>1233.4</ele>
    <time>2026-06-03T19:19:55Z</time>
   </trkpt>
   <trkpt lat="69.6071750" lon="19.1458870">
    <ele>1233.4</ele>
    <time>2026-06-03T19:19:56Z</time>
   </trkpt>
   <trkpt lat="69.6071750" lon="19.1458870">
    <ele>1233.4</ele>
    <time>2026-06-03T19:19:57Z</time>
   </trkpt>
   <trkpt lat="69.6071750" lon="19.1458870">
    <ele>1233.4</ele>
    <time>2026-06-03T19:19:58Z</time>
   </trkpt>
   <trkpt lat="69.6071750" lon="19.1458870">
    <ele>1233.4</ele>
    <time>2026-06-03T19:19:59Z</time>
   </trkpt>
   <trkpt lat="69.6071750" lon="19.1458870">
    <ele>1233.4</ele>
    <time>2026-06-03T19:20:00Z</time>
   </trkpt>
   <trkpt lat="69.6071750" lon="19.1458870">
    <ele>1233.4</ele>
    <time>2026-06-03T19:20:01Z</time>
   </trkpt>
   <trkpt lat="69.6071750" lon="19.1458870">
    <ele>1233.4</ele>
    <time>2026-06-03T19:20:02Z</time>
   </trkpt>
   <trkpt lat="69.6071750" lon="19.1458870">
    <ele>1233.4</ele>
    <time>2026-06-03T19:20:03Z</time>
   </trkpt>
   <trkpt lat="69.6071750" lon="19.1458870">
    <ele>1233.4</ele>
    <time>2026-06-03T19:20:04Z</time>
   </trkpt>
   <trkpt lat="69.6071750" lon="19.1458870">
    <ele>1233.4</ele>
    <time>2026-06-03T19:20:05Z</time>
   </trkpt>
   <trkpt lat="69.6071750" lon="19.1458870">
    <ele>1233.4</ele>
    <time>2026-06-03T19:20:06Z</time>
   </trkpt>
   <trkpt lat="69.6071750" lon="19.1458870">
    <ele>1233.4</ele>
    <time>2026-06-03T19:20:07Z</time>
   </trkpt>
   <trkpt lat="69.6071750" lon="19.1458870">
    <ele>1233.4</ele>
    <time>2026-06-03T19:20:08Z</time>
   </trkpt>
   <trkpt lat="69.6071750" lon="19.1458870">
    <ele>1233.4</ele>
    <time>2026-06-03T19:20:09Z</time>
   </trkpt>
   <trkpt lat="69.6071750" lon="19.1458870">
    <ele>1233.4</ele>
    <time>2026-06-03T19:20:10Z</time>
   </trkpt>
   <trkpt lat="69.6071750" lon="19.1458870">
    <ele>1233.4</ele>
    <time>2026-06-03T19:20:11Z</time>
   </trkpt>
   <trkpt lat="69.6071750" lon="19.1458870">
    <ele>1233.4</ele>
    <time>2026-06-03T19:20:12Z</time>
   </trkpt>
   <trkpt lat="69.6071750" lon="19.1458870">
    <ele>1233.4</ele>
    <time>2026-06-03T19:20:13Z</time>
   </trkpt>
   <trkpt lat="69.6071750" lon="19.1458870">
    <ele>1233.4</ele>
    <time>2026-06-03T19:20:14Z</time>
   </trkpt>
   <trkpt lat="69.6071750" lon="19.1458870">
    <ele>1233.4</ele>
    <time>2026-06-03T19:20:15Z</time>
   </trkpt>
   <trkpt lat="69.6071750" lon="19.1458870">
    <ele>1233.4</ele>
    <time>2026-06-03T19:20:16Z</time>
   </trkpt>
   <trkpt lat="69.6071750" lon="19.1458870">
    <ele>1233.4</ele>
    <time>2026-06-03T19:20:17Z</time>
   </trkpt>
   <trkpt lat="69.6071750" lon="19.1458870">
    <ele>1233.4</ele>
    <time>2026-06-03T19:20:18Z</time>
   </trkpt>
   <trkpt lat="69.6071750" lon="19.1458870">
    <ele>1233.4</ele>
    <time>2026-06-03T19:20:19Z</time>
   </trkpt>
   <trkpt lat="69.6071750" lon="19.1458870">
    <ele>1233.4</ele>
    <time>2026-06-03T19:20:20Z</time>
   </trkpt>
   <trkpt lat="69.6071750" lon="19.1458870">
    <ele>1233.4</ele>
    <time>2026-06-03T19:20:21Z</time>
   </trkpt>
   <trkpt lat="69.6071750" lon="19.1458870">
    <ele>1233.4</ele>
    <time>2026-06-03T19:20:22Z</time>
   </trkpt>
   <trkpt lat="69.6071750" lon="19.1458870">
    <ele>1233.4</ele>
    <time>2026-06-03T19:20:23Z</time>
   </trkpt>
   <trkpt lat="69.6071750" lon="19.1458870">
    <ele>1233.4</ele>
    <time>2026-06-03T19:20:24Z</time>
   </trkpt>
   <trkpt lat="69.6071750" lon="19.1458870">
    <ele>1233.4</ele>
    <time>2026-06-03T19:20:25Z</time>
   </trkpt>
   <trkpt lat="69.6071750" lon="19.1458870">
    <ele>1233.4</ele>
    <time>2026-06-03T19:20:26Z</time>
   </trkpt>
   <trkpt lat="69.6071750" lon="19.1458870">
    <ele>1233.4</ele>
    <time>2026-06-03T19:20:27Z</time>
   </trkpt>
   <trkpt lat="69.6071750" lon="19.1458870">
    <ele>1233.4</ele>
    <time>2026-06-03T19:20:28Z</time>
   </trkpt>
   <trkpt lat="69.6071750" lon="19.1458870">
    <ele>1233.4</ele>
    <time>2026-06-03T19:20:29Z</time>
   </trkpt>
   <trkpt lat="69.6071750" lon="19.1458870">
    <ele>1233.4</ele>
    <time>2026-06-03T19:20:30Z</time>
   </trkpt>
   <trkpt lat="69.6071750" lon="19.1458870">
    <ele>1233.4</ele>
    <time>2026-06-03T19:20:31Z</time>
   </trkpt>
   <trkpt lat="69.6071750" lon="19.1458870">
    <ele>1233.4</ele>
    <time>2026-06-03T19:20:32Z</time>
   </trkpt>
   <trkpt lat="69.6071750" lon="19.1458870">
    <ele>1233.4</ele>
    <time>2026-06-03T19:20:33Z</time>
   </trkpt>
   <trkpt lat="69.6071750" lon="19.1458870">
    <ele>1233.4</ele>
    <time>2026-06-03T19:20:34Z</time>
   </trkpt>
   <trkpt lat="69.6071750" lon="19.1458870">
    <ele>1233.4</ele>
    <time>2026-06-03T19:20:35Z</time>
   </trkpt>
   <trkpt lat="69.6071750" lon="19.1458870">
    <ele>1233.4</ele>
    <time>2026-06-03T19:20:36Z</time>
   </trkpt>
   <trkpt lat="69.6071750" lon="19.1458870">
    <ele>1233.4</ele>
    <time>2026-06-03T19:20:37Z</time>
   </trkpt>
   <trkpt lat="69.6071750" lon="19.1458870">
    <ele>1233.4</ele>
    <time>2026-06-03T19:20:38Z</time>
   </trkpt>
   <trkpt lat="69.6071750" lon="19.1458870">
    <ele>1233.4</ele>
    <time>2026-06-03T19:20:39Z</time>
   </trkpt>
   <trkpt lat="69.6071750" lon="19.1458870">
    <ele>1233.4</ele>
    <time>2026-06-03T19:20:40Z</time>
   </trkpt>
   <trkpt lat="69.6071750" lon="19.1458870">
    <ele>1233.4</ele>
    <time>2026-06-03T19:20:41Z</time>
   </trkpt>
   <trkpt lat="69.6071750" lon="19.1458870">
    <ele>1233.4</ele>
    <time>2026-06-03T19:20:42Z</time>
   </trkpt>
   <trkpt lat="69.6071750" lon="19.1458870">
    <ele>1233.4</ele>
    <time>2026-06-03T19:20:43Z</time>
   </trkpt>
   <trkpt lat="69.6071750" lon="19.1458870">
    <ele>1233.4</ele>
    <time>2026-06-03T19:20:44Z</time>
   </trkpt>
   <trkpt lat="69.6071750" lon="19.1458870">
    <ele>1233.4</ele>
    <time>2026-06-03T19:20:45Z</time>
   </trkpt>
   <trkpt lat="69.6071750" lon="19.1458870">
    <ele>1233.4</ele>
    <time>2026-06-03T19:20:46Z</time>
   </trkpt>
   <trkpt lat="69.6071750" lon="19.1458870">
    <ele>1233.4</ele>
    <time>2026-06-03T19:20:47Z</time>
   </trkpt>
   <trkpt lat="69.6071750" lon="19.1458870">
    <ele>1233.4</ele>
    <time>2026-06-03T19:20:48Z</time>
   </trkpt>
   <trkpt lat="69.6071750" lon="19.1458870">
    <ele>1233.4</ele>
    <time>2026-06-03T19:20:49Z</time>
   </trkpt>
   <trkpt lat="69.6071750" lon="19.1458870">
    <ele>1233.4</ele>
    <time>2026-06-03T19:20:50Z</time>
   </trkpt>
   <trkpt lat="69.6071750" lon="19.1458870">
    <ele>1233.4</ele>
    <time>2026-06-03T19:20:51Z</time>
   </trkpt>
   <trkpt lat="69.6071750" lon="19.1458870">
    <ele>1233.4</ele>
    <time>2026-06-03T19:20:52Z</time>
   </trkpt>
   <trkpt lat="69.6071750" lon="19.1458870">
    <ele>1233.4</ele>
    <time>2026-06-03T19:20:53Z</time>
   </trkpt>
   <trkpt lat="69.6071750" lon="19.1458870">
    <ele>1233.4</ele>
    <time>2026-06-03T19:20:54Z</time>
   </trkpt>
   <trkpt lat="69.6071750" lon="19.1458870">
    <ele>1233.4</ele>
    <time>2026-06-03T19:20:55Z</time>
   </trkpt>
   <trkpt lat="69.6071750" lon="19.1458870">
    <ele>1233.4</ele>
    <time>2026-06-03T19:20:56Z</time>
   </trkpt>
   <trkpt lat="69.6071750" lon="19.1458870">
    <ele>1233.4</ele>
    <time>2026-06-03T19:20:57Z</time>
   </trkpt>
   <trkpt lat="69.6071750" lon="19.1458870">
    <ele>1233.4</ele>
    <time>2026-06-03T19:20:58Z</time>
   </trkpt>
   <trkpt lat="69.6071750" lon="19.1458870">
    <ele>1233.4</ele>
    <time>2026-06-03T19:20:59Z</time>
   </trkpt>
   <trkpt lat="69.6071750" lon="19.1458870">
    <ele>1233.4</ele>
    <time>2026-06-03T19:21:00Z</time>
   </trkpt>
   <trkpt lat="69.6071750" lon="19.1458870">
    <ele>1233.4</ele>
    <time>2026-06-03T19:21:01Z</time>
   </trkpt>
   <trkpt lat="69.6071750" lon="19.1458870">
    <ele>1233.4</ele>
    <time>2026-06-03T19:21:02Z</time>
   </trkpt>
   <trkpt lat="69.6071750" lon="19.1458870">
    <ele>1233.4</ele>
    <time>2026-06-03T19:21:03Z</time>
   </trkpt>
   <trkpt lat="69.6071750" lon="19.1458870">
    <ele>1233.4</ele>
    <time>2026-06-03T19:21:04Z</time>
   </trkpt>
   <trkpt lat="69.6071750" lon="19.1458870">
    <ele>1233.4</ele>
    <time>2026-06-03T19:21:05Z</time>
   </trkpt>
   <trkpt lat="69.6071750" lon="19.1458870">
    <ele>1233.4</ele>
    <time>2026-06-03T19:21:06Z</time>
   </trkpt>
   <trkpt lat="69.6071750" lon="19.1458260">
    <ele>1233.4</ele>
    <time>2026-06-03T19:21:07Z</time>
   </trkpt>
   <trkpt lat="69.6071750" lon="19.1458260">
    <ele>1233.4</ele>
    <time>2026-06-03T19:21:08Z</time>
   </trkpt>
   <trkpt lat="69.6071750" lon="19.1458260">
    <ele>1233.4</ele>
    <time>2026-06-03T19:21:09Z</time>
   </trkpt>
   <trkpt lat="69.6071750" lon="19.1458260">
    <ele>1233.4</ele>
    <time>2026-06-03T19:21:10Z</time>
   </trkpt>
   <trkpt lat="69.6071750" lon="19.1458260">
    <ele>1233.4</ele>
    <time>2026-06-03T19:21:11Z</time>
   </trkpt>
   <trkpt lat="69.6071750" lon="19.1458260">
    <ele>1233.4</ele>
    <time>2026-06-03T19:21:12Z</time>
   </trkpt>
   <trkpt lat="69.6071750" lon="19.1458260">
    <ele>1233.4</ele>
    <time>2026-06-03T19:21:13Z</time>
   </trkpt>
   <trkpt lat="69.6071750" lon="19.1458260">
    <ele>1233.4</ele>
    <time>2026-06-03T19:21:14Z</time>
   </trkpt>
   <trkpt lat="69.6071750" lon="19.1458260">
    <ele>1233.4</ele>
    <time>2026-06-03T19:21:15Z</time>
   </trkpt>
   <trkpt lat="69.6071750" lon="19.1458260">
    <ele>1233.4</ele>
    <time>2026-06-03T19:21:16Z</time>
   </trkpt>
   <trkpt lat="69.6071750" lon="19.1458260">
    <ele>1233.4</ele>
    <time>2026-06-03T19:21:17Z</time>
   </trkpt>
   <trkpt lat="69.6071750" lon="19.1458260">
    <ele>1233.4</ele>
    <time>2026-06-03T19:21:18Z</time>
   </trkpt>
   <trkpt lat="69.6071750" lon="19.1458260">
    <ele>1233.4</ele>
    <time>2026-06-03T19:21:19Z</time>
   </trkpt>
   <trkpt lat="69.6071750" lon="19.1458260">
    <ele>1233.4</ele>
    <time>2026-06-03T19:21:20Z</time>
   </trkpt>
   <trkpt lat="69.6071750" lon="19.1458260">
    <ele>1233.4</ele>
    <time>2026-06-03T19:21:21Z</time>
   </trkpt>
   <trkpt lat="69.6071750" lon="19.1458260">
    <ele>1233.4</ele>
    <time>2026-06-03T19:21:22Z</time>
   </trkpt>
   <trkpt lat="69.6071750" lon="19.1458260">
    <ele>1233.4</ele>
    <time>2026-06-03T19:21:23Z</time>
   </trkpt>
   <trkpt lat="69.6071750" lon="19.1458260">
    <ele>1233.4</ele>
    <time>2026-06-03T19:21:24Z</time>
   </trkpt>
   <trkpt lat="69.6071750" lon="19.1458260">
    <ele>1233.4</ele>
    <time>2026-06-03T19:21:25Z</time>
   </trkpt>
   <trkpt lat="69.6071750" lon="19.1458260">
    <ele>1233.4</ele>
    <time>2026-06-03T19:21:26Z</time>
   </trkpt>
   <trkpt lat="69.6071750" lon="19.1458260">
    <ele>1233.4</ele>
    <time>2026-06-03T19:21:27Z</time>
   </trkpt>
   <trkpt lat="69.6071750" lon="19.1458260">
    <ele>1233.4</ele>
    <time>2026-06-03T19:21:28Z</time>
   </trkpt>
   <trkpt lat="69.6071750" lon="19.1458260">
    <ele>1233.4</ele>
    <time>2026-06-03T19:21:29Z</time>
   </trkpt>
   <trkpt lat="69.6071750" lon="19.1458260">
    <ele>1233.4</ele>
    <time>2026-06-03T19:21:30Z</time>
   </trkpt>
   <trkpt lat="69.6071750" lon="19.1458260">
    <ele>1233.4</ele>
    <time>2026-06-03T19:21:31Z</time>
   </trkpt>
   <trkpt lat="69.6071750" lon="19.1458260">
    <ele>1233.4</ele>
    <time>2026-06-03T19:21:32Z</time>
   </trkpt>
   <trkpt lat="69.6071750" lon="19.1458260">
    <ele>1233.4</ele>
    <time>2026-06-03T19:21:33Z</time>
   </trkpt>
   <trkpt lat="69.6071750" lon="19.1458260">
    <ele>1233.4</ele>
    <time>2026-06-03T19:21:34Z</time>
   </trkpt>
   <trkpt lat="69.6071750" lon="19.1458260">
    <ele>1233.4</ele>
    <time>2026-06-03T19:21:35Z</time>
   </trkpt>
   <trkpt lat="69.6071750" lon="19.1458260">
    <ele>1233.4</ele>
    <time>2026-06-03T19:21:36Z</time>
   </trkpt>
   <trkpt lat="69.6071750" lon="19.1458260">
    <ele>1233.4</ele>
    <time>2026-06-03T19:21:37Z</time>
   </trkpt>
   <trkpt lat="69.6071750" lon="19.1458260">
    <ele>1233.4</ele>
    <time>2026-06-03T19:21:38Z</time>
   </trkpt>
   <trkpt lat="69.6071750" lon="19.1458260">
    <ele>1233.4</ele>
    <time>2026-06-03T19:21:39Z</time>
   </trkpt>
   <trkpt lat="69.6071750" lon="19.1458260">
    <ele>1233.4</ele>
    <time>2026-06-03T19:21:40Z</time>
   </trkpt>
   <trkpt lat="69.6071750" lon="19.1458260">
    <ele>1233.4</ele>
    <time>2026-06-03T19:21:41Z</time>
   </trkpt>
   <trkpt lat="69.6071750" lon="19.1458260">
    <ele>1233.4</ele>
    <time>2026-06-03T19:21:42Z</time>
   </trkpt>
   <trkpt lat="69.6071750" lon="19.1458260">
    <ele>1233.4</ele>
    <time>2026-06-03T19:21:43Z</time>
   </trkpt>
   <trkpt lat="69.6071750" lon="19.1458260">
    <ele>1233.4</ele>
    <time>2026-06-03T19:21:44Z</time>
   </trkpt>
   <trkpt lat="69.6071750" lon="19.1458260">
    <ele>1233.4</ele>
    <time>2026-06-03T19:21:45Z</time>
   </trkpt>
   <trkpt lat="69.6071750" lon="19.1458260">
    <ele>1233.4</ele>
    <time>2026-06-03T19:21:46Z</time>
   </trkpt>
   <trkpt lat="69.6071750" lon="19.1458260">
    <ele>1233.4</ele>
    <time>2026-06-03T19:21:47Z</time>
   </trkpt>
   <trkpt lat="69.6071750" lon="19.1458260">
    <ele>1233.4</ele>
    <time>2026-06-03T19:21:48Z</time>
   </trkpt>
   <trkpt lat="69.6071750" lon="19.1458260">
    <ele>1233.4</ele>
    <time>2026-06-03T19:21:49Z</time>
   </trkpt>
   <trkpt lat="69.6071750" lon="19.1458260">
    <ele>1233.4</ele>
    <time>2026-06-03T19:21:50Z</time>
   </trkpt>
   <trkpt lat="69.6071750" lon="19.1458260">
    <ele>1233.4</ele>
    <time>2026-06-03T19:21:51Z</time>
   </trkpt>
   <trkpt lat="69.6071750" lon="19.1458260">
    <ele>1233.4</ele>
    <time>2026-06-03T19:21:52Z</time>
   </trkpt>
   <trkpt lat="69.6071750" lon="19.1458260">
    <ele>1233.4</ele>
    <time>2026-06-03T19:21:53Z</time>
   </trkpt>
   <trkpt lat="69.6071750" lon="19.1458260">
    <ele>1233.4</ele>
    <time>2026-06-03T19:21:54Z</time>
   </trkpt>
   <trkpt lat="69.6071750" lon="19.1458260">
    <ele>1233.4</ele>
    <time>2026-06-03T19:21:55Z</time>
   </trkpt>
   <trkpt lat="69.6071750" lon="19.1458260">
    <ele>1233.4</ele>
    <time>2026-06-03T19:21:56Z</time>
   </trkpt>
   <trkpt lat="69.6071750" lon="19.1458260">
    <ele>1233.4</ele>
    <time>2026-06-03T19:21:57Z</time>
   </trkpt>
   <trkpt lat="69.6071750" lon="19.1458260">
    <ele>1233.4</ele>
    <time>2026-06-03T19:21:58Z</time>
   </trkpt>
   <trkpt lat="69.6071750" lon="19.1458260">
    <ele>1233.4</ele>
    <time>2026-06-03T19:21:59Z</time>
   </trkpt>
   <trkpt lat="69.6071750" lon="19.1458260">
    <ele>1233.4</ele>
    <time>2026-06-03T19:22:00Z</time>
   </trkpt>
   <trkpt lat="69.6071750" lon="19.1458260">
    <ele>1233.4</ele>
    <time>2026-06-03T19:22:01Z</time>
   </trkpt>
   <trkpt lat="69.6071750" lon="19.1458260">
    <ele>1233.4</ele>
    <time>2026-06-03T19:22:02Z</time>
   </trkpt>
   <trkpt lat="69.6071750" lon="19.1458260">
    <ele>1233.4</ele>
    <time>2026-06-03T19:22:03Z</time>
   </trkpt>
   <trkpt lat="69.6071750" lon="19.1458260">
    <ele>1233.4</ele>
    <time>2026-06-03T19:22:04Z</time>
   </trkpt>
   <trkpt lat="69.6071750" lon="19.1458260">
    <ele>1233.4</ele>
    <time>2026-06-03T19:22:05Z</time>
   </trkpt>
   <trkpt lat="69.6071750" lon="19.1458260">
    <ele>1233.4</ele>
    <time>2026-06-03T19:22:06Z</time>
   </trkpt>
   <trkpt lat="69.6071750" lon="19.1458260">
    <ele>1233.4</ele>
    <time>2026-06-03T19:22:07Z</time>
   </trkpt>
   <trkpt lat="69.6071750" lon="19.1458260">
    <ele>1233.4</ele>
    <time>2026-06-03T19:22:08Z</time>
   </trkpt>
   <trkpt lat="69.6071750" lon="19.1458260">
    <ele>1233.4</ele>
    <time>2026-06-03T19:22:09Z</time>
   </trkpt>
   <trkpt lat="69.6071750" lon="19.1458260">
    <ele>1233.4</ele>
    <time>2026-06-03T19:22:10Z</time>
   </trkpt>
   <trkpt lat="69.6071950" lon="19.1458610">
    <ele>1233.3</ele>
    <time>2026-06-03T19:22:11Z</time>
   </trkpt>
   <trkpt lat="69.6071950" lon="19.1458610">
    <ele>1233.3</ele>
    <time>2026-06-03T19:22:12Z</time>
   </trkpt>
   <trkpt lat="69.6071950" lon="19.1458610">
    <ele>1233.3</ele>
    <time>2026-06-03T19:22:13Z</time>
   </trkpt>
   <trkpt lat="69.6071950" lon="19.1458610">
    <ele>1233.3</ele>
    <time>2026-06-03T19:22:14Z</time>
   </trkpt>
   <trkpt lat="69.6071950" lon="19.1458610">
    <ele>1233.3</ele>
    <time>2026-06-03T19:22:15Z</time>
   </trkpt>
   <trkpt lat="69.6071950" lon="19.1458610">
    <ele>1233.3</ele>
    <time>2026-06-03T19:22:16Z</time>
   </trkpt>
   <trkpt lat="69.6071950" lon="19.1458610">
    <ele>1233.3</ele>
    <time>2026-06-03T19:22:17Z</time>
   </trkpt>
   <trkpt lat="69.6071950" lon="19.1458610">
    <ele>1233.3</ele>
    <time>2026-06-03T19:22:18Z</time>
   </trkpt>
   <trkpt lat="69.6071950" lon="19.1458610">
    <ele>1233.3</ele>
    <time>2026-06-03T19:22:19Z</time>
   </trkpt>
   <trkpt lat="69.6071950" lon="19.1458610">
    <ele>1233.3</ele>
    <time>2026-06-03T19:22:20Z</time>
   </trkpt>
   <trkpt lat="69.6071950" lon="19.1458610">
    <ele>1233.3</ele>
    <time>2026-06-03T19:22:21Z</time>
   </trkpt>
   <trkpt lat="69.6071950" lon="19.1458610">
    <ele>1233.3</ele>
    <time>2026-06-03T19:22:22Z</time>
   </trkpt>
   <trkpt lat="69.6071950" lon="19.1458610">
    <ele>1233.3</ele>
    <time>2026-06-03T19:22:23Z</time>
   </trkpt>
   <trkpt lat="69.6071950" lon="19.1458610">
    <ele>1233.3</ele>
    <time>2026-06-03T19:22:24Z</time>
   </trkpt>
   <trkpt lat="69.6071950" lon="19.1458610">
    <ele>1233.3</ele>
    <time>2026-06-03T19:22:25Z</time>
   </trkpt>
   <trkpt lat="69.6071950" lon="19.1458610">
    <ele>1233.3</ele>
    <time>2026-06-03T19:22:26Z</time>
   </trkpt>
   <trkpt lat="69.6071950" lon="19.1458610">
    <ele>1233.3</ele>
    <time>2026-06-03T19:22:27Z</time>
   </trkpt>
   <trkpt lat="69.6071950" lon="19.1458610">
    <ele>1233.3</ele>
    <time>2026-06-03T19:22:28Z</time>
   </trkpt>
   <trkpt lat="69.6071750" lon="19.1458300">
    <ele>1233.3</ele>
    <time>2026-06-03T19:22:29Z</time>
   </trkpt>
   <trkpt lat="69.6071750" lon="19.1458300">
    <ele>1233.3</ele>
    <time>2026-06-03T19:22:30Z</time>
   </trkpt>
   <trkpt lat="69.6071750" lon="19.1458300">
    <ele>1233.3</ele>
    <time>2026-06-03T19:22:31Z</time>
   </trkpt>
   <trkpt lat="69.6071750" lon="19.1458300">
    <ele>1233.3</ele>
    <time>2026-06-03T19:22:32Z</time>
   </trkpt>
   <trkpt lat="69.6071750" lon="19.1458300">
    <ele>1233.3</ele>
    <time>2026-06-03T19:22:33Z</time>
   </trkpt>
   <trkpt lat="69.6071750" lon="19.1458300">
    <ele>1233.3</ele>
    <time>2026-06-03T19:22:34Z</time>
   </trkpt>
   <trkpt lat="69.6071750" lon="19.1458300">
    <ele>1233.3</ele>
    <time>2026-06-03T19:22:35Z</time>
   </trkpt>
   <trkpt lat="69.6071750" lon="19.1458300">
    <ele>1233.3</ele>
    <time>2026-06-03T19:22:36Z</time>
   </trkpt>
   <trkpt lat="69.6071750" lon="19.1458300">
    <ele>1233.3</ele>
    <time>2026-06-03T19:22:37Z</time>
   </trkpt>
   <trkpt lat="69.6071750" lon="19.1458300">
    <ele>1233.3</ele>
    <time>2026-06-03T19:22:38Z</time>
   </trkpt>
   <trkpt lat="69.6071750" lon="19.1458300">
    <ele>1233.3</ele>
    <time>2026-06-03T19:22:39Z</time>
   </trkpt>
   <trkpt lat="69.6071750" lon="19.1458300">
    <ele>1233.3</ele>
    <time>2026-06-03T19:22:40Z</time>
   </trkpt>
   <trkpt lat="69.6071890" lon="19.1457970">
    <ele>1233.3</ele>
    <time>2026-06-03T19:22:41Z</time>
   </trkpt>
   <trkpt lat="69.6071890" lon="19.1457970">
    <ele>1233.3</ele>
    <time>2026-06-03T19:22:42Z</time>
   </trkpt>
   <trkpt lat="69.6071890" lon="19.1457970">
    <ele>1233.3</ele>
    <time>2026-06-03T19:22:43Z</time>
   </trkpt>
   <trkpt lat="69.6071890" lon="19.1457970">
    <ele>1233.3</ele>
    <time>2026-06-03T19:22:44Z</time>
   </trkpt>
   <trkpt lat="69.6071890" lon="19.1457970">
    <ele>1233.3</ele>
    <time>2026-06-03T19:22:45Z</time>
   </trkpt>
   <trkpt lat="69.6071890" lon="19.1457970">
    <ele>1233.3</ele>
    <time>2026-06-03T19:22:46Z</time>
   </trkpt>
   <trkpt lat="69.6071890" lon="19.1457970">
    <ele>1233.3</ele>
    <time>2026-06-03T19:22:47Z</time>
   </trkpt>
   <trkpt lat="69.6071890" lon="19.1457970">
    <ele>1233.3</ele>
    <time>2026-06-03T19:22:48Z</time>
   </trkpt>
   <trkpt lat="69.6071890" lon="19.1457970">
    <ele>1233.3</ele>
    <time>2026-06-03T19:22:49Z</time>
   </trkpt>
   <trkpt lat="69.6071890" lon="19.1457970">
    <ele>1233.3</ele>
    <time>2026-06-03T19:22:50Z</time>
   </trkpt>
   <trkpt lat="69.6071890" lon="19.1457970">
    <ele>1233.3</ele>
    <time>2026-06-03T19:22:51Z</time>
   </trkpt>
   <trkpt lat="69.6071890" lon="19.1457970">
    <ele>1233.3</ele>
    <time>2026-06-03T19:22:52Z</time>
   </trkpt>
   <trkpt lat="69.6071890" lon="19.1457970">
    <ele>1233.3</ele>
    <time>2026-06-03T19:22:53Z</time>
   </trkpt>
   <trkpt lat="69.6071890" lon="19.1457970">
    <ele>1233.3</ele>
    <time>2026-06-03T19:22:54Z</time>
   </trkpt>
   <trkpt lat="69.6071890" lon="19.1457970">
    <ele>1233.3</ele>
    <time>2026-06-03T19:22:55Z</time>
   </trkpt>
   <trkpt lat="69.6071890" lon="19.1457970">
    <ele>1233.3</ele>
    <time>2026-06-03T19:22:56Z</time>
   </trkpt>
   <trkpt lat="69.6071890" lon="19.1457970">
    <ele>1233.3</ele>
    <time>2026-06-03T19:22:57Z</time>
   </trkpt>
   <trkpt lat="69.6071890" lon="19.1457970">
    <ele>1233.3</ele>
    <time>2026-06-03T19:22:58Z</time>
   </trkpt>
   <trkpt lat="69.6071890" lon="19.1457970">
    <ele>1233.3</ele>
    <time>2026-06-03T19:22:59Z</time>
   </trkpt>
   <trkpt lat="69.6071890" lon="19.1457970">
    <ele>1233.3</ele>
    <time>2026-06-03T19:23:00Z</time>
   </trkpt>
   <trkpt lat="69.6071890" lon="19.1457970">
    <ele>1233.3</ele>
    <time>2026-06-03T19:23:01Z</time>
   </trkpt>
   <trkpt lat="69.6071890" lon="19.1457970">
    <ele>1233.3</ele>
    <time>2026-06-03T19:23:02Z</time>
   </trkpt>
   <trkpt lat="69.6071890" lon="19.1457970">
    <ele>1233.3</ele>
    <time>2026-06-03T19:23:03Z</time>
   </trkpt>
   <trkpt lat="69.6071890" lon="19.1457970">
    <ele>1233.3</ele>
    <time>2026-06-03T19:23:04Z</time>
   </trkpt>
   <trkpt lat="69.6071890" lon="19.1457970">
    <ele>1233.3</ele>
    <time>2026-06-03T19:23:05Z</time>
   </trkpt>
   <trkpt lat="69.6071890" lon="19.1457970">
    <ele>1233.3</ele>
    <time>2026-06-03T19:23:06Z</time>
   </trkpt>
   <trkpt lat="69.6071890" lon="19.1457970">
    <ele>1233.3</ele>
    <time>2026-06-03T19:23:07Z</time>
   </trkpt>
   <trkpt lat="69.6071890" lon="19.1457970">
    <ele>1233.3</ele>
    <time>2026-06-03T19:23:08Z</time>
   </trkpt>
   <trkpt lat="69.6071890" lon="19.1457970">
    <ele>1233.3</ele>
    <time>2026-06-03T19:23:09Z</time>
   </trkpt>
   <trkpt lat="69.6071890" lon="19.1457970">
    <ele>1233.3</ele>
    <time>2026-06-03T19:23:10Z</time>
   </trkpt>
   <trkpt lat="69.6071890" lon="19.1457970">
    <ele>1233.3</ele>
    <time>2026-06-03T19:23:11Z</time>
   </trkpt>
   <trkpt lat="69.6071890" lon="19.1457970">
    <ele>1233.3</ele>
    <time>2026-06-03T19:23:12Z</time>
   </trkpt>
   <trkpt lat="69.6071890" lon="19.1457970">
    <ele>1233.3</ele>
    <time>2026-06-03T19:23:13Z</time>
   </trkpt>
   <trkpt lat="69.6071890" lon="19.1457970">
    <ele>1233.3</ele>
    <time>2026-06-03T19:23:14Z</time>
   </trkpt>
   <trkpt lat="69.6071890" lon="19.1457970">
    <ele>1233.3</ele>
    <time>2026-06-03T19:23:15Z</time>
   </trkpt>
   <trkpt lat="69.6071890" lon="19.1457970">
    <ele>1233.3</ele>
    <time>2026-06-03T19:23:16Z</time>
   </trkpt>
   <trkpt lat="69.6071890" lon="19.1457970">
    <ele>1233.3</ele>
    <time>2026-06-03T19:23:17Z</time>
   </trkpt>
   <trkpt lat="69.6071890" lon="19.1457970">
    <ele>1233.3</ele>
    <time>2026-06-03T19:23:18Z</time>
   </trkpt>
   <trkpt lat="69.6071890" lon="19.1457970">
    <ele>1233.3</ele>
    <time>2026-06-03T19:23:19Z</time>
   </trkpt>
   <trkpt lat="69.6071890" lon="19.1457970">
    <ele>1233.3</ele>
    <time>2026-06-03T19:23:20Z</time>
   </trkpt>
   <trkpt lat="69.6071890" lon="19.1457970">
    <ele>1233.3</ele>
    <time>2026-06-03T19:23:21Z</time>
   </trkpt>
   <trkpt lat="69.6071890" lon="19.1457970">
    <ele>1233.3</ele>
    <time>2026-06-03T19:23:22Z</time>
   </trkpt>
   <trkpt lat="69.6071890" lon="19.1457970">
    <ele>1233.3</ele>
    <time>2026-06-03T19:23:23Z</time>
   </trkpt>
   <trkpt lat="69.6071890" lon="19.1457970">
    <ele>1233.3</ele>
    <time>2026-06-03T19:23:24Z</time>
   </trkpt>
   <trkpt lat="69.6071890" lon="19.1457970">
    <ele>1233.3</ele>
    <time>2026-06-03T19:23:25Z</time>
   </trkpt>
   <trkpt lat="69.6071890" lon="19.1457970">
    <ele>1233.3</ele>
    <time>2026-06-03T19:23:26Z</time>
   </trkpt>
   <trkpt lat="69.6071890" lon="19.1457970">
    <ele>1233.3</ele>
    <time>2026-06-03T19:23:27Z</time>
   </trkpt>
   <trkpt lat="69.6071890" lon="19.1457970">
    <ele>1233.3</ele>
    <time>2026-06-03T19:23:28Z</time>
   </trkpt>
   <trkpt lat="69.6071890" lon="19.1457970">
    <ele>1233.3</ele>
    <time>2026-06-03T19:23:29Z</time>
   </trkpt>
   <trkpt lat="69.6071890" lon="19.1457970">
    <ele>1233.3</ele>
    <time>2026-06-03T19:23:30Z</time>
   </trkpt>
   <trkpt lat="69.6071890" lon="19.1457970">
    <ele>1233.3</ele>
    <time>2026-06-03T19:23:31Z</time>
   </trkpt>
   <trkpt lat="69.6071890" lon="19.1457970">
    <ele>1233.3</ele>
    <time>2026-06-03T19:23:32Z</time>
   </trkpt>
   <trkpt lat="69.6071890" lon="19.1457970">
    <ele>1233.3</ele>
    <time>2026-06-03T19:23:33Z</time>
   </trkpt>
   <trkpt lat="69.6071890" lon="19.1457970">
    <ele>1233.3</ele>
    <time>2026-06-03T19:23:34Z</time>
   </trkpt>
   <trkpt lat="69.6071890" lon="19.1457970">
    <ele>1233.3</ele>
    <time>2026-06-03T19:23:35Z</time>
   </trkpt>
   <trkpt lat="69.6071890" lon="19.1457970">
    <ele>1233.3</ele>
    <time>2026-06-03T19:23:36Z</time>
   </trkpt>
   <trkpt lat="69.6071890" lon="19.1457970">
    <ele>1233.3</ele>
    <time>2026-06-03T19:23:37Z</time>
   </trkpt>
   <trkpt lat="69.6071890" lon="19.1457970">
    <ele>1233.3</ele>
    <time>2026-06-03T19:23:38Z</time>
   </trkpt>
   <trkpt lat="69.6071890" lon="19.1457970">
    <ele>1233.3</ele>
    <time>2026-06-03T19:23:39Z</time>
   </trkpt>
   <trkpt lat="69.6071890" lon="19.1457970">
    <ele>1233.3</ele>
    <time>2026-06-03T19:23:40Z</time>
   </trkpt>
   <trkpt lat="69.6071890" lon="19.1457970">
    <ele>1233.3</ele>
    <time>2026-06-03T19:23:41Z</time>
   </trkpt>
   <trkpt lat="69.6071890" lon="19.1457970">
    <ele>1233.3</ele>
    <time>2026-06-03T19:23:42Z</time>
   </trkpt>
   <trkpt lat="69.6071890" lon="19.1457970">
    <ele>1233.3</ele>
    <time>2026-06-03T19:23:43Z</time>
   </trkpt>
   <trkpt lat="69.6071890" lon="19.1457970">
    <ele>1233.3</ele>
    <time>2026-06-03T19:23:44Z</time>
   </trkpt>
   <trkpt lat="69.6071890" lon="19.1457970">
    <ele>1233.3</ele>
    <time>2026-06-03T19:23:45Z</time>
   </trkpt>
   <trkpt lat="69.6071890" lon="19.1457970">
    <ele>1233.3</ele>
    <time>2026-06-03T19:23:46Z</time>
   </trkpt>
   <trkpt lat="69.6071890" lon="19.1457970">
    <ele>1233.3</ele>
    <time>2026-06-03T19:23:47Z</time>
   </trkpt>
   <trkpt lat="69.6071890" lon="19.1457970">
    <ele>1233.3</ele>
    <time>2026-06-03T19:23:48Z</time>
   </trkpt>
   <trkpt lat="69.6071890" lon="19.1457970">
    <ele>1233.3</ele>
    <time>2026-06-03T19:23:49Z</time>
   </trkpt>
   <trkpt lat="69.6071890" lon="19.1457970">
    <ele>1233.3</ele>
    <time>2026-06-03T19:23:50Z</time>
   </trkpt>
   <trkpt lat="69.6071890" lon="19.1457970">
    <ele>1233.3</ele>
    <time>2026-06-03T19:23:51Z</time>
   </trkpt>
   <trkpt lat="69.6071890" lon="19.1457970">
    <ele>1233.3</ele>
    <time>2026-06-03T19:23:52Z</time>
   </trkpt>
   <trkpt lat="69.6071890" lon="19.1457970">
    <ele>1233.3</ele>
    <time>2026-06-03T19:23:53Z</time>
   </trkpt>
   <trkpt lat="69.6071890" lon="19.1457970">
    <ele>1233.3</ele>
    <time>2026-06-03T19:23:54Z</time>
   </trkpt>
   <trkpt lat="69.6071890" lon="19.1457970">
    <ele>1233.3</ele>
    <time>2026-06-03T19:23:55Z</time>
   </trkpt>
   <trkpt lat="69.6071890" lon="19.1457970">
    <ele>1233.3</ele>
    <time>2026-06-03T19:23:56Z</time>
   </trkpt>
   <trkpt lat="69.6071890" lon="19.1457970">
    <ele>1233.3</ele>
    <time>2026-06-03T19:23:57Z</time>
   </trkpt>
   <trkpt lat="69.6071890" lon="19.1457970">
    <ele>1233.3</ele>
    <time>2026-06-03T19:23:58Z</time>
   </trkpt>
   <trkpt lat="69.6071890" lon="19.1457970">
    <ele>1233.3</ele>
    <time>2026-06-03T19:23:59Z</time>
   </trkpt>
   <trkpt lat="69.6071890" lon="19.1457970">
    <ele>1233.3</ele>
    <time>2026-06-03T19:24:00Z</time>
   </trkpt>
   <trkpt lat="69.6071890" lon="19.1457970">
    <ele>1233.3</ele>
    <time>2026-06-03T19:24:01Z</time>
   </trkpt>
   <trkpt lat="69.6071890" lon="19.1457970">
    <ele>1233.3</ele>
    <time>2026-06-03T19:24:02Z</time>
   </trkpt>
   <trkpt lat="69.6071890" lon="19.1457970">
    <ele>1233.3</ele>
    <time>2026-06-03T19:24:03Z</time>
   </trkpt>
   <trkpt lat="69.6071890" lon="19.1457970">
    <ele>1233.3</ele>
    <time>2026-06-03T19:24:04Z</time>
   </trkpt>
   <trkpt lat="69.6071890" lon="19.1457970">
    <ele>1233.3</ele>
    <time>2026-06-03T19:24:05Z</time>
   </trkpt>
   <trkpt lat="69.6071890" lon="19.1457970">
    <ele>1233.3</ele>
    <time>2026-06-03T19:24:06Z</time>
   </trkpt>
   <trkpt lat="69.6071890" lon="19.1457970">
    <ele>1233.3</ele>
    <time>2026-06-03T19:24:07Z</time>
   </trkpt>
   <trkpt lat="69.6071890" lon="19.1457970">
    <ele>1233.3</ele>
    <time>2026-06-03T19:24:08Z</time>
   </trkpt>
   <trkpt lat="69.6071890" lon="19.1457970">
    <ele>1233.3</ele>
    <time>2026-06-03T19:24:09Z</time>
   </trkpt>
   <trkpt lat="69.6071890" lon="19.1457970">
    <ele>1233.3</ele>
    <time>2026-06-03T19:24:10Z</time>
   </trkpt>
   <trkpt lat="69.6071890" lon="19.1457970">
    <ele>1233.3</ele>
    <time>2026-06-03T19:24:11Z</time>
   </trkpt>
   <trkpt lat="69.6071890" lon="19.1457970">
    <ele>1233.3</ele>
    <time>2026-06-03T19:24:12Z</time>
   </trkpt>
   <trkpt lat="69.6071890" lon="19.1457970">
    <ele>1233.3</ele>
    <time>2026-06-03T19:24:13Z</time>
   </trkpt>
   <trkpt lat="69.6071890" lon="19.1457970">
    <ele>1233.3</ele>
    <time>2026-06-03T19:24:14Z</time>
   </trkpt>
   <trkpt lat="69.6071890" lon="19.1457970">
    <ele>1233.3</ele>
    <time>2026-06-03T19:24:15Z</time>
   </trkpt>
   <trkpt lat="69.6071890" lon="19.1457970">
    <ele>1233.3</ele>
    <time>2026-06-03T19:24:16Z</time>
   </trkpt>
   <trkpt lat="69.6071890" lon="19.1457970">
    <ele>1233.3</ele>
    <time>2026-06-03T19:24:17Z</time>
   </trkpt>
   <trkpt lat="69.6071890" lon="19.1457970">
    <ele>1233.3</ele>
    <time>2026-06-03T19:24:18Z</time>
   </trkpt>
   <trkpt lat="69.6071890" lon="19.1457970">
    <ele>1233.3</ele>
    <time>2026-06-03T19:24:19Z</time>
   </trkpt>
   <trkpt lat="69.6071890" lon="19.1457970">
    <ele>1233.3</ele>
    <time>2026-06-03T19:24:20Z</time>
   </trkpt>
   <trkpt lat="69.6071890" lon="19.1457970">
    <ele>1233.3</ele>
    <time>2026-06-03T19:24:21Z</time>
   </trkpt>
   <trkpt lat="69.6071890" lon="19.1457970">
    <ele>1233.3</ele>
    <time>2026-06-03T19:24:22Z</time>
   </trkpt>
   <trkpt lat="69.6071890" lon="19.1457970">
    <ele>1233.3</ele>
    <time>2026-06-03T19:24:23Z</time>
   </trkpt>
   <trkpt lat="69.6071890" lon="19.1457970">
    <ele>1233.3</ele>
    <time>2026-06-03T19:24:24Z</time>
   </trkpt>
   <trkpt lat="69.6071890" lon="19.1457970">
    <ele>1233.3</ele>
    <time>2026-06-03T19:24:25Z</time>
   </trkpt>
   <trkpt lat="69.6071890" lon="19.1457970">
    <ele>1233.3</ele>
    <time>2026-06-03T19:24:26Z</time>
   </trkpt>
   <trkpt lat="69.6071890" lon="19.1457970">
    <ele>1233.3</ele>
    <time>2026-06-03T19:24:27Z</time>
   </trkpt>
   <trkpt lat="69.6071890" lon="19.1457970">
    <ele>1233.3</ele>
    <time>2026-06-03T19:24:28Z</time>
   </trkpt>
   <trkpt lat="69.6071890" lon="19.1457970">
    <ele>1233.3</ele>
    <time>2026-06-03T19:24:29Z</time>
   </trkpt>
   <trkpt lat="69.6071890" lon="19.1457970">
    <ele>1233.3</ele>
    <time>2026-06-03T19:24:30Z</time>
   </trkpt>
   <trkpt lat="69.6071890" lon="19.1457970">
    <ele>1233.3</ele>
    <time>2026-06-03T19:24:31Z</time>
   </trkpt>
   <trkpt lat="69.6071890" lon="19.1457970">
    <ele>1233.3</ele>
    <time>2026-06-03T19:24:32Z</time>
   </trkpt>
   <trkpt lat="69.6071890" lon="19.1457970">
    <ele>1233.3</ele>
    <time>2026-06-03T19:24:33Z</time>
   </trkpt>
   <trkpt lat="69.6071890" lon="19.1457970">
    <ele>1233.3</ele>
    <time>2026-06-03T19:24:34Z</time>
   </trkpt>
   <trkpt lat="69.6071890" lon="19.1457970">
    <ele>1233.3</ele>
    <time>2026-06-03T19:24:35Z</time>
   </trkpt>
   <trkpt lat="69.6071890" lon="19.1457970">
    <ele>1233.3</ele>
    <time>2026-06-03T19:24:36Z</time>
   </trkpt>
   <trkpt lat="69.6071890" lon="19.1457970">
    <ele>1233.3</ele>
    <time>2026-06-03T19:24:37Z</time>
   </trkpt>
   <trkpt lat="69.6071890" lon="19.1457970">
    <ele>1233.3</ele>
    <time>2026-06-03T19:24:38Z</time>
   </trkpt>
   <trkpt lat="69.6071890" lon="19.1457970">
    <ele>1233.3</ele>
    <time>2026-06-03T19:24:39Z</time>
   </trkpt>
   <trkpt lat="69.6071890" lon="19.1457970">
    <ele>1233.3</ele>
    <time>2026-06-03T19:24:40Z</time>
   </trkpt>
   <trkpt lat="69.6071890" lon="19.1457970">
    <ele>1233.3</ele>
    <time>2026-06-03T19:24:41Z</time>
   </trkpt>
   <trkpt lat="69.6071890" lon="19.1457970">
    <ele>1233.3</ele>
    <time>2026-06-03T19:24:42Z</time>
   </trkpt>
   <trkpt lat="69.6071890" lon="19.1457970">
    <ele>1233.3</ele>
    <time>2026-06-03T19:24:43Z</time>
   </trkpt>
   <trkpt lat="69.6071890" lon="19.1457970">
    <ele>1233.3</ele>
    <time>2026-06-03T19:24:44Z</time>
   </trkpt>
   <trkpt lat="69.6071890" lon="19.1457970">
    <ele>1233.3</ele>
    <time>2026-06-03T19:24:45Z</time>
   </trkpt>
   <trkpt lat="69.6071890" lon="19.1457970">
    <ele>1233.3</ele>
    <time>2026-06-03T19:24:46Z</time>
   </trkpt>
   <trkpt lat="69.6071890" lon="19.1457970">
    <ele>1233.3</ele>
    <time>2026-06-03T19:24:47Z</time>
   </trkpt>
   <trkpt lat="69.6071890" lon="19.1457970">
    <ele>1233.3</ele>
    <time>2026-06-03T19:24:48Z</time>
   </trkpt>
   <trkpt lat="69.6071890" lon="19.1457970">
    <ele>1233.3</ele>
    <time>2026-06-03T19:24:49Z</time>
   </trkpt>
   <trkpt lat="69.6071890" lon="19.1457970">
    <ele>1233.3</ele>
    <time>2026-06-03T19:24:50Z</time>
   </trkpt>
   <trkpt lat="69.6071890" lon="19.1457970">
    <ele>1233.3</ele>
    <time>2026-06-03T19:24:51Z</time>
   </trkpt>
   <trkpt lat="69.6071890" lon="19.1457970">
    <ele>1233.3</ele>
    <time>2026-06-03T19:24:52Z</time>
   </trkpt>
   <trkpt lat="69.6071890" lon="19.1457970">
    <ele>1233.3</ele>
    <time>2026-06-03T19:24:53Z</time>
   </trkpt>
   <trkpt lat="69.6071890" lon="19.1457970">
    <ele>1233.3</ele>
    <time>2026-06-03T19:24:54Z</time>
   </trkpt>
   <trkpt lat="69.6071890" lon="19.1457970">
    <ele>1233.3</ele>
    <time>2026-06-03T19:24:55Z</time>
   </trkpt>
   <trkpt lat="69.6071890" lon="19.1457970">
    <ele>1233.3</ele>
    <time>2026-06-03T19:24:56Z</time>
   </trkpt>
   <trkpt lat="69.6071890" lon="19.1457970">
    <ele>1233.3</ele>
    <time>2026-06-03T19:24:57Z</time>
   </trkpt>
   <trkpt lat="69.6071890" lon="19.1457970">
    <ele>1233.3</ele>
    <time>2026-06-03T19:24:58Z</time>
   </trkpt>
   <trkpt lat="69.6071890" lon="19.1457970">
    <ele>1233.3</ele>
    <time>2026-06-03T19:24:59Z</time>
   </trkpt>
   <trkpt lat="69.6071890" lon="19.1457970">
    <ele>1233.3</ele>
    <time>2026-06-03T19:25:00Z</time>
   </trkpt>
   <trkpt lat="69.6071890" lon="19.1457970">
    <ele>1233.3</ele>
    <time>2026-06-03T19:25:01Z</time>
   </trkpt>
   <trkpt lat="69.6071890" lon="19.1457970">
    <ele>1233.3</ele>
    <time>2026-06-03T19:25:02Z</time>
   </trkpt>
   <trkpt lat="69.6071890" lon="19.1457970">
    <ele>1233.3</ele>
    <time>2026-06-03T19:25:03Z</time>
   </trkpt>
   <trkpt lat="69.6071890" lon="19.1457970">
    <ele>1233.3</ele>
    <time>2026-06-03T19:25:04Z</time>
   </trkpt>
   <trkpt lat="69.6071890" lon="19.1457970">
    <ele>1233.3</ele>
    <time>2026-06-03T19:25:05Z</time>
   </trkpt>
   <trkpt lat="69.6071890" lon="19.1457970">
    <ele>1233.3</ele>
    <time>2026-06-03T19:25:06Z</time>
   </trkpt>
   <trkpt lat="69.6071890" lon="19.1457970">
    <ele>1233.3</ele>
    <time>2026-06-03T19:25:07Z</time>
   </trkpt>
   <trkpt lat="69.6071890" lon="19.1457970">
    <ele>1233.3</ele>
    <time>2026-06-03T19:25:08Z</time>
   </trkpt>
   <trkpt lat="69.6071890" lon="19.1457970">
    <ele>1233.3</ele>
    <time>2026-06-03T19:25:09Z</time>
   </trkpt>
   <trkpt lat="69.6071890" lon="19.1457970">
    <ele>1233.3</ele>
    <time>2026-06-03T19:25:10Z</time>
   </trkpt>
   <trkpt lat="69.6071890" lon="19.1457970">
    <ele>1233.3</ele>
    <time>2026-06-03T19:25:11Z</time>
   </trkpt>
   <trkpt lat="69.6071890" lon="19.1457970">
    <ele>1233.3</ele>
    <time>2026-06-03T19:25:12Z</time>
   </trkpt>
   <trkpt lat="69.6071890" lon="19.1457970">
    <ele>1233.3</ele>
    <time>2026-06-03T19:25:13Z</time>
   </trkpt>
   <trkpt lat="69.6071890" lon="19.1457970">
    <ele>1233.3</ele>
    <time>2026-06-03T19:25:14Z</time>
   </trkpt>
   <trkpt lat="69.6071890" lon="19.1457970">
    <ele>1233.3</ele>
    <time>2026-06-03T19:25:15Z</time>
   </trkpt>
   <trkpt lat="69.6071890" lon="19.1457970">
    <ele>1233.3</ele>
    <time>2026-06-03T19:25:16Z</time>
   </trkpt>
   <trkpt lat="69.6071890" lon="19.1457970">
    <ele>1233.3</ele>
    <time>2026-06-03T19:25:17Z</time>
   </trkpt>
   <trkpt lat="69.6071890" lon="19.1457970">
    <ele>1233.3</ele>
    <time>2026-06-03T19:25:18Z</time>
   </trkpt>
   <trkpt lat="69.6071890" lon="19.1457970">
    <ele>1233.3</ele>
    <time>2026-06-03T19:25:19Z</time>
   </trkpt>
   <trkpt lat="69.6071890" lon="19.1457970">
    <ele>1233.3</ele>
    <time>2026-06-03T19:25:20Z</time>
   </trkpt>
   <trkpt lat="69.6071890" lon="19.1457970">
    <ele>1233.3</ele>
    <time>2026-06-03T19:25:21Z</time>
   </trkpt>
   <trkpt lat="69.6071890" lon="19.1457970">
    <ele>1233.3</ele>
    <time>2026-06-03T19:25:22Z</time>
   </trkpt>
   <trkpt lat="69.6071890" lon="19.1457970">
    <ele>1233.3</ele>
    <time>2026-06-03T19:25:23Z</time>
   </trkpt>
   <trkpt lat="69.6071890" lon="19.1457970">
    <ele>1233.3</ele>
    <time>2026-06-03T19:25:24Z</time>
   </trkpt>
   <trkpt lat="69.6071890" lon="19.1457970">
    <ele>1233.3</ele>
    <time>2026-06-03T19:25:25Z</time>
   </trkpt>
   <trkpt lat="69.6071890" lon="19.1457970">
    <ele>1233.3</ele>
    <time>2026-06-03T19:25:26Z</time>
   </trkpt>
   <trkpt lat="69.6071890" lon="19.1457970">
    <ele>1233.3</ele>
    <time>2026-06-03T19:25:27Z</time>
   </trkpt>
   <trkpt lat="69.6071890" lon="19.1457970">
    <ele>1233.3</ele>
    <time>2026-06-03T19:25:28Z</time>
   </trkpt>
   <trkpt lat="69.6071890" lon="19.1457970">
    <ele>1233.3</ele>
    <time>2026-06-03T19:25:29Z</time>
   </trkpt>
   <trkpt lat="69.6071890" lon="19.1457970">
    <ele>1233.3</ele>
    <time>2026-06-03T19:25:30Z</time>
   </trkpt>
   <trkpt lat="69.6071890" lon="19.1458510">
    <ele>1233.2</ele>
    <time>2026-06-03T19:25:31Z</time>
   </trkpt>
   <trkpt lat="69.6071890" lon="19.1458510">
    <ele>1233.2</ele>
    <time>2026-06-03T19:25:32Z</time>
   </trkpt>
   <trkpt lat="69.6071890" lon="19.1458510">
    <ele>1233.2</ele>
    <time>2026-06-03T19:25:33Z</time>
   </trkpt>
   <trkpt lat="69.6071890" lon="19.1458510">
    <ele>1233.2</ele>
    <time>2026-06-03T19:25:34Z</time>
   </trkpt>
   <trkpt lat="69.6071890" lon="19.1458510">
    <ele>1233.2</ele>
    <time>2026-06-03T19:25:35Z</time>
   </trkpt>
   <trkpt lat="69.6071890" lon="19.1458510">
    <ele>1233.2</ele>
    <time>2026-06-03T19:25:36Z</time>
   </trkpt>
   <trkpt lat="69.6071890" lon="19.1458510">
    <ele>1233.2</ele>
    <time>2026-06-03T19:25:37Z</time>
   </trkpt>
   <trkpt lat="69.6071890" lon="19.1458510">
    <ele>1233.2</ele>
    <time>2026-06-03T19:25:38Z</time>
   </trkpt>
   <trkpt lat="69.6071890" lon="19.1458510">
    <ele>1233.2</ele>
    <time>2026-06-03T19:25:39Z</time>
   </trkpt>
   <trkpt lat="69.6071890" lon="19.1458510">
    <ele>1233.2</ele>
    <time>2026-06-03T19:25:40Z</time>
   </trkpt>
   <trkpt lat="69.6071890" lon="19.1458510">
    <ele>1233.2</ele>
    <time>2026-06-03T19:25:41Z</time>
   </trkpt>
   <trkpt lat="69.6071820" lon="19.1459110">
    <ele>1233.2</ele>
    <time>2026-06-03T19:25:42Z</time>
   </trkpt>
   <trkpt lat="69.6071820" lon="19.1459110">
    <ele>1233.2</ele>
    <time>2026-06-03T19:25:43Z</time>
   </trkpt>
   <trkpt lat="69.6071820" lon="19.1459110">
    <ele>1233.2</ele>
    <time>2026-06-03T19:25:44Z</time>
   </trkpt>
   <trkpt lat="69.6071820" lon="19.1459110">
    <ele>1233.2</ele>
    <time>2026-06-03T19:25:45Z</time>
   </trkpt>
   <trkpt lat="69.6071820" lon="19.1459110">
    <ele>1233.2</ele>
    <time>2026-06-03T19:25:46Z</time>
   </trkpt>
   <trkpt lat="69.6071820" lon="19.1459110">
    <ele>1233.2</ele>
    <time>2026-06-03T19:25:47Z</time>
   </trkpt>
   <trkpt lat="69.6071820" lon="19.1459110">
    <ele>1233.2</ele>
    <time>2026-06-03T19:25:48Z</time>
   </trkpt>
   <trkpt lat="69.6071820" lon="19.1459110">
    <ele>1233.2</ele>
    <time>2026-06-03T19:25:49Z</time>
   </trkpt>
   <trkpt lat="69.6071820" lon="19.1459110">
    <ele>1233.2</ele>
    <time>2026-06-03T19:25:50Z</time>
   </trkpt>
   <trkpt lat="69.6071820" lon="19.1459110">
    <ele>1233.2</ele>
    <time>2026-06-03T19:25:51Z</time>
   </trkpt>
   <trkpt lat="69.6071820" lon="19.1459110">
    <ele>1233.2</ele>
    <time>2026-06-03T19:25:52Z</time>
   </trkpt>
   <trkpt lat="69.6071820" lon="19.1459110">
    <ele>1233.2</ele>
    <time>2026-06-03T19:25:53Z</time>
   </trkpt>
   <trkpt lat="69.6071820" lon="19.1459110">
    <ele>1233.2</ele>
    <time>2026-06-03T19:25:54Z</time>
   </trkpt>
   <trkpt lat="69.6071820" lon="19.1459110">
    <ele>1233.2</ele>
    <time>2026-06-03T19:25:55Z</time>
   </trkpt>
   <trkpt lat="69.6071820" lon="19.1459110">
    <ele>1233.2</ele>
    <time>2026-06-03T19:25:56Z</time>
   </trkpt>
   <trkpt lat="69.6071820" lon="19.1459110">
    <ele>1233.2</ele>
    <time>2026-06-03T19:25:57Z</time>
   </trkpt>
   <trkpt lat="69.6071820" lon="19.1459110">
    <ele>1233.2</ele>
    <time>2026-06-03T19:25:58Z</time>
   </trkpt>
   <trkpt lat="69.6071820" lon="19.1459110">
    <ele>1233.2</ele>
    <time>2026-06-03T19:25:59Z</time>
   </trkpt>
   <trkpt lat="69.6071820" lon="19.1459110">
    <ele>1233.2</ele>
    <time>2026-06-03T19:26:00Z</time>
   </trkpt>
   <trkpt lat="69.6071820" lon="19.1459110">
    <ele>1233.2</ele>
    <time>2026-06-03T19:26:01Z</time>
   </trkpt>
   <trkpt lat="69.6071820" lon="19.1459110">
    <ele>1233.2</ele>
    <time>2026-06-03T19:26:02Z</time>
   </trkpt>
   <trkpt lat="69.6071820" lon="19.1459110">
    <ele>1233.2</ele>
    <time>2026-06-03T19:26:03Z</time>
   </trkpt>
   <trkpt lat="69.6071820" lon="19.1459110">
    <ele>1233.2</ele>
    <time>2026-06-03T19:26:04Z</time>
   </trkpt>
   <trkpt lat="69.6071820" lon="19.1459110">
    <ele>1233.2</ele>
    <time>2026-06-03T19:26:05Z</time>
   </trkpt>
   <trkpt lat="69.6071820" lon="19.1459110">
    <ele>1233.2</ele>
    <time>2026-06-03T19:26:06Z</time>
   </trkpt>
   <trkpt lat="69.6071820" lon="19.1459110">
    <ele>1233.2</ele>
    <time>2026-06-03T19:26:07Z</time>
   </trkpt>
   <trkpt lat="69.6071820" lon="19.1459110">
    <ele>1233.2</ele>
    <time>2026-06-03T19:26:08Z</time>
   </trkpt>
   <trkpt lat="69.6071820" lon="19.1459110">
    <ele>1233.2</ele>
    <time>2026-06-03T19:26:09Z</time>
   </trkpt>
   <trkpt lat="69.6071820" lon="19.1459110">
    <ele>1233.2</ele>
    <time>2026-06-03T19:26:10Z</time>
   </trkpt>
   <trkpt lat="69.6071820" lon="19.1459110">
    <ele>1233.2</ele>
    <time>2026-06-03T19:26:11Z</time>
   </trkpt>
   <trkpt lat="69.6071820" lon="19.1459110">
    <ele>1233.2</ele>
    <time>2026-06-03T19:26:12Z</time>
   </trkpt>
   <trkpt lat="69.6071820" lon="19.1459110">
    <ele>1233.2</ele>
    <time>2026-06-03T19:26:13Z</time>
   </trkpt>
   <trkpt lat="69.6071820" lon="19.1459110">
    <ele>1233.2</ele>
    <time>2026-06-03T19:26:14Z</time>
   </trkpt>
   <trkpt lat="69.6071820" lon="19.1459110">
    <ele>1233.2</ele>
    <time>2026-06-03T19:26:15Z</time>
   </trkpt>
   <trkpt lat="69.6071820" lon="19.1459110">
    <ele>1233.2</ele>
    <time>2026-06-03T19:26:16Z</time>
   </trkpt>
   <trkpt lat="69.6071820" lon="19.1459110">
    <ele>1233.2</ele>
    <time>2026-06-03T19:26:17Z</time>
   </trkpt>
   <trkpt lat="69.6071820" lon="19.1459110">
    <ele>1233.2</ele>
    <time>2026-06-03T19:26:18Z</time>
   </trkpt>
   <trkpt lat="69.6071820" lon="19.1459110">
    <ele>1233.2</ele>
    <time>2026-06-03T19:26:19Z</time>
   </trkpt>
   <trkpt lat="69.6071820" lon="19.1459110">
    <ele>1233.2</ele>
    <time>2026-06-03T19:26:20Z</time>
   </trkpt>
   <trkpt lat="69.6071820" lon="19.1459110">
    <ele>1233.2</ele>
    <time>2026-06-03T19:26:21Z</time>
   </trkpt>
   <trkpt lat="69.6071820" lon="19.1459110">
    <ele>1233.2</ele>
    <time>2026-06-03T19:26:22Z</time>
   </trkpt>
   <trkpt lat="69.6071820" lon="19.1459110">
    <ele>1233.2</ele>
    <time>2026-06-03T19:26:23Z</time>
   </trkpt>
   <trkpt lat="69.6071820" lon="19.1459110">
    <ele>1233.2</ele>
    <time>2026-06-03T19:26:24Z</time>
   </trkpt>
   <trkpt lat="69.6071820" lon="19.1459110">
    <ele>1233.2</ele>
    <time>2026-06-03T19:26:25Z</time>
   </trkpt>
   <trkpt lat="69.6071820" lon="19.1459110">
    <ele>1233.2</ele>
    <time>2026-06-03T19:26:26Z</time>
   </trkpt>
   <trkpt lat="69.6071820" lon="19.1459110">
    <ele>1233.2</ele>
    <time>2026-06-03T19:26:27Z</time>
   </trkpt>
   <trkpt lat="69.6071820" lon="19.1459110">
    <ele>1233.2</ele>
    <time>2026-06-03T19:26:28Z</time>
   </trkpt>
   <trkpt lat="69.6071820" lon="19.1459110">
    <ele>1233.2</ele>
    <time>2026-06-03T19:26:29Z</time>
   </trkpt>
   <trkpt lat="69.6071820" lon="19.1459110">
    <ele>1233.2</ele>
    <time>2026-06-03T19:26:30Z</time>
   </trkpt>
   <trkpt lat="69.6071820" lon="19.1459110">
    <ele>1233.2</ele>
    <time>2026-06-03T19:26:31Z</time>
   </trkpt>
   <trkpt lat="69.6071820" lon="19.1459110">
    <ele>1233.2</ele>
    <time>2026-06-03T19:26:32Z</time>
   </trkpt>
   <trkpt lat="69.6071820" lon="19.1459110">
    <ele>1233.2</ele>
    <time>2026-06-03T19:26:33Z</time>
   </trkpt>
   <trkpt lat="69.6071820" lon="19.1459110">
    <ele>1233.2</ele>
    <time>2026-06-03T19:26:34Z</time>
   </trkpt>
   <trkpt lat="69.6071820" lon="19.1459110">
    <ele>1233.2</ele>
    <time>2026-06-03T19:26:35Z</time>
   </trkpt>
   <trkpt lat="69.6071820" lon="19.1459110">
    <ele>1233.2</ele>
    <time>2026-06-03T19:26:36Z</time>
   </trkpt>
   <trkpt lat="69.6071820" lon="19.1459110">
    <ele>1233.2</ele>
    <time>2026-06-03T19:26:37Z</time>
   </trkpt>
   <trkpt lat="69.6071820" lon="19.1459110">
    <ele>1233.2</ele>
    <time>2026-06-03T19:26:38Z</time>
   </trkpt>
   <trkpt lat="69.6071820" lon="19.1459110">
    <ele>1233.2</ele>
    <time>2026-06-03T19:26:39Z</time>
   </trkpt>
   <trkpt lat="69.6071820" lon="19.1459110">
    <ele>1233.2</ele>
    <time>2026-06-03T19:26:40Z</time>
   </trkpt>
   <trkpt lat="69.6071820" lon="19.1459110">
    <ele>1233.2</ele>
    <time>2026-06-03T19:26:41Z</time>
   </trkpt>
   <trkpt lat="69.6071820" lon="19.1459110">
    <ele>1233.2</ele>
    <time>2026-06-03T19:26:42Z</time>
   </trkpt>
   <trkpt lat="69.6071820" lon="19.1459110">
    <ele>1233.2</ele>
    <time>2026-06-03T19:26:43Z</time>
   </trkpt>
   <trkpt lat="69.6071820" lon="19.1459110">
    <ele>1233.2</ele>
    <time>2026-06-03T19:26:44Z</time>
   </trkpt>
   <trkpt lat="69.6071820" lon="19.1459110">
    <ele>1233.2</ele>
    <time>2026-06-03T19:26:45Z</time>
   </trkpt>
   <trkpt lat="69.6071820" lon="19.1459110">
    <ele>1233.2</ele>
    <time>2026-06-03T19:26:46Z</time>
   </trkpt>
   <trkpt lat="69.6071820" lon="19.1459110">
    <ele>1233.2</ele>
    <time>2026-06-03T19:26:47Z</time>
   </trkpt>
   <trkpt lat="69.6071820" lon="19.1459110">
    <ele>1233.2</ele>
    <time>2026-06-03T19:26:48Z</time>
   </trkpt>
   <trkpt lat="69.6071820" lon="19.1459110">
    <ele>1233.2</ele>
    <time>2026-06-03T19:26:49Z</time>
   </trkpt>
   <trkpt lat="69.6071820" lon="19.1459110">
    <ele>1233.2</ele>
    <time>2026-06-03T19:26:50Z</time>
   </trkpt>
   <trkpt lat="69.6071820" lon="19.1459110">
    <ele>1233.2</ele>
    <time>2026-06-03T19:26:51Z</time>
   </trkpt>
   <trkpt lat="69.6071820" lon="19.1459110">
    <ele>1233.2</ele>
    <time>2026-06-03T19:26:52Z</time>
   </trkpt>
   <trkpt lat="69.6071820" lon="19.1459110">
    <ele>1233.2</ele>
    <time>2026-06-03T19:26:53Z</time>
   </trkpt>
   <trkpt lat="69.6071820" lon="19.1459110">
    <ele>1233.2</ele>
    <time>2026-06-03T19:26:54Z</time>
   </trkpt>
   <trkpt lat="69.6071820" lon="19.1459110">
    <ele>1233.2</ele>
    <time>2026-06-03T19:26:55Z</time>
   </trkpt>
   <trkpt lat="69.6071820" lon="19.1459110">
    <ele>1233.2</ele>
    <time>2026-06-03T19:26:56Z</time>
   </trkpt>
   <trkpt lat="69.6071820" lon="19.1459110">
    <ele>1233.2</ele>
    <time>2026-06-03T19:26:57Z</time>
   </trkpt>
   <trkpt lat="69.6071820" lon="19.1459110">
    <ele>1233.2</ele>
    <time>2026-06-03T19:26:58Z</time>
   </trkpt>
   <trkpt lat="69.6071820" lon="19.1459110">
    <ele>1233.2</ele>
    <time>2026-06-03T19:26:59Z</time>
   </trkpt>
   <trkpt lat="69.6071820" lon="19.1459110">
    <ele>1233.2</ele>
    <time>2026-06-03T19:27:00Z</time>
   </trkpt>
   <trkpt lat="69.6071820" lon="19.1459110">
    <ele>1233.2</ele>
    <time>2026-06-03T19:27:01Z</time>
   </trkpt>
   <trkpt lat="69.6071820" lon="19.1459110">
    <ele>1233.2</ele>
    <time>2026-06-03T19:27:02Z</time>
   </trkpt>
   <trkpt lat="69.6071820" lon="19.1459110">
    <ele>1233.2</ele>
    <time>2026-06-03T19:27:03Z</time>
   </trkpt>
   <trkpt lat="69.6071820" lon="19.1459110">
    <ele>1233.2</ele>
    <time>2026-06-03T19:27:04Z</time>
   </trkpt>
   <trkpt lat="69.6071820" lon="19.1459110">
    <ele>1233.2</ele>
    <time>2026-06-03T19:27:05Z</time>
   </trkpt>
   <trkpt lat="69.6071820" lon="19.1459110">
    <ele>1233.2</ele>
    <time>2026-06-03T19:27:06Z</time>
   </trkpt>
   <trkpt lat="69.6071820" lon="19.1459110">
    <ele>1233.2</ele>
    <time>2026-06-03T19:27:07Z</time>
   </trkpt>
   <trkpt lat="69.6071820" lon="19.1459110">
    <ele>1233.2</ele>
    <time>2026-06-03T19:27:08Z</time>
   </trkpt>
   <trkpt lat="69.6071820" lon="19.1459110">
    <ele>1233.2</ele>
    <time>2026-06-03T19:27:09Z</time>
   </trkpt>
   <trkpt lat="69.6071820" lon="19.1459110">
    <ele>1233.2</ele>
    <time>2026-06-03T19:27:10Z</time>
   </trkpt>
   <trkpt lat="69.6071820" lon="19.1459110">
    <ele>1233.2</ele>
    <time>2026-06-03T19:27:11Z</time>
   </trkpt>
   <trkpt lat="69.6071820" lon="19.1459110">
    <ele>1233.2</ele>
    <time>2026-06-03T19:27:12Z</time>
   </trkpt>
   <trkpt lat="69.6071820" lon="19.1459110">
    <ele>1233.2</ele>
    <time>2026-06-03T19:27:13Z</time>
   </trkpt>
   <trkpt lat="69.6071820" lon="19.1459110">
    <ele>1233.2</ele>
    <time>2026-06-03T19:27:14Z</time>
   </trkpt>
   <trkpt lat="69.6071820" lon="19.1459110">
    <ele>1233.2</ele>
    <time>2026-06-03T19:27:15Z</time>
   </trkpt>
   <trkpt lat="69.6071820" lon="19.1459110">
    <ele>1233.2</ele>
    <time>2026-06-03T19:27:16Z</time>
   </trkpt>
   <trkpt lat="69.6071820" lon="19.1459110">
    <ele>1233.2</ele>
    <time>2026-06-03T19:27:17Z</time>
   </trkpt>
   <trkpt lat="69.6071820" lon="19.1459110">
    <ele>1233.2</ele>
    <time>2026-06-03T19:27:18Z</time>
   </trkpt>
   <trkpt lat="69.6071820" lon="19.1459110">
    <ele>1233.2</ele>
    <time>2026-06-03T19:27:19Z</time>
   </trkpt>
   <trkpt lat="69.6071820" lon="19.1459110">
    <ele>1233.2</ele>
    <time>2026-06-03T19:27:20Z</time>
   </trkpt>
   <trkpt lat="69.6071820" lon="19.1459110">
    <ele>1233.2</ele>
    <time>2026-06-03T19:27:21Z</time>
   </trkpt>
   <trkpt lat="69.6071820" lon="19.1459110">
    <ele>1233.2</ele>
    <time>2026-06-03T19:27:22Z</time>
   </trkpt>
   <trkpt lat="69.6071820" lon="19.1459110">
    <ele>1233.2</ele>
    <time>2026-06-03T19:27:23Z</time>
   </trkpt>
   <trkpt lat="69.6071820" lon="19.1459110">
    <ele>1233.2</ele>
    <time>2026-06-03T19:27:24Z</time>
   </trkpt>
   <trkpt lat="69.6071820" lon="19.1459110">
    <ele>1233.2</ele>
    <time>2026-06-03T19:27:25Z</time>
   </trkpt>
   <trkpt lat="69.6071820" lon="19.1459110">
    <ele>1233.2</ele>
    <time>2026-06-03T19:27:26Z</time>
   </trkpt>
   <trkpt lat="69.6071820" lon="19.1459110">
    <ele>1233.2</ele>
    <time>2026-06-03T19:27:27Z</time>
   </trkpt>
   <trkpt lat="69.6071820" lon="19.1459110">
    <ele>1233.2</ele>
    <time>2026-06-03T19:27:28Z</time>
   </trkpt>
   <trkpt lat="69.6071820" lon="19.1459110">
    <ele>1233.2</ele>
    <time>2026-06-03T19:27:29Z</time>
   </trkpt>
   <trkpt lat="69.6071820" lon="19.1459110">
    <ele>1233.2</ele>
    <time>2026-06-03T19:27:30Z</time>
   </trkpt>
   <trkpt lat="69.6071820" lon="19.1459110">
    <ele>1233.2</ele>
    <time>2026-06-03T19:27:31Z</time>
   </trkpt>
   <trkpt lat="69.6071820" lon="19.1459110">
    <ele>1233.2</ele>
    <time>2026-06-03T19:27:32Z</time>
   </trkpt>
   <trkpt lat="69.6071820" lon="19.1459110">
    <ele>1233.2</ele>
    <time>2026-06-03T19:27:33Z</time>
   </trkpt>
   <trkpt lat="69.6071820" lon="19.1459110">
    <ele>1233.2</ele>
    <time>2026-06-03T19:27:34Z</time>
   </trkpt>
   <trkpt lat="69.6071820" lon="19.1459110">
    <ele>1233.2</ele>
    <time>2026-06-03T19:27:35Z</time>
   </trkpt>
   <trkpt lat="69.6071820" lon="19.1459110">
    <ele>1233.2</ele>
    <time>2026-06-03T19:27:36Z</time>
   </trkpt>
   <trkpt lat="69.6071820" lon="19.1459110">
    <ele>1233.2</ele>
    <time>2026-06-03T19:27:37Z</time>
   </trkpt>
   <trkpt lat="69.6071820" lon="19.1459110">
    <ele>1233.2</ele>
    <time>2026-06-03T19:27:38Z</time>
   </trkpt>
   <trkpt lat="69.6071820" lon="19.1459110">
    <ele>1233.2</ele>
    <time>2026-06-03T19:27:39Z</time>
   </trkpt>
   <trkpt lat="69.6071820" lon="19.1459110">
    <ele>1233.2</ele>
    <time>2026-06-03T19:27:40Z</time>
   </trkpt>
   <trkpt lat="69.6071820" lon="19.1459110">
    <ele>1233.2</ele>
    <time>2026-06-03T19:27:41Z</time>
   </trkpt>
   <trkpt lat="69.6071820" lon="19.1459110">
    <ele>1233.2</ele>
    <time>2026-06-03T19:27:42Z</time>
   </trkpt>
   <trkpt lat="69.6071820" lon="19.1459110">
    <ele>1233.2</ele>
    <time>2026-06-03T19:27:43Z</time>
   </trkpt>
   <trkpt lat="69.6071820" lon="19.1459110">
    <ele>1233.2</ele>
    <time>2026-06-03T19:27:44Z</time>
   </trkpt>
   <trkpt lat="69.6071820" lon="19.1459110">
    <ele>1233.2</ele>
    <time>2026-06-03T19:27:45Z</time>
   </trkpt>
   <trkpt lat="69.6071820" lon="19.1459110">
    <ele>1233.2</ele>
    <time>2026-06-03T19:27:46Z</time>
   </trkpt>
   <trkpt lat="69.6071820" lon="19.1459110">
    <ele>1233.2</ele>
    <time>2026-06-03T19:27:47Z</time>
   </trkpt>
   <trkpt lat="69.6071820" lon="19.1459110">
    <ele>1233.2</ele>
    <time>2026-06-03T19:27:48Z</time>
   </trkpt>
   <trkpt lat="69.6071820" lon="19.1459110">
    <ele>1233.2</ele>
    <time>2026-06-03T19:27:49Z</time>
   </trkpt>
   <trkpt lat="69.6071820" lon="19.1459110">
    <ele>1233.2</ele>
    <time>2026-06-03T19:27:50Z</time>
   </trkpt>
   <trkpt lat="69.6071820" lon="19.1459110">
    <ele>1233.2</ele>
    <time>2026-06-03T19:27:51Z</time>
   </trkpt>
   <trkpt lat="69.6071820" lon="19.1459110">
    <ele>1233.2</ele>
    <time>2026-06-03T19:27:52Z</time>
   </trkpt>
   <trkpt lat="69.6071820" lon="19.1459110">
    <ele>1233.2</ele>
    <time>2026-06-03T19:27:53Z</time>
   </trkpt>
   <trkpt lat="69.6071820" lon="19.1459110">
    <ele>1233.2</ele>
    <time>2026-06-03T19:27:54Z</time>
   </trkpt>
   <trkpt lat="69.6071820" lon="19.1459110">
    <ele>1233.2</ele>
    <time>2026-06-03T19:27:55Z</time>
   </trkpt>
   <trkpt lat="69.6071820" lon="19.1459110">
    <ele>1233.2</ele>
    <time>2026-06-03T19:27:56Z</time>
   </trkpt>
   <trkpt lat="69.6071820" lon="19.1459110">
    <ele>1233.2</ele>
    <time>2026-06-03T19:27:57Z</time>
   </trkpt>
   <trkpt lat="69.6071820" lon="19.1459110">
    <ele>1233.2</ele>
    <time>2026-06-03T19:27:58Z</time>
   </trkpt>
   <trkpt lat="69.6071820" lon="19.1459110">
    <ele>1233.2</ele>
    <time>2026-06-03T19:27:59Z</time>
   </trkpt>
   <trkpt lat="69.6071820" lon="19.1459110">
    <ele>1233.2</ele>
    <time>2026-06-03T19:28:00Z</time>
   </trkpt>
   <trkpt lat="69.6071820" lon="19.1459110">
    <ele>1233.2</ele>
    <time>2026-06-03T19:28:01Z</time>
   </trkpt>
   <trkpt lat="69.6071820" lon="19.1459110">
    <ele>1233.2</ele>
    <time>2026-06-03T19:28:02Z</time>
   </trkpt>
   <trkpt lat="69.6071820" lon="19.1459110">
    <ele>1233.2</ele>
    <time>2026-06-03T19:28:03Z</time>
   </trkpt>
   <trkpt lat="69.6071820" lon="19.1459110">
    <ele>1233.2</ele>
    <time>2026-06-03T19:28:04Z</time>
   </trkpt>
   <trkpt lat="69.6071820" lon="19.1459110">
    <ele>1233.2</ele>
    <time>2026-06-03T19:28:05Z</time>
   </trkpt>
   <trkpt lat="69.6071820" lon="19.1459110">
    <ele>1233.2</ele>
    <time>2026-06-03T19:28:06Z</time>
   </trkpt>
   <trkpt lat="69.6071820" lon="19.1459110">
    <ele>1233.2</ele>
    <time>2026-06-03T19:28:07Z</time>
   </trkpt>
   <trkpt lat="69.6071820" lon="19.1459110">
    <ele>1233.2</ele>
    <time>2026-06-03T19:28:08Z</time>
   </trkpt>
   <trkpt lat="69.6071820" lon="19.1459110">
    <ele>1233.2</ele>
    <time>2026-06-03T19:28:09Z</time>
   </trkpt>
   <trkpt lat="69.6071820" lon="19.1459110">
    <ele>1233.2</ele>
    <time>2026-06-03T19:28:10Z</time>
   </trkpt>
   <trkpt lat="69.6071820" lon="19.1459110">
    <ele>1233.2</ele>
    <time>2026-06-03T19:28:11Z</time>
   </trkpt>
   <trkpt lat="69.6071820" lon="19.1459110">
    <ele>1233.2</ele>
    <time>2026-06-03T19:28:12Z</time>
   </trkpt>
   <trkpt lat="69.6071820" lon="19.1459110">
    <ele>1233.2</ele>
    <time>2026-06-03T19:28:13Z</time>
   </trkpt>
   <trkpt lat="69.6071820" lon="19.1459110">
    <ele>1233.2</ele>
    <time>2026-06-03T19:28:14Z</time>
   </trkpt>
   <trkpt lat="69.6071820" lon="19.1459110">
    <ele>1233.2</ele>
    <time>2026-06-03T19:28:15Z</time>
   </trkpt>
   <trkpt lat="69.6071820" lon="19.1459110">
    <ele>1233.2</ele>
    <time>2026-06-03T19:28:16Z</time>
   </trkpt>
   <trkpt lat="69.6071820" lon="19.1459110">
    <ele>1233.2</ele>
    <time>2026-06-03T19:28:17Z</time>
   </trkpt>
   <trkpt lat="69.6071820" lon="19.1459110">
    <ele>1233.2</ele>
    <time>2026-06-03T19:28:18Z</time>
   </trkpt>
   <trkpt lat="69.6071820" lon="19.1459110">
    <ele>1233.2</ele>
    <time>2026-06-03T19:28:19Z</time>
   </trkpt>
   <trkpt lat="69.6071820" lon="19.1459110">
    <ele>1233.2</ele>
    <time>2026-06-03T19:28:20Z</time>
   </trkpt>
   <trkpt lat="69.6071820" lon="19.1459110">
    <ele>1233.2</ele>
    <time>2026-06-03T19:28:21Z</time>
   </trkpt>
   <trkpt lat="69.6071820" lon="19.1459110">
    <ele>1233.2</ele>
    <time>2026-06-03T19:28:22Z</time>
   </trkpt>
   <trkpt lat="69.6071820" lon="19.1459110">
    <ele>1233.2</ele>
    <time>2026-06-03T19:28:23Z</time>
   </trkpt>
   <trkpt lat="69.6071820" lon="19.1459110">
    <ele>1233.2</ele>
    <time>2026-06-03T19:28:24Z</time>
   </trkpt>
   <trkpt lat="69.6071820" lon="19.1459110">
    <ele>1233.2</ele>
    <time>2026-06-03T19:28:25Z</time>
   </trkpt>
   <trkpt lat="69.6071820" lon="19.1459110">
    <ele>1233.2</ele>
    <time>2026-06-03T19:28:26Z</time>
   </trkpt>
   <trkpt lat="69.6071820" lon="19.1459110">
    <ele>1233.2</ele>
    <time>2026-06-03T19:28:27Z</time>
   </trkpt>
   <trkpt lat="69.6071820" lon="19.1459110">
    <ele>1233.2</ele>
    <time>2026-06-03T19:28:28Z</time>
   </trkpt>
   <trkpt lat="69.6071820" lon="19.1459110">
    <ele>1233.2</ele>
    <time>2026-06-03T19:28:29Z</time>
   </trkpt>
   <trkpt lat="69.6071820" lon="19.1459110">
    <ele>1233.2</ele>
    <time>2026-06-03T19:28:30Z</time>
   </trkpt>
   <trkpt lat="69.6071820" lon="19.1459110">
    <ele>1233.2</ele>
    <time>2026-06-03T19:28:31Z</time>
   </trkpt>
   <trkpt lat="69.6071820" lon="19.1459110">
    <ele>1233.2</ele>
    <time>2026-06-03T19:28:32Z</time>
   </trkpt>
   <trkpt lat="69.6071730" lon="19.1458650">
    <ele>1233.1</ele>
    <time>2026-06-03T19:28:33Z</time>
   </trkpt>
   <trkpt lat="69.6071730" lon="19.1458650">
    <ele>1233.1</ele>
    <time>2026-06-03T19:28:34Z</time>
   </trkpt>
   <trkpt lat="69.6071730" lon="19.1458650">
    <ele>1233.1</ele>
    <time>2026-06-03T19:28:35Z</time>
   </trkpt>
   <trkpt lat="69.6071730" lon="19.1458650">
    <ele>1233.1</ele>
    <time>2026-06-03T19:28:36Z</time>
   </trkpt>
   <trkpt lat="69.6071730" lon="19.1458650">
    <ele>1233.1</ele>
    <time>2026-06-03T19:28:37Z</time>
   </trkpt>
   <trkpt lat="69.6071730" lon="19.1458650">
    <ele>1233.1</ele>
    <time>2026-06-03T19:28:38Z</time>
   </trkpt>
   <trkpt lat="69.6071730" lon="19.1458650">
    <ele>1233.1</ele>
    <time>2026-06-03T19:28:39Z</time>
   </trkpt>
   <trkpt lat="69.6071730" lon="19.1458650">
    <ele>1233.1</ele>
    <time>2026-06-03T19:28:40Z</time>
   </trkpt>
   <trkpt lat="69.6071730" lon="19.1458650">
    <ele>1233.1</ele>
    <time>2026-06-03T19:28:41Z</time>
   </trkpt>
   <trkpt lat="69.6071730" lon="19.1458650">
    <ele>1233.1</ele>
    <time>2026-06-03T19:28:42Z</time>
   </trkpt>
   <trkpt lat="69.6071730" lon="19.1458650">
    <ele>1233.1</ele>
    <time>2026-06-03T19:28:43Z</time>
   </trkpt>
   <trkpt lat="69.6071730" lon="19.1458650">
    <ele>1233.1</ele>
    <time>2026-06-03T19:28:44Z</time>
   </trkpt>
   <trkpt lat="69.6071730" lon="19.1458650">
    <ele>1233.1</ele>
    <time>2026-06-03T19:28:45Z</time>
   </trkpt>
   <trkpt lat="69.6071730" lon="19.1458650">
    <ele>1233.1</ele>
    <time>2026-06-03T19:28:46Z</time>
   </trkpt>
   <trkpt lat="69.6071730" lon="19.1458650">
    <ele>1233.1</ele>
    <time>2026-06-03T19:28:47Z</time>
   </trkpt>
   <trkpt lat="69.6071730" lon="19.1458650">
    <ele>1233.1</ele>
    <time>2026-06-03T19:28:48Z</time>
   </trkpt>
   <trkpt lat="69.6071730" lon="19.1458650">
    <ele>1233.1</ele>
    <time>2026-06-03T19:28:49Z</time>
   </trkpt>
   <trkpt lat="69.6071730" lon="19.1458650">
    <ele>1233.1</ele>
    <time>2026-06-03T19:28:50Z</time>
   </trkpt>
   <trkpt lat="69.6071730" lon="19.1458650">
    <ele>1233.1</ele>
    <time>2026-06-03T19:28:51Z</time>
   </trkpt>
   <trkpt lat="69.6071730" lon="19.1458650">
    <ele>1233.1</ele>
    <time>2026-06-03T19:28:52Z</time>
   </trkpt>
   <trkpt lat="69.6071730" lon="19.1458650">
    <ele>1233.1</ele>
    <time>2026-06-03T19:28:53Z</time>
   </trkpt>
   <trkpt lat="69.6071730" lon="19.1458650">
    <ele>1233.1</ele>
    <time>2026-06-03T19:28:54Z</time>
   </trkpt>
   <trkpt lat="69.6071730" lon="19.1458650">
    <ele>1233.1</ele>
    <time>2026-06-03T19:28:55Z</time>
   </trkpt>
   <trkpt lat="69.6071730" lon="19.1458650">
    <ele>1233.1</ele>
    <time>2026-06-03T19:28:56Z</time>
   </trkpt>
   <trkpt lat="69.6071730" lon="19.1458650">
    <ele>1233.1</ele>
    <time>2026-06-03T19:28:57Z</time>
   </trkpt>
   <trkpt lat="69.6071730" lon="19.1458650">
    <ele>1233.1</ele>
    <time>2026-06-03T19:28:58Z</time>
   </trkpt>
   <trkpt lat="69.6071730" lon="19.1458650">
    <ele>1233.1</ele>
    <time>2026-06-03T19:28:59Z</time>
   </trkpt>
   <trkpt lat="69.6071730" lon="19.1458650">
    <ele>1233.1</ele>
    <time>2026-06-03T19:29:00Z</time>
   </trkpt>
   <trkpt lat="69.6071730" lon="19.1458650">
    <ele>1233.1</ele>
    <time>2026-06-03T19:29:01Z</time>
   </trkpt>
   <trkpt lat="69.6071730" lon="19.1458650">
    <ele>1233.1</ele>
    <time>2026-06-03T19:29:02Z</time>
   </trkpt>
   <trkpt lat="69.6071730" lon="19.1458650">
    <ele>1233.1</ele>
    <time>2026-06-03T19:29:03Z</time>
   </trkpt>
   <trkpt lat="69.6071730" lon="19.1458650">
    <ele>1233.1</ele>
    <time>2026-06-03T19:29:04Z</time>
   </trkpt>
   <trkpt lat="69.6071730" lon="19.1458650">
    <ele>1233.1</ele>
    <time>2026-06-03T19:29:05Z</time>
   </trkpt>
   <trkpt lat="69.6071730" lon="19.1458650">
    <ele>1233.1</ele>
    <time>2026-06-03T19:29:06Z</time>
   </trkpt>
   <trkpt lat="69.6071730" lon="19.1458650">
    <ele>1233.1</ele>
    <time>2026-06-03T19:29:07Z</time>
   </trkpt>
   <trkpt lat="69.6071730" lon="19.1458650">
    <ele>1233.1</ele>
    <time>2026-06-03T19:29:08Z</time>
   </trkpt>
   <trkpt lat="69.6071730" lon="19.1458650">
    <ele>1233.1</ele>
    <time>2026-06-03T19:29:09Z</time>
   </trkpt>
   <trkpt lat="69.6071730" lon="19.1458650">
    <ele>1233.1</ele>
    <time>2026-06-03T19:29:10Z</time>
   </trkpt>
   <trkpt lat="69.6071730" lon="19.1458650">
    <ele>1233.1</ele>
    <time>2026-06-03T19:29:11Z</time>
   </trkpt>
   <trkpt lat="69.6071730" lon="19.1458650">
    <ele>1233.1</ele>
    <time>2026-06-03T19:29:12Z</time>
   </trkpt>
   <trkpt lat="69.6071730" lon="19.1458650">
    <ele>1233.1</ele>
    <time>2026-06-03T19:29:13Z</time>
   </trkpt>
   <trkpt lat="69.6071730" lon="19.1458650">
    <ele>1233.1</ele>
    <time>2026-06-03T19:29:14Z</time>
   </trkpt>
   <trkpt lat="69.6071730" lon="19.1458650">
    <ele>1233.1</ele>
    <time>2026-06-03T19:29:15Z</time>
   </trkpt>
   <trkpt lat="69.6071730" lon="19.1458650">
    <ele>1233.1</ele>
    <time>2026-06-03T19:29:16Z</time>
   </trkpt>
   <trkpt lat="69.6071730" lon="19.1458650">
    <ele>1233.1</ele>
    <time>2026-06-03T19:29:17Z</time>
   </trkpt>
   <trkpt lat="69.6071730" lon="19.1458650">
    <ele>1233.1</ele>
    <time>2026-06-03T19:29:18Z</time>
   </trkpt>
   <trkpt lat="69.6071730" lon="19.1458650">
    <ele>1233.1</ele>
    <time>2026-06-03T19:29:19Z</time>
   </trkpt>
   <trkpt lat="69.6071730" lon="19.1458650">
    <ele>1233.1</ele>
    <time>2026-06-03T19:29:20Z</time>
   </trkpt>
   <trkpt lat="69.6071730" lon="19.1458650">
    <ele>1233.1</ele>
    <time>2026-06-03T19:29:21Z</time>
   </trkpt>
   <trkpt lat="69.6071730" lon="19.1458650">
    <ele>1233.1</ele>
    <time>2026-06-03T19:29:22Z</time>
   </trkpt>
   <trkpt lat="69.6071730" lon="19.1458650">
    <ele>1233.1</ele>
    <time>2026-06-03T19:29:23Z</time>
   </trkpt>
   <trkpt lat="69.6071730" lon="19.1458650">
    <ele>1233.1</ele>
    <time>2026-06-03T19:29:24Z</time>
   </trkpt>
   <trkpt lat="69.6071730" lon="19.1458650">
    <ele>1233.1</ele>
    <time>2026-06-03T19:29:25Z</time>
   </trkpt>
   <trkpt lat="69.6071730" lon="19.1458650">
    <ele>1233.1</ele>
    <time>2026-06-03T19:29:26Z</time>
   </trkpt>
   <trkpt lat="69.6071730" lon="19.1458650">
    <ele>1233.1</ele>
    <time>2026-06-03T19:29:27Z</time>
   </trkpt>
   <trkpt lat="69.6071730" lon="19.1458650">
    <ele>1233.1</ele>
    <time>2026-06-03T19:29:28Z</time>
   </trkpt>
   <trkpt lat="69.6071730" lon="19.1458650">
    <ele>1233.1</ele>
    <time>2026-06-03T19:29:29Z</time>
   </trkpt>
   <trkpt lat="69.6071730" lon="19.1458650">
    <ele>1233.1</ele>
    <time>2026-06-03T19:29:30Z</time>
   </trkpt>
   <trkpt lat="69.6071730" lon="19.1458650">
    <ele>1233.1</ele>
    <time>2026-06-03T19:29:31Z</time>
   </trkpt>
   <trkpt lat="69.6071730" lon="19.1458650">
    <ele>1233.1</ele>
    <time>2026-06-03T19:29:32Z</time>
   </trkpt>
   <trkpt lat="69.6071730" lon="19.1458650">
    <ele>1233.1</ele>
    <time>2026-06-03T19:29:33Z</time>
   </trkpt>
   <trkpt lat="69.6071730" lon="19.1458650">
    <ele>1233.1</ele>
    <time>2026-06-03T19:29:34Z</time>
   </trkpt>
   <trkpt lat="69.6071730" lon="19.1458650">
    <ele>1233.1</ele>
    <time>2026-06-03T19:29:35Z</time>
   </trkpt>
   <trkpt lat="69.6071730" lon="19.1458650">
    <ele>1233.1</ele>
    <time>2026-06-03T19:29:36Z</time>
   </trkpt>
   <trkpt lat="69.6071730" lon="19.1458650">
    <ele>1233.1</ele>
    <time>2026-06-03T19:29:37Z</time>
   </trkpt>
   <trkpt lat="69.6071730" lon="19.1458650">
    <ele>1233.1</ele>
    <time>2026-06-03T19:29:38Z</time>
   </trkpt>
   <trkpt lat="69.6071730" lon="19.1458650">
    <ele>1233.1</ele>
    <time>2026-06-03T19:29:39Z</time>
   </trkpt>
   <trkpt lat="69.6071730" lon="19.1458650">
    <ele>1233.1</ele>
    <time>2026-06-03T19:29:40Z</time>
   </trkpt>
   <trkpt lat="69.6071730" lon="19.1458650">
    <ele>1233.1</ele>
    <time>2026-06-03T19:29:41Z</time>
   </trkpt>
   <trkpt lat="69.6071730" lon="19.1458650">
    <ele>1233.1</ele>
    <time>2026-06-03T19:29:42Z</time>
   </trkpt>
   <trkpt lat="69.6071730" lon="19.1458650">
    <ele>1233.1</ele>
    <time>2026-06-03T19:29:43Z</time>
   </trkpt>
   <trkpt lat="69.6071730" lon="19.1458650">
    <ele>1233.1</ele>
    <time>2026-06-03T19:29:44Z</time>
   </trkpt>
   <trkpt lat="69.6071730" lon="19.1458650">
    <ele>1233.1</ele>
    <time>2026-06-03T19:29:45Z</time>
   </trkpt>
   <trkpt lat="69.6071730" lon="19.1458650">
    <ele>1233.1</ele>
    <time>2026-06-03T19:29:46Z</time>
   </trkpt>
   <trkpt lat="69.6071730" lon="19.1458650">
    <ele>1233.1</ele>
    <time>2026-06-03T19:29:47Z</time>
   </trkpt>
   <trkpt lat="69.6071730" lon="19.1458650">
    <ele>1233.1</ele>
    <time>2026-06-03T19:29:48Z</time>
   </trkpt>
   <trkpt lat="69.6071730" lon="19.1458650">
    <ele>1233.1</ele>
    <time>2026-06-03T19:29:49Z</time>
   </trkpt>
   <trkpt lat="69.6071730" lon="19.1458650">
    <ele>1233.1</ele>
    <time>2026-06-03T19:29:50Z</time>
   </trkpt>
   <trkpt lat="69.6071730" lon="19.1458650">
    <ele>1233.1</ele>
    <time>2026-06-03T19:29:51Z</time>
   </trkpt>
   <trkpt lat="69.6071730" lon="19.1458650">
    <ele>1233.1</ele>
    <time>2026-06-03T19:29:52Z</time>
   </trkpt>
   <trkpt lat="69.6071730" lon="19.1458650">
    <ele>1233.1</ele>
    <time>2026-06-03T19:29:53Z</time>
   </trkpt>
   <trkpt lat="69.6071730" lon="19.1458650">
    <ele>1233.1</ele>
    <time>2026-06-03T19:29:54Z</time>
   </trkpt>
   <trkpt lat="69.6071730" lon="19.1458650">
    <ele>1233.1</ele>
    <time>2026-06-03T19:29:55Z</time>
   </trkpt>
   <trkpt lat="69.6071730" lon="19.1458650">
    <ele>1233.1</ele>
    <time>2026-06-03T19:29:56Z</time>
   </trkpt>
   <trkpt lat="69.6071730" lon="19.1458650">
    <ele>1233.1</ele>
    <time>2026-06-03T19:29:57Z</time>
   </trkpt>
   <trkpt lat="69.6071730" lon="19.1458650">
    <ele>1233.1</ele>
    <time>2026-06-03T19:29:58Z</time>
   </trkpt>
   <trkpt lat="69.6071730" lon="19.1458650">
    <ele>1233.1</ele>
    <time>2026-06-03T19:29:59Z</time>
   </trkpt>
   <trkpt lat="69.6071730" lon="19.1458650">
    <ele>1233.1</ele>
    <time>2026-06-03T19:30:00Z</time>
   </trkpt>
   <trkpt lat="69.6071730" lon="19.1458650">
    <ele>1233.1</ele>
    <time>2026-06-03T19:30:01Z</time>
   </trkpt>
   <trkpt lat="69.6071730" lon="19.1458650">
    <ele>1233.1</ele>
    <time>2026-06-03T19:30:02Z</time>
   </trkpt>
   <trkpt lat="69.6071730" lon="19.1458650">
    <ele>1233.1</ele>
    <time>2026-06-03T19:30:03Z</time>
   </trkpt>
   <trkpt lat="69.6071730" lon="19.1458650">
    <ele>1233.1</ele>
    <time>2026-06-03T19:30:04Z</time>
   </trkpt>
   <trkpt lat="69.6071730" lon="19.1458650">
    <ele>1233.1</ele>
    <time>2026-06-03T19:30:05Z</time>
   </trkpt>
   <trkpt lat="69.6071730" lon="19.1458650">
    <ele>1233.1</ele>
    <time>2026-06-03T19:30:06Z</time>
   </trkpt>
   <trkpt lat="69.6071730" lon="19.1458650">
    <ele>1233.1</ele>
    <time>2026-06-03T19:30:07Z</time>
   </trkpt>
   <trkpt lat="69.6071730" lon="19.1458650">
    <ele>1233.1</ele>
    <time>2026-06-03T19:30:08Z</time>
   </trkpt>
   <trkpt lat="69.6071730" lon="19.1458650">
    <ele>1233.1</ele>
    <time>2026-06-03T19:30:09Z</time>
   </trkpt>
   <trkpt lat="69.6071730" lon="19.1458650">
    <ele>1233.1</ele>
    <time>2026-06-03T19:30:10Z</time>
   </trkpt>
   <trkpt lat="69.6071730" lon="19.1458650">
    <ele>1233.1</ele>
    <time>2026-06-03T19:30:11Z</time>
   </trkpt>
   <trkpt lat="69.6071730" lon="19.1458650">
    <ele>1233.1</ele>
    <time>2026-06-03T19:30:12Z</time>
   </trkpt>
   <trkpt lat="69.6071730" lon="19.1458650">
    <ele>1233.1</ele>
    <time>2026-06-03T19:30:13Z</time>
   </trkpt>
   <trkpt lat="69.6071730" lon="19.1458650">
    <ele>1233.1</ele>
    <time>2026-06-03T19:30:14Z</time>
   </trkpt>
   <trkpt lat="69.6071730" lon="19.1458650">
    <ele>1233.1</ele>
    <time>2026-06-03T19:30:15Z</time>
   </trkpt>
   <trkpt lat="69.6071730" lon="19.1458650">
    <ele>1233.1</ele>
    <time>2026-06-03T19:30:16Z</time>
   </trkpt>
   <trkpt lat="69.6071730" lon="19.1458650">
    <ele>1233.1</ele>
    <time>2026-06-03T19:30:17Z</time>
   </trkpt>
   <trkpt lat="69.6071730" lon="19.1458650">
    <ele>1233.1</ele>
    <time>2026-06-03T19:30:18Z</time>
   </trkpt>
   <trkpt lat="69.6071730" lon="19.1458650">
    <ele>1233.1</ele>
    <time>2026-06-03T19:30:19Z</time>
   </trkpt>
   <trkpt lat="69.6071730" lon="19.1458650">
    <ele>1233.1</ele>
    <time>2026-06-03T19:30:20Z</time>
   </trkpt>
   <trkpt lat="69.6071730" lon="19.1458650">
    <ele>1233.1</ele>
    <time>2026-06-03T19:30:21Z</time>
   </trkpt>
   <trkpt lat="69.6071730" lon="19.1458650">
    <ele>1233.1</ele>
    <time>2026-06-03T19:30:22Z</time>
   </trkpt>
   <trkpt lat="69.6071730" lon="19.1458650">
    <ele>1233.1</ele>
    <time>2026-06-03T19:30:23Z</time>
   </trkpt>
   <trkpt lat="69.6071730" lon="19.1458650">
    <ele>1233.1</ele>
    <time>2026-06-03T19:30:24Z</time>
   </trkpt>
   <trkpt lat="69.6071730" lon="19.1458650">
    <ele>1233.1</ele>
    <time>2026-06-03T19:30:25Z</time>
   </trkpt>
   <trkpt lat="69.6071730" lon="19.1458650">
    <ele>1233.1</ele>
    <time>2026-06-03T19:30:26Z</time>
   </trkpt>
   <trkpt lat="69.6071730" lon="19.1458650">
    <ele>1233.1</ele>
    <time>2026-06-03T19:30:27Z</time>
   </trkpt>
   <trkpt lat="69.6071730" lon="19.1458650">
    <ele>1233.1</ele>
    <time>2026-06-03T19:30:28Z</time>
   </trkpt>
   <trkpt lat="69.6071730" lon="19.1458650">
    <ele>1233.1</ele>
    <time>2026-06-03T19:30:29Z</time>
   </trkpt>
   <trkpt lat="69.6071730" lon="19.1458650">
    <ele>1233.1</ele>
    <time>2026-06-03T19:30:30Z</time>
   </trkpt>
   <trkpt lat="69.6071730" lon="19.1458650">
    <ele>1233.1</ele>
    <time>2026-06-03T19:30:31Z</time>
   </trkpt>
   <trkpt lat="69.6071730" lon="19.1458650">
    <ele>1233.1</ele>
    <time>2026-06-03T19:30:32Z</time>
   </trkpt>
   <trkpt lat="69.6071730" lon="19.1458650">
    <ele>1233.1</ele>
    <time>2026-06-03T19:30:33Z</time>
   </trkpt>
   <trkpt lat="69.6071730" lon="19.1458650">
    <ele>1233.1</ele>
    <time>2026-06-03T19:30:34Z</time>
   </trkpt>
   <trkpt lat="69.6071730" lon="19.1458650">
    <ele>1233.1</ele>
    <time>2026-06-03T19:30:35Z</time>
   </trkpt>
   <trkpt lat="69.6071730" lon="19.1458650">
    <ele>1233.1</ele>
    <time>2026-06-03T19:30:36Z</time>
   </trkpt>
   <trkpt lat="69.6071730" lon="19.1458650">
    <ele>1233.1</ele>
    <time>2026-06-03T19:30:37Z</time>
   </trkpt>
   <trkpt lat="69.6071730" lon="19.1458650">
    <ele>1233.1</ele>
    <time>2026-06-03T19:30:38Z</time>
   </trkpt>
   <trkpt lat="69.6071730" lon="19.1458650">
    <ele>1233.1</ele>
    <time>2026-06-03T19:30:39Z</time>
   </trkpt>
   <trkpt lat="69.6071730" lon="19.1458650">
    <ele>1233.1</ele>
    <time>2026-06-03T19:30:40Z</time>
   </trkpt>
   <trkpt lat="69.6071730" lon="19.1458650">
    <ele>1233.1</ele>
    <time>2026-06-03T19:30:41Z</time>
   </trkpt>
   <trkpt lat="69.6071730" lon="19.1458650">
    <ele>1233.1</ele>
    <time>2026-06-03T19:30:42Z</time>
   </trkpt>
   <trkpt lat="69.6071730" lon="19.1458650">
    <ele>1233.1</ele>
    <time>2026-06-03T19:30:43Z</time>
   </trkpt>
   <trkpt lat="69.6071730" lon="19.1458650">
    <ele>1233.1</ele>
    <time>2026-06-03T19:30:44Z</time>
   </trkpt>
   <trkpt lat="69.6071730" lon="19.1458650">
    <ele>1233.1</ele>
    <time>2026-06-03T19:30:45Z</time>
   </trkpt>
   <trkpt lat="69.6071730" lon="19.1458650">
    <ele>1233.1</ele>
    <time>2026-06-03T19:30:46Z</time>
   </trkpt>
   <trkpt lat="69.6071730" lon="19.1458650">
    <ele>1233.1</ele>
    <time>2026-06-03T19:30:47Z</time>
   </trkpt>
   <trkpt lat="69.6071730" lon="19.1458650">
    <ele>1233.1</ele>
    <time>2026-06-03T19:30:48Z</time>
   </trkpt>
   <trkpt lat="69.6071730" lon="19.1458650">
    <ele>1233.1</ele>
    <time>2026-06-03T19:30:49Z</time>
   </trkpt>
   <trkpt lat="69.6071730" lon="19.1458650">
    <ele>1233.1</ele>
    <time>2026-06-03T19:30:50Z</time>
   </trkpt>
   <trkpt lat="69.6071730" lon="19.1458650">
    <ele>1233.1</ele>
    <time>2026-06-03T19:30:51Z</time>
   </trkpt>
   <trkpt lat="69.6071730" lon="19.1458650">
    <ele>1233.1</ele>
    <time>2026-06-03T19:30:52Z</time>
   </trkpt>
   <trkpt lat="69.6071730" lon="19.1458650">
    <ele>1233.1</ele>
    <time>2026-06-03T19:30:53Z</time>
   </trkpt>
   <trkpt lat="69.6071730" lon="19.1458650">
    <ele>1233.1</ele>
    <time>2026-06-03T19:30:54Z</time>
   </trkpt>
   <trkpt lat="69.6071730" lon="19.1458650">
    <ele>1233.1</ele>
    <time>2026-06-03T19:30:55Z</time>
   </trkpt>
   <trkpt lat="69.6071730" lon="19.1458650">
    <ele>1233.1</ele>
    <time>2026-06-03T19:30:56Z</time>
   </trkpt>
   <trkpt lat="69.6071730" lon="19.1458650">
    <ele>1233.1</ele>
    <time>2026-06-03T19:30:57Z</time>
   </trkpt>
   <trkpt lat="69.6071730" lon="19.1458650">
    <ele>1233.1</ele>
    <time>2026-06-03T19:30:58Z</time>
   </trkpt>
   <trkpt lat="69.6071730" lon="19.1458650">
    <ele>1233.1</ele>
    <time>2026-06-03T19:30:59Z</time>
   </trkpt>
   <trkpt lat="69.6071730" lon="19.1458650">
    <ele>1233.1</ele>
    <time>2026-06-03T19:31:00Z</time>
   </trkpt>
   <trkpt lat="69.6071730" lon="19.1458650">
    <ele>1233.1</ele>
    <time>2026-06-03T19:31:01Z</time>
   </trkpt>
   <trkpt lat="69.6071730" lon="19.1458650">
    <ele>1233.1</ele>
    <time>2026-06-03T19:31:02Z</time>
   </trkpt>
   <trkpt lat="69.6071730" lon="19.1458650">
    <ele>1233.1</ele>
    <time>2026-06-03T19:31:03Z</time>
   </trkpt>
   <trkpt lat="69.6071730" lon="19.1458650">
    <ele>1233.1</ele>
    <time>2026-06-03T19:31:04Z</time>
   </trkpt>
   <trkpt lat="69.6071730" lon="19.1458650">
    <ele>1233.1</ele>
    <time>2026-06-03T19:31:05Z</time>
   </trkpt>
   <trkpt lat="69.6071730" lon="19.1458650">
    <ele>1233.1</ele>
    <time>2026-06-03T19:31:06Z</time>
   </trkpt>
   <trkpt lat="69.6071730" lon="19.1458650">
    <ele>1233.1</ele>
    <time>2026-06-03T19:31:07Z</time>
   </trkpt>
   <trkpt lat="69.6071730" lon="19.1458650">
    <ele>1233.1</ele>
    <time>2026-06-03T19:31:08Z</time>
   </trkpt>
   <trkpt lat="69.6071730" lon="19.1458650">
    <ele>1233.1</ele>
    <time>2026-06-03T19:31:09Z</time>
   </trkpt>
   <trkpt lat="69.6071730" lon="19.1458650">
    <ele>1233.1</ele>
    <time>2026-06-03T19:31:10Z</time>
   </trkpt>
   <trkpt lat="69.6071730" lon="19.1458650">
    <ele>1233.1</ele>
    <time>2026-06-03T19:31:11Z</time>
   </trkpt>
   <trkpt lat="69.6071730" lon="19.1458650">
    <ele>1233.1</ele>
    <time>2026-06-03T19:31:12Z</time>
   </trkpt>
   <trkpt lat="69.6071730" lon="19.1458650">
    <ele>1233.1</ele>
    <time>2026-06-03T19:31:13Z</time>
   </trkpt>
   <trkpt lat="69.6071730" lon="19.1458650">
    <ele>1233.1</ele>
    <time>2026-06-03T19:31:14Z</time>
   </trkpt>
   <trkpt lat="69.6071730" lon="19.1458650">
    <ele>1233.1</ele>
    <time>2026-06-03T19:31:15Z</time>
   </trkpt>
   <trkpt lat="69.6071730" lon="19.1458650">
    <ele>1233.1</ele>
    <time>2026-06-03T19:31:16Z</time>
   </trkpt>
   <trkpt lat="69.6071730" lon="19.1458650">
    <ele>1233.1</ele>
    <time>2026-06-03T19:31:17Z</time>
   </trkpt>
   <trkpt lat="69.6071730" lon="19.1458650">
    <ele>1233.1</ele>
    <time>2026-06-03T19:31:18Z</time>
   </trkpt>
   <trkpt lat="69.6071730" lon="19.1458650">
    <ele>1233.1</ele>
    <time>2026-06-03T19:31:19Z</time>
   </trkpt>
   <trkpt lat="69.6071730" lon="19.1458650">
    <ele>1233.1</ele>
    <time>2026-06-03T19:31:20Z</time>
   </trkpt>
   <trkpt lat="69.6071730" lon="19.1458650">
    <ele>1233.1</ele>
    <time>2026-06-03T19:31:21Z</time>
   </trkpt>
   <trkpt lat="69.6071730" lon="19.1458650">
    <ele>1233.1</ele>
    <time>2026-06-03T19:31:22Z</time>
   </trkpt>
   <trkpt lat="69.6071730" lon="19.1458650">
    <ele>1233.1</ele>
    <time>2026-06-03T19:31:23Z</time>
   </trkpt>
   <trkpt lat="69.6071730" lon="19.1458650">
    <ele>1233.1</ele>
    <time>2026-06-03T19:31:24Z</time>
   </trkpt>
   <trkpt lat="69.6071730" lon="19.1458650">
    <ele>1233.1</ele>
    <time>2026-06-03T19:31:25Z</time>
   </trkpt>
   <trkpt lat="69.6071730" lon="19.1458650">
    <ele>1233.1</ele>
    <time>2026-06-03T19:31:26Z</time>
   </trkpt>
   <trkpt lat="69.6071730" lon="19.1458650">
    <ele>1233.1</ele>
    <time>2026-06-03T19:31:27Z</time>
   </trkpt>
   <trkpt lat="69.6071730" lon="19.1458650">
    <ele>1233.1</ele>
    <time>2026-06-03T19:31:28Z</time>
   </trkpt>
   <trkpt lat="69.6071730" lon="19.1458650">
    <ele>1233.1</ele>
    <time>2026-06-03T19:31:29Z</time>
   </trkpt>
   <trkpt lat="69.6071730" lon="19.1458650">
    <ele>1233.1</ele>
    <time>2026-06-03T19:31:30Z</time>
   </trkpt>
   <trkpt lat="69.6071730" lon="19.1458650">
    <ele>1233.1</ele>
    <time>2026-06-03T19:31:31Z</time>
   </trkpt>
   <trkpt lat="69.6071730" lon="19.1458650">
    <ele>1233.1</ele>
    <time>2026-06-03T19:31:32Z</time>
   </trkpt>
   <trkpt lat="69.6071730" lon="19.1458650">
    <ele>1233.1</ele>
    <time>2026-06-03T19:31:33Z</time>
   </trkpt>
   <trkpt lat="69.6071730" lon="19.1458650">
    <ele>1233.1</ele>
    <time>2026-06-03T19:31:34Z</time>
   </trkpt>
   <trkpt lat="69.6071730" lon="19.1458650">
    <ele>1233.1</ele>
    <time>2026-06-03T19:31:35Z</time>
   </trkpt>
   <trkpt lat="69.6071730" lon="19.1458650">
    <ele>1233.1</ele>
    <time>2026-06-03T19:31:36Z</time>
   </trkpt>
   <trkpt lat="69.6071730" lon="19.1458650">
    <ele>1233.1</ele>
    <time>2026-06-03T19:31:37Z</time>
   </trkpt>
   <trkpt lat="69.6071730" lon="19.1458650">
    <ele>1233.1</ele>
    <time>2026-06-03T19:31:38Z</time>
   </trkpt>
   <trkpt lat="69.6071730" lon="19.1458650">
    <ele>1233.1</ele>
    <time>2026-06-03T19:31:39Z</time>
   </trkpt>
   <trkpt lat="69.6071730" lon="19.1458650">
    <ele>1233.1</ele>
    <time>2026-06-03T19:31:40Z</time>
   </trkpt>
   <trkpt lat="69.6071730" lon="19.1458650">
    <ele>1233.1</ele>
    <time>2026-06-03T19:31:41Z</time>
   </trkpt>
   <trkpt lat="69.6071730" lon="19.1458650">
    <ele>1233.1</ele>
    <time>2026-06-03T19:31:42Z</time>
   </trkpt>
   <trkpt lat="69.6071730" lon="19.1458650">
    <ele>1233.1</ele>
    <time>2026-06-03T19:31:43Z</time>
   </trkpt>
   <trkpt lat="69.6071730" lon="19.1458650">
    <ele>1233.1</ele>
    <time>2026-06-03T19:31:44Z</time>
   </trkpt>
   <trkpt lat="69.6071730" lon="19.1458650">
    <ele>1233.1</ele>
    <time>2026-06-03T19:31:45Z</time>
   </trkpt>
   <trkpt lat="69.6071730" lon="19.1458650">
    <ele>1233.1</ele>
    <time>2026-06-03T19:31:46Z</time>
   </trkpt>
   <trkpt lat="69.6071730" lon="19.1458650">
    <ele>1233.1</ele>
    <time>2026-06-03T19:31:47Z</time>
   </trkpt>
   <trkpt lat="69.6071730" lon="19.1458650">
    <ele>1233.1</ele>
    <time>2026-06-03T19:31:48Z</time>
   </trkpt>
   <trkpt lat="69.6071730" lon="19.1458650">
    <ele>1233.1</ele>
    <time>2026-06-03T19:31:49Z</time>
   </trkpt>
   <trkpt lat="69.6071730" lon="19.1458650">
    <ele>1233.1</ele>
    <time>2026-06-03T19:31:50Z</time>
   </trkpt>
   <trkpt lat="69.6071730" lon="19.1458650">
    <ele>1233.1</ele>
    <time>2026-06-03T19:31:51Z</time>
   </trkpt>
   <trkpt lat="69.6071730" lon="19.1458650">
    <ele>1233.1</ele>
    <time>2026-06-03T19:31:52Z</time>
   </trkpt>
   <trkpt lat="69.6071730" lon="19.1458650">
    <ele>1233.1</ele>
    <time>2026-06-03T19:31:53Z</time>
   </trkpt>
   <trkpt lat="69.6071730" lon="19.1458650">
    <ele>1233.1</ele>
    <time>2026-06-03T19:31:54Z</time>
   </trkpt>
   <trkpt lat="69.6071730" lon="19.1458650">
    <ele>1233.1</ele>
    <time>2026-06-03T19:31:55Z</time>
   </trkpt>
   <trkpt lat="69.6071730" lon="19.1458650">
    <ele>1233.1</ele>
    <time>2026-06-03T19:31:56Z</time>
   </trkpt>
   <trkpt lat="69.6071730" lon="19.1458650">
    <ele>1233.1</ele>
    <time>2026-06-03T19:31:57Z</time>
   </trkpt>
   <trkpt lat="69.6071730" lon="19.1458650">
    <ele>1233.1</ele>
    <time>2026-06-03T19:31:58Z</time>
   </trkpt>
   <trkpt lat="69.6071730" lon="19.1458650">
    <ele>1233.1</ele>
    <time>2026-06-03T19:31:59Z</time>
   </trkpt>
   <trkpt lat="69.6071730" lon="19.1458650">
    <ele>1233.1</ele>
    <time>2026-06-03T19:32:00Z</time>
   </trkpt>
   <trkpt lat="69.6071730" lon="19.1458650">
    <ele>1233.1</ele>
    <time>2026-06-03T19:32:01Z</time>
   </trkpt>
   <trkpt lat="69.6071730" lon="19.1458650">
    <ele>1233.1</ele>
    <time>2026-06-03T19:32:02Z</time>
   </trkpt>
   <trkpt lat="69.6071730" lon="19.1458650">
    <ele>1233.1</ele>
    <time>2026-06-03T19:32:03Z</time>
   </trkpt>
   <trkpt lat="69.6071730" lon="19.1458650">
    <ele>1233.1</ele>
    <time>2026-06-03T19:32:04Z</time>
   </trkpt>
   <trkpt lat="69.6071730" lon="19.1458650">
    <ele>1233.1</ele>
    <time>2026-06-03T19:32:05Z</time>
   </trkpt>
   <trkpt lat="69.6071730" lon="19.1458650">
    <ele>1233.1</ele>
    <time>2026-06-03T19:32:06Z</time>
   </trkpt>
   <trkpt lat="69.6071730" lon="19.1458650">
    <ele>1233.1</ele>
    <time>2026-06-03T19:32:07Z</time>
   </trkpt>
   <trkpt lat="69.6071730" lon="19.1458650">
    <ele>1233.1</ele>
    <time>2026-06-03T19:32:08Z</time>
   </trkpt>
   <trkpt lat="69.6071730" lon="19.1458650">
    <ele>1233.1</ele>
    <time>2026-06-03T19:32:09Z</time>
   </trkpt>
   <trkpt lat="69.6071730" lon="19.1458650">
    <ele>1233.1</ele>
    <time>2026-06-03T19:32:10Z</time>
   </trkpt>
   <trkpt lat="69.6071730" lon="19.1458650">
    <ele>1233.1</ele>
    <time>2026-06-03T19:32:11Z</time>
   </trkpt>
   <trkpt lat="69.6071730" lon="19.1458650">
    <ele>1233.1</ele>
    <time>2026-06-03T19:32:12Z</time>
   </trkpt>
   <trkpt lat="69.6071730" lon="19.1458650">
    <ele>1233.1</ele>
    <time>2026-06-03T19:32:13Z</time>
   </trkpt>
   <trkpt lat="69.6071730" lon="19.1458650">
    <ele>1233.1</ele>
    <time>2026-06-03T19:32:14Z</time>
   </trkpt>
   <trkpt lat="69.6071730" lon="19.1458650">
    <ele>1233.1</ele>
    <time>2026-06-03T19:32:15Z</time>
   </trkpt>
   <trkpt lat="69.6071730" lon="19.1458650">
    <ele>1233.1</ele>
    <time>2026-06-03T19:32:16Z</time>
   </trkpt>
   <trkpt lat="69.6071730" lon="19.1458650">
    <ele>1233.1</ele>
    <time>2026-06-03T19:32:17Z</time>
   </trkpt>
   <trkpt lat="69.6071730" lon="19.1458650">
    <ele>1233.1</ele>
    <time>2026-06-03T19:32:18Z</time>
   </trkpt>
   <trkpt lat="69.6071730" lon="19.1458650">
    <ele>1233.1</ele>
    <time>2026-06-03T19:32:19Z</time>
   </trkpt>
   <trkpt lat="69.6071730" lon="19.1458650">
    <ele>1233.1</ele>
    <time>2026-06-03T19:32:20Z</time>
   </trkpt>
   <trkpt lat="69.6071730" lon="19.1458650">
    <ele>1233.1</ele>
    <time>2026-06-03T19:32:21Z</time>
   </trkpt>
   <trkpt lat="69.6071730" lon="19.1458650">
    <ele>1233.1</ele>
    <time>2026-06-03T19:32:22Z</time>
   </trkpt>
   <trkpt lat="69.6071730" lon="19.1458650">
    <ele>1233.1</ele>
    <time>2026-06-03T19:32:23Z</time>
   </trkpt>
   <trkpt lat="69.6071730" lon="19.1458650">
    <ele>1233.1</ele>
    <time>2026-06-03T19:32:24Z</time>
   </trkpt>
   <trkpt lat="69.6071730" lon="19.1458650">
    <ele>1233.1</ele>
    <time>2026-06-03T19:32:25Z</time>
   </trkpt>
   <trkpt lat="69.6071730" lon="19.1458650">
    <ele>1233.1</ele>
    <time>2026-06-03T19:32:26Z</time>
   </trkpt>
   <trkpt lat="69.6071730" lon="19.1458650">
    <ele>1233.1</ele>
    <time>2026-06-03T19:32:27Z</time>
   </trkpt>
   <trkpt lat="69.6071730" lon="19.1458650">
    <ele>1233.1</ele>
    <time>2026-06-03T19:32:28Z</time>
   </trkpt>
   <trkpt lat="69.6071730" lon="19.1458650">
    <ele>1233.1</ele>
    <time>2026-06-03T19:32:29Z</time>
   </trkpt>
   <trkpt lat="69.6071730" lon="19.1458650">
    <ele>1233.1</ele>
    <time>2026-06-03T19:32:30Z</time>
   </trkpt>
   <trkpt lat="69.6071730" lon="19.1458650">
    <ele>1233.1</ele>
    <time>2026-06-03T19:32:31Z</time>
   </trkpt>
   <trkpt lat="69.6071730" lon="19.1458650">
    <ele>1233.1</ele>
    <time>2026-06-03T19:32:32Z</time>
   </trkpt>
   <trkpt lat="69.6071730" lon="19.1458650">
    <ele>1233.1</ele>
    <time>2026-06-03T19:32:33Z</time>
   </trkpt>
   <trkpt lat="69.6071730" lon="19.1458650">
    <ele>1233.1</ele>
    <time>2026-06-03T19:32:34Z</time>
   </trkpt>
   <trkpt lat="69.6071730" lon="19.1458650">
    <ele>1233.1</ele>
    <time>2026-06-03T19:32:35Z</time>
   </trkpt>
   <trkpt lat="69.6071730" lon="19.1458650">
    <ele>1233.1</ele>
    <time>2026-06-03T19:32:36Z</time>
   </trkpt>
   <trkpt lat="69.6071730" lon="19.1458650">
    <ele>1233.1</ele>
    <time>2026-06-03T19:32:37Z</time>
   </trkpt>
   <trkpt lat="69.6071730" lon="19.1458650">
    <ele>1233.1</ele>
    <time>2026-06-03T19:32:38Z</time>
   </trkpt>
   <trkpt lat="69.6071730" lon="19.1458650">
    <ele>1233.1</ele>
    <time>2026-06-03T19:32:39Z</time>
   </trkpt>
   <trkpt lat="69.6071730" lon="19.1458650">
    <ele>1233.1</ele>
    <time>2026-06-03T19:32:40Z</time>
   </trkpt>
   <trkpt lat="69.6071730" lon="19.1458650">
    <ele>1233.1</ele>
    <time>2026-06-03T19:32:41Z</time>
   </trkpt>
   <trkpt lat="69.6071730" lon="19.1458650">
    <ele>1233.1</ele>
    <time>2026-06-03T19:32:42Z</time>
   </trkpt>
   <trkpt lat="69.6071730" lon="19.1458650">
    <ele>1233.1</ele>
    <time>2026-06-03T19:32:43Z</time>
   </trkpt>
   <trkpt lat="69.6071730" lon="19.1458650">
    <ele>1233.1</ele>
    <time>2026-06-03T19:32:44Z</time>
   </trkpt>
   <trkpt lat="69.6071730" lon="19.1458650">
    <ele>1233.1</ele>
    <time>2026-06-03T19:32:45Z</time>
   </trkpt>
   <trkpt lat="69.6071730" lon="19.1458650">
    <ele>1233.1</ele>
    <time>2026-06-03T19:32:46Z</time>
   </trkpt>
   <trkpt lat="69.6071730" lon="19.1458650">
    <ele>1233.1</ele>
    <time>2026-06-03T19:32:47Z</time>
   </trkpt>
   <trkpt lat="69.6071730" lon="19.1458650">
    <ele>1233.1</ele>
    <time>2026-06-03T19:32:48Z</time>
   </trkpt>
   <trkpt lat="69.6071730" lon="19.1458650">
    <ele>1233.1</ele>
    <time>2026-06-03T19:32:49Z</time>
   </trkpt>
   <trkpt lat="69.6071730" lon="19.1458650">
    <ele>1233.1</ele>
    <time>2026-06-03T19:32:50Z</time>
   </trkpt>
   <trkpt lat="69.6071730" lon="19.1458650">
    <ele>1233.1</ele>
    <time>2026-06-03T19:32:51Z</time>
   </trkpt>
   <trkpt lat="69.6071730" lon="19.1458650">
    <ele>1233.1</ele>
    <time>2026-06-03T19:32:52Z</time>
   </trkpt>
   <trkpt lat="69.6071730" lon="19.1458650">
    <ele>1233.1</ele>
    <time>2026-06-03T19:32:53Z</time>
   </trkpt>
   <trkpt lat="69.6071730" lon="19.1458650">
    <ele>1233.1</ele>
    <time>2026-06-03T19:32:54Z</time>
   </trkpt>
   <trkpt lat="69.6071730" lon="19.1458650">
    <ele>1233.1</ele>
    <time>2026-06-03T19:32:55Z</time>
   </trkpt>
   <trkpt lat="69.6071730" lon="19.1458650">
    <ele>1233.1</ele>
    <time>2026-06-03T19:32:56Z</time>
   </trkpt>
   <trkpt lat="69.6071730" lon="19.1458650">
    <ele>1233.1</ele>
    <time>2026-06-03T19:32:57Z</time>
   </trkpt>
   <trkpt lat="69.6071730" lon="19.1458650">
    <ele>1233.1</ele>
    <time>2026-06-03T19:32:58Z</time>
   </trkpt>
   <trkpt lat="69.6071730" lon="19.1458650">
    <ele>1233.1</ele>
    <time>2026-06-03T19:32:59Z</time>
   </trkpt>
   <trkpt lat="69.6071730" lon="19.1458650">
    <ele>1233.1</ele>
    <time>2026-06-03T19:33:00Z</time>
   </trkpt>
   <trkpt lat="69.6071730" lon="19.1458650">
    <ele>1233.1</ele>
    <time>2026-06-03T19:33:01Z</time>
   </trkpt>
   <trkpt lat="69.6071730" lon="19.1458650">
    <ele>1233.1</ele>
    <time>2026-06-03T19:33:02Z</time>
   </trkpt>
   <trkpt lat="69.6071730" lon="19.1458650">
    <ele>1233.1</ele>
    <time>2026-06-03T19:33:03Z</time>
   </trkpt>
   <trkpt lat="69.6071730" lon="19.1458650">
    <ele>1233.1</ele>
    <time>2026-06-03T19:33:04Z</time>
   </trkpt>
   <trkpt lat="69.6071730" lon="19.1458650">
    <ele>1233.1</ele>
    <time>2026-06-03T19:33:05Z</time>
   </trkpt>
   <trkpt lat="69.6071730" lon="19.1458650">
    <ele>1233.1</ele>
    <time>2026-06-03T19:33:06Z</time>
   </trkpt>
   <trkpt lat="69.6071730" lon="19.1458650">
    <ele>1233.1</ele>
    <time>2026-06-03T19:33:07Z</time>
   </trkpt>
   <trkpt lat="69.6071730" lon="19.1458650">
    <ele>1233.1</ele>
    <time>2026-06-03T19:33:08Z</time>
   </trkpt>
   <trkpt lat="69.6071730" lon="19.1458650">
    <ele>1233.1</ele>
    <time>2026-06-03T19:33:09Z</time>
   </trkpt>
   <trkpt lat="69.6071730" lon="19.1458650">
    <ele>1233.1</ele>
    <time>2026-06-03T19:33:10Z</time>
   </trkpt>
   <trkpt lat="69.6071730" lon="19.1458650">
    <ele>1233.1</ele>
    <time>2026-06-03T19:33:11Z</time>
   </trkpt>
   <trkpt lat="69.6071730" lon="19.1458650">
    <ele>1233.1</ele>
    <time>2026-06-03T19:33:12Z</time>
   </trkpt>
   <trkpt lat="69.6071730" lon="19.1458650">
    <ele>1233.1</ele>
    <time>2026-06-03T19:33:13Z</time>
   </trkpt>
   <trkpt lat="69.6071730" lon="19.1458650">
    <ele>1233.1</ele>
    <time>2026-06-03T19:33:14Z</time>
   </trkpt>
   <trkpt lat="69.6071730" lon="19.1458650">
    <ele>1233.1</ele>
    <time>2026-06-03T19:33:15Z</time>
   </trkpt>
   <trkpt lat="69.6071730" lon="19.1458650">
    <ele>1233.1</ele>
    <time>2026-06-03T19:33:16Z</time>
   </trkpt>
   <trkpt lat="69.6071730" lon="19.1458650">
    <ele>1233.1</ele>
    <time>2026-06-03T19:33:17Z</time>
   </trkpt>
   <trkpt lat="69.6071730" lon="19.1458650">
    <ele>1233.1</ele>
    <time>2026-06-03T19:33:18Z</time>
   </trkpt>
   <trkpt lat="69.6071730" lon="19.1458650">
    <ele>1233.1</ele>
    <time>2026-06-03T19:33:19Z</time>
   </trkpt>
   <trkpt lat="69.6071730" lon="19.1458650">
    <ele>1233.1</ele>
    <time>2026-06-03T19:33:20Z</time>
   </trkpt>
   <trkpt lat="69.6071730" lon="19.1458650">
    <ele>1233.1</ele>
    <time>2026-06-03T19:33:21Z</time>
   </trkpt>
   <trkpt lat="69.6071730" lon="19.1458650">
    <ele>1233.1</ele>
    <time>2026-06-03T19:33:22Z</time>
   </trkpt>
   <trkpt lat="69.6071420" lon="19.1458480">
    <ele>1233.0</ele>
    <time>2026-06-03T19:33:23Z</time>
   </trkpt>
   <trkpt lat="69.6071230" lon="19.1458200">
    <ele>1233.0</ele>
    <time>2026-06-03T19:33:24Z</time>
   </trkpt>
   <trkpt lat="69.6071020" lon="19.1457940">
    <ele>1232.9</ele>
    <time>2026-06-03T19:33:25Z</time>
   </trkpt>
   <trkpt lat="69.6070790" lon="19.1457640">
    <ele>1232.8</ele>
    <time>2026-06-03T19:33:26Z</time>
   </trkpt>
   <trkpt lat="69.6070540" lon="19.1457470">
    <ele>1232.7</ele>
    <time>2026-06-03T19:33:27Z</time>
   </trkpt>
   <trkpt lat="69.6070250" lon="19.1457340">
    <ele>1232.5</ele>
    <time>2026-06-03T19:33:28Z</time>
   </trkpt>
   <trkpt lat="69.6069930" lon="19.1457130">
    <ele>1232.4</ele>
    <time>2026-06-03T19:33:29Z</time>
   </trkpt>
   <trkpt lat="69.6069640" lon="19.1457010">
    <ele>1232.2</ele>
    <time>2026-06-03T19:33:30Z</time>
   </trkpt>
   <trkpt lat="69.6069320" lon="19.1456880">
    <ele>1232.0</ele>
    <time>2026-06-03T19:33:31Z</time>
   </trkpt>
   <trkpt lat="69.6069000" lon="19.1456760">
    <ele>1231.8</ele>
    <time>2026-06-03T19:33:32Z</time>
   </trkpt>
   <trkpt lat="69.6068690" lon="19.1456740">
    <ele>1231.6</ele>
    <time>2026-06-03T19:33:33Z</time>
   </trkpt>
   <trkpt lat="69.6068430" lon="19.1456710">
    <ele>1231.5</ele>
    <time>2026-06-03T19:33:34Z</time>
   </trkpt>
   <trkpt lat="69.6068150" lon="19.1456600">
    <ele>1231.3</ele>
    <time>2026-06-03T19:33:35Z</time>
   </trkpt>
   <trkpt lat="69.6067860" lon="19.1456500">
    <ele>1231.1</ele>
    <time>2026-06-03T19:33:36Z</time>
   </trkpt>
   <trkpt lat="69.6067630" lon="19.1456460">
    <ele>1231.0</ele>
    <time>2026-06-03T19:33:37Z</time>
   </trkpt>
   <trkpt lat="69.6067380" lon="19.1456420">
    <ele>1230.8</ele>
    <time>2026-06-03T19:33:38Z</time>
   </trkpt>
   <trkpt lat="69.6067110" lon="19.1456350">
    <ele>1230.7</ele>
    <time>2026-06-03T19:33:39Z</time>
   </trkpt>
   <trkpt lat="69.6066910" lon="19.1456290">
    <ele>1230.6</ele>
    <time>2026-06-03T19:33:40Z</time>
   </trkpt>
   <trkpt lat="69.6066710" lon="19.1456220">
    <ele>1230.4</ele>
    <time>2026-06-03T19:33:41Z</time>
   </trkpt>
   <trkpt lat="69.6066710" lon="19.1456220">
    <ele>1230.4</ele>
    <time>2026-06-03T19:33:42Z</time>
   </trkpt>
   <trkpt lat="69.6066380" lon="19.1456120">
    <ele>1230.3</ele>
    <time>2026-06-03T19:33:43Z</time>
   </trkpt>
   <trkpt lat="69.6066180" lon="19.1456040">
    <ele>1230.2</ele>
    <time>2026-06-03T19:33:44Z</time>
   </trkpt>
   <trkpt lat="69.6066180" lon="19.1456040">
    <ele>1230.2</ele>
    <time>2026-06-03T19:33:45Z</time>
   </trkpt>
   <trkpt lat="69.6065790" lon="19.1455960">
    <ele>1230.0</ele>
    <time>2026-06-03T19:33:46Z</time>
   </trkpt>
   <trkpt lat="69.6065570" lon="19.1455890">
    <ele>1229.9</ele>
    <time>2026-06-03T19:33:47Z</time>
   </trkpt>
   <trkpt lat="69.6065350" lon="19.1455790">
    <ele>1229.8</ele>
    <time>2026-06-03T19:33:48Z</time>
   </trkpt>
   <trkpt lat="69.6065140" lon="19.1455700">
    <ele>1229.7</ele>
    <time>2026-06-03T19:33:49Z</time>
   </trkpt>
   <trkpt lat="69.6064950" lon="19.1455660">
    <ele>1229.6</ele>
    <time>2026-06-03T19:33:50Z</time>
   </trkpt>
   <trkpt lat="69.6064760" lon="19.1455610">
    <ele>1229.5</ele>
    <time>2026-06-03T19:33:51Z</time>
   </trkpt>
   <trkpt lat="69.6064580" lon="19.1455560">
    <ele>1229.4</ele>
    <time>2026-06-03T19:33:52Z</time>
   </trkpt>
   <trkpt lat="69.6064350" lon="19.1455480">
    <ele>1229.2</ele>
    <time>2026-06-03T19:33:53Z</time>
   </trkpt>
   <trkpt lat="69.6064130" lon="19.1455400">
    <ele>1229.1</ele>
    <time>2026-06-03T19:33:54Z</time>
   </trkpt>
   <trkpt lat="69.6063940" lon="19.1455330">
    <ele>1229.0</ele>
    <time>2026-06-03T19:33:55Z</time>
   </trkpt>
   <trkpt lat="69.6063730" lon="19.1455160">
    <ele>1228.8</ele>
    <time>2026-06-03T19:33:56Z</time>
   </trkpt>
   <trkpt lat="69.6063550" lon="19.1455050">
    <ele>1228.6</ele>
    <time>2026-06-03T19:33:57Z</time>
   </trkpt>
   <trkpt lat="69.6063360" lon="19.1454940">
    <ele>1228.5</ele>
    <time>2026-06-03T19:33:58Z</time>
   </trkpt>
   <trkpt lat="69.6063360" lon="19.1454940">
    <ele>1228.5</ele>
    <time>2026-06-03T19:33:59Z</time>
   </trkpt>
   <trkpt lat="69.6063010" lon="19.1454800">
    <ele>1228.2</ele>
    <time>2026-06-03T19:34:00Z</time>
   </trkpt>
   <trkpt lat="69.6062790" lon="19.1454710">
    <ele>1228.0</ele>
    <time>2026-06-03T19:34:01Z</time>
   </trkpt>
   <trkpt lat="69.6062590" lon="19.1454600">
    <ele>1227.8</ele>
    <time>2026-06-03T19:34:02Z</time>
   </trkpt>
   <trkpt lat="69.6062370" lon="19.1454440">
    <ele>1227.6</ele>
    <time>2026-06-03T19:34:03Z</time>
   </trkpt>
   <trkpt lat="69.6062130" lon="19.1454310">
    <ele>1227.4</ele>
    <time>2026-06-03T19:34:04Z</time>
   </trkpt>
   <trkpt lat="69.6061880" lon="19.1454210">
    <ele>1227.2</ele>
    <time>2026-06-03T19:34:05Z</time>
   </trkpt>
   <trkpt lat="69.6061660" lon="19.1454140">
    <ele>1227.0</ele>
    <time>2026-06-03T19:34:06Z</time>
   </trkpt>
   <trkpt lat="69.6061380" lon="19.1453990">
    <ele>1226.8</ele>
    <time>2026-06-03T19:34:07Z</time>
   </trkpt>
   <trkpt lat="69.6061050" lon="19.1453770">
    <ele>1226.5</ele>
    <time>2026-06-03T19:34:08Z</time>
   </trkpt>
   <trkpt lat="69.6060720" lon="19.1453520">
    <ele>1226.3</ele>
    <time>2026-06-03T19:34:09Z</time>
   </trkpt>
   <trkpt lat="69.6060380" lon="19.1453210">
    <ele>1226.1</ele>
    <time>2026-06-03T19:34:10Z</time>
   </trkpt>
   <trkpt lat="69.6060020" lon="19.1452860">
    <ele>1226.0</ele>
    <time>2026-06-03T19:34:11Z</time>
   </trkpt>
   <trkpt lat="69.6059650" lon="19.1452470">
    <ele>1225.8</ele>
    <time>2026-06-03T19:34:12Z</time>
   </trkpt>
   <trkpt lat="69.6059280" lon="19.1452110">
    <ele>1225.6</ele>
    <time>2026-06-03T19:34:13Z</time>
   </trkpt>
   <trkpt lat="69.6058910" lon="19.1451740">
    <ele>1225.4</ele>
    <time>2026-06-03T19:34:14Z</time>
   </trkpt>
   <trkpt lat="69.6058550" lon="19.1451380">
    <ele>1225.3</ele>
    <time>2026-06-03T19:34:15Z</time>
   </trkpt>
   <trkpt lat="69.6058200" lon="19.1451030">
    <ele>1225.1</ele>
    <time>2026-06-03T19:34:16Z</time>
   </trkpt>
   <trkpt lat="69.6057900" lon="19.1450720">
    <ele>1225.0</ele>
    <time>2026-06-03T19:34:17Z</time>
   </trkpt>
   <trkpt lat="69.6057650" lon="19.1450460">
    <ele>1224.8</ele>
    <time>2026-06-03T19:34:18Z</time>
   </trkpt>
   <trkpt lat="69.6057420" lon="19.1450200">
    <ele>1224.7</ele>
    <time>2026-06-03T19:34:19Z</time>
   </trkpt>
   <trkpt lat="69.6057170" lon="19.1449680">
    <ele>1224.3</ele>
    <time>2026-06-03T19:34:20Z</time>
   </trkpt>
   <trkpt lat="69.6056890" lon="19.1449010">
    <ele>1223.2</ele>
    <time>2026-06-03T19:34:21Z</time>
   </trkpt>
   <trkpt lat="69.6056580" lon="19.1448300">
    <ele>1222.0</ele>
    <time>2026-06-03T19:34:22Z</time>
   </trkpt>
   <trkpt lat="69.6056260" lon="19.1447540">
    <ele>1221.6</ele>
    <time>2026-06-03T19:34:23Z</time>
   </trkpt>
   <trkpt lat="69.6055940" lon="19.1446730">
    <ele>1220.4</ele>
    <time>2026-06-03T19:34:24Z</time>
   </trkpt>
   <trkpt lat="69.6055590" lon="19.1445810">
    <ele>1219.2</ele>
    <time>2026-06-03T19:34:25Z</time>
   </trkpt>
   <trkpt lat="69.6055220" lon="19.1444870">
    <ele>1217.5</ele>
    <time>2026-06-03T19:34:26Z</time>
   </trkpt>
   <trkpt lat="69.6054800" lon="19.1443910">
    <ele>1216.3</ele>
    <time>2026-06-03T19:34:27Z</time>
   </trkpt>
   <trkpt lat="69.6054360" lon="19.1442950">
    <ele>1215.1</ele>
    <time>2026-06-03T19:34:28Z</time>
   </trkpt>
   <trkpt lat="69.6053930" lon="19.1442010">
    <ele>1214.1</ele>
    <time>2026-06-03T19:34:29Z</time>
   </trkpt>
   <trkpt lat="69.6053500" lon="19.1441080">
    <ele>1213.3</ele>
    <time>2026-06-03T19:34:30Z</time>
   </trkpt>
   <trkpt lat="69.6053100" lon="19.1440150">
    <ele>1211.9</ele>
    <time>2026-06-03T19:34:31Z</time>
   </trkpt>
   <trkpt lat="69.6052730" lon="19.1439230">
    <ele>1211.0</ele>
    <time>2026-06-03T19:34:32Z</time>
   </trkpt>
   <trkpt lat="69.6052370" lon="19.1438270">
    <ele>1210.4</ele>
    <time>2026-06-03T19:34:33Z</time>
   </trkpt>
   <trkpt lat="69.6052010" lon="19.1437360">
    <ele>1209.5</ele>
    <time>2026-06-03T19:34:34Z</time>
   </trkpt>
   <trkpt lat="69.6051620" lon="19.1436500">
    <ele>1208.7</ele>
    <time>2026-06-03T19:34:35Z</time>
   </trkpt>
   <trkpt lat="69.6051230" lon="19.1435650">
    <ele>1207.6</ele>
    <time>2026-06-03T19:34:36Z</time>
   </trkpt>
   <trkpt lat="69.6050870" lon="19.1434810">
    <ele>1206.6</ele>
    <time>2026-06-03T19:34:37Z</time>
   </trkpt>
   <trkpt lat="69.6050490" lon="19.1433960">
    <ele>1205.5</ele>
    <time>2026-06-03T19:34:38Z</time>
   </trkpt>
   <trkpt lat="69.6050110" lon="19.1433090">
    <ele>1204.8</ele>
    <time>2026-06-03T19:34:39Z</time>
   </trkpt>
   <trkpt lat="69.6049760" lon="19.1432250">
    <ele>1203.9</ele>
    <time>2026-06-03T19:34:40Z</time>
   </trkpt>
   <trkpt lat="69.6049390" lon="19.1431380">
    <ele>1203.3</ele>
    <time>2026-06-03T19:34:41Z</time>
   </trkpt>
   <trkpt lat="69.6049010" lon="19.1430500">
    <ele>1202.5</ele>
    <time>2026-06-03T19:34:42Z</time>
   </trkpt>
   <trkpt lat="69.6048640" lon="19.1429640">
    <ele>1201.9</ele>
    <time>2026-06-03T19:34:43Z</time>
   </trkpt>
   <trkpt lat="69.6048300" lon="19.1428830">
    <ele>1201.0</ele>
    <time>2026-06-03T19:34:44Z</time>
   </trkpt>
   <trkpt lat="69.6047980" lon="19.1428060">
    <ele>1199.9</ele>
    <time>2026-06-03T19:34:45Z</time>
   </trkpt>
   <trkpt lat="69.6047660" lon="19.1427270">
    <ele>1198.9</ele>
    <time>2026-06-03T19:34:46Z</time>
   </trkpt>
   <trkpt lat="69.6047330" lon="19.1426480">
    <ele>1198.7</ele>
    <time>2026-06-03T19:34:47Z</time>
   </trkpt>
   <trkpt lat="69.6047030" lon="19.1425700">
    <ele>1197.7</ele>
    <time>2026-06-03T19:34:48Z</time>
   </trkpt>
   <trkpt lat="69.6046750" lon="19.1424910">
    <ele>1196.7</ele>
    <time>2026-06-03T19:34:49Z</time>
   </trkpt>
   <trkpt lat="69.6046480" lon="19.1424150">
    <ele>1195.6</ele>
    <time>2026-06-03T19:34:50Z</time>
   </trkpt>
   <trkpt lat="69.6046210" lon="19.1423370">
    <ele>1194.5</ele>
    <time>2026-06-03T19:34:51Z</time>
   </trkpt>
   <trkpt lat="69.6045920" lon="19.1422580">
    <ele>1193.2</ele>
    <time>2026-06-03T19:34:52Z</time>
   </trkpt>
   <trkpt lat="69.6045650" lon="19.1421840">
    <ele>1192.9</ele>
    <time>2026-06-03T19:34:53Z</time>
   </trkpt>
   <trkpt lat="69.6045410" lon="19.1421120">
    <ele>1191.4</ele>
    <time>2026-06-03T19:34:54Z</time>
   </trkpt>
   <trkpt lat="69.6045170" lon="19.1420390">
    <ele>1190.3</ele>
    <time>2026-06-03T19:34:55Z</time>
   </trkpt>
   <trkpt lat="69.6044890" lon="19.1419670">
    <ele>1190.1</ele>
    <time>2026-06-03T19:34:56Z</time>
   </trkpt>
   <trkpt lat="69.6044590" lon="19.1418970">
    <ele>1189.0</ele>
    <time>2026-06-03T19:34:57Z</time>
   </trkpt>
   <trkpt lat="69.6044290" lon="19.1418340">
    <ele>1188.8</ele>
    <time>2026-06-03T19:34:58Z</time>
   </trkpt>
   <trkpt lat="69.6044020" lon="19.1417710">
    <ele>1187.4</ele>
    <time>2026-06-03T19:34:59Z</time>
   </trkpt>
   <trkpt lat="69.6043760" lon="19.1417110">
    <ele>1187.1</ele>
    <time>2026-06-03T19:35:00Z</time>
   </trkpt>
   <trkpt lat="69.6043460" lon="19.1416560">
    <ele>1185.7</ele>
    <time>2026-06-03T19:35:01Z</time>
   </trkpt>
   <trkpt lat="69.6043130" lon="19.1415990">
    <ele>1185.3</ele>
    <time>2026-06-03T19:35:02Z</time>
   </trkpt>
   <trkpt lat="69.6042780" lon="19.1415430">
    <ele>1185.1</ele>
    <time>2026-06-03T19:35:03Z</time>
   </trkpt>
   <trkpt lat="69.6042420" lon="19.1414890">
    <ele>1184.6</ele>
    <time>2026-06-03T19:35:04Z</time>
   </trkpt>
   <trkpt lat="69.6042020" lon="19.1414400">
    <ele>1183.3</ele>
    <time>2026-06-03T19:35:05Z</time>
   </trkpt>
   <trkpt lat="69.6041620" lon="19.1413910">
    <ele>1183.1</ele>
    <time>2026-06-03T19:35:06Z</time>
   </trkpt>
   <trkpt lat="69.6041200" lon="19.1413420">
    <ele>1182.6</ele>
    <time>2026-06-03T19:35:07Z</time>
   </trkpt>
   <trkpt lat="69.6040790" lon="19.1412890">
    <ele>1182.4</ele>
    <time>2026-06-03T19:35:08Z</time>
   </trkpt>
   <trkpt lat="69.6040350" lon="19.1412270">
    <ele>1181.3</ele>
    <time>2026-06-03T19:35:09Z</time>
   </trkpt>
   <trkpt lat="69.6039900" lon="19.1411620">
    <ele>1181.0</ele>
    <time>2026-06-03T19:35:10Z</time>
   </trkpt>
   <trkpt lat="69.6039440" lon="19.1411010">
    <ele>1179.8</ele>
    <time>2026-06-03T19:35:11Z</time>
   </trkpt>
   <trkpt lat="69.6038990" lon="19.1410470">
    <ele>1179.4</ele>
    <time>2026-06-03T19:35:12Z</time>
   </trkpt>
   <trkpt lat="69.6038610" lon="19.1409890">
    <ele>1179.0</ele>
    <time>2026-06-03T19:35:13Z</time>
   </trkpt>
   <trkpt lat="69.6038300" lon="19.1409250">
    <ele>1177.5</ele>
    <time>2026-06-03T19:35:14Z</time>
   </trkpt>
   <trkpt lat="69.6037970" lon="19.1408600">
    <ele>1176.9</ele>
    <time>2026-06-03T19:35:15Z</time>
   </trkpt>
   <trkpt lat="69.6037570" lon="19.1407970">
    <ele>1175.5</ele>
    <time>2026-06-03T19:35:16Z</time>
   </trkpt>
   <trkpt lat="69.6037120" lon="19.1407260">
    <ele>1175.1</ele>
    <time>2026-06-03T19:35:17Z</time>
   </trkpt>
   <trkpt lat="69.6036620" lon="19.1406630">
    <ele>1173.8</ele>
    <time>2026-06-03T19:35:18Z</time>
   </trkpt>
   <trkpt lat="69.6036110" lon="19.1405970">
    <ele>1173.3</ele>
    <time>2026-06-03T19:35:19Z</time>
   </trkpt>
   <trkpt lat="69.6035080" lon="19.1404590">
    <ele>1171.4</ele>
    <time>2026-06-03T19:35:21Z</time>
   </trkpt>
   <trkpt lat="69.6034590" lon="19.1403800">
    <ele>1170.2</ele>
    <time>2026-06-03T19:35:22Z</time>
   </trkpt>
   <trkpt lat="69.6034090" lon="19.1403060">
    <ele>1169.0</ele>
    <time>2026-06-03T19:35:23Z</time>
   </trkpt>
   <trkpt lat="69.6033580" lon="19.1402420">
    <ele>1167.9</ele>
    <time>2026-06-03T19:35:24Z</time>
   </trkpt>
   <trkpt lat="69.6033130" lon="19.1401890">
    <ele>1167.5</ele>
    <time>2026-06-03T19:35:25Z</time>
   </trkpt>
   <trkpt lat="69.6032740" lon="19.1401420">
    <ele>1167.1</ele>
    <time>2026-06-03T19:35:26Z</time>
   </trkpt>
   <trkpt lat="69.6032400" lon="19.1400980">
    <ele>1166.6</ele>
    <time>2026-06-03T19:35:27Z</time>
   </trkpt>
   <trkpt lat="69.6032080" lon="19.1400630">
    <ele>1166.1</ele>
    <time>2026-06-03T19:35:28Z</time>
   </trkpt>
   <trkpt lat="69.6031750" lon="19.1400260">
    <ele>1165.6</ele>
    <time>2026-06-03T19:35:29Z</time>
   </trkpt>
   <trkpt lat="69.6031390" lon="19.1399840">
    <ele>1165.0</ele>
    <time>2026-06-03T19:35:30Z</time>
   </trkpt>
   <trkpt lat="69.6031020" lon="19.1399420">
    <ele>1164.4</ele>
    <time>2026-06-03T19:35:31Z</time>
   </trkpt>
   <trkpt lat="69.6030620" lon="19.1398990">
    <ele>1163.9</ele>
    <time>2026-06-03T19:35:32Z</time>
   </trkpt>
   <trkpt lat="69.6030250" lon="19.1398450">
    <ele>1163.3</ele>
    <time>2026-06-03T19:35:33Z</time>
   </trkpt>
   <trkpt lat="69.6029870" lon="19.1397840">
    <ele>1162.7</ele>
    <time>2026-06-03T19:35:34Z</time>
   </trkpt>
   <trkpt lat="69.6029500" lon="19.1397160">
    <ele>1161.4</ele>
    <time>2026-06-03T19:35:35Z</time>
   </trkpt>
   <trkpt lat="69.6029090" lon="19.1396490">
    <ele>1160.7</ele>
    <time>2026-06-03T19:35:36Z</time>
   </trkpt>
   <trkpt lat="69.6028650" lon="19.1395810">
    <ele>1159.4</ele>
    <time>2026-06-03T19:35:37Z</time>
   </trkpt>
   <trkpt lat="69.6028210" lon="19.1395190">
    <ele>1158.8</ele>
    <time>2026-06-03T19:35:38Z</time>
   </trkpt>
   <trkpt lat="69.6027810" lon="19.1394580">
    <ele>1157.4</ele>
    <time>2026-06-03T19:35:39Z</time>
   </trkpt>
   <trkpt lat="69.6027430" lon="19.1393940">
    <ele>1156.7</ele>
    <time>2026-06-03T19:35:40Z</time>
   </trkpt>
   <trkpt lat="69.6027060" lon="19.1393210">
    <ele>1155.2</ele>
    <time>2026-06-03T19:35:41Z</time>
   </trkpt>
   <trkpt lat="69.6026680" lon="19.1392380">
    <ele>1153.7</ele>
    <time>2026-06-03T19:35:42Z</time>
   </trkpt>
   <trkpt lat="69.6026260" lon="19.1391550">
    <ele>1152.2</ele>
    <time>2026-06-03T19:35:43Z</time>
   </trkpt>
   <trkpt lat="69.6025820" lon="19.1390680">
    <ele>1150.8</ele>
    <time>2026-06-03T19:35:44Z</time>
   </trkpt>
   <trkpt lat="69.6025370" lon="19.1389830">
    <ele>1149.4</ele>
    <time>2026-06-03T19:35:45Z</time>
   </trkpt>
   <trkpt lat="69.6024910" lon="19.1389000">
    <ele>1148.1</ele>
    <time>2026-06-03T19:35:46Z</time>
   </trkpt>
   <trkpt lat="69.6024460" lon="19.1388220">
    <ele>1146.9</ele>
    <time>2026-06-03T19:35:47Z</time>
   </trkpt>
   <trkpt lat="69.6024000" lon="19.1387460">
    <ele>1146.4</ele>
    <time>2026-06-03T19:35:48Z</time>
   </trkpt>
   <trkpt lat="69.6023520" lon="19.1386720">
    <ele>1145.3</ele>
    <time>2026-06-03T19:35:49Z</time>
   </trkpt>
   <trkpt lat="69.6023070" lon="19.1386000">
    <ele>1144.2</ele>
    <time>2026-06-03T19:35:50Z</time>
   </trkpt>
   <trkpt lat="69.6022640" lon="19.1385240">
    <ele>1143.1</ele>
    <time>2026-06-03T19:35:51Z</time>
   </trkpt>
   <trkpt lat="69.6022260" lon="19.1384340">
    <ele>1142.0</ele>
    <time>2026-06-03T19:35:52Z</time>
   </trkpt>
   <trkpt lat="69.6021910" lon="19.1383260">
    <ele>1140.8</ele>
    <time>2026-06-03T19:35:53Z</time>
   </trkpt>
   <trkpt lat="69.6021540" lon="19.1382230">
    <ele>1139.0</ele>
    <time>2026-06-03T19:35:54Z</time>
   </trkpt>
   <trkpt lat="69.6021150" lon="19.1381420">
    <ele>1138.2</ele>
    <time>2026-06-03T19:35:55Z</time>
   </trkpt>
   <trkpt lat="69.6020780" lon="19.1380750">
    <ele>1137.2</ele>
    <time>2026-06-03T19:35:56Z</time>
   </trkpt>
   <trkpt lat="69.6020410" lon="19.1380180">
    <ele>1136.8</ele>
    <time>2026-06-03T19:35:57Z</time>
   </trkpt>
   <trkpt lat="69.6020080" lon="19.1379590">
    <ele>1136.0</ele>
    <time>2026-06-03T19:35:58Z</time>
   </trkpt>
   <trkpt lat="69.6019780" lon="19.1378990">
    <ele>1135.6</ele>
    <time>2026-06-03T19:35:59Z</time>
   </trkpt>
   <trkpt lat="69.6019480" lon="19.1378430">
    <ele>1135.2</ele>
    <time>2026-06-03T19:36:00Z</time>
   </trkpt>
   <trkpt lat="69.6019180" lon="19.1377980">
    <ele>1134.8</ele>
    <time>2026-06-03T19:36:01Z</time>
   </trkpt>
   <trkpt lat="69.6018900" lon="19.1377640">
    <ele>1134.2</ele>
    <time>2026-06-03T19:36:02Z</time>
   </trkpt>
   <trkpt lat="69.6018640" lon="19.1377340">
    <ele>1133.6</ele>
    <time>2026-06-03T19:36:03Z</time>
   </trkpt>
   <trkpt lat="69.6018420" lon="19.1377030">
    <ele>1133.0</ele>
    <time>2026-06-03T19:36:04Z</time>
   </trkpt>
   <trkpt lat="69.6018190" lon="19.1376670">
    <ele>1132.3</ele>
    <time>2026-06-03T19:36:05Z</time>
   </trkpt>
   <trkpt lat="69.6017960" lon="19.1376150">
    <ele>1131.7</ele>
    <time>2026-06-03T19:36:06Z</time>
   </trkpt>
   <trkpt lat="69.6017700" lon="19.1375450">
    <ele>1131.0</ele>
    <time>2026-06-03T19:36:07Z</time>
   </trkpt>
   <trkpt lat="69.6017380" lon="19.1374560">
    <ele>1129.6</ele>
    <time>2026-06-03T19:36:08Z</time>
   </trkpt>
   <trkpt lat="69.6017030" lon="19.1373450">
    <ele>1127.5</ele>
    <time>2026-06-03T19:36:09Z</time>
   </trkpt>
   <trkpt lat="69.6016670" lon="19.1372150">
    <ele>1125.3</ele>
    <time>2026-06-03T19:36:10Z</time>
   </trkpt>
   <trkpt lat="69.6016400" lon="19.1370550">
    <ele>1122.5</ele>
    <time>2026-06-03T19:36:11Z</time>
   </trkpt>
   <trkpt lat="69.6016100" lon="19.1368760">
    <ele>1119.7</ele>
    <time>2026-06-03T19:36:12Z</time>
   </trkpt>
   <trkpt lat="69.6015680" lon="19.1367200">
    <ele>1117.1</ele>
    <time>2026-06-03T19:36:13Z</time>
   </trkpt>
   <trkpt lat="69.6015240" lon="19.1365740">
    <ele>1115.3</ele>
    <time>2026-06-03T19:36:14Z</time>
   </trkpt>
   <trkpt lat="69.6014970" lon="19.1363950">
    <ele>1112.6</ele>
    <time>2026-06-03T19:36:15Z</time>
   </trkpt>
   <trkpt lat="69.6014760" lon="19.1361840">
    <ele>1108.7</ele>
    <time>2026-06-03T19:36:16Z</time>
   </trkpt>
   <trkpt lat="69.6014390" lon="19.1360080">
    <ele>1106.2</ele>
    <time>2026-06-03T19:36:17Z</time>
   </trkpt>
   <trkpt lat="69.6013950" lon="19.1358850">
    <ele>1104.7</ele>
    <time>2026-06-03T19:36:18Z</time>
   </trkpt>
   <trkpt lat="69.6013580" lon="19.1357560">
    <ele>1103.0</ele>
    <time>2026-06-03T19:36:19Z</time>
   </trkpt>
   <trkpt lat="69.6013470" lon="19.1355910">
    <ele>1100.4</ele>
    <time>2026-06-03T19:36:20Z</time>
   </trkpt>
   <trkpt lat="69.6013720" lon="19.1354620">
    <ele>1097.7</ele>
    <time>2026-06-03T19:36:21Z</time>
   </trkpt>
   <trkpt lat="69.6014150" lon="19.1353700">
    <ele>1095.2</ele>
    <time>2026-06-03T19:36:22Z</time>
   </trkpt>
   <trkpt lat="69.6014360" lon="19.1352420">
    <ele>1092.3</ele>
    <time>2026-06-03T19:36:23Z</time>
   </trkpt>
   <trkpt lat="69.6014270" lon="19.1350900">
    <ele>1088.6</ele>
    <time>2026-06-03T19:36:24Z</time>
   </trkpt>
   <trkpt lat="69.6014280" lon="19.1349450">
    <ele>1085.8</ele>
    <time>2026-06-03T19:36:25Z</time>
   </trkpt>
   <trkpt lat="69.6014590" lon="19.1348230">
    <ele>1082.4</ele>
    <time>2026-06-03T19:36:26Z</time>
   </trkpt>
   <trkpt lat="69.6014900" lon="19.1346760">
    <ele>1079.1</ele>
    <time>2026-06-03T19:36:27Z</time>
   </trkpt>
   <trkpt lat="69.6014840" lon="19.1345020">
    <ele>1075.9</ele>
    <time>2026-06-03T19:36:28Z</time>
   </trkpt>
   <trkpt lat="69.6014660" lon="19.1343230">
    <ele>1072.7</ele>
    <time>2026-06-03T19:36:29Z</time>
   </trkpt>
   <trkpt lat="69.6014770" lon="19.1341680">
    <ele>1068.7</ele>
    <time>2026-06-03T19:36:30Z</time>
   </trkpt>
   <trkpt lat="69.6015170" lon="19.1340550">
    <ele>1064.9</ele>
    <time>2026-06-03T19:36:31Z</time>
   </trkpt>
   <trkpt lat="69.6015430" lon="19.1339100">
    <ele>1061.8</ele>
    <time>2026-06-03T19:36:32Z</time>
   </trkpt>
   <trkpt lat="69.6015360" lon="19.1337240">
    <ele>1058.2</ele>
    <time>2026-06-03T19:36:33Z</time>
   </trkpt>
   <trkpt lat="69.6015360" lon="19.1335410">
    <ele>1053.8</ele>
    <time>2026-06-03T19:36:34Z</time>
   </trkpt>
   <trkpt lat="69.6015630" lon="19.1333970">
    <ele>1050.6</ele>
    <time>2026-06-03T19:36:35Z</time>
   </trkpt>
   <trkpt lat="69.6015850" lon="19.1332420">
    <ele>1047.0</ele>
    <time>2026-06-03T19:36:36Z</time>
   </trkpt>
   <trkpt lat="69.6015730" lon="19.1330870">
    <ele>1044.8</ele>
    <time>2026-06-03T19:36:37Z</time>
   </trkpt>
   <trkpt lat="69.6015460" lon="19.1329530">
    <ele>1042.5</ele>
    <time>2026-06-03T19:36:38Z</time>
   </trkpt>
   <trkpt lat="69.6015410" lon="19.1328020">
    <ele>1039.5</ele>
    <time>2026-06-03T19:36:39Z</time>
   </trkpt>
   <trkpt lat="69.6015550" lon="19.1326240">
    <ele>1036.0</ele>
    <time>2026-06-03T19:36:40Z</time>
   </trkpt>
   <trkpt lat="69.6015540" lon="19.1324060">
    <ele>1032.2</ele>
    <time>2026-06-03T19:36:41Z</time>
   </trkpt>
   <trkpt lat="69.6015150" lon="19.1322100">
    <ele>1029.5</ele>
    <time>2026-06-03T19:36:42Z</time>
   </trkpt>
   <trkpt lat="69.6014620" lon="19.1320730">
    <ele>1028.2</ele>
    <time>2026-06-03T19:36:43Z</time>
   </trkpt>
   <trkpt lat="69.6014160" lon="19.1319470">
    <ele>1026.7</ele>
    <time>2026-06-03T19:36:44Z</time>
   </trkpt>
   <trkpt lat="69.6013760" lon="19.1318030">
    <ele>1025.1</ele>
    <time>2026-06-03T19:36:45Z</time>
   </trkpt>
   <trkpt lat="69.6013360" lon="19.1316550">
    <ele>1022.3</ele>
    <time>2026-06-03T19:36:46Z</time>
   </trkpt>
   <trkpt lat="69.6012690" lon="19.1315350">
    <ele>1021.9</ele>
    <time>2026-06-03T19:36:47Z</time>
   </trkpt>
   <trkpt lat="69.6012060" lon="19.1314090">
    <ele>1020.0</ele>
    <time>2026-06-03T19:36:48Z</time>
   </trkpt>
   <trkpt lat="69.6011470" lon="19.1312800">
    <ele>1018.0</ele>
    <time>2026-06-03T19:36:49Z</time>
   </trkpt>
   <trkpt lat="69.6010910" lon="19.1311660">
    <ele>1016.2</ele>
    <time>2026-06-03T19:36:50Z</time>
   </trkpt>
   <trkpt lat="69.6010400" lon="19.1310560">
    <ele>1014.2</ele>
    <time>2026-06-03T19:36:51Z</time>
   </trkpt>
   <trkpt lat="69.6009950" lon="19.1309360">
    <ele>1013.1</ele>
    <time>2026-06-03T19:36:52Z</time>
   </trkpt>
   <trkpt lat="69.6009530" lon="19.1308120">
    <ele>1010.8</ele>
    <time>2026-06-03T19:36:53Z</time>
   </trkpt>
   <trkpt lat="69.6009140" lon="19.1306740">
    <ele>1008.5</ele>
    <time>2026-06-03T19:36:54Z</time>
   </trkpt>
   <trkpt lat="69.6009000" lon="19.1305190">
    <ele>1005.7</ele>
    <time>2026-06-03T19:36:55Z</time>
   </trkpt>
   <trkpt lat="69.6009190" lon="19.1303560">
    <ele>1002.9</ele>
    <time>2026-06-03T19:36:56Z</time>
   </trkpt>
   <trkpt lat="69.6009290" lon="19.1301640">
    <ele>1000.5</ele>
    <time>2026-06-03T19:36:57Z</time>
   </trkpt>
   <trkpt lat="69.6009010" lon="19.1299960">
    <ele>998.4</ele>
    <time>2026-06-03T19:36:58Z</time>
   </trkpt>
   <trkpt lat="69.6008610" lon="19.1298890">
    <ele>996.7</ele>
    <time>2026-06-03T19:36:59Z</time>
   </trkpt>
   <trkpt lat="69.6008280" lon="19.1297760">
    <ele>995.5</ele>
    <time>2026-06-03T19:37:00Z</time>
   </trkpt>
   <trkpt lat="69.6008040" lon="19.1296260">
    <ele>992.5</ele>
    <time>2026-06-03T19:37:01Z</time>
   </trkpt>
   <trkpt lat="69.6007730" lon="19.1294580">
    <ele>989.4</ele>
    <time>2026-06-03T19:37:02Z</time>
   </trkpt>
   <trkpt lat="69.6007280" lon="19.1293250">
    <ele>987.4</ele>
    <time>2026-06-03T19:37:03Z</time>
   </trkpt>
   <trkpt lat="69.6006840" lon="19.1292360">
    <ele>986.3</ele>
    <time>2026-06-03T19:37:04Z</time>
   </trkpt>
   <trkpt lat="69.6006410" lon="19.1291570">
    <ele>985.4</ele>
    <time>2026-06-03T19:37:05Z</time>
   </trkpt>
   <trkpt lat="69.6006010" lon="19.1290830">
    <ele>984.6</ele>
    <time>2026-06-03T19:37:06Z</time>
   </trkpt>
   <trkpt lat="69.6005650" lon="19.1290160">
    <ele>984.3</ele>
    <time>2026-06-03T19:37:07Z</time>
   </trkpt>
   <trkpt lat="69.6005310" lon="19.1289540">
    <ele>983.1</ele>
    <time>2026-06-03T19:37:08Z</time>
   </trkpt>
   <trkpt lat="69.6004990" lon="19.1288980">
    <ele>982.8</ele>
    <time>2026-06-03T19:37:09Z</time>
   </trkpt>
   <trkpt lat="69.6004680" lon="19.1288470">
    <ele>982.3</ele>
    <time>2026-06-03T19:37:10Z</time>
   </trkpt>
   <trkpt lat="69.6004370" lon="19.1287990">
    <ele>982.1</ele>
    <time>2026-06-03T19:37:11Z</time>
   </trkpt>
   <trkpt lat="69.6004060" lon="19.1287520">
    <ele>981.7</ele>
    <time>2026-06-03T19:37:12Z</time>
   </trkpt>
   <trkpt lat="69.6003750" lon="19.1287060">
    <ele>981.3</ele>
    <time>2026-06-03T19:37:13Z</time>
   </trkpt>
   <trkpt lat="69.6003430" lon="19.1286550">
    <ele>980.0</ele>
    <time>2026-06-03T19:37:14Z</time>
   </trkpt>
   <trkpt lat="69.6003120" lon="19.1286060">
    <ele>979.6</ele>
    <time>2026-06-03T19:37:15Z</time>
   </trkpt>
   <trkpt lat="69.6002800" lon="19.1285590">
    <ele>979.2</ele>
    <time>2026-06-03T19:37:16Z</time>
   </trkpt>
   <trkpt lat="69.6002490" lon="19.1285130">
    <ele>978.8</ele>
    <time>2026-06-03T19:37:17Z</time>
   </trkpt>
   <trkpt lat="69.6002210" lon="19.1284710">
    <ele>978.3</ele>
    <time>2026-06-03T19:37:18Z</time>
   </trkpt>
   <trkpt lat="69.6001910" lon="19.1284290">
    <ele>977.9</ele>
    <time>2026-06-03T19:37:19Z</time>
   </trkpt>
   <trkpt lat="69.6001620" lon="19.1283830">
    <ele>977.4</ele>
    <time>2026-06-03T19:37:20Z</time>
   </trkpt>
   <trkpt lat="69.6001340" lon="19.1283340">
    <ele>976.8</ele>
    <time>2026-06-03T19:37:21Z</time>
   </trkpt>
   <trkpt lat="69.6001070" lon="19.1282880">
    <ele>976.3</ele>
    <time>2026-06-03T19:37:22Z</time>
   </trkpt>
   <trkpt lat="69.6000810" lon="19.1282430">
    <ele>975.6</ele>
    <time>2026-06-03T19:37:23Z</time>
   </trkpt>
   <trkpt lat="69.6000550" lon="19.1281960">
    <ele>975.1</ele>
    <time>2026-06-03T19:37:24Z</time>
   </trkpt>
   <trkpt lat="69.6000260" lon="19.1281450">
    <ele>974.6</ele>
    <time>2026-06-03T19:37:25Z</time>
   </trkpt>
   <trkpt lat="69.5999960" lon="19.1280910">
    <ele>973.3</ele>
    <time>2026-06-03T19:37:26Z</time>
   </trkpt>
   <trkpt lat="69.5999650" lon="19.1280350">
    <ele>972.9</ele>
    <time>2026-06-03T19:37:27Z</time>
   </trkpt>
   <trkpt lat="69.5999340" lon="19.1279820">
    <ele>972.6</ele>
    <time>2026-06-03T19:37:28Z</time>
   </trkpt>
   <trkpt lat="69.5999050" lon="19.1279340">
    <ele>972.2</ele>
    <time>2026-06-03T19:37:29Z</time>
   </trkpt>
   <trkpt lat="69.5998810" lon="19.1278940">
    <ele>971.8</ele>
    <time>2026-06-03T19:37:30Z</time>
   </trkpt>
   <trkpt lat="69.5998600" lon="19.1278600">
    <ele>971.2</ele>
    <time>2026-06-03T19:37:31Z</time>
   </trkpt>
   <trkpt lat="69.5998420" lon="19.1278330">
    <ele>970.6</ele>
    <time>2026-06-03T19:37:32Z</time>
   </trkpt>
   <trkpt lat="69.5998420" lon="19.1278330">
    <ele>970.6</ele>
    <time>2026-06-03T19:37:33Z</time>
   </trkpt>
   <trkpt lat="69.5998140" lon="19.1277860">
    <ele>970.2</ele>
    <time>2026-06-03T19:37:34Z</time>
   </trkpt>
   <trkpt lat="69.5998140" lon="19.1277860">
    <ele>970.2</ele>
    <time>2026-06-03T19:37:35Z</time>
   </trkpt>
   <trkpt lat="69.5997830" lon="19.1277340">
    <ele>969.8</ele>
    <time>2026-06-03T19:37:36Z</time>
   </trkpt>
   <trkpt lat="69.5997680" lon="19.1276840">
    <ele>969.1</ele>
    <time>2026-06-03T19:37:37Z</time>
   </trkpt>
   <trkpt lat="69.5997540" lon="19.1275960">
    <ele>967.5</ele>
    <time>2026-06-03T19:37:38Z</time>
   </trkpt>
   <trkpt lat="69.5997350" lon="19.1274820">
    <ele>964.9</ele>
    <time>2026-06-03T19:37:39Z</time>
   </trkpt>
   <trkpt lat="69.5997130" lon="19.1273930">
    <ele>963.6</ele>
    <time>2026-06-03T19:37:40Z</time>
   </trkpt>
   <trkpt lat="69.5996940" lon="19.1273370">
    <ele>963.0</ele>
    <time>2026-06-03T19:37:41Z</time>
   </trkpt>
   <trkpt lat="69.5996760" lon="19.1272820">
    <ele>961.5</ele>
    <time>2026-06-03T19:37:42Z</time>
   </trkpt>
   <trkpt lat="69.5996630" lon="19.1272380">
    <ele>960.9</ele>
    <time>2026-06-03T19:37:43Z</time>
   </trkpt>
   <trkpt lat="69.5996630" lon="19.1272380">
    <ele>960.9</ele>
    <time>2026-06-03T19:37:44Z</time>
   </trkpt>
   <trkpt lat="69.5996450" lon="19.1271910">
    <ele>960.3</ele>
    <time>2026-06-03T19:37:45Z</time>
   </trkpt>
   <trkpt lat="69.5996450" lon="19.1271910">
    <ele>960.4</ele>
    <time>2026-06-03T19:37:46Z</time>
   </trkpt>
   <trkpt lat="69.5996330" lon="19.1271400">
    <ele>959.5</ele>
    <time>2026-06-03T19:37:47Z</time>
   </trkpt>
   <trkpt lat="69.5996330" lon="19.1271400">
    <ele>959.5</ele>
    <time>2026-06-03T19:37:48Z</time>
   </trkpt>
   <trkpt lat="69.5996230" lon="19.1270630">
    <ele>958.1</ele>
    <time>2026-06-03T19:37:49Z</time>
   </trkpt>
   <trkpt lat="69.5996200" lon="19.1269970">
    <ele>957.2</ele>
    <time>2026-06-03T19:37:50Z</time>
   </trkpt>
   <trkpt lat="69.5996350" lon="19.1269320">
    <ele>955.0</ele>
    <time>2026-06-03T19:37:51Z</time>
   </trkpt>
   <trkpt lat="69.5996540" lon="19.1268970">
    <ele>954.6</ele>
    <time>2026-06-03T19:37:52Z</time>
   </trkpt>
   <trkpt lat="69.5996540" lon="19.1268970">
    <ele>954.6</ele>
    <time>2026-06-03T19:37:53Z</time>
   </trkpt>
   <trkpt lat="69.5996770" lon="19.1268750">
    <ele>952.8</ele>
    <time>2026-06-03T19:37:54Z</time>
   </trkpt>
   <trkpt lat="69.5997060" lon="19.1268340">
    <ele>950.9</ele>
    <time>2026-06-03T19:37:55Z</time>
   </trkpt>
   <trkpt lat="69.5997360" lon="19.1267290">
    <ele>947.7</ele>
    <time>2026-06-03T19:37:56Z</time>
   </trkpt>
   <trkpt lat="69.5997380" lon="19.1265800">
    <ele>943.3</ele>
    <time>2026-06-03T19:37:57Z</time>
   </trkpt>
   <trkpt lat="69.5997150" lon="19.1264650">
    <ele>941.3</ele>
    <time>2026-06-03T19:37:58Z</time>
   </trkpt>
   <trkpt lat="69.5996960" lon="19.1263710">
    <ele>939.7</ele>
    <time>2026-06-03T19:37:59Z</time>
   </trkpt>
   <trkpt lat="69.5996970" lon="19.1262790">
    <ele>937.5</ele>
    <time>2026-06-03T19:38:00Z</time>
   </trkpt>
   <trkpt lat="69.5997270" lon="19.1262080">
    <ele>933.9</ele>
    <time>2026-06-03T19:38:01Z</time>
   </trkpt>
   <trkpt lat="69.5997680" lon="19.1261690">
    <ele>932.1</ele>
    <time>2026-06-03T19:38:02Z</time>
   </trkpt>
   <trkpt lat="69.5998130" lon="19.1261190">
    <ele>928.2</ele>
    <time>2026-06-03T19:38:03Z</time>
   </trkpt>
   <trkpt lat="69.5998560" lon="19.1259970">
    <ele>924.5</ele>
    <time>2026-06-03T19:38:04Z</time>
   </trkpt>
   <trkpt lat="69.5998950" lon="19.1258040">
    <ele>918.4</ele>
    <time>2026-06-03T19:38:05Z</time>
   </trkpt>
   <trkpt lat="69.5999530" lon="19.1256800">
    <ele>913.3</ele>
    <time>2026-06-03T19:38:06Z</time>
   </trkpt>
   <trkpt lat="69.6000290" lon="19.1255810">
    <ele>908.4</ele>
    <time>2026-06-03T19:38:07Z</time>
   </trkpt>
   <trkpt lat="69.6000790" lon="19.1254060">
    <ele>902.3</ele>
    <time>2026-06-03T19:38:08Z</time>
   </trkpt>
   <trkpt lat="69.6001230" lon="19.1252060">
    <ele>894.8</ele>
    <time>2026-06-03T19:38:09Z</time>
   </trkpt>
   <trkpt lat="69.6001830" lon="19.1250590">
    <ele>889.2</ele>
    <time>2026-06-03T19:38:10Z</time>
   </trkpt>
   <trkpt lat="69.6002630" lon="19.1246260">
    <ele>876.6</ele>
    <time>2026-06-03T19:38:12Z</time>
   </trkpt>
   <trkpt lat="69.6003150" lon="19.1244610">
    <ele>872.0</ele>
    <time>2026-06-03T19:38:13Z</time>
   </trkpt>
   <trkpt lat="69.6003150" lon="19.1244610">
    <ele>872.0</ele>
    <time>2026-06-03T19:38:14Z</time>
   </trkpt>
   <trkpt lat="69.6004410" lon="19.1241590">
    <ele>861.8</ele>
    <time>2026-06-03T19:38:15Z</time>
   </trkpt>
   <trkpt lat="69.6004570" lon="19.1241170">
    <ele>860.5</ele>
    <time>2026-06-03T19:38:16Z</time>
   </trkpt>
   <trkpt lat="69.6004900" lon="19.1240340">
    <ele>858.0</ele>
    <time>2026-06-03T19:38:17Z</time>
   </trkpt>
   <trkpt lat="69.6006600" lon="19.1239620">
    <ele>851.5</ele>
    <time>2026-06-03T19:38:18Z</time>
   </trkpt>
   <trkpt lat="69.6006860" lon="19.1239230">
    <ele>849.9</ele>
    <time>2026-06-03T19:38:19Z</time>
   </trkpt>
   <trkpt lat="69.6007370" lon="19.1238450">
    <ele>847.1</ele>
    <time>2026-06-03T19:38:20Z</time>
   </trkpt>
   <trkpt lat="69.6007750" lon="19.1236240">
    <ele>842.0</ele>
    <time>2026-06-03T19:38:21Z</time>
   </trkpt>
   <trkpt lat="69.6008330" lon="19.1234890">
    <ele>838.3</ele>
    <time>2026-06-03T19:38:22Z</time>
   </trkpt>
   <trkpt lat="69.6009070" lon="19.1234410">
    <ele>835.7</ele>
    <time>2026-06-03T19:38:23Z</time>
   </trkpt>
   <trkpt lat="69.6009790" lon="19.1233720">
    <ele>832.7</ele>
    <time>2026-06-03T19:38:24Z</time>
   </trkpt>
   <trkpt lat="69.6010210" lon="19.1231860">
    <ele>829.8</ele>
    <time>2026-06-03T19:38:25Z</time>
   </trkpt>
   <trkpt lat="69.6010540" lon="19.1229480">
    <ele>826.1</ele>
    <time>2026-06-03T19:38:26Z</time>
   </trkpt>
   <trkpt lat="69.6011360" lon="19.1225940">
    <ele>821.1</ele>
    <time>2026-06-03T19:38:27Z</time>
   </trkpt>
   <trkpt lat="69.6011630" lon="19.1224670">
    <ele>819.3</ele>
    <time>2026-06-03T19:38:28Z</time>
   </trkpt>
   <trkpt lat="69.6011780" lon="19.1222080">
    <ele>816.2</ele>
    <time>2026-06-03T19:38:29Z</time>
   </trkpt>
   <trkpt lat="69.6011570" lon="19.1218760">
    <ele>812.8</ele>
    <time>2026-06-03T19:38:31Z</time>
   </trkpt>
   <trkpt lat="69.6011360" lon="19.1217120">
    <ele>811.1</ele>
    <time>2026-06-03T19:38:32Z</time>
   </trkpt>
   <trkpt lat="69.6011190" lon="19.1215380">
    <ele>809.2</ele>
    <time>2026-06-03T19:38:33Z</time>
   </trkpt>
   <trkpt lat="69.6011000" lon="19.1213610">
    <ele>807.3</ele>
    <time>2026-06-03T19:38:34Z</time>
   </trkpt>
   <trkpt lat="69.6010780" lon="19.1211930">
    <ele>805.8</ele>
    <time>2026-06-03T19:38:35Z</time>
   </trkpt>
   <trkpt lat="69.6010540" lon="19.1210220">
    <ele>804.0</ele>
    <time>2026-06-03T19:38:36Z</time>
   </trkpt>
   <trkpt lat="69.6010380" lon="19.1208240">
    <ele>801.7</ele>
    <time>2026-06-03T19:38:37Z</time>
   </trkpt>
   <trkpt lat="69.6010390" lon="19.1206160">
    <ele>798.8</ele>
    <time>2026-06-03T19:38:38Z</time>
   </trkpt>
   <trkpt lat="69.6010630" lon="19.1204490">
    <ele>796.1</ele>
    <time>2026-06-03T19:38:39Z</time>
   </trkpt>
   <trkpt lat="69.6011040" lon="19.1203630">
    <ele>793.9</ele>
    <time>2026-06-03T19:38:40Z</time>
   </trkpt>
   <trkpt lat="69.6011540" lon="19.1203040">
    <ele>792.3</ele>
    <time>2026-06-03T19:38:41Z</time>
   </trkpt>
   <trkpt lat="69.6012130" lon="19.1202320">
    <ele>789.8</ele>
    <time>2026-06-03T19:38:42Z</time>
   </trkpt>
   <trkpt lat="69.6012610" lon="19.1201180">
    <ele>787.4</ele>
    <time>2026-06-03T19:38:43Z</time>
   </trkpt>
   <trkpt lat="69.6012720" lon="19.1199930">
    <ele>785.7</ele>
    <time>2026-06-03T19:38:44Z</time>
   </trkpt>
   <trkpt lat="69.6012610" lon="19.1198940">
    <ele>784.0</ele>
    <time>2026-06-03T19:38:45Z</time>
   </trkpt>
   <trkpt lat="69.6012530" lon="19.1197820">
    <ele>783.3</ele>
    <time>2026-06-03T19:38:46Z</time>
   </trkpt>
   <trkpt lat="69.6012640" lon="19.1196490">
    <ele>781.2</ele>
    <time>2026-06-03T19:38:47Z</time>
   </trkpt>
   <trkpt lat="69.6012990" lon="19.1195400">
    <ele>778.9</ele>
    <time>2026-06-03T19:38:48Z</time>
   </trkpt>
   <trkpt lat="69.6013490" lon="19.1194840">
    <ele>777.3</ele>
    <time>2026-06-03T19:38:49Z</time>
   </trkpt>
   <trkpt lat="69.6014030" lon="19.1194410">
    <ele>775.7</ele>
    <time>2026-06-03T19:38:50Z</time>
   </trkpt>
   <trkpt lat="69.6014600" lon="19.1194050">
    <ele>774.0</ele>
    <time>2026-06-03T19:38:51Z</time>
   </trkpt>
   <trkpt lat="69.6015130" lon="19.1193940">
    <ele>773.1</ele>
    <time>2026-06-03T19:38:52Z</time>
   </trkpt>
   <trkpt lat="69.6015630" lon="19.1193790">
    <ele>771.4</ele>
    <time>2026-06-03T19:38:53Z</time>
   </trkpt>
   <trkpt lat="69.6016190" lon="19.1193490">
    <ele>770.7</ele>
    <time>2026-06-03T19:38:54Z</time>
   </trkpt>
   <trkpt lat="69.6016780" lon="19.1193250">
    <ele>769.2</ele>
    <time>2026-06-03T19:38:55Z</time>
   </trkpt>
   <trkpt lat="69.6017320" lon="19.1193080">
    <ele>768.1</ele>
    <time>2026-06-03T19:38:56Z</time>
   </trkpt>
   <trkpt lat="69.6017860" lon="19.1192620">
    <ele>766.3</ele>
    <time>2026-06-03T19:38:57Z</time>
   </trkpt>
   <trkpt lat="69.6018470" lon="19.1191810">
    <ele>763.9</ele>
    <time>2026-06-03T19:38:58Z</time>
   </trkpt>
   <trkpt lat="69.6019100" lon="19.1191230">
    <ele>761.5</ele>
    <time>2026-06-03T19:38:59Z</time>
   </trkpt>
   <trkpt lat="69.6019600" lon="19.1191090">
    <ele>760.5</ele>
    <time>2026-06-03T19:39:00Z</time>
   </trkpt>
   <trkpt lat="69.6020000" lon="19.1190990">
    <ele>759.5</ele>
    <time>2026-06-03T19:39:01Z</time>
   </trkpt>
   <trkpt lat="69.6020400" lon="19.1190580">
    <ele>757.9</ele>
    <time>2026-06-03T19:39:02Z</time>
   </trkpt>
   <trkpt lat="69.6020890" lon="19.1189810">
    <ele>755.4</ele>
    <time>2026-06-03T19:39:03Z</time>
   </trkpt>
   <trkpt lat="69.6021430" lon="19.1189170">
    <ele>753.6</ele>
    <time>2026-06-03T19:39:04Z</time>
   </trkpt>
   <trkpt lat="69.6021900" lon="19.1188930">
    <ele>751.4</ele>
    <time>2026-06-03T19:39:05Z</time>
   </trkpt>
   <trkpt lat="69.6022290" lon="19.1188840">
    <ele>750.8</ele>
    <time>2026-06-03T19:39:06Z</time>
   </trkpt>
   <trkpt lat="69.6022730" lon="19.1188480">
    <ele>749.3</ele>
    <time>2026-06-03T19:39:07Z</time>
   </trkpt>
   <trkpt lat="69.6023290" lon="19.1188120">
    <ele>747.5</ele>
    <time>2026-06-03T19:39:08Z</time>
   </trkpt>
   <trkpt lat="69.6023870" lon="19.1187940">
    <ele>746.4</ele>
    <time>2026-06-03T19:39:09Z</time>
   </trkpt>
   <trkpt lat="69.6024440" lon="19.1187800">
    <ele>744.3</ele>
    <time>2026-06-03T19:39:10Z</time>
   </trkpt>
   <trkpt lat="69.6025040" lon="19.1187400">
    <ele>742.2</ele>
    <time>2026-06-03T19:39:11Z</time>
   </trkpt>
   <trkpt lat="69.6025670" lon="19.1186960">
    <ele>740.3</ele>
    <time>2026-06-03T19:39:12Z</time>
   </trkpt>
   <trkpt lat="69.6026230" lon="19.1186770">
    <ele>739.5</ele>
    <time>2026-06-03T19:39:13Z</time>
   </trkpt>
   <trkpt lat="69.6026750" lon="19.1186910">
    <ele>738.9</ele>
    <time>2026-06-03T19:39:14Z</time>
   </trkpt>
   <trkpt lat="69.6027240" lon="19.1187030">
    <ele>739.0</ele>
    <time>2026-06-03T19:39:15Z</time>
   </trkpt>
   <trkpt lat="69.6027730" lon="19.1187110">
    <ele>737.9</ele>
    <time>2026-06-03T19:39:16Z</time>
   </trkpt>
   <trkpt lat="69.6028210" lon="19.1187150">
    <ele>736.9</ele>
    <time>2026-06-03T19:39:17Z</time>
   </trkpt>
   <trkpt lat="69.6028690" lon="19.1187280">
    <ele>735.8</ele>
    <time>2026-06-03T19:39:18Z</time>
   </trkpt>
   <trkpt lat="69.6029140" lon="19.1187440">
    <ele>735.5</ele>
    <time>2026-06-03T19:39:19Z</time>
   </trkpt>
   <trkpt lat="69.6029550" lon="19.1187570">
    <ele>734.2</ele>
    <time>2026-06-03T19:39:20Z</time>
   </trkpt>
   <trkpt lat="69.6029930" lon="19.1187600">
    <ele>733.4</ele>
    <time>2026-06-03T19:39:21Z</time>
   </trkpt>
   <trkpt lat="69.6030300" lon="19.1187610">
    <ele>732.3</ele>
    <time>2026-06-03T19:39:22Z</time>
   </trkpt>
   <trkpt lat="69.6030630" lon="19.1187640">
    <ele>731.7</ele>
    <time>2026-06-03T19:39:23Z</time>
   </trkpt>
   <trkpt lat="69.6030940" lon="19.1187610">
    <ele>731.4</ele>
    <time>2026-06-03T19:39:24Z</time>
   </trkpt>
   <trkpt lat="69.6031270" lon="19.1187330">
    <ele>730.2</ele>
    <time>2026-06-03T19:39:25Z</time>
   </trkpt>
   <trkpt lat="69.6031450" lon="19.1186540">
    <ele>728.1</ele>
    <time>2026-06-03T19:39:26Z</time>
   </trkpt>
   <trkpt lat="69.6031360" lon="19.1185320">
    <ele>726.1</ele>
    <time>2026-06-03T19:39:27Z</time>
   </trkpt>
   <trkpt lat="69.6031240" lon="19.1183850">
    <ele>721.9</ele>
    <time>2026-06-03T19:39:28Z</time>
   </trkpt>
   <trkpt lat="69.6031460" lon="19.1182700">
    <ele>718.0</ele>
    <time>2026-06-03T19:39:29Z</time>
   </trkpt>
   <trkpt lat="69.6031820" lon="19.1182020">
    <ele>716.5</ele>
    <time>2026-06-03T19:39:30Z</time>
   </trkpt>
   <trkpt lat="69.6031990" lon="19.1180930">
    <ele>712.9</ele>
    <time>2026-06-03T19:39:31Z</time>
   </trkpt>
   <trkpt lat="69.6031760" lon="19.1179290">
    <ele>709.7</ele>
    <time>2026-06-03T19:39:32Z</time>
   </trkpt>
   <trkpt lat="69.6031280" lon="19.1177820">
    <ele>706.4</ele>
    <time>2026-06-03T19:39:33Z</time>
   </trkpt>
   <trkpt lat="69.6030740" lon="19.1176380">
    <ele>704.1</ele>
    <time>2026-06-03T19:39:34Z</time>
   </trkpt>
   <trkpt lat="69.6030170" lon="19.1174920">
    <ele>701.1</ele>
    <time>2026-06-03T19:39:35Z</time>
   </trkpt>
   <trkpt lat="69.6029610" lon="19.1173750">
    <ele>700.5</ele>
    <time>2026-06-03T19:39:36Z</time>
   </trkpt>
   <trkpt lat="69.6029040" lon="19.1173030">
    <ele>700.2</ele>
    <time>2026-06-03T19:39:37Z</time>
   </trkpt>
   <trkpt lat="69.6028520" lon="19.1172250">
    <ele>699.3</ele>
    <time>2026-06-03T19:39:38Z</time>
   </trkpt>
   <trkpt lat="69.6028030" lon="19.1171270">
    <ele>697.8</ele>
    <time>2026-06-03T19:39:39Z</time>
   </trkpt>
   <trkpt lat="69.6027570" lon="19.1170490">
    <ele>695.9</ele>
    <time>2026-06-03T19:39:40Z</time>
   </trkpt>
   <trkpt lat="69.6027240" lon="19.1169990">
    <ele>695.1</ele>
    <time>2026-06-03T19:39:41Z</time>
   </trkpt>
   <trkpt lat="69.6026990" lon="19.1169530">
    <ele>694.2</ele>
    <time>2026-06-03T19:39:42Z</time>
   </trkpt>
   <trkpt lat="69.6026750" lon="19.1168910">
    <ele>692.4</ele>
    <time>2026-06-03T19:39:43Z</time>
   </trkpt>
   <trkpt lat="69.6026450" lon="19.1168020">
    <ele>690.6</ele>
    <time>2026-06-03T19:39:44Z</time>
   </trkpt>
   <trkpt lat="69.6026070" lon="19.1166880">
    <ele>688.8</ele>
    <time>2026-06-03T19:39:45Z</time>
   </trkpt>
   <trkpt lat="69.6025950" lon="19.1164270">
    <ele>682.1</ele>
    <time>2026-06-03T19:39:47Z</time>
   </trkpt>
   <trkpt lat="69.6026360" lon="19.1162750">
    <ele>677.6</ele>
    <time>2026-06-03T19:39:48Z</time>
   </trkpt>
   <trkpt lat="69.6026560" lon="19.1160730">
    <ele>671.9</ele>
    <time>2026-06-03T19:39:49Z</time>
   </trkpt>
   <trkpt lat="69.6026590" lon="19.1158310">
    <ele>666.4</ele>
    <time>2026-06-03T19:39:50Z</time>
   </trkpt>
   <trkpt lat="69.6026760" lon="19.1156360">
    <ele>660.9</ele>
    <time>2026-06-03T19:39:51Z</time>
   </trkpt>
   <trkpt lat="69.6027280" lon="19.1154720">
    <ele>655.7</ele>
    <time>2026-06-03T19:39:52Z</time>
   </trkpt>
   <trkpt lat="69.6027690" lon="19.1152630">
    <ele>650.1</ele>
    <time>2026-06-03T19:39:53Z</time>
   </trkpt>
   <trkpt lat="69.6028070" lon="19.1150270">
    <ele>645.2</ele>
    <time>2026-06-03T19:39:54Z</time>
   </trkpt>
   <trkpt lat="69.6028740" lon="19.1148570">
    <ele>641.0</ele>
    <time>2026-06-03T19:39:55Z</time>
   </trkpt>
   <trkpt lat="69.6029320" lon="19.1146720">
    <ele>636.5</ele>
    <time>2026-06-03T19:39:56Z</time>
   </trkpt>
   <trkpt lat="69.6029530" lon="19.1144250">
    <ele>630.5</ele>
    <time>2026-06-03T19:39:57Z</time>
   </trkpt>
   <trkpt lat="69.6029810" lon="19.1141740">
    <ele>624.5</ele>
    <time>2026-06-03T19:39:58Z</time>
   </trkpt>
   <trkpt lat="69.6029810" lon="19.1141740">
    <ele>624.5</ele>
    <time>2026-06-03T19:39:59Z</time>
   </trkpt>
   <trkpt lat="69.6031060" lon="19.1137380">
    <ele>613.8</ele>
    <time>2026-06-03T19:40:00Z</time>
   </trkpt>
   <trkpt lat="69.6031390" lon="19.1136340">
    <ele>610.6</ele>
    <time>2026-06-03T19:40:01Z</time>
   </trkpt>
   <trkpt lat="69.6032050" lon="19.1134260">
    <ele>606.2</ele>
    <time>2026-06-03T19:40:02Z</time>
   </trkpt>
   <trkpt lat="69.6032050" lon="19.1134260">
    <ele>606.2</ele>
    <time>2026-06-03T19:40:03Z</time>
   </trkpt>
   <trkpt lat="69.6032830" lon="19.1128030">
    <ele>597.7</ele>
    <time>2026-06-03T19:40:04Z</time>
   </trkpt>
   <trkpt lat="69.6032710" lon="19.1125070">
    <ele>594.5</ele>
    <time>2026-06-03T19:40:06Z</time>
   </trkpt>
   <trkpt lat="69.6032870" lon="19.1121910">
    <ele>591.0</ele>
    <time>2026-06-03T19:40:07Z</time>
   </trkpt>
   <trkpt lat="69.6032710" lon="19.1118490">
    <ele>587.1</ele>
    <time>2026-06-03T19:40:08Z</time>
   </trkpt>
   <trkpt lat="69.6032410" lon="19.1115190">
    <ele>584.7</ele>
    <time>2026-06-03T19:40:09Z</time>
   </trkpt>
   <trkpt lat="69.6032280" lon="19.1112010">
    <ele>582.1</ele>
    <time>2026-06-03T19:40:10Z</time>
   </trkpt>
   <trkpt lat="69.6032500" lon="19.1109310">
    <ele>579.1</ele>
    <time>2026-06-03T19:40:11Z</time>
   </trkpt>
   <trkpt lat="69.6032820" lon="19.1106390">
    <ele>576.7</ele>
    <time>2026-06-03T19:40:12Z</time>
   </trkpt>
   <trkpt lat="69.6033120" lon="19.1103300">
    <ele>575.1</ele>
    <time>2026-06-03T19:40:13Z</time>
   </trkpt>
   <trkpt lat="69.6033480" lon="19.1100330">
    <ele>573.8</ele>
    <time>2026-06-03T19:40:14Z</time>
   </trkpt>
   <trkpt lat="69.6033480" lon="19.1100330">
    <ele>573.8</ele>
    <time>2026-06-03T19:40:15Z</time>
   </trkpt>
   <trkpt lat="69.6036220" lon="19.1095700">
    <ele>566.2</ele>
    <time>2026-06-03T19:40:16Z</time>
   </trkpt>
   <trkpt lat="69.6036090" lon="19.1095070">
    <ele>566.0</ele>
    <time>2026-06-03T19:40:17Z</time>
   </trkpt>
   <trkpt lat="69.6035840" lon="19.1093820">
    <ele>565.2</ele>
    <time>2026-06-03T19:40:18Z</time>
   </trkpt>
   <trkpt lat="69.6035840" lon="19.1093820">
    <ele>565.3</ele>
    <time>2026-06-03T19:40:19Z</time>
   </trkpt>
   <trkpt lat="69.6035960" lon="19.1089670">
    <ele>561.1</ele>
    <time>2026-06-03T19:40:20Z</time>
   </trkpt>
   <trkpt lat="69.6035970" lon="19.1088900">
    <ele>560.1</ele>
    <time>2026-06-03T19:40:21Z</time>
   </trkpt>
   <trkpt lat="69.6036010" lon="19.1086400">
    <ele>557.8</ele>
    <time>2026-06-03T19:40:22Z</time>
   </trkpt>
   <trkpt lat="69.6036040" lon="19.1085460">
    <ele>557.2</ele>
    <time>2026-06-03T19:40:23Z</time>
   </trkpt>
   <trkpt lat="69.6036090" lon="19.1083580">
    <ele>555.8</ele>
    <time>2026-06-03T19:40:24Z</time>
   </trkpt>
   <trkpt lat="69.6036040" lon="19.1081500">
    <ele>554.1</ele>
    <time>2026-06-03T19:40:25Z</time>
   </trkpt>
   <trkpt lat="69.6036160" lon="19.1079460">
    <ele>552.7</ele>
    <time>2026-06-03T19:40:26Z</time>
   </trkpt>
   <trkpt lat="69.6036490" lon="19.1077300">
    <ele>550.8</ele>
    <time>2026-06-03T19:40:27Z</time>
   </trkpt>
   <trkpt lat="69.6036620" lon="19.1075290">
    <ele>548.6</ele>
    <time>2026-06-03T19:40:28Z</time>
   </trkpt>
   <trkpt lat="69.6036510" lon="19.1073610">
    <ele>547.2</ele>
    <time>2026-06-03T19:40:29Z</time>
   </trkpt>
   <trkpt lat="69.6036480" lon="19.1072150">
    <ele>545.7</ele>
    <time>2026-06-03T19:40:30Z</time>
   </trkpt>
   <trkpt lat="69.6036660" lon="19.1071000">
    <ele>543.9</ele>
    <time>2026-06-03T19:40:31Z</time>
   </trkpt>
   <trkpt lat="69.6036940" lon="19.1070080">
    <ele>542.7</ele>
    <time>2026-06-03T19:40:32Z</time>
   </trkpt>
   <trkpt lat="69.6037250" lon="19.1069040">
    <ele>541.9</ele>
    <time>2026-06-03T19:40:33Z</time>
   </trkpt>
   <trkpt lat="69.6037360" lon="19.1067620">
    <ele>540.7</ele>
    <time>2026-06-03T19:40:34Z</time>
   </trkpt>
   <trkpt lat="69.6037150" lon="19.1066040">
    <ele>539.6</ele>
    <time>2026-06-03T19:40:35Z</time>
   </trkpt>
   <trkpt lat="69.6036770" lon="19.1064780">
    <ele>538.1</ele>
    <time>2026-06-03T19:40:36Z</time>
   </trkpt>
   <trkpt lat="69.6036330" lon="19.1063730">
    <ele>536.5</ele>
    <time>2026-06-03T19:40:37Z</time>
   </trkpt>
   <trkpt lat="69.6035900" lon="19.1062250">
    <ele>535.0</ele>
    <time>2026-06-03T19:40:38Z</time>
   </trkpt>
   <trkpt lat="69.6035640" lon="19.1060260">
    <ele>532.5</ele>
    <time>2026-06-03T19:40:39Z</time>
   </trkpt>
   <trkpt lat="69.6035750" lon="19.1058070">
    <ele>530.2</ele>
    <time>2026-06-03T19:40:40Z</time>
   </trkpt>
   <trkpt lat="69.6036040" lon="19.1056190">
    <ele>529.3</ele>
    <time>2026-06-03T19:40:41Z</time>
   </trkpt>
   <trkpt lat="69.6036040" lon="19.1054570">
    <ele>527.9</ele>
    <time>2026-06-03T19:40:42Z</time>
   </trkpt>
   <trkpt lat="69.6035310" lon="19.1051560">
    <ele>524.2</ele>
    <time>2026-06-03T19:40:44Z</time>
   </trkpt>
   <trkpt lat="69.6035010" lon="19.1049860">
    <ele>522.2</ele>
    <time>2026-06-03T19:40:45Z</time>
   </trkpt>
   <trkpt lat="69.6034460" lon="19.1048580">
    <ele>519.8</ele>
    <time>2026-06-03T19:40:46Z</time>
   </trkpt>
   <trkpt lat="69.6033770" lon="19.1047310">
    <ele>516.9</ele>
    <time>2026-06-03T19:40:47Z</time>
   </trkpt>
   <trkpt lat="69.6033090" lon="19.1045650">
    <ele>513.7</ele>
    <time>2026-06-03T19:40:48Z</time>
   </trkpt>
   <trkpt lat="69.6032540" lon="19.1043690">
    <ele>511.0</ele>
    <time>2026-06-03T19:40:49Z</time>
   </trkpt>
   <trkpt lat="69.6031970" lon="19.1042170">
    <ele>509.4</ele>
    <time>2026-06-03T19:40:50Z</time>
   </trkpt>
   <trkpt lat="69.6031350" lon="19.1041530">
    <ele>508.5</ele>
    <time>2026-06-03T19:40:51Z</time>
   </trkpt>
   <trkpt lat="69.6030620" lon="19.1041250">
    <ele>507.6</ele>
    <time>2026-06-03T19:40:52Z</time>
   </trkpt>
   <trkpt lat="69.6029890" lon="19.1041150">
    <ele>506.6</ele>
    <time>2026-06-03T19:40:53Z</time>
   </trkpt>
   <trkpt lat="69.6029200" lon="19.1041040">
    <ele>505.6</ele>
    <time>2026-06-03T19:40:54Z</time>
   </trkpt>
   <trkpt lat="69.6028570" lon="19.1040640">
    <ele>504.7</ele>
    <time>2026-06-03T19:40:55Z</time>
   </trkpt>
   <trkpt lat="69.6028050" lon="19.1039900">
    <ele>503.9</ele>
    <time>2026-06-03T19:40:56Z</time>
   </trkpt>
   <trkpt lat="69.6027600" lon="19.1038810">
    <ele>503.2</ele>
    <time>2026-06-03T19:40:57Z</time>
   </trkpt>
   <trkpt lat="69.6027200" lon="19.1037420">
    <ele>502.5</ele>
    <time>2026-06-03T19:40:58Z</time>
   </trkpt>
   <trkpt lat="69.6026820" lon="19.1035810">
    <ele>501.5</ele>
    <time>2026-06-03T19:40:59Z</time>
   </trkpt>
   <trkpt lat="69.6026510" lon="19.1034020">
    <ele>500.2</ele>
    <time>2026-06-03T19:41:00Z</time>
   </trkpt>
   <trkpt lat="69.6026280" lon="19.1032140">
    <ele>498.8</ele>
    <time>2026-06-03T19:41:01Z</time>
   </trkpt>
   <trkpt lat="69.6025950" lon="19.1030510">
    <ele>497.4</ele>
    <time>2026-06-03T19:41:02Z</time>
   </trkpt>
   <trkpt lat="69.6025520" lon="19.1029050">
    <ele>496.0</ele>
    <time>2026-06-03T19:41:03Z</time>
   </trkpt>
   <trkpt lat="69.6025040" lon="19.1027580">
    <ele>494.5</ele>
    <time>2026-06-03T19:41:04Z</time>
   </trkpt>
   <trkpt lat="69.6024470" lon="19.1026310">
    <ele>493.0</ele>
    <time>2026-06-03T19:41:05Z</time>
   </trkpt>
   <trkpt lat="69.6023830" lon="19.1025330">
    <ele>491.7</ele>
    <time>2026-06-03T19:41:06Z</time>
   </trkpt>
   <trkpt lat="69.6023190" lon="19.1024180">
    <ele>490.3</ele>
    <time>2026-06-03T19:41:07Z</time>
   </trkpt>
   <trkpt lat="69.6022680" lon="19.1022560">
    <ele>489.1</ele>
    <time>2026-06-03T19:41:08Z</time>
   </trkpt>
   <trkpt lat="69.6022300" lon="19.1020650">
    <ele>487.8</ele>
    <time>2026-06-03T19:41:09Z</time>
   </trkpt>
   <trkpt lat="69.6021970" lon="19.1018610">
    <ele>486.5</ele>
    <time>2026-06-03T19:41:10Z</time>
   </trkpt>
   <trkpt lat="69.6021680" lon="19.1016580">
    <ele>485.2</ele>
    <time>2026-06-03T19:41:11Z</time>
   </trkpt>
   <trkpt lat="69.6021340" lon="19.1014980">
    <ele>484.1</ele>
    <time>2026-06-03T19:41:12Z</time>
   </trkpt>
   <trkpt lat="69.6020910" lon="19.1013790">
    <ele>483.1</ele>
    <time>2026-06-03T19:41:13Z</time>
   </trkpt>
   <trkpt lat="69.6020480" lon="19.1012580">
    <ele>482.2</ele>
    <time>2026-06-03T19:41:14Z</time>
   </trkpt>
   <trkpt lat="69.6020130" lon="19.1011140">
    <ele>481.1</ele>
    <time>2026-06-03T19:41:15Z</time>
   </trkpt>
   <trkpt lat="69.6019870" lon="19.1009520">
    <ele>479.8</ele>
    <time>2026-06-03T19:41:16Z</time>
   </trkpt>
   <trkpt lat="69.6019530" lon="19.1008270">
    <ele>478.7</ele>
    <time>2026-06-03T19:41:17Z</time>
   </trkpt>
   <trkpt lat="69.6019070" lon="19.1007360">
    <ele>477.5</ele>
    <time>2026-06-03T19:41:18Z</time>
   </trkpt>
   <trkpt lat="69.6018710" lon="19.1006150">
    <ele>476.3</ele>
    <time>2026-06-03T19:41:19Z</time>
   </trkpt>
   <trkpt lat="69.6018520" lon="19.1004650">
    <ele>475.2</ele>
    <time>2026-06-03T19:41:20Z</time>
   </trkpt>
   <trkpt lat="69.6018350" lon="19.1002980">
    <ele>474.0</ele>
    <time>2026-06-03T19:41:21Z</time>
   </trkpt>
   <trkpt lat="69.6018000" lon="19.1001620">
    <ele>472.7</ele>
    <time>2026-06-03T19:41:22Z</time>
   </trkpt>
   <trkpt lat="69.6017560" lon="19.1000630">
    <ele>471.4</ele>
    <time>2026-06-03T19:41:23Z</time>
   </trkpt>
   <trkpt lat="69.6017240" lon="19.0999380">
    <ele>470.0</ele>
    <time>2026-06-03T19:41:24Z</time>
   </trkpt>
   <trkpt lat="69.6017130" lon="19.0997970">
    <ele>468.6</ele>
    <time>2026-06-03T19:41:25Z</time>
   </trkpt>
   <trkpt lat="69.6017010" lon="19.0996620">
    <ele>467.3</ele>
    <time>2026-06-03T19:41:26Z</time>
   </trkpt>
   <trkpt lat="69.6016900" lon="19.0995300">
    <ele>466.0</ele>
    <time>2026-06-03T19:41:27Z</time>
   </trkpt>
   <trkpt lat="69.6016880" lon="19.0994020">
    <ele>464.8</ele>
    <time>2026-06-03T19:41:28Z</time>
   </trkpt>
   <trkpt lat="69.6016710" lon="19.0993100">
    <ele>463.9</ele>
    <time>2026-06-03T19:41:29Z</time>
   </trkpt>
   <trkpt lat="69.6016390" lon="19.0992160">
    <ele>462.7</ele>
    <time>2026-06-03T19:41:30Z</time>
   </trkpt>
   <trkpt lat="69.6016050" lon="19.0990910">
    <ele>461.2</ele>
    <time>2026-06-03T19:41:31Z</time>
   </trkpt>
   <trkpt lat="69.6015860" lon="19.0989450">
    <ele>459.7</ele>
    <time>2026-06-03T19:41:32Z</time>
   </trkpt>
   <trkpt lat="69.6015780" lon="19.0987980">
    <ele>458.2</ele>
    <time>2026-06-03T19:41:33Z</time>
   </trkpt>
   <trkpt lat="69.6015530" lon="19.0986900">
    <ele>457.0</ele>
    <time>2026-06-03T19:41:34Z</time>
   </trkpt>
   <trkpt lat="69.6015090" lon="19.0986270">
    <ele>455.6</ele>
    <time>2026-06-03T19:41:35Z</time>
   </trkpt>
   <trkpt lat="69.6014610" lon="19.0985650">
    <ele>454.2</ele>
    <time>2026-06-03T19:41:36Z</time>
   </trkpt>
   <trkpt lat="69.6014160" lon="19.0984640">
    <ele>452.6</ele>
    <time>2026-06-03T19:41:37Z</time>
   </trkpt>
   <trkpt lat="69.6013890" lon="19.0983290">
    <ele>451.1</ele>
    <time>2026-06-03T19:41:38Z</time>
   </trkpt>
   <trkpt lat="69.6013670" lon="19.0982090">
    <ele>449.7</ele>
    <time>2026-06-03T19:41:39Z</time>
   </trkpt>
   <trkpt lat="69.6013310" lon="19.0981040">
    <ele>448.3</ele>
    <time>2026-06-03T19:41:40Z</time>
   </trkpt>
   <trkpt lat="69.6013080" lon="19.0979840">
    <ele>447.0</ele>
    <time>2026-06-03T19:41:41Z</time>
   </trkpt>
   <trkpt lat="69.6013030" lon="19.0978700">
    <ele>445.9</ele>
    <time>2026-06-03T19:41:42Z</time>
   </trkpt>
   <trkpt lat="69.6012870" lon="19.0977510">
    <ele>444.7</ele>
    <time>2026-06-03T19:41:43Z</time>
   </trkpt>
   <trkpt lat="69.6012740" lon="19.0976120">
    <ele>443.4</ele>
    <time>2026-06-03T19:41:44Z</time>
   </trkpt>
   <trkpt lat="69.6012830" lon="19.0974720">
    <ele>442.1</ele>
    <time>2026-06-03T19:41:45Z</time>
   </trkpt>
   <trkpt lat="69.6012960" lon="19.0973360">
    <ele>440.9</ele>
    <time>2026-06-03T19:41:46Z</time>
   </trkpt>
   <trkpt lat="69.6013050" lon="19.0971850">
    <ele>439.8</ele>
    <time>2026-06-03T19:41:47Z</time>
   </trkpt>
   <trkpt lat="69.6013100" lon="19.0970480">
    <ele>438.9</ele>
    <time>2026-06-03T19:41:48Z</time>
   </trkpt>
   <trkpt lat="69.6013070" lon="19.0968950">
    <ele>437.8</ele>
    <time>2026-06-03T19:41:49Z</time>
   </trkpt>
   <trkpt lat="69.6013100" lon="19.0967220">
    <ele>436.6</ele>
    <time>2026-06-03T19:41:50Z</time>
   </trkpt>
   <trkpt lat="69.6013250" lon="19.0965470">
    <ele>435.4</ele>
    <time>2026-06-03T19:41:51Z</time>
   </trkpt>
   <trkpt lat="69.6013530" lon="19.0963780">
    <ele>434.1</ele>
    <time>2026-06-03T19:41:52Z</time>
   </trkpt>
   <trkpt lat="69.6013900" lon="19.0962590">
    <ele>433.2</ele>
    <time>2026-06-03T19:41:53Z</time>
   </trkpt>
   <trkpt lat="69.6014290" lon="19.0961830">
    <ele>432.4</ele>
    <time>2026-06-03T19:41:54Z</time>
   </trkpt>
   <trkpt lat="69.6014530" lon="19.0960870">
    <ele>431.8</ele>
    <time>2026-06-03T19:41:55Z</time>
   </trkpt>
   <trkpt lat="69.6014550" lon="19.0959550">
    <ele>431.1</ele>
    <time>2026-06-03T19:41:56Z</time>
   </trkpt>
   <trkpt lat="69.6014560" lon="19.0958080">
    <ele>430.4</ele>
    <time>2026-06-03T19:41:57Z</time>
   </trkpt>
   <trkpt lat="69.6014610" lon="19.0956530">
    <ele>429.6</ele>
    <time>2026-06-03T19:41:58Z</time>
   </trkpt>
   <trkpt lat="69.6014820" lon="19.0955240">
    <ele>428.8</ele>
    <time>2026-06-03T19:41:59Z</time>
   </trkpt>
   <trkpt lat="69.6015160" lon="19.0954500">
    <ele>427.9</ele>
    <time>2026-06-03T19:42:00Z</time>
   </trkpt>
   <trkpt lat="69.6015440" lon="19.0953810">
    <ele>427.0</ele>
    <time>2026-06-03T19:42:01Z</time>
   </trkpt>
   <trkpt lat="69.6015570" lon="19.0952760">
    <ele>425.9</ele>
    <time>2026-06-03T19:42:02Z</time>
   </trkpt>
   <trkpt lat="69.6015670" lon="19.0951500">
    <ele>424.4</ele>
    <time>2026-06-03T19:42:03Z</time>
   </trkpt>
   <trkpt lat="69.6015910" lon="19.0950230">
    <ele>422.5</ele>
    <time>2026-06-03T19:42:04Z</time>
   </trkpt>
   <trkpt lat="69.6016200" lon="19.0948860">
    <ele>420.3</ele>
    <time>2026-06-03T19:42:05Z</time>
   </trkpt>
   <trkpt lat="69.6016310" lon="19.0947430">
    <ele>418.4</ele>
    <time>2026-06-03T19:42:06Z</time>
   </trkpt>
   <trkpt lat="69.6016170" lon="19.0946300">
    <ele>416.8</ele>
    <time>2026-06-03T19:42:07Z</time>
   </trkpt>
   <trkpt lat="69.6015940" lon="19.0945630">
    <ele>415.7</ele>
    <time>2026-06-03T19:42:08Z</time>
   </trkpt>
   <trkpt lat="69.6015700" lon="19.0945050">
    <ele>414.5</ele>
    <time>2026-06-03T19:42:09Z</time>
   </trkpt>
   <trkpt lat="69.6015460" lon="19.0944060">
    <ele>413.1</ele>
    <time>2026-06-03T19:42:10Z</time>
   </trkpt>
   <trkpt lat="69.6015360" lon="19.0942460">
    <ele>411.0</ele>
    <time>2026-06-03T19:42:11Z</time>
   </trkpt>
   <trkpt lat="69.6015480" lon="19.0940810">
    <ele>409.0</ele>
    <time>2026-06-03T19:42:12Z</time>
   </trkpt>
   <trkpt lat="69.6015690" lon="19.0938980">
    <ele>406.8</ele>
    <time>2026-06-03T19:42:13Z</time>
   </trkpt>
   <trkpt lat="69.6015860" lon="19.0937050">
    <ele>404.8</ele>
    <time>2026-06-03T19:42:14Z</time>
   </trkpt>
   <trkpt lat="69.6016090" lon="19.0935770">
    <ele>403.4</ele>
    <time>2026-06-03T19:42:15Z</time>
   </trkpt>
   <trkpt lat="69.6016230" lon="19.0935300">
    <ele>402.7</ele>
    <time>2026-06-03T19:42:16Z</time>
   </trkpt>
   <trkpt lat="69.6016280" lon="19.0934740">
    <ele>402.2</ele>
    <time>2026-06-03T19:42:17Z</time>
   </trkpt>
   <trkpt lat="69.6016380" lon="19.0933800">
    <ele>401.1</ele>
    <time>2026-06-03T19:42:18Z</time>
   </trkpt>
   <trkpt lat="69.6016530" lon="19.0932370">
    <ele>399.4</ele>
    <time>2026-06-03T19:42:19Z</time>
   </trkpt>
   <trkpt lat="69.6016680" lon="19.0930740">
    <ele>397.3</ele>
    <time>2026-06-03T19:42:20Z</time>
   </trkpt>
   <trkpt lat="69.6016680" lon="19.0929210">
    <ele>395.4</ele>
    <time>2026-06-03T19:42:21Z</time>
   </trkpt>
   <trkpt lat="69.6016750" lon="19.0927880">
    <ele>393.7</ele>
    <time>2026-06-03T19:42:22Z</time>
   </trkpt>
   <trkpt lat="69.6017000" lon="19.0926780">
    <ele>392.1</ele>
    <time>2026-06-03T19:42:23Z</time>
   </trkpt>
   <trkpt lat="69.6017190" lon="19.0925600">
    <ele>390.6</ele>
    <time>2026-06-03T19:42:24Z</time>
   </trkpt>
   <trkpt lat="69.6017180" lon="19.0924230">
    <ele>389.0</ele>
    <time>2026-06-03T19:42:25Z</time>
   </trkpt>
   <trkpt lat="69.6017140" lon="19.0922690">
    <ele>387.4</ele>
    <time>2026-06-03T19:42:26Z</time>
   </trkpt>
   <trkpt lat="69.6017330" lon="19.0921140">
    <ele>385.8</ele>
    <time>2026-06-03T19:42:27Z</time>
   </trkpt>
   <trkpt lat="69.6017690" lon="19.0919600">
    <ele>384.2</ele>
    <time>2026-06-03T19:42:28Z</time>
   </trkpt>
   <trkpt lat="69.6017910" lon="19.0917830">
    <ele>382.6</ele>
    <time>2026-06-03T19:42:29Z</time>
   </trkpt>
   <trkpt lat="69.6017860" lon="19.0916080">
    <ele>380.8</ele>
    <time>2026-06-03T19:42:30Z</time>
   </trkpt>
   <trkpt lat="69.6017700" lon="19.0914480">
    <ele>379.0</ele>
    <time>2026-06-03T19:42:31Z</time>
   </trkpt>
   <trkpt lat="69.6017520" lon="19.0913190">
    <ele>377.4</ele>
    <time>2026-06-03T19:42:32Z</time>
   </trkpt>
   <trkpt lat="69.6017330" lon="19.0912090">
    <ele>376.0</ele>
    <time>2026-06-03T19:42:33Z</time>
   </trkpt>
   <trkpt lat="69.6017220" lon="19.0910930">
    <ele>374.6</ele>
    <time>2026-06-03T19:42:34Z</time>
   </trkpt>
   <trkpt lat="69.6017200" lon="19.0909650">
    <ele>373.2</ele>
    <time>2026-06-03T19:42:35Z</time>
   </trkpt>
   <trkpt lat="69.6017300" lon="19.0908190">
    <ele>371.4</ele>
    <time>2026-06-03T19:42:36Z</time>
   </trkpt>
   <trkpt lat="69.6017550" lon="19.0906590">
    <ele>369.4</ele>
    <time>2026-06-03T19:42:37Z</time>
   </trkpt>
   <trkpt lat="69.6017770" lon="19.0904990">
    <ele>367.6</ele>
    <time>2026-06-03T19:42:38Z</time>
   </trkpt>
   <trkpt lat="69.6017820" lon="19.0903590">
    <ele>366.2</ele>
    <time>2026-06-03T19:42:39Z</time>
   </trkpt>
   <trkpt lat="69.6017850" lon="19.0902420">
    <ele>365.2</ele>
    <time>2026-06-03T19:42:40Z</time>
   </trkpt>
   <trkpt lat="69.6018000" lon="19.0901700">
    <ele>364.5</ele>
    <time>2026-06-03T19:42:41Z</time>
   </trkpt>
   <trkpt lat="69.6018180" lon="19.0901560">
    <ele>364.1</ele>
    <time>2026-06-03T19:42:42Z</time>
   </trkpt>
   <trkpt lat="69.6018180" lon="19.0901560">
    <ele>364.1</ele>
    <time>2026-06-03T19:42:43Z</time>
   </trkpt>
   <trkpt lat="69.6018520" lon="19.0900990">
    <ele>363.2</ele>
    <time>2026-06-03T19:42:44Z</time>
   </trkpt>
   <trkpt lat="69.6018710" lon="19.0900100">
    <ele>362.3</ele>
    <time>2026-06-03T19:42:45Z</time>
   </trkpt>
   <trkpt lat="69.6018930" lon="19.0898890">
    <ele>361.3</ele>
    <time>2026-06-03T19:42:46Z</time>
   </trkpt>
   <trkpt lat="69.6019190" lon="19.0897480">
    <ele>360.2</ele>
    <time>2026-06-03T19:42:47Z</time>
   </trkpt>
   <trkpt lat="69.6019450" lon="19.0895830">
    <ele>359.0</ele>
    <time>2026-06-03T19:42:48Z</time>
   </trkpt>
   <trkpt lat="69.6019610" lon="19.0894120">
    <ele>357.9</ele>
    <time>2026-06-03T19:42:49Z</time>
   </trkpt>
   <trkpt lat="69.6019620" lon="19.0892610">
    <ele>356.9</ele>
    <time>2026-06-03T19:42:50Z</time>
   </trkpt>
   <trkpt lat="69.6019550" lon="19.0891340">
    <ele>356.1</ele>
    <time>2026-06-03T19:42:51Z</time>
   </trkpt>
   <trkpt lat="69.6019460" lon="19.0890190">
    <ele>355.3</ele>
    <time>2026-06-03T19:42:52Z</time>
   </trkpt>
   <trkpt lat="69.6019350" lon="19.0889140">
    <ele>354.6</ele>
    <time>2026-06-03T19:42:53Z</time>
   </trkpt>
   <trkpt lat="69.6019290" lon="19.0888130">
    <ele>353.9</ele>
    <time>2026-06-03T19:42:54Z</time>
   </trkpt>
   <trkpt lat="69.6019370" lon="19.0887330">
    <ele>353.4</ele>
    <time>2026-06-03T19:42:55Z</time>
   </trkpt>
   <trkpt lat="69.6019490" lon="19.0886910">
    <ele>353.1</ele>
    <time>2026-06-03T19:42:56Z</time>
   </trkpt>
   <trkpt lat="69.6019490" lon="19.0886910">
    <ele>353.1</ele>
    <time>2026-06-03T19:42:57Z</time>
   </trkpt>
   <trkpt lat="69.6019590" lon="19.0885700">
    <ele>352.4</ele>
    <time>2026-06-03T19:42:58Z</time>
   </trkpt>
   <trkpt lat="69.6019610" lon="19.0884820">
    <ele>351.9</ele>
    <time>2026-06-03T19:42:59Z</time>
   </trkpt>
   <trkpt lat="69.6019680" lon="19.0883840">
    <ele>351.3</ele>
    <time>2026-06-03T19:43:00Z</time>
   </trkpt>
   <trkpt lat="69.6019830" lon="19.0883200">
    <ele>350.9</ele>
    <time>2026-06-03T19:43:01Z</time>
   </trkpt>
   <trkpt lat="69.6019830" lon="19.0883200">
    <ele>350.9</ele>
    <time>2026-06-03T19:43:02Z</time>
   </trkpt>
   <trkpt lat="69.6020010" lon="19.0883260">
    <ele>350.6</ele>
    <time>2026-06-03T19:43:03Z</time>
   </trkpt>
   <trkpt lat="69.6020010" lon="19.0883260">
    <ele>350.6</ele>
    <time>2026-06-03T19:43:04Z</time>
   </trkpt>
   <trkpt lat="69.6020010" lon="19.0883260">
    <ele>350.6</ele>
    <time>2026-06-03T19:43:05Z</time>
   </trkpt>
   <trkpt lat="69.6020010" lon="19.0883260">
    <ele>350.6</ele>
    <time>2026-06-03T19:43:06Z</time>
   </trkpt>
   <trkpt lat="69.6020010" lon="19.0883880">
    <ele>350.3</ele>
    <time>2026-06-03T19:43:07Z</time>
   </trkpt>
   <trkpt lat="69.6020010" lon="19.0883880">
    <ele>350.3</ele>
    <time>2026-06-03T19:43:08Z</time>
   </trkpt>
   <trkpt lat="69.6020010" lon="19.0883880">
    <ele>350.3</ele>
    <time>2026-06-03T19:43:09Z</time>
   </trkpt>
   <trkpt lat="69.6020010" lon="19.0883880">
    <ele>350.3</ele>
    <time>2026-06-03T19:43:10Z</time>
   </trkpt>
   <trkpt lat="69.6020010" lon="19.0883880">
    <ele>350.3</ele>
    <time>2026-06-03T19:43:11Z</time>
   </trkpt>
   <trkpt lat="69.6020010" lon="19.0883880">
    <ele>350.3</ele>
    <time>2026-06-03T19:43:12Z</time>
   </trkpt>
   <trkpt lat="69.6020010" lon="19.0883880">
    <ele>350.3</ele>
    <time>2026-06-03T19:43:13Z</time>
   </trkpt>
   <trkpt lat="69.6020010" lon="19.0883880">
    <ele>350.3</ele>
    <time>2026-06-03T19:43:14Z</time>
   </trkpt>
   <trkpt lat="69.6020010" lon="19.0883880">
    <ele>350.3</ele>
    <time>2026-06-03T19:43:15Z</time>
   </trkpt>
   <trkpt lat="69.6020010" lon="19.0883880">
    <ele>350.3</ele>
    <time>2026-06-03T19:43:16Z</time>
   </trkpt>
   <trkpt lat="69.6020010" lon="19.0883880">
    <ele>350.3</ele>
    <time>2026-06-03T19:43:17Z</time>
   </trkpt>
   <trkpt lat="69.6020020" lon="19.0884080">
    <ele>350.2</ele>
    <time>2026-06-03T19:43:18Z</time>
   </trkpt>
  </trkseg>
 </trk>
</gpx>
