<?xml version="1.0" encoding="UTF-8"?>
<gpx creator="StravaGPX" version="1.1" xmlns="http://www.topografix.com/GPX/1/1" xmlns:xsi="http://www.w3.org/2001/XMLSchema-instance" xsi:schemaLocation="http://www.topografix.com/GPX/1/1 http://www.topografix.com/GPX/1/1/gpx.xsd">
 <metadata>
  <time>2026-05-09T15:43:43Z</time>
 </metadata>
 <trk>
  <name>Fin slushtur i halo-sol - Langfjellaksla. Fortsatt mulig med ski fra vei til vei. 🚗⛷️🏔️</name>
  <type>BackcountrySki</type>
  <trkseg>
   <trkpt lat="69.6515000" lon="18.5349230">
    <ele>165.6</ele>
    <time>2026-05-09T15:43:43Z</time>
   </trkpt>
   <trkpt lat="69.6515000" lon="18.5349230">
    <ele>165.6</ele>
    <time>2026-05-09T15:43:44Z</time>
   </trkpt>
   <trkpt lat="69.6515000" lon="18.5349230">
    <ele>165.6</ele>
    <time>2026-05-09T15:43:45Z</time>
   </trkpt>
   <trkpt lat="69.6515000" lon="18.5349230">
    <ele>165.6</ele>
    <time>2026-05-09T15:43:46Z</time>
   </trkpt>
   <trkpt lat="69.6515000" lon="18.5349230">
    <ele>165.6</ele>
    <time>2026-05-09T15:43:47Z</time>
   </trkpt>
   <trkpt lat="69.6515000" lon="18.5349230">
    <ele>165.6</ele>
    <time>2026-05-09T15:43:48Z</time>
   </trkpt>
   <trkpt lat="69.6515000" lon="18.5349230">
    <ele>165.6</ele>
    <time>2026-05-09T15:43:49Z</time>
   </trkpt>
   <trkpt lat="69.6515000" lon="18.5349230">
    <ele>165.6</ele>
    <time>2026-05-09T15:43:50Z</time>
   </trkpt>
   <trkpt lat="69.6515000" lon="18.5349230">
    <ele>165.6</ele>
    <time>2026-05-09T15:43:51Z</time>
   </trkpt>
   <trkpt lat="69.6515000" lon="18.5349230">
    <ele>165.6</ele>
    <time>2026-05-09T15:43:52Z</time>
   </trkpt>
   <trkpt lat="69.6515000" lon="18.5349230">
    <ele>165.6</ele>
    <time>2026-05-09T15:43:53Z</time>
   </trkpt>
   <trkpt lat="69.6515000" lon="18.5349230">
    <ele>165.6</ele>
    <time>2026-05-09T15:43:54Z</time>
   </trkpt>
   <trkpt lat="69.6515000" lon="18.5349230">
    <ele>165.6</ele>
    <time>2026-05-09T15:43:55Z</time>
   </trkpt>
   <trkpt lat="69.6515000" lon="18.5349230">
    <ele>165.6</ele>
    <time>2026-05-09T15:43:56Z</time>
   </trkpt>
   <trkpt lat="69.6515000" lon="18.5349230">
    <ele>165.6</ele>
    <time>2026-05-09T15:43:57Z</time>
   </trkpt>
   <trkpt lat="69.6515000" lon="18.5349230">
    <ele>165.6</ele>
    <time>2026-05-09T15:43:58Z</time>
   </trkpt>
   <trkpt lat="69.6514730" lon="18.5349040">
    <ele>165.6</ele>
    <time>2026-05-09T15:43:59Z</time>
   </trkpt>
   <trkpt lat="69.6514730" lon="18.5349040">
    <ele>165.6</ele>
    <time>2026-05-09T15:44:00Z</time>
   </trkpt>
   <trkpt lat="69.6514510" lon="18.5348800">
    <ele>165.6</ele>
    <time>2026-05-09T15:44:01Z</time>
   </trkpt>
   <trkpt lat="69.6514300" lon="18.5348800">
    <ele>165.5</ele>
    <time>2026-05-09T15:44:02Z</time>
   </trkpt>
   <trkpt lat="69.6514300" lon="18.5348800">
    <ele>165.5</ele>
    <time>2026-05-09T15:44:03Z</time>
   </trkpt>
   <trkpt lat="69.6514300" lon="18.5348800">
    <ele>165.5</ele>
    <time>2026-05-09T15:44:04Z</time>
   </trkpt>
   <trkpt lat="69.6514040" lon="18.5348990">
    <ele>165.8</ele>
    <time>2026-05-09T15:44:05Z</time>
   </trkpt>
   <trkpt lat="69.6514040" lon="18.5348990">
    <ele>165.8</ele>
    <time>2026-05-09T15:44:06Z</time>
   </trkpt>
   <trkpt lat="69.6514040" lon="18.5348990">
    <ele>165.8</ele>
    <time>2026-05-09T15:44:07Z</time>
   </trkpt>
   <trkpt lat="69.6514040" lon="18.5348990">
    <ele>165.8</ele>
    <time>2026-05-09T15:44:08Z</time>
   </trkpt>
   <trkpt lat="69.6513820" lon="18.5349320">
    <ele>166.4</ele>
    <time>2026-05-09T15:44:09Z</time>
   </trkpt>
   <trkpt lat="69.6513820" lon="18.5349320">
    <ele>166.4</ele>
    <time>2026-05-09T15:44:10Z</time>
   </trkpt>
   <trkpt lat="69.6513590" lon="18.5349580">
    <ele>166.7</ele>
    <time>2026-05-09T15:44:11Z</time>
   </trkpt>
   <trkpt lat="69.6513590" lon="18.5349580">
    <ele>166.7</ele>
    <time>2026-05-09T15:44:12Z</time>
   </trkpt>
   <trkpt lat="69.6513590" lon="18.5349580">
    <ele>166.7</ele>
    <time>2026-05-09T15:44:13Z</time>
   </trkpt>
   <trkpt lat="69.6513590" lon="18.5349580">
    <ele>166.7</ele>
    <time>2026-05-09T15:44:14Z</time>
   </trkpt>
   <trkpt lat="69.6513590" lon="18.5349580">
    <ele>166.7</ele>
    <time>2026-05-09T15:44:15Z</time>
   </trkpt>
   <trkpt lat="69.6513340" lon="18.5349680">
    <ele>167.4</ele>
    <time>2026-05-09T15:44:16Z</time>
   </trkpt>
   <trkpt lat="69.6513340" lon="18.5349680">
    <ele>167.4</ele>
    <time>2026-05-09T15:44:17Z</time>
   </trkpt>
   <trkpt lat="69.6513130" lon="18.5349930">
    <ele>167.8</ele>
    <time>2026-05-09T15:44:18Z</time>
   </trkpt>
   <trkpt lat="69.6513130" lon="18.5349930">
    <ele>167.8</ele>
    <time>2026-05-09T15:44:19Z</time>
   </trkpt>
   <trkpt lat="69.6512970" lon="18.5350180">
    <ele>168.3</ele>
    <time>2026-05-09T15:44:20Z</time>
   </trkpt>
   <trkpt lat="69.6512970" lon="18.5350180">
    <ele>168.3</ele>
    <time>2026-05-09T15:44:21Z</time>
   </trkpt>
   <trkpt lat="69.6512970" lon="18.5350180">
    <ele>168.3</ele>
    <time>2026-05-09T15:44:22Z</time>
   </trkpt>
   <trkpt lat="69.6512970" lon="18.5350180">
    <ele>168.3</ele>
    <time>2026-05-09T15:44:23Z</time>
   </trkpt>
   <trkpt lat="69.6512760" lon="18.5350550">
    <ele>169.2</ele>
    <time>2026-05-09T15:44:24Z</time>
   </trkpt>
   <trkpt lat="69.6512760" lon="18.5350550">
    <ele>169.2</ele>
    <time>2026-05-09T15:44:25Z</time>
   </trkpt>
   <trkpt lat="69.6512570" lon="18.5350880">
    <ele>169.6</ele>
    <time>2026-05-09T15:44:26Z</time>
   </trkpt>
   <trkpt lat="69.6512570" lon="18.5350880">
    <ele>169.6</ele>
    <time>2026-05-09T15:44:27Z</time>
   </trkpt>
   <trkpt lat="69.6512570" lon="18.5350880">
    <ele>169.6</ele>
    <time>2026-05-09T15:44:28Z</time>
   </trkpt>
   <trkpt lat="69.6512570" lon="18.5350880">
    <ele>169.6</ele>
    <time>2026-05-09T15:44:29Z</time>
   </trkpt>
   <trkpt lat="69.6512570" lon="18.5350880">
    <ele>169.6</ele>
    <time>2026-05-09T15:44:30Z</time>
   </trkpt>
   <trkpt lat="69.6512570" lon="18.5350880">
    <ele>169.6</ele>
    <time>2026-05-09T15:44:31Z</time>
   </trkpt>
   <trkpt lat="69.6512570" lon="18.5350880">
    <ele>169.6</ele>
    <time>2026-05-09T15:44:32Z</time>
   </trkpt>
   <trkpt lat="69.6512570" lon="18.5350880">
    <ele>169.6</ele>
    <time>2026-05-09T15:44:33Z</time>
   </trkpt>
   <trkpt lat="69.6512570" lon="18.5350880">
    <ele>169.6</ele>
    <time>2026-05-09T15:44:34Z</time>
   </trkpt>
   <trkpt lat="69.6512570" lon="18.5350880">
    <ele>169.6</ele>
    <time>2026-05-09T15:44:35Z</time>
   </trkpt>
   <trkpt lat="69.6512570" lon="18.5350880">
    <ele>169.6</ele>
    <time>2026-05-09T15:44:36Z</time>
   </trkpt>
   <trkpt lat="69.6512570" lon="18.5350880">
    <ele>169.6</ele>
    <time>2026-05-09T15:44:37Z</time>
   </trkpt>
   <trkpt lat="69.6512570" lon="18.5350880">
    <ele>169.6</ele>
    <time>2026-05-09T15:44:38Z</time>
   </trkpt>
   <trkpt lat="69.6512570" lon="18.5350880">
    <ele>169.6</ele>
    <time>2026-05-09T15:44:39Z</time>
   </trkpt>
   <trkpt lat="69.6512570" lon="18.5350880">
    <ele>169.6</ele>
    <time>2026-05-09T15:44:40Z</time>
   </trkpt>
   <trkpt lat="69.6512570" lon="18.5350880">
    <ele>169.6</ele>
    <time>2026-05-09T15:44:41Z</time>
   </trkpt>
   <trkpt lat="69.6512570" lon="18.5350880">
    <ele>169.6</ele>
    <time>2026-05-09T15:44:42Z</time>
   </trkpt>
   <trkpt lat="69.6512570" lon="18.5350880">
    <ele>169.6</ele>
    <time>2026-05-09T15:44:43Z</time>
   </trkpt>
   <trkpt lat="69.6512570" lon="18.5350880">
    <ele>169.6</ele>
    <time>2026-05-09T15:44:44Z</time>
   </trkpt>
   <trkpt lat="69.6512570" lon="18.5350880">
    <ele>169.7</ele>
    <time>2026-05-09T15:44:45Z</time>
   </trkpt>
   <trkpt lat="69.6512570" lon="18.5350880">
    <ele>169.7</ele>
    <time>2026-05-09T15:44:46Z</time>
   </trkpt>
   <trkpt lat="69.6512570" lon="18.5350880">
    <ele>169.7</ele>
    <time>2026-05-09T15:44:47Z</time>
   </trkpt>
   <trkpt lat="69.6512570" lon="18.5350880">
    <ele>169.7</ele>
    <time>2026-05-09T15:44:48Z</time>
   </trkpt>
   <trkpt lat="69.6512370" lon="18.5351330">
    <ele>170.7</ele>
    <time>2026-05-09T15:44:49Z</time>
   </trkpt>
   <trkpt lat="69.6512370" lon="18.5351330">
    <ele>170.7</ele>
    <time>2026-05-09T15:44:50Z</time>
   </trkpt>
   <trkpt lat="69.6512370" lon="18.5351330">
    <ele>170.7</ele>
    <time>2026-05-09T15:44:51Z</time>
   </trkpt>
   <trkpt lat="69.6512170" lon="18.5351710">
    <ele>171.3</ele>
    <time>2026-05-09T15:44:52Z</time>
   </trkpt>
   <trkpt lat="69.6512170" lon="18.5351710">
    <ele>171.3</ele>
    <time>2026-05-09T15:44:53Z</time>
   </trkpt>
   <trkpt lat="69.6512030" lon="18.5352050">
    <ele>172.0</ele>
    <time>2026-05-09T15:44:54Z</time>
   </trkpt>
   <trkpt lat="69.6512030" lon="18.5352050">
    <ele>172.0</ele>
    <time>2026-05-09T15:44:55Z</time>
   </trkpt>
   <trkpt lat="69.6512030" lon="18.5352050">
    <ele>172.0</ele>
    <time>2026-05-09T15:44:56Z</time>
   </trkpt>
   <trkpt lat="69.6511800" lon="18.5352400">
    <ele>172.6</ele>
    <time>2026-05-09T15:44:57Z</time>
   </trkpt>
   <trkpt lat="69.6511800" lon="18.5352400">
    <ele>172.6</ele>
    <time>2026-05-09T15:44:58Z</time>
   </trkpt>
   <trkpt lat="69.6511800" lon="18.5352400">
    <ele>172.6</ele>
    <time>2026-05-09T15:44:59Z</time>
   </trkpt>
   <trkpt lat="69.6511800" lon="18.5352400">
    <ele>172.6</ele>
    <time>2026-05-09T15:45:00Z</time>
   </trkpt>
   <trkpt lat="69.6511800" lon="18.5352400">
    <ele>172.6</ele>
    <time>2026-05-09T15:45:01Z</time>
   </trkpt>
   <trkpt lat="69.6511800" lon="18.5352400">
    <ele>172.6</ele>
    <time>2026-05-09T15:45:02Z</time>
   </trkpt>
   <trkpt lat="69.6511800" lon="18.5352400">
    <ele>172.6</ele>
    <time>2026-05-09T15:45:03Z</time>
   </trkpt>
   <trkpt lat="69.6511800" lon="18.5352400">
    <ele>172.6</ele>
    <time>2026-05-09T15:45:04Z</time>
   </trkpt>
   <trkpt lat="69.6511800" lon="18.5352400">
    <ele>172.6</ele>
    <time>2026-05-09T15:45:05Z</time>
   </trkpt>
   <trkpt lat="69.6511800" lon="18.5352400">
    <ele>172.6</ele>
    <time>2026-05-09T15:45:06Z</time>
   </trkpt>
   <trkpt lat="69.6511800" lon="18.5352400">
    <ele>172.6</ele>
    <time>2026-05-09T15:45:07Z</time>
   </trkpt>
   <trkpt lat="69.6511800" lon="18.5352400">
    <ele>172.6</ele>
    <time>2026-05-09T15:45:08Z</time>
   </trkpt>
   <trkpt lat="69.6511800" lon="18.5352400">
    <ele>172.6</ele>
    <time>2026-05-09T15:45:09Z</time>
   </trkpt>
   <trkpt lat="69.6511800" lon="18.5352400">
    <ele>172.6</ele>
    <time>2026-05-09T15:45:10Z</time>
   </trkpt>
   <trkpt lat="69.6511800" lon="18.5352400">
    <ele>172.6</ele>
    <time>2026-05-09T15:45:11Z</time>
   </trkpt>
   <trkpt lat="69.6511630" lon="18.5352700">
    <ele>173.3</ele>
    <time>2026-05-09T15:45:12Z</time>
   </trkpt>
   <trkpt lat="69.6511630" lon="18.5352700">
    <ele>173.3</ele>
    <time>2026-05-09T15:45:13Z</time>
   </trkpt>
   <trkpt lat="69.6511630" lon="18.5352700">
    <ele>173.3</ele>
    <time>2026-05-09T15:45:14Z</time>
   </trkpt>
   <trkpt lat="69.6511460" lon="18.5353010">
    <ele>174.3</ele>
    <time>2026-05-09T15:45:15Z</time>
   </trkpt>
   <trkpt lat="69.6511460" lon="18.5353010">
    <ele>174.3</ele>
    <time>2026-05-09T15:45:16Z</time>
   </trkpt>
   <trkpt lat="69.6511460" lon="18.5353010">
    <ele>174.3</ele>
    <time>2026-05-09T15:45:17Z</time>
   </trkpt>
   <trkpt lat="69.6511250" lon="18.5353300">
    <ele>174.9</ele>
    <time>2026-05-09T15:45:18Z</time>
   </trkpt>
   <trkpt lat="69.6511250" lon="18.5353300">
    <ele>174.9</ele>
    <time>2026-05-09T15:45:19Z</time>
   </trkpt>
   <trkpt lat="69.6511250" lon="18.5353300">
    <ele>174.9</ele>
    <time>2026-05-09T15:45:20Z</time>
   </trkpt>
   <trkpt lat="69.6511250" lon="18.5353300">
    <ele>174.9</ele>
    <time>2026-05-09T15:45:21Z</time>
   </trkpt>
   <trkpt lat="69.6511060" lon="18.5353700">
    <ele>175.5</ele>
    <time>2026-05-09T15:45:22Z</time>
   </trkpt>
   <trkpt lat="69.6511060" lon="18.5353700">
    <ele>175.5</ele>
    <time>2026-05-09T15:45:23Z</time>
   </trkpt>
   <trkpt lat="69.6511060" lon="18.5353700">
    <ele>175.5</ele>
    <time>2026-05-09T15:45:24Z</time>
   </trkpt>
   <trkpt lat="69.6510880" lon="18.5354160">
    <ele>176.1</ele>
    <time>2026-05-09T15:45:25Z</time>
   </trkpt>
   <trkpt lat="69.6510880" lon="18.5354160">
    <ele>176.1</ele>
    <time>2026-05-09T15:45:26Z</time>
   </trkpt>
   <trkpt lat="69.6510770" lon="18.5354570">
    <ele>176.7</ele>
    <time>2026-05-09T15:45:27Z</time>
   </trkpt>
   <trkpt lat="69.6510770" lon="18.5354570">
    <ele>176.7</ele>
    <time>2026-05-09T15:45:28Z</time>
   </trkpt>
   <trkpt lat="69.6510770" lon="18.5354570">
    <ele>176.7</ele>
    <time>2026-05-09T15:45:29Z</time>
   </trkpt>
   <trkpt lat="69.6510610" lon="18.5355160">
    <ele>177.3</ele>
    <time>2026-05-09T15:45:30Z</time>
   </trkpt>
   <trkpt lat="69.6510610" lon="18.5355160">
    <ele>177.3</ele>
    <time>2026-05-09T15:45:31Z</time>
   </trkpt>
   <trkpt lat="69.6510610" lon="18.5355160">
    <ele>177.3</ele>
    <time>2026-05-09T15:45:32Z</time>
   </trkpt>
   <trkpt lat="69.6510470" lon="18.5355670">
    <ele>177.9</ele>
    <time>2026-05-09T15:45:33Z</time>
   </trkpt>
   <trkpt lat="69.6510470" lon="18.5355670">
    <ele>177.9</ele>
    <time>2026-05-09T15:45:34Z</time>
   </trkpt>
   <trkpt lat="69.6510470" lon="18.5355670">
    <ele>177.9</ele>
    <time>2026-05-09T15:45:35Z</time>
   </trkpt>
   <trkpt lat="69.6510350" lon="18.5356140">
    <ele>178.4</ele>
    <time>2026-05-09T15:45:36Z</time>
   </trkpt>
   <trkpt lat="69.6510350" lon="18.5356140">
    <ele>178.4</ele>
    <time>2026-05-09T15:45:37Z</time>
   </trkpt>
   <trkpt lat="69.6510350" lon="18.5356140">
    <ele>178.4</ele>
    <time>2026-05-09T15:45:38Z</time>
   </trkpt>
   <trkpt lat="69.6510350" lon="18.5356140">
    <ele>178.4</ele>
    <time>2026-05-09T15:45:39Z</time>
   </trkpt>
   <trkpt lat="69.6510350" lon="18.5356140">
    <ele>178.4</ele>
    <time>2026-05-09T15:45:40Z</time>
   </trkpt>
   <trkpt lat="69.6510350" lon="18.5356140">
    <ele>178.4</ele>
    <time>2026-05-09T15:45:41Z</time>
   </trkpt>
   <trkpt lat="69.6510350" lon="18.5356140">
    <ele>178.4</ele>
    <time>2026-05-09T15:45:42Z</time>
   </trkpt>
   <trkpt lat="69.6510350" lon="18.5356140">
    <ele>178.4</ele>
    <time>2026-05-09T15:45:43Z</time>
   </trkpt>
   <trkpt lat="69.6510350" lon="18.5356140">
    <ele>178.4</ele>
    <time>2026-05-09T15:45:44Z</time>
   </trkpt>
   <trkpt lat="69.6510350" lon="18.5356140">
    <ele>178.4</ele>
    <time>2026-05-09T15:45:45Z</time>
   </trkpt>
   <trkpt lat="69.6510350" lon="18.5356140">
    <ele>178.4</ele>
    <time>2026-05-09T15:45:46Z</time>
   </trkpt>
   <trkpt lat="69.6510350" lon="18.5356140">
    <ele>178.4</ele>
    <time>2026-05-09T15:45:47Z</time>
   </trkpt>
   <trkpt lat="69.6510350" lon="18.5356140">
    <ele>178.4</ele>
    <time>2026-05-09T15:45:48Z</time>
   </trkpt>
   <trkpt lat="69.6510350" lon="18.5356140">
    <ele>178.4</ele>
    <time>2026-05-09T15:45:49Z</time>
   </trkpt>
   <trkpt lat="69.6510350" lon="18.5356140">
    <ele>178.4</ele>
    <time>2026-05-09T15:45:50Z</time>
   </trkpt>
   <trkpt lat="69.6510350" lon="18.5356140">
    <ele>178.4</ele>
    <time>2026-05-09T15:45:51Z</time>
   </trkpt>
   <trkpt lat="69.6510350" lon="18.5356140">
    <ele>178.4</ele>
    <time>2026-05-09T15:45:52Z</time>
   </trkpt>
   <trkpt lat="69.6510350" lon="18.5356140">
    <ele>178.4</ele>
    <time>2026-05-09T15:45:53Z</time>
   </trkpt>
   <trkpt lat="69.6510350" lon="18.5356140">
    <ele>178.4</ele>
    <time>2026-05-09T15:45:54Z</time>
   </trkpt>
   <trkpt lat="69.6510350" lon="18.5356140">
    <ele>178.4</ele>
    <time>2026-05-09T15:45:55Z</time>
   </trkpt>
   <trkpt lat="69.6510350" lon="18.5356140">
    <ele>178.4</ele>
    <time>2026-05-09T15:45:56Z</time>
   </trkpt>
   <trkpt lat="69.6510350" lon="18.5356140">
    <ele>178.4</ele>
    <time>2026-05-09T15:45:57Z</time>
   </trkpt>
   <trkpt lat="69.6510350" lon="18.5356140">
    <ele>178.4</ele>
    <time>2026-05-09T15:45:58Z</time>
   </trkpt>
   <trkpt lat="69.6510350" lon="18.5356140">
    <ele>178.4</ele>
    <time>2026-05-09T15:45:59Z</time>
   </trkpt>
   <trkpt lat="69.6510350" lon="18.5356140">
    <ele>178.4</ele>
    <time>2026-05-09T15:46:00Z</time>
   </trkpt>
   <trkpt lat="69.6510350" lon="18.5356140">
    <ele>178.4</ele>
    <time>2026-05-09T15:46:01Z</time>
   </trkpt>
   <trkpt lat="69.6510350" lon="18.5356140">
    <ele>178.4</ele>
    <time>2026-05-09T15:46:02Z</time>
   </trkpt>
   <trkpt lat="69.6510350" lon="18.5356140">
    <ele>178.4</ele>
    <time>2026-05-09T15:46:03Z</time>
   </trkpt>
   <trkpt lat="69.6510350" lon="18.5356140">
    <ele>178.4</ele>
    <time>2026-05-09T15:46:04Z</time>
   </trkpt>
   <trkpt lat="69.6510350" lon="18.5356140">
    <ele>178.4</ele>
    <time>2026-05-09T15:46:05Z</time>
   </trkpt>
   <trkpt lat="69.6510350" lon="18.5356140">
    <ele>178.4</ele>
    <time>2026-05-09T15:46:06Z</time>
   </trkpt>
   <trkpt lat="69.6510350" lon="18.5356140">
    <ele>178.4</ele>
    <time>2026-05-09T15:46:07Z</time>
   </trkpt>
   <trkpt lat="69.6510350" lon="18.5356140">
    <ele>178.4</ele>
    <time>2026-05-09T15:46:08Z</time>
   </trkpt>
   <trkpt lat="69.6510350" lon="18.5356140">
    <ele>178.4</ele>
    <time>2026-05-09T15:46:09Z</time>
   </trkpt>
   <trkpt lat="69.6510350" lon="18.5356140">
    <ele>178.4</ele>
    <time>2026-05-09T15:46:10Z</time>
   </trkpt>
   <trkpt lat="69.6510350" lon="18.5356140">
    <ele>178.4</ele>
    <time>2026-05-09T15:46:11Z</time>
   </trkpt>
   <trkpt lat="69.6510350" lon="18.5356140">
    <ele>178.4</ele>
    <time>2026-05-09T15:46:12Z</time>
   </trkpt>
   <trkpt lat="69.6510350" lon="18.5356140">
    <ele>178.4</ele>
    <time>2026-05-09T15:46:13Z</time>
   </trkpt>
   <trkpt lat="69.6510350" lon="18.5356140">
    <ele>178.4</ele>
    <time>2026-05-09T15:46:14Z</time>
   </trkpt>
   <trkpt lat="69.6510350" lon="18.5356140">
    <ele>178.4</ele>
    <time>2026-05-09T15:46:15Z</time>
   </trkpt>
   <trkpt lat="69.6510350" lon="18.5356140">
    <ele>178.4</ele>
    <time>2026-05-09T15:46:16Z</time>
   </trkpt>
   <trkpt lat="69.6510350" lon="18.5356140">
    <ele>178.4</ele>
    <time>2026-05-09T15:46:17Z</time>
   </trkpt>
   <trkpt lat="69.6510350" lon="18.5356140">
    <ele>178.4</ele>
    <time>2026-05-09T15:46:18Z</time>
   </trkpt>
   <trkpt lat="69.6510350" lon="18.5356140">
    <ele>178.4</ele>
    <time>2026-05-09T15:46:19Z</time>
   </trkpt>
   <trkpt lat="69.6510350" lon="18.5356140">
    <ele>178.4</ele>
    <time>2026-05-09T15:46:20Z</time>
   </trkpt>
   <trkpt lat="69.6510350" lon="18.5356140">
    <ele>178.4</ele>
    <time>2026-05-09T15:46:21Z</time>
   </trkpt>
   <trkpt lat="69.6510350" lon="18.5356140">
    <ele>178.4</ele>
    <time>2026-05-09T15:46:22Z</time>
   </trkpt>
   <trkpt lat="69.6510350" lon="18.5356140">
    <ele>178.4</ele>
    <time>2026-05-09T15:46:23Z</time>
   </trkpt>
   <trkpt lat="69.6510350" lon="18.5356140">
    <ele>178.4</ele>
    <time>2026-05-09T15:46:24Z</time>
   </trkpt>
   <trkpt lat="69.6510350" lon="18.5356140">
    <ele>178.4</ele>
    <time>2026-05-09T15:46:25Z</time>
   </trkpt>
   <trkpt lat="69.6510350" lon="18.5356140">
    <ele>178.4</ele>
    <time>2026-05-09T15:46:26Z</time>
   </trkpt>
   <trkpt lat="69.6510350" lon="18.5356140">
    <ele>178.4</ele>
    <time>2026-05-09T15:46:27Z</time>
   </trkpt>
   <trkpt lat="69.6510350" lon="18.5356140">
    <ele>178.4</ele>
    <time>2026-05-09T15:46:28Z</time>
   </trkpt>
   <trkpt lat="69.6510350" lon="18.5356140">
    <ele>178.4</ele>
    <time>2026-05-09T15:46:29Z</time>
   </trkpt>
   <trkpt lat="69.6510350" lon="18.5356140">
    <ele>178.4</ele>
    <time>2026-05-09T15:46:30Z</time>
   </trkpt>
   <trkpt lat="69.6510350" lon="18.5356140">
    <ele>178.4</ele>
    <time>2026-05-09T15:46:31Z</time>
   </trkpt>
   <trkpt lat="69.6510350" lon="18.5356140">
    <ele>178.4</ele>
    <time>2026-05-09T15:46:32Z</time>
   </trkpt>
   <trkpt lat="69.6510350" lon="18.5356140">
    <ele>178.4</ele>
    <time>2026-05-09T15:46:33Z</time>
   </trkpt>
   <trkpt lat="69.6510350" lon="18.5356140">
    <ele>178.4</ele>
    <time>2026-05-09T15:46:34Z</time>
   </trkpt>
   <trkpt lat="69.6510350" lon="18.5356140">
    <ele>178.4</ele>
    <time>2026-05-09T15:46:35Z</time>
   </trkpt>
   <trkpt lat="69.6510350" lon="18.5356140">
    <ele>178.4</ele>
    <time>2026-05-09T15:46:36Z</time>
   </trkpt>
   <trkpt lat="69.6510350" lon="18.5356140">
    <ele>178.4</ele>
    <time>2026-05-09T15:46:37Z</time>
   </trkpt>
   <trkpt lat="69.6510350" lon="18.5356140">
    <ele>178.4</ele>
    <time>2026-05-09T15:46:38Z</time>
   </trkpt>
   <trkpt lat="69.6510350" lon="18.5356140">
    <ele>178.4</ele>
    <time>2026-05-09T15:46:39Z</time>
   </trkpt>
   <trkpt lat="69.6510350" lon="18.5356140">
    <ele>178.4</ele>
    <time>2026-05-09T15:46:40Z</time>
   </trkpt>
   <trkpt lat="69.6510350" lon="18.5356140">
    <ele>178.4</ele>
    <time>2026-05-09T15:46:41Z</time>
   </trkpt>
   <trkpt lat="69.6510350" lon="18.5356140">
    <ele>178.4</ele>
    <time>2026-05-09T15:46:42Z</time>
   </trkpt>
   <trkpt lat="69.6510350" lon="18.5356140">
    <ele>178.4</ele>
    <time>2026-05-09T15:46:43Z</time>
   </trkpt>
   <trkpt lat="69.6510350" lon="18.5356140">
    <ele>178.4</ele>
    <time>2026-05-09T15:46:44Z</time>
   </trkpt>
   <trkpt lat="69.6510350" lon="18.5356140">
    <ele>178.4</ele>
    <time>2026-05-09T15:46:45Z</time>
   </trkpt>
   <trkpt lat="69.6510350" lon="18.5356140">
    <ele>178.4</ele>
    <time>2026-05-09T15:46:46Z</time>
   </trkpt>
   <trkpt lat="69.6510350" lon="18.5356140">
    <ele>178.4</ele>
    <time>2026-05-09T15:46:47Z</time>
   </trkpt>
   <trkpt lat="69.6510350" lon="18.5356140">
    <ele>178.4</ele>
    <time>2026-05-09T15:46:48Z</time>
   </trkpt>
   <trkpt lat="69.6510350" lon="18.5356140">
    <ele>178.4</ele>
    <time>2026-05-09T15:46:49Z</time>
   </trkpt>
   <trkpt lat="69.6510350" lon="18.5356140">
    <ele>178.4</ele>
    <time>2026-05-09T15:46:50Z</time>
   </trkpt>
   <trkpt lat="69.6510350" lon="18.5356140">
    <ele>178.4</ele>
    <time>2026-05-09T15:46:51Z</time>
   </trkpt>
   <trkpt lat="69.6510350" lon="18.5356140">
    <ele>178.4</ele>
    <time>2026-05-09T15:46:52Z</time>
   </trkpt>
   <trkpt lat="69.6510350" lon="18.5356140">
    <ele>178.4</ele>
    <time>2026-05-09T15:46:53Z</time>
   </trkpt>
   <trkpt lat="69.6510350" lon="18.5356140">
    <ele>178.4</ele>
    <time>2026-05-09T15:46:54Z</time>
   </trkpt>
   <trkpt lat="69.6510350" lon="18.5356140">
    <ele>178.4</ele>
    <time>2026-05-09T15:46:55Z</time>
   </trkpt>
   <trkpt lat="69.6510350" lon="18.5356140">
    <ele>178.4</ele>
    <time>2026-05-09T15:46:56Z</time>
   </trkpt>
   <trkpt lat="69.6510350" lon="18.5356140">
    <ele>178.4</ele>
    <time>2026-05-09T15:46:57Z</time>
   </trkpt>
   <trkpt lat="69.6510350" lon="18.5356140">
    <ele>178.4</ele>
    <time>2026-05-09T15:46:58Z</time>
   </trkpt>
   <trkpt lat="69.6510350" lon="18.5356140">
    <ele>178.4</ele>
    <time>2026-05-09T15:46:59Z</time>
   </trkpt>
   <trkpt lat="69.6510350" lon="18.5356140">
    <ele>178.4</ele>
    <time>2026-05-09T15:47:00Z</time>
   </trkpt>
   <trkpt lat="69.6510350" lon="18.5356140">
    <ele>178.4</ele>
    <time>2026-05-09T15:47:01Z</time>
   </trkpt>
   <trkpt lat="69.6510350" lon="18.5356140">
    <ele>178.4</ele>
    <time>2026-05-09T15:47:02Z</time>
   </trkpt>
   <trkpt lat="69.6510350" lon="18.5356140">
    <ele>178.4</ele>
    <time>2026-05-09T15:47:03Z</time>
   </trkpt>
   <trkpt lat="69.6510350" lon="18.5356140">
    <ele>178.4</ele>
    <time>2026-05-09T15:47:04Z</time>
   </trkpt>
   <trkpt lat="69.6510350" lon="18.5356140">
    <ele>178.4</ele>
    <time>2026-05-09T15:47:05Z</time>
   </trkpt>
   <trkpt lat="69.6510350" lon="18.5356140">
    <ele>178.4</ele>
    <time>2026-05-09T15:47:06Z</time>
   </trkpt>
   <trkpt lat="69.6510350" lon="18.5356140">
    <ele>178.4</ele>
    <time>2026-05-09T15:47:07Z</time>
   </trkpt>
   <trkpt lat="69.6510350" lon="18.5356140">
    <ele>178.4</ele>
    <time>2026-05-09T15:47:08Z</time>
   </trkpt>
   <trkpt lat="69.6510350" lon="18.5356140">
    <ele>178.4</ele>
    <time>2026-05-09T15:47:09Z</time>
   </trkpt>
   <trkpt lat="69.6510350" lon="18.5356140">
    <ele>178.4</ele>
    <time>2026-05-09T15:47:10Z</time>
   </trkpt>
   <trkpt lat="69.6510350" lon="18.5356140">
    <ele>178.4</ele>
    <time>2026-05-09T15:47:11Z</time>
   </trkpt>
   <trkpt lat="69.6510350" lon="18.5356140">
    <ele>178.4</ele>
    <time>2026-05-09T15:47:12Z</time>
   </trkpt>
   <trkpt lat="69.6510290" lon="18.5356640">
    <ele>178.5</ele>
    <time>2026-05-09T15:47:13Z</time>
   </trkpt>
   <trkpt lat="69.6510290" lon="18.5356640">
    <ele>178.5</ele>
    <time>2026-05-09T15:47:14Z</time>
   </trkpt>
   <trkpt lat="69.6510290" lon="18.5356640">
    <ele>178.5</ele>
    <time>2026-05-09T15:47:15Z</time>
   </trkpt>
   <trkpt lat="69.6510290" lon="18.5356640">
    <ele>178.5</ele>
    <time>2026-05-09T15:47:16Z</time>
   </trkpt>
   <trkpt lat="69.6510290" lon="18.5356640">
    <ele>178.5</ele>
    <time>2026-05-09T15:47:17Z</time>
   </trkpt>
   <trkpt lat="69.6510290" lon="18.5356640">
    <ele>178.5</ele>
    <time>2026-05-09T15:47:18Z</time>
   </trkpt>
   <trkpt lat="69.6510290" lon="18.5356640">
    <ele>178.5</ele>
    <time>2026-05-09T15:47:19Z</time>
   </trkpt>
   <trkpt lat="69.6510290" lon="18.5356640">
    <ele>178.5</ele>
    <time>2026-05-09T15:47:20Z</time>
   </trkpt>
   <trkpt lat="69.6510290" lon="18.5356640">
    <ele>178.5</ele>
    <time>2026-05-09T15:47:21Z</time>
   </trkpt>
   <trkpt lat="69.6510290" lon="18.5356640">
    <ele>178.5</ele>
    <time>2026-05-09T15:47:22Z</time>
   </trkpt>
   <trkpt lat="69.6510290" lon="18.5356640">
    <ele>178.5</ele>
    <time>2026-05-09T15:47:23Z</time>
   </trkpt>
   <trkpt lat="69.6510290" lon="18.5356640">
    <ele>178.5</ele>
    <time>2026-05-09T15:47:24Z</time>
   </trkpt>
   <trkpt lat="69.6510290" lon="18.5356640">
    <ele>178.5</ele>
    <time>2026-05-09T15:47:25Z</time>
   </trkpt>
   <trkpt lat="69.6510290" lon="18.5356640">
    <ele>178.5</ele>
    <time>2026-05-09T15:47:26Z</time>
   </trkpt>
   <trkpt lat="69.6510290" lon="18.5356640">
    <ele>178.5</ele>
    <time>2026-05-09T15:47:27Z</time>
   </trkpt>
   <trkpt lat="69.6510290" lon="18.5356640">
    <ele>178.5</ele>
    <time>2026-05-09T15:47:28Z</time>
   </trkpt>
   <trkpt lat="69.6510290" lon="18.5356640">
    <ele>178.5</ele>
    <time>2026-05-09T15:47:29Z</time>
   </trkpt>
   <trkpt lat="69.6510290" lon="18.5356640">
    <ele>178.5</ele>
    <time>2026-05-09T15:47:30Z</time>
   </trkpt>
   <trkpt lat="69.6510290" lon="18.5356640">
    <ele>178.5</ele>
    <time>2026-05-09T15:47:31Z</time>
   </trkpt>
   <trkpt lat="69.6510290" lon="18.5356640">
    <ele>178.5</ele>
    <time>2026-05-09T15:47:32Z</time>
   </trkpt>
   <trkpt lat="69.6510290" lon="18.5356640">
    <ele>178.5</ele>
    <time>2026-05-09T15:47:33Z</time>
   </trkpt>
   <trkpt lat="69.6510290" lon="18.5356640">
    <ele>178.5</ele>
    <time>2026-05-09T15:47:34Z</time>
   </trkpt>
   <trkpt lat="69.6510290" lon="18.5356640">
    <ele>178.5</ele>
    <time>2026-05-09T15:47:35Z</time>
   </trkpt>
   <trkpt lat="69.6510290" lon="18.5356640">
    <ele>178.5</ele>
    <time>2026-05-09T15:47:36Z</time>
   </trkpt>
   <trkpt lat="69.6510290" lon="18.5356640">
    <ele>178.5</ele>
    <time>2026-05-09T15:47:37Z</time>
   </trkpt>
   <trkpt lat="69.6510290" lon="18.5356640">
    <ele>178.5</ele>
    <time>2026-05-09T15:47:38Z</time>
   </trkpt>
   <trkpt lat="69.6510290" lon="18.5356640">
    <ele>178.5</ele>
    <time>2026-05-09T15:47:39Z</time>
   </trkpt>
   <trkpt lat="69.6510290" lon="18.5356640">
    <ele>178.5</ele>
    <time>2026-05-09T15:47:40Z</time>
   </trkpt>
   <trkpt lat="69.6510290" lon="18.5356640">
    <ele>178.5</ele>
    <time>2026-05-09T15:47:41Z</time>
   </trkpt>
   <trkpt lat="69.6510290" lon="18.5356640">
    <ele>178.5</ele>
    <time>2026-05-09T15:47:42Z</time>
   </trkpt>
   <trkpt lat="69.6510290" lon="18.5356640">
    <ele>178.5</ele>
    <time>2026-05-09T15:47:43Z</time>
   </trkpt>
   <trkpt lat="69.6510290" lon="18.5356640">
    <ele>178.5</ele>
    <time>2026-05-09T15:47:44Z</time>
   </trkpt>
   <trkpt lat="69.6510290" lon="18.5356640">
    <ele>178.5</ele>
    <time>2026-05-09T15:47:45Z</time>
   </trkpt>
   <trkpt lat="69.6510290" lon="18.5356640">
    <ele>178.5</ele>
    <time>2026-05-09T15:47:46Z</time>
   </trkpt>
   <trkpt lat="69.6510290" lon="18.5356640">
    <ele>178.5</ele>
    <time>2026-05-09T15:47:47Z</time>
   </trkpt>
   <trkpt lat="69.6510290" lon="18.5356640">
    <ele>178.5</ele>
    <time>2026-05-09T15:47:48Z</time>
   </trkpt>
   <trkpt lat="69.6510290" lon="18.5356640">
    <ele>178.5</ele>
    <time>2026-05-09T15:47:49Z</time>
   </trkpt>
   <trkpt lat="69.6510290" lon="18.5356640">
    <ele>178.5</ele>
    <time>2026-05-09T15:47:50Z</time>
   </trkpt>
   <trkpt lat="69.6510290" lon="18.5356640">
    <ele>178.5</ele>
    <time>2026-05-09T15:47:51Z</time>
   </trkpt>
   <trkpt lat="69.6510290" lon="18.5356640">
    <ele>178.5</ele>
    <time>2026-05-09T15:47:52Z</time>
   </trkpt>
   <trkpt lat="69.6510290" lon="18.5356640">
    <ele>178.5</ele>
    <time>2026-05-09T15:47:53Z</time>
   </trkpt>
   <trkpt lat="69.6510290" lon="18.5356640">
    <ele>178.5</ele>
    <time>2026-05-09T15:47:54Z</time>
   </trkpt>
   <trkpt lat="69.6510290" lon="18.5356640">
    <ele>178.5</ele>
    <time>2026-05-09T15:47:55Z</time>
   </trkpt>
   <trkpt lat="69.6510290" lon="18.5356640">
    <ele>178.5</ele>
    <time>2026-05-09T15:47:56Z</time>
   </trkpt>
   <trkpt lat="69.6510290" lon="18.5356640">
    <ele>178.5</ele>
    <time>2026-05-09T15:47:57Z</time>
   </trkpt>
   <trkpt lat="69.6510290" lon="18.5356640">
    <ele>178.5</ele>
    <time>2026-05-09T15:47:58Z</time>
   </trkpt>
   <trkpt lat="69.6510290" lon="18.5356640">
    <ele>178.5</ele>
    <time>2026-05-09T15:47:59Z</time>
   </trkpt>
   <trkpt lat="69.6510290" lon="18.5356640">
    <ele>178.5</ele>
    <time>2026-05-09T15:48:00Z</time>
   </trkpt>
   <trkpt lat="69.6510290" lon="18.5356640">
    <ele>178.5</ele>
    <time>2026-05-09T15:48:01Z</time>
   </trkpt>
   <trkpt lat="69.6510290" lon="18.5356640">
    <ele>178.5</ele>
    <time>2026-05-09T15:48:02Z</time>
   </trkpt>
   <trkpt lat="69.6510290" lon="18.5356640">
    <ele>178.5</ele>
    <time>2026-05-09T15:48:03Z</time>
   </trkpt>
   <trkpt lat="69.6510290" lon="18.5356640">
    <ele>178.5</ele>
    <time>2026-05-09T15:48:04Z</time>
   </trkpt>
   <trkpt lat="69.6510290" lon="18.5356640">
    <ele>178.5</ele>
    <time>2026-05-09T15:48:05Z</time>
   </trkpt>
   <trkpt lat="69.6510290" lon="18.5356640">
    <ele>178.5</ele>
    <time>2026-05-09T15:48:06Z</time>
   </trkpt>
   <trkpt lat="69.6510290" lon="18.5356640">
    <ele>178.5</ele>
    <time>2026-05-09T15:48:07Z</time>
   </trkpt>
   <trkpt lat="69.6510290" lon="18.5356640">
    <ele>178.5</ele>
    <time>2026-05-09T15:48:08Z</time>
   </trkpt>
   <trkpt lat="69.6510290" lon="18.5356640">
    <ele>178.5</ele>
    <time>2026-05-09T15:48:09Z</time>
   </trkpt>
   <trkpt lat="69.6510290" lon="18.5356640">
    <ele>178.5</ele>
    <time>2026-05-09T15:48:10Z</time>
   </trkpt>
   <trkpt lat="69.6510290" lon="18.5356640">
    <ele>178.5</ele>
    <time>2026-05-09T15:48:11Z</time>
   </trkpt>
   <trkpt lat="69.6510290" lon="18.5356640">
    <ele>178.5</ele>
    <time>2026-05-09T15:48:12Z</time>
   </trkpt>
   <trkpt lat="69.6510290" lon="18.5356640">
    <ele>178.5</ele>
    <time>2026-05-09T15:48:13Z</time>
   </trkpt>
   <trkpt lat="69.6510290" lon="18.5356640">
    <ele>178.5</ele>
    <time>2026-05-09T15:48:14Z</time>
   </trkpt>
   <trkpt lat="69.6510290" lon="18.5356640">
    <ele>178.5</ele>
    <time>2026-05-09T15:48:15Z</time>
   </trkpt>
   <trkpt lat="69.6510290" lon="18.5356640">
    <ele>178.5</ele>
    <time>2026-05-09T15:48:16Z</time>
   </trkpt>
   <trkpt lat="69.6510290" lon="18.5356640">
    <ele>178.5</ele>
    <time>2026-05-09T15:48:17Z</time>
   </trkpt>
   <trkpt lat="69.6510290" lon="18.5356640">
    <ele>178.5</ele>
    <time>2026-05-09T15:48:18Z</time>
   </trkpt>
   <trkpt lat="69.6510290" lon="18.5356640">
    <ele>178.5</ele>
    <time>2026-05-09T15:48:19Z</time>
   </trkpt>
   <trkpt lat="69.6510290" lon="18.5356640">
    <ele>178.5</ele>
    <time>2026-05-09T15:48:20Z</time>
   </trkpt>
   <trkpt lat="69.6510290" lon="18.5356640">
    <ele>178.5</ele>
    <time>2026-05-09T15:48:21Z</time>
   </trkpt>
   <trkpt lat="69.6510290" lon="18.5356640">
    <ele>178.5</ele>
    <time>2026-05-09T15:48:22Z</time>
   </trkpt>
   <trkpt lat="69.6510290" lon="18.5356640">
    <ele>178.5</ele>
    <time>2026-05-09T15:48:23Z</time>
   </trkpt>
   <trkpt lat="69.6510290" lon="18.5356640">
    <ele>178.5</ele>
    <time>2026-05-09T15:48:24Z</time>
   </trkpt>
   <trkpt lat="69.6510290" lon="18.5356640">
    <ele>178.5</ele>
    <time>2026-05-09T15:48:25Z</time>
   </trkpt>
   <trkpt lat="69.6510290" lon="18.5356640">
    <ele>178.5</ele>
    <time>2026-05-09T15:48:26Z</time>
   </trkpt>
   <trkpt lat="69.6510290" lon="18.5356640">
    <ele>178.5</ele>
    <time>2026-05-09T15:48:27Z</time>
   </trkpt>
   <trkpt lat="69.6510290" lon="18.5356640">
    <ele>178.5</ele>
    <time>2026-05-09T15:48:28Z</time>
   </trkpt>
   <trkpt lat="69.6510290" lon="18.5356640">
    <ele>178.5</ele>
    <time>2026-05-09T15:48:29Z</time>
   </trkpt>
   <trkpt lat="69.6510290" lon="18.5356640">
    <ele>178.5</ele>
    <time>2026-05-09T15:48:30Z</time>
   </trkpt>
   <trkpt lat="69.6510290" lon="18.5356640">
    <ele>178.5</ele>
    <time>2026-05-09T15:48:31Z</time>
   </trkpt>
   <trkpt lat="69.6510290" lon="18.5356640">
    <ele>178.5</ele>
    <time>2026-05-09T15:48:32Z</time>
   </trkpt>
   <trkpt lat="69.6510290" lon="18.5356640">
    <ele>178.5</ele>
    <time>2026-05-09T15:48:33Z</time>
   </trkpt>
   <trkpt lat="69.6510290" lon="18.5356640">
    <ele>178.5</ele>
    <time>2026-05-09T15:48:34Z</time>
   </trkpt>
   <trkpt lat="69.6510290" lon="18.5356640">
    <ele>178.5</ele>
    <time>2026-05-09T15:48:35Z</time>
   </trkpt>
   <trkpt lat="69.6510290" lon="18.5356640">
    <ele>178.5</ele>
    <time>2026-05-09T15:48:36Z</time>
   </trkpt>
   <trkpt lat="69.6510290" lon="18.5356640">
    <ele>178.5</ele>
    <time>2026-05-09T15:48:37Z</time>
   </trkpt>
   <trkpt lat="69.6510290" lon="18.5356640">
    <ele>178.5</ele>
    <time>2026-05-09T15:48:38Z</time>
   </trkpt>
   <trkpt lat="69.6510290" lon="18.5356640">
    <ele>178.5</ele>
    <time>2026-05-09T15:48:39Z</time>
   </trkpt>
   <trkpt lat="69.6510290" lon="18.5356640">
    <ele>178.5</ele>
    <time>2026-05-09T15:48:40Z</time>
   </trkpt>
   <trkpt lat="69.6510290" lon="18.5356640">
    <ele>178.5</ele>
    <time>2026-05-09T15:48:41Z</time>
   </trkpt>
   <trkpt lat="69.6510290" lon="18.5356640">
    <ele>178.5</ele>
    <time>2026-05-09T15:48:42Z</time>
   </trkpt>
   <trkpt lat="69.6510290" lon="18.5356640">
    <ele>178.5</ele>
    <time>2026-05-09T15:48:43Z</time>
   </trkpt>
   <trkpt lat="69.6510290" lon="18.5356640">
    <ele>178.5</ele>
    <time>2026-05-09T15:48:44Z</time>
   </trkpt>
   <trkpt lat="69.6510290" lon="18.5356640">
    <ele>178.5</ele>
    <time>2026-05-09T15:48:45Z</time>
   </trkpt>
   <trkpt lat="69.6510290" lon="18.5356640">
    <ele>178.5</ele>
    <time>2026-05-09T15:48:46Z</time>
   </trkpt>
   <trkpt lat="69.6510290" lon="18.5356640">
    <ele>178.5</ele>
    <time>2026-05-09T15:48:47Z</time>
   </trkpt>
   <trkpt lat="69.6510290" lon="18.5356640">
    <ele>178.5</ele>
    <time>2026-05-09T15:48:48Z</time>
   </trkpt>
   <trkpt lat="69.6510290" lon="18.5356640">
    <ele>178.5</ele>
    <time>2026-05-09T15:48:49Z</time>
   </trkpt>
   <trkpt lat="69.6510290" lon="18.5356640">
    <ele>178.5</ele>
    <time>2026-05-09T15:48:50Z</time>
   </trkpt>
   <trkpt lat="69.6510290" lon="18.5356640">
    <ele>178.5</ele>
    <time>2026-05-09T15:48:51Z</time>
   </trkpt>
   <trkpt lat="69.6510290" lon="18.5356640">
    <ele>178.5</ele>
    <time>2026-05-09T15:48:52Z</time>
   </trkpt>
   <trkpt lat="69.6510290" lon="18.5356640">
    <ele>178.5</ele>
    <time>2026-05-09T15:48:53Z</time>
   </trkpt>
   <trkpt lat="69.6510290" lon="18.5356640">
    <ele>178.5</ele>
    <time>2026-05-09T15:48:54Z</time>
   </trkpt>
   <trkpt lat="69.6510290" lon="18.5356640">
    <ele>178.5</ele>
    <time>2026-05-09T15:48:55Z</time>
   </trkpt>
   <trkpt lat="69.6510290" lon="18.5356640">
    <ele>178.5</ele>
    <time>2026-05-09T15:48:56Z</time>
   </trkpt>
   <trkpt lat="69.6510290" lon="18.5356640">
    <ele>178.5</ele>
    <time>2026-05-09T15:48:57Z</time>
   </trkpt>
   <trkpt lat="69.6510290" lon="18.5356640">
    <ele>178.5</ele>
    <time>2026-05-09T15:48:58Z</time>
   </trkpt>
   <trkpt lat="69.6510290" lon="18.5356640">
    <ele>178.5</ele>
    <time>2026-05-09T15:48:59Z</time>
   </trkpt>
   <trkpt lat="69.6510290" lon="18.5356640">
    <ele>178.5</ele>
    <time>2026-05-09T15:49:00Z</time>
   </trkpt>
   <trkpt lat="69.6510290" lon="18.5356640">
    <ele>178.5</ele>
    <time>2026-05-09T15:49:01Z</time>
   </trkpt>
   <trkpt lat="69.6510290" lon="18.5356640">
    <ele>178.5</ele>
    <time>2026-05-09T15:49:02Z</time>
   </trkpt>
   <trkpt lat="69.6510290" lon="18.5356640">
    <ele>178.5</ele>
    <time>2026-05-09T15:49:03Z</time>
   </trkpt>
   <trkpt lat="69.6510290" lon="18.5356640">
    <ele>178.5</ele>
    <time>2026-05-09T15:49:04Z</time>
   </trkpt>
   <trkpt lat="69.6510290" lon="18.5356640">
    <ele>178.5</ele>
    <time>2026-05-09T15:49:05Z</time>
   </trkpt>
   <trkpt lat="69.6510290" lon="18.5356640">
    <ele>178.5</ele>
    <time>2026-05-09T15:49:06Z</time>
   </trkpt>
   <trkpt lat="69.6510290" lon="18.5356640">
    <ele>178.5</ele>
    <time>2026-05-09T15:49:07Z</time>
   </trkpt>
   <trkpt lat="69.6510290" lon="18.5356640">
    <ele>178.5</ele>
    <time>2026-05-09T15:49:08Z</time>
   </trkpt>
   <trkpt lat="69.6510290" lon="18.5356640">
    <ele>178.5</ele>
    <time>2026-05-09T15:49:09Z</time>
   </trkpt>
   <trkpt lat="69.6510290" lon="18.5356640">
    <ele>178.5</ele>
    <time>2026-05-09T15:49:10Z</time>
   </trkpt>
   <trkpt lat="69.6510290" lon="18.5356640">
    <ele>178.5</ele>
    <time>2026-05-09T15:49:11Z</time>
   </trkpt>
   <trkpt lat="69.6510290" lon="18.5356640">
    <ele>178.5</ele>
    <time>2026-05-09T15:49:12Z</time>
   </trkpt>
   <trkpt lat="69.6510290" lon="18.5356640">
    <ele>178.5</ele>
    <time>2026-05-09T15:49:13Z</time>
   </trkpt>
   <trkpt lat="69.6510290" lon="18.5356640">
    <ele>178.5</ele>
    <time>2026-05-09T15:49:14Z</time>
   </trkpt>
   <trkpt lat="69.6510290" lon="18.5356640">
    <ele>178.5</ele>
    <time>2026-05-09T15:49:15Z</time>
   </trkpt>
   <trkpt lat="69.6510290" lon="18.5356640">
    <ele>178.5</ele>
    <time>2026-05-09T15:49:16Z</time>
   </trkpt>
   <trkpt lat="69.6510290" lon="18.5356640">
    <ele>178.5</ele>
    <time>2026-05-09T15:49:17Z</time>
   </trkpt>
   <trkpt lat="69.6510290" lon="18.5356640">
    <ele>178.5</ele>
    <time>2026-05-09T15:49:18Z</time>
   </trkpt>
   <trkpt lat="69.6510290" lon="18.5356640">
    <ele>178.5</ele>
    <time>2026-05-09T15:49:19Z</time>
   </trkpt>
   <trkpt lat="69.6510290" lon="18.5356640">
    <ele>178.5</ele>
    <time>2026-05-09T15:49:20Z</time>
   </trkpt>
   <trkpt lat="69.6510290" lon="18.5356640">
    <ele>178.5</ele>
    <time>2026-05-09T15:49:21Z</time>
   </trkpt>
   <trkpt lat="69.6510290" lon="18.5356640">
    <ele>178.5</ele>
    <time>2026-05-09T15:49:22Z</time>
   </trkpt>
   <trkpt lat="69.6510290" lon="18.5356640">
    <ele>178.5</ele>
    <time>2026-05-09T15:49:23Z</time>
   </trkpt>
   <trkpt lat="69.6510290" lon="18.5356640">
    <ele>178.5</ele>
    <time>2026-05-09T15:49:24Z</time>
   </trkpt>
   <trkpt lat="69.6510290" lon="18.5356640">
    <ele>178.5</ele>
    <time>2026-05-09T15:49:25Z</time>
   </trkpt>
   <trkpt lat="69.6510290" lon="18.5356640">
    <ele>178.5</ele>
    <time>2026-05-09T15:49:26Z</time>
   </trkpt>
   <trkpt lat="69.6510290" lon="18.5356640">
    <ele>178.5</ele>
    <time>2026-05-09T15:49:27Z</time>
   </trkpt>
   <trkpt lat="69.6510290" lon="18.5356640">
    <ele>178.5</ele>
    <time>2026-05-09T15:49:28Z</time>
   </trkpt>
   <trkpt lat="69.6510290" lon="18.5356640">
    <ele>178.5</ele>
    <time>2026-05-09T15:49:29Z</time>
   </trkpt>
   <trkpt lat="69.6510290" lon="18.5356640">
    <ele>178.5</ele>
    <time>2026-05-09T15:49:30Z</time>
   </trkpt>
   <trkpt lat="69.6510290" lon="18.5356640">
    <ele>178.5</ele>
    <time>2026-05-09T15:49:31Z</time>
   </trkpt>
   <trkpt lat="69.6510290" lon="18.5356640">
    <ele>178.5</ele>
    <time>2026-05-09T15:49:32Z</time>
   </trkpt>
   <trkpt lat="69.6510290" lon="18.5356640">
    <ele>178.5</ele>
    <time>2026-05-09T15:49:33Z</time>
   </trkpt>
   <trkpt lat="69.6510290" lon="18.5356640">
    <ele>178.5</ele>
    <time>2026-05-09T15:49:34Z</time>
   </trkpt>
   <trkpt lat="69.6510290" lon="18.5356640">
    <ele>178.5</ele>
    <time>2026-05-09T15:49:35Z</time>
   </trkpt>
   <trkpt lat="69.6510290" lon="18.5356640">
    <ele>178.5</ele>
    <time>2026-05-09T15:49:36Z</time>
   </trkpt>
   <trkpt lat="69.6510290" lon="18.5356640">
    <ele>178.5</ele>
    <time>2026-05-09T15:49:37Z</time>
   </trkpt>
   <trkpt lat="69.6510110" lon="18.5356970">
    <ele>179.4</ele>
    <time>2026-05-09T15:49:38Z</time>
   </trkpt>
   <trkpt lat="69.6510110" lon="18.5356970">
    <ele>179.4</ele>
    <time>2026-05-09T15:49:39Z</time>
   </trkpt>
   <trkpt lat="69.6510110" lon="18.5356970">
    <ele>179.4</ele>
    <time>2026-05-09T15:49:40Z</time>
   </trkpt>
   <trkpt lat="69.6509850" lon="18.5357140">
    <ele>179.8</ele>
    <time>2026-05-09T15:49:41Z</time>
   </trkpt>
   <trkpt lat="69.6509850" lon="18.5357140">
    <ele>179.8</ele>
    <time>2026-05-09T15:49:42Z</time>
   </trkpt>
   <trkpt lat="69.6509850" lon="18.5357140">
    <ele>179.8</ele>
    <time>2026-05-09T15:49:43Z</time>
   </trkpt>
   <trkpt lat="69.6509670" lon="18.5357350">
    <ele>180.5</ele>
    <time>2026-05-09T15:49:44Z</time>
   </trkpt>
   <trkpt lat="69.6509670" lon="18.5357350">
    <ele>180.5</ele>
    <time>2026-05-09T15:49:45Z</time>
   </trkpt>
   <trkpt lat="69.6509670" lon="18.5357350">
    <ele>180.5</ele>
    <time>2026-05-09T15:49:46Z</time>
   </trkpt>
   <trkpt lat="69.6509670" lon="18.5357350">
    <ele>180.5</ele>
    <time>2026-05-09T15:49:47Z</time>
   </trkpt>
   <trkpt lat="69.6509670" lon="18.5357350">
    <ele>180.5</ele>
    <time>2026-05-09T15:49:48Z</time>
   </trkpt>
   <trkpt lat="69.6509550" lon="18.5357910">
    <ele>180.6</ele>
    <time>2026-05-09T15:49:49Z</time>
   </trkpt>
   <trkpt lat="69.6509550" lon="18.5357910">
    <ele>180.6</ele>
    <time>2026-05-09T15:49:50Z</time>
   </trkpt>
   <trkpt lat="69.6509350" lon="18.5358050">
    <ele>181.4</ele>
    <time>2026-05-09T15:49:51Z</time>
   </trkpt>
   <trkpt lat="69.6509350" lon="18.5358050">
    <ele>181.4</ele>
    <time>2026-05-09T15:49:52Z</time>
   </trkpt>
   <trkpt lat="69.6509350" lon="18.5358050">
    <ele>181.4</ele>
    <time>2026-05-09T15:49:53Z</time>
   </trkpt>
   <trkpt lat="69.6509190" lon="18.5358370">
    <ele>181.8</ele>
    <time>2026-05-09T15:49:54Z</time>
   </trkpt>
   <trkpt lat="69.6509190" lon="18.5358370">
    <ele>181.8</ele>
    <time>2026-05-09T15:49:55Z</time>
   </trkpt>
   <trkpt lat="69.6509190" lon="18.5358370">
    <ele>181.8</ele>
    <time>2026-05-09T15:49:56Z</time>
   </trkpt>
   <trkpt lat="69.6509000" lon="18.5358750">
    <ele>182.1</ele>
    <time>2026-05-09T15:49:57Z</time>
   </trkpt>
   <trkpt lat="69.6509000" lon="18.5358750">
    <ele>182.1</ele>
    <time>2026-05-09T15:49:58Z</time>
   </trkpt>
   <trkpt lat="69.6509000" lon="18.5358750">
    <ele>182.1</ele>
    <time>2026-05-09T15:49:59Z</time>
   </trkpt>
   <trkpt lat="69.6508830" lon="18.5359130">
    <ele>182.5</ele>
    <time>2026-05-09T15:50:00Z</time>
   </trkpt>
   <trkpt lat="69.6508830" lon="18.5359130">
    <ele>182.5</ele>
    <time>2026-05-09T15:50:01Z</time>
   </trkpt>
   <trkpt lat="69.6508830" lon="18.5359130">
    <ele>182.5</ele>
    <time>2026-05-09T15:50:02Z</time>
   </trkpt>
   <trkpt lat="69.6508630" lon="18.5359390">
    <ele>183.3</ele>
    <time>2026-05-09T15:50:03Z</time>
   </trkpt>
   <trkpt lat="69.6508630" lon="18.5359390">
    <ele>183.3</ele>
    <time>2026-05-09T15:50:04Z</time>
   </trkpt>
   <trkpt lat="69.6508630" lon="18.5359390">
    <ele>183.3</ele>
    <time>2026-05-09T15:50:05Z</time>
   </trkpt>
   <trkpt lat="69.6508630" lon="18.5359390">
    <ele>183.3</ele>
    <time>2026-05-09T15:50:06Z</time>
   </trkpt>
   <trkpt lat="69.6508630" lon="18.5359390">
    <ele>183.3</ele>
    <time>2026-05-09T15:50:07Z</time>
   </trkpt>
   <trkpt lat="69.6508390" lon="18.5359530">
    <ele>183.8</ele>
    <time>2026-05-09T15:50:08Z</time>
   </trkpt>
   <trkpt lat="69.6508390" lon="18.5359530">
    <ele>183.8</ele>
    <time>2026-05-09T15:50:09Z</time>
   </trkpt>
   <trkpt lat="69.6508390" lon="18.5359530">
    <ele>183.8</ele>
    <time>2026-05-09T15:50:10Z</time>
   </trkpt>
   <trkpt lat="69.6508170" lon="18.5359650">
    <ele>184.7</ele>
    <time>2026-05-09T15:50:11Z</time>
   </trkpt>
   <trkpt lat="69.6508170" lon="18.5359650">
    <ele>184.7</ele>
    <time>2026-05-09T15:50:12Z</time>
   </trkpt>
   <trkpt lat="69.6508170" lon="18.5359650">
    <ele>184.7</ele>
    <time>2026-05-09T15:50:13Z</time>
   </trkpt>
   <trkpt lat="69.6508170" lon="18.5359650">
    <ele>184.7</ele>
    <time>2026-05-09T15:50:14Z</time>
   </trkpt>
   <trkpt lat="69.6508010" lon="18.5359980">
    <ele>185.1</ele>
    <time>2026-05-09T15:50:15Z</time>
   </trkpt>
   <trkpt lat="69.6508010" lon="18.5359980">
    <ele>185.1</ele>
    <time>2026-05-09T15:50:16Z</time>
   </trkpt>
   <trkpt lat="69.6508010" lon="18.5359980">
    <ele>185.1</ele>
    <time>2026-05-09T15:50:17Z</time>
   </trkpt>
   <trkpt lat="69.6507910" lon="18.5360430">
    <ele>185.1</ele>
    <time>2026-05-09T15:50:18Z</time>
   </trkpt>
   <trkpt lat="69.6507910" lon="18.5360430">
    <ele>185.1</ele>
    <time>2026-05-09T15:50:19Z</time>
   </trkpt>
   <trkpt lat="69.6507910" lon="18.5360430">
    <ele>185.1</ele>
    <time>2026-05-09T15:50:20Z</time>
   </trkpt>
   <trkpt lat="69.6507820" lon="18.5360880">
    <ele>185.6</ele>
    <time>2026-05-09T15:50:21Z</time>
   </trkpt>
   <trkpt lat="69.6507820" lon="18.5360880">
    <ele>185.6</ele>
    <time>2026-05-09T15:50:22Z</time>
   </trkpt>
   <trkpt lat="69.6507670" lon="18.5361170">
    <ele>186.1</ele>
    <time>2026-05-09T15:50:23Z</time>
   </trkpt>
   <trkpt lat="69.6507670" lon="18.5361170">
    <ele>186.1</ele>
    <time>2026-05-09T15:50:24Z</time>
   </trkpt>
   <trkpt lat="69.6507670" lon="18.5361170">
    <ele>186.1</ele>
    <time>2026-05-09T15:50:25Z</time>
   </trkpt>
   <trkpt lat="69.6507670" lon="18.5361170">
    <ele>186.1</ele>
    <time>2026-05-09T15:50:26Z</time>
   </trkpt>
   <trkpt lat="69.6507670" lon="18.5361170">
    <ele>186.1</ele>
    <time>2026-05-09T15:50:27Z</time>
   </trkpt>
   <trkpt lat="69.6507420" lon="18.5361170">
    <ele>187.2</ele>
    <time>2026-05-09T15:50:28Z</time>
   </trkpt>
   <trkpt lat="69.6507420" lon="18.5361170">
    <ele>187.2</ele>
    <time>2026-05-09T15:50:29Z</time>
   </trkpt>
   <trkpt lat="69.6507420" lon="18.5361170">
    <ele>187.2</ele>
    <time>2026-05-09T15:50:30Z</time>
   </trkpt>
   <trkpt lat="69.6507210" lon="18.5361030">
    <ele>187.8</ele>
    <time>2026-05-09T15:50:31Z</time>
   </trkpt>
   <trkpt lat="69.6507210" lon="18.5361030">
    <ele>187.8</ele>
    <time>2026-05-09T15:50:32Z</time>
   </trkpt>
   <trkpt lat="69.6507210" lon="18.5361030">
    <ele>187.8</ele>
    <time>2026-05-09T15:50:33Z</time>
   </trkpt>
   <trkpt lat="69.6507210" lon="18.5361030">
    <ele>187.8</ele>
    <time>2026-05-09T15:50:34Z</time>
   </trkpt>
   <trkpt lat="69.6507010" lon="18.5360700">
    <ele>188.3</ele>
    <time>2026-05-09T15:50:35Z</time>
   </trkpt>
   <trkpt lat="69.6507010" lon="18.5360700">
    <ele>188.3</ele>
    <time>2026-05-09T15:50:36Z</time>
   </trkpt>
   <trkpt lat="69.6507010" lon="18.5360700">
    <ele>188.3</ele>
    <time>2026-05-09T15:50:37Z</time>
   </trkpt>
   <trkpt lat="69.6506810" lon="18.5360500">
    <ele>189.4</ele>
    <time>2026-05-09T15:50:38Z</time>
   </trkpt>
   <trkpt lat="69.6506810" lon="18.5360500">
    <ele>189.4</ele>
    <time>2026-05-09T15:50:39Z</time>
   </trkpt>
   <trkpt lat="69.6506810" lon="18.5360500">
    <ele>189.4</ele>
    <time>2026-05-09T15:50:40Z</time>
   </trkpt>
   <trkpt lat="69.6506630" lon="18.5360480">
    <ele>189.9</ele>
    <time>2026-05-09T15:50:41Z</time>
   </trkpt>
   <trkpt lat="69.6506630" lon="18.5360480">
    <ele>189.9</ele>
    <time>2026-05-09T15:50:42Z</time>
   </trkpt>
   <trkpt lat="69.6506630" lon="18.5360480">
    <ele>189.9</ele>
    <time>2026-05-09T15:50:43Z</time>
   </trkpt>
   <trkpt lat="69.6506630" lon="18.5360480">
    <ele>189.9</ele>
    <time>2026-05-09T15:50:44Z</time>
   </trkpt>
   <trkpt lat="69.6506430" lon="18.5360550">
    <ele>190.5</ele>
    <time>2026-05-09T15:50:45Z</time>
   </trkpt>
   <trkpt lat="69.6506430" lon="18.5360550">
    <ele>190.5</ele>
    <time>2026-05-09T15:50:46Z</time>
   </trkpt>
   <trkpt lat="69.6506430" lon="18.5360550">
    <ele>190.5</ele>
    <time>2026-05-09T15:50:47Z</time>
   </trkpt>
   <trkpt lat="69.6506230" lon="18.5360430">
    <ele>191.5</ele>
    <time>2026-05-09T15:50:48Z</time>
   </trkpt>
   <trkpt lat="69.6506230" lon="18.5360430">
    <ele>191.5</ele>
    <time>2026-05-09T15:50:49Z</time>
   </trkpt>
   <trkpt lat="69.6506230" lon="18.5360430">
    <ele>191.5</ele>
    <time>2026-05-09T15:50:50Z</time>
   </trkpt>
   <trkpt lat="69.6506040" lon="18.5360370">
    <ele>191.9</ele>
    <time>2026-05-09T15:50:51Z</time>
   </trkpt>
   <trkpt lat="69.6506040" lon="18.5360370">
    <ele>191.9</ele>
    <time>2026-05-09T15:50:52Z</time>
   </trkpt>
   <trkpt lat="69.6506040" lon="18.5360370">
    <ele>191.9</ele>
    <time>2026-05-09T15:50:53Z</time>
   </trkpt>
   <trkpt lat="69.6505860" lon="18.5360420">
    <ele>192.5</ele>
    <time>2026-05-09T15:50:54Z</time>
   </trkpt>
   <trkpt lat="69.6505860" lon="18.5360420">
    <ele>192.5</ele>
    <time>2026-05-09T15:50:55Z</time>
   </trkpt>
   <trkpt lat="69.6505860" lon="18.5360420">
    <ele>192.5</ele>
    <time>2026-05-09T15:50:56Z</time>
   </trkpt>
   <trkpt lat="69.6505860" lon="18.5360420">
    <ele>192.5</ele>
    <time>2026-05-09T15:50:57Z</time>
   </trkpt>
   <trkpt lat="69.6505710" lon="18.5360820">
    <ele>193.1</ele>
    <time>2026-05-09T15:50:58Z</time>
   </trkpt>
   <trkpt lat="69.6505710" lon="18.5360820">
    <ele>193.1</ele>
    <time>2026-05-09T15:50:59Z</time>
   </trkpt>
   <trkpt lat="69.6505560" lon="18.5361190">
    <ele>193.6</ele>
    <time>2026-05-09T15:51:00Z</time>
   </trkpt>
   <trkpt lat="69.6505390" lon="18.5361420">
    <ele>194.1</ele>
    <time>2026-05-09T15:51:01Z</time>
   </trkpt>
   <trkpt lat="69.6505390" lon="18.5361420">
    <ele>194.1</ele>
    <time>2026-05-09T15:51:02Z</time>
   </trkpt>
   <trkpt lat="69.6505390" lon="18.5361420">
    <ele>194.1</ele>
    <time>2026-05-09T15:51:03Z</time>
   </trkpt>
   <trkpt lat="69.6505200" lon="18.5361480">
    <ele>195.0</ele>
    <time>2026-05-09T15:51:04Z</time>
   </trkpt>
   <trkpt lat="69.6505200" lon="18.5361480">
    <ele>195.0</ele>
    <time>2026-05-09T15:51:05Z</time>
   </trkpt>
   <trkpt lat="69.6505200" lon="18.5361480">
    <ele>195.0</ele>
    <time>2026-05-09T15:51:06Z</time>
   </trkpt>
   <trkpt lat="69.6505030" lon="18.5361340">
    <ele>195.5</ele>
    <time>2026-05-09T15:51:07Z</time>
   </trkpt>
   <trkpt lat="69.6505030" lon="18.5361340">
    <ele>195.5</ele>
    <time>2026-05-09T15:51:08Z</time>
   </trkpt>
   <trkpt lat="69.6505030" lon="18.5361340">
    <ele>195.5</ele>
    <time>2026-05-09T15:51:09Z</time>
   </trkpt>
   <trkpt lat="69.6504830" lon="18.5361170">
    <ele>195.8</ele>
    <time>2026-05-09T15:51:10Z</time>
   </trkpt>
   <trkpt lat="69.6504830" lon="18.5361170">
    <ele>195.8</ele>
    <time>2026-05-09T15:51:11Z</time>
   </trkpt>
   <trkpt lat="69.6504830" lon="18.5361170">
    <ele>195.8</ele>
    <time>2026-05-09T15:51:12Z</time>
   </trkpt>
   <trkpt lat="69.6504640" lon="18.5360960">
    <ele>196.3</ele>
    <time>2026-05-09T15:51:13Z</time>
   </trkpt>
   <trkpt lat="69.6504640" lon="18.5360960">
    <ele>196.3</ele>
    <time>2026-05-09T15:51:14Z</time>
   </trkpt>
   <trkpt lat="69.6504640" lon="18.5360960">
    <ele>196.3</ele>
    <time>2026-05-09T15:51:15Z</time>
   </trkpt>
   <trkpt lat="69.6504470" lon="18.5360840">
    <ele>196.7</ele>
    <time>2026-05-09T15:51:16Z</time>
   </trkpt>
   <trkpt lat="69.6504470" lon="18.5360840">
    <ele>196.7</ele>
    <time>2026-05-09T15:51:17Z</time>
   </trkpt>
   <trkpt lat="69.6504470" lon="18.5360840">
    <ele>196.7</ele>
    <time>2026-05-09T15:51:18Z</time>
   </trkpt>
   <trkpt lat="69.6504470" lon="18.5360840">
    <ele>196.7</ele>
    <time>2026-05-09T15:51:19Z</time>
   </trkpt>
   <trkpt lat="69.6504470" lon="18.5360840">
    <ele>196.7</ele>
    <time>2026-05-09T15:51:20Z</time>
   </trkpt>
   <trkpt lat="69.6504260" lon="18.5360810">
    <ele>197.4</ele>
    <time>2026-05-09T15:51:21Z</time>
   </trkpt>
   <trkpt lat="69.6504260" lon="18.5360810">
    <ele>197.4</ele>
    <time>2026-05-09T15:51:22Z</time>
   </trkpt>
   <trkpt lat="69.6504260" lon="18.5360810">
    <ele>197.4</ele>
    <time>2026-05-09T15:51:23Z</time>
   </trkpt>
   <trkpt lat="69.6504050" lon="18.5360780">
    <ele>197.8</ele>
    <time>2026-05-09T15:51:24Z</time>
   </trkpt>
   <trkpt lat="69.6504050" lon="18.5360780">
    <ele>197.8</ele>
    <time>2026-05-09T15:51:25Z</time>
   </trkpt>
   <trkpt lat="69.6504050" lon="18.5360780">
    <ele>197.8</ele>
    <time>2026-05-09T15:51:26Z</time>
   </trkpt>
   <trkpt lat="69.6504050" lon="18.5360780">
    <ele>197.8</ele>
    <time>2026-05-09T15:51:27Z</time>
   </trkpt>
   <trkpt lat="69.6503840" lon="18.5360940">
    <ele>198.9</ele>
    <time>2026-05-09T15:51:28Z</time>
   </trkpt>
   <trkpt lat="69.6503840" lon="18.5360940">
    <ele>198.9</ele>
    <time>2026-05-09T15:51:29Z</time>
   </trkpt>
   <trkpt lat="69.6503840" lon="18.5360940">
    <ele>198.9</ele>
    <time>2026-05-09T15:51:30Z</time>
   </trkpt>
   <trkpt lat="69.6503840" lon="18.5360940">
    <ele>198.9</ele>
    <time>2026-05-09T15:51:31Z</time>
   </trkpt>
   <trkpt lat="69.6503630" lon="18.5361250">
    <ele>199.6</ele>
    <time>2026-05-09T15:51:32Z</time>
   </trkpt>
   <trkpt lat="69.6503630" lon="18.5361250">
    <ele>199.6</ele>
    <time>2026-05-09T15:51:33Z</time>
   </trkpt>
   <trkpt lat="69.6503630" lon="18.5361250">
    <ele>199.6</ele>
    <time>2026-05-09T15:51:34Z</time>
   </trkpt>
   <trkpt lat="69.6503440" lon="18.5361460">
    <ele>200.0</ele>
    <time>2026-05-09T15:51:35Z</time>
   </trkpt>
   <trkpt lat="69.6503440" lon="18.5361460">
    <ele>200.0</ele>
    <time>2026-05-09T15:51:36Z</time>
   </trkpt>
   <trkpt lat="69.6503440" lon="18.5361460">
    <ele>200.0</ele>
    <time>2026-05-09T15:51:37Z</time>
   </trkpt>
   <trkpt lat="69.6503210" lon="18.5361530">
    <ele>200.9</ele>
    <time>2026-05-09T15:51:38Z</time>
   </trkpt>
   <trkpt lat="69.6503210" lon="18.5361530">
    <ele>200.9</ele>
    <time>2026-05-09T15:51:39Z</time>
   </trkpt>
   <trkpt lat="69.6503210" lon="18.5361530">
    <ele>200.9</ele>
    <time>2026-05-09T15:51:40Z</time>
   </trkpt>
   <trkpt lat="69.6503020" lon="18.5361500">
    <ele>201.4</ele>
    <time>2026-05-09T15:51:41Z</time>
   </trkpt>
   <trkpt lat="69.6503020" lon="18.5361500">
    <ele>201.4</ele>
    <time>2026-05-09T15:51:42Z</time>
   </trkpt>
   <trkpt lat="69.6503020" lon="18.5361500">
    <ele>201.4</ele>
    <time>2026-05-09T15:51:43Z</time>
   </trkpt>
   <trkpt lat="69.6502810" lon="18.5361500">
    <ele>202.3</ele>
    <time>2026-05-09T15:51:44Z</time>
   </trkpt>
   <trkpt lat="69.6502810" lon="18.5361500">
    <ele>202.3</ele>
    <time>2026-05-09T15:51:45Z</time>
   </trkpt>
   <trkpt lat="69.6502810" lon="18.5361500">
    <ele>202.3</ele>
    <time>2026-05-09T15:51:46Z</time>
   </trkpt>
   <trkpt lat="69.6502810" lon="18.5361500">
    <ele>202.3</ele>
    <time>2026-05-09T15:51:47Z</time>
   </trkpt>
   <trkpt lat="69.6502810" lon="18.5361500">
    <ele>202.3</ele>
    <time>2026-05-09T15:51:48Z</time>
   </trkpt>
   <trkpt lat="69.6502660" lon="18.5361900">
    <ele>203.0</ele>
    <time>2026-05-09T15:51:49Z</time>
   </trkpt>
   <trkpt lat="69.6502660" lon="18.5361900">
    <ele>203.0</ele>
    <time>2026-05-09T15:51:50Z</time>
   </trkpt>
   <trkpt lat="69.6502660" lon="18.5361900">
    <ele>203.0</ele>
    <time>2026-05-09T15:51:51Z</time>
   </trkpt>
   <trkpt lat="69.6502660" lon="18.5361900">
    <ele>203.0</ele>
    <time>2026-05-09T15:51:52Z</time>
   </trkpt>
   <trkpt lat="69.6502660" lon="18.5361900">
    <ele>203.0</ele>
    <time>2026-05-09T15:51:53Z</time>
   </trkpt>
   <trkpt lat="69.6502620" lon="18.5362520">
    <ele>203.3</ele>
    <time>2026-05-09T15:51:54Z</time>
   </trkpt>
   <trkpt lat="69.6502620" lon="18.5362520">
    <ele>203.3</ele>
    <time>2026-05-09T15:51:55Z</time>
   </trkpt>
   <trkpt lat="69.6502620" lon="18.5362520">
    <ele>203.3</ele>
    <time>2026-05-09T15:51:56Z</time>
   </trkpt>
   <trkpt lat="69.6502500" lon="18.5362950">
    <ele>204.0</ele>
    <time>2026-05-09T15:51:57Z</time>
   </trkpt>
   <trkpt lat="69.6502500" lon="18.5362950">
    <ele>204.0</ele>
    <time>2026-05-09T15:51:58Z</time>
   </trkpt>
   <trkpt lat="69.6502500" lon="18.5362950">
    <ele>204.0</ele>
    <time>2026-05-09T15:51:59Z</time>
   </trkpt>
   <trkpt lat="69.6502500" lon="18.5362950">
    <ele>204.0</ele>
    <time>2026-05-09T15:52:00Z</time>
   </trkpt>
   <trkpt lat="69.6502320" lon="18.5363510">
    <ele>204.9</ele>
    <time>2026-05-09T15:52:01Z</time>
   </trkpt>
   <trkpt lat="69.6502320" lon="18.5363510">
    <ele>204.9</ele>
    <time>2026-05-09T15:52:02Z</time>
   </trkpt>
   <trkpt lat="69.6502320" lon="18.5363510">
    <ele>204.9</ele>
    <time>2026-05-09T15:52:03Z</time>
   </trkpt>
   <trkpt lat="69.6502320" lon="18.5363510">
    <ele>204.9</ele>
    <time>2026-05-09T15:52:04Z</time>
   </trkpt>
   <trkpt lat="69.6502320" lon="18.5363510">
    <ele>204.9</ele>
    <time>2026-05-09T15:52:05Z</time>
   </trkpt>
   <trkpt lat="69.6502320" lon="18.5363510">
    <ele>204.9</ele>
    <time>2026-05-09T15:52:06Z</time>
   </trkpt>
   <trkpt lat="69.6502120" lon="18.5363530">
    <ele>205.4</ele>
    <time>2026-05-09T15:52:07Z</time>
   </trkpt>
   <trkpt lat="69.6502120" lon="18.5363530">
    <ele>205.4</ele>
    <time>2026-05-09T15:52:08Z</time>
   </trkpt>
   <trkpt lat="69.6502120" lon="18.5363530">
    <ele>205.4</ele>
    <time>2026-05-09T15:52:09Z</time>
   </trkpt>
   <trkpt lat="69.6501930" lon="18.5363240">
    <ele>205.7</ele>
    <time>2026-05-09T15:52:10Z</time>
   </trkpt>
   <trkpt lat="69.6501930" lon="18.5363240">
    <ele>205.7</ele>
    <time>2026-05-09T15:52:11Z</time>
   </trkpt>
   <trkpt lat="69.6501930" lon="18.5363240">
    <ele>205.7</ele>
    <time>2026-05-09T15:52:12Z</time>
   </trkpt>
   <trkpt lat="69.6501730" lon="18.5362930">
    <ele>206.5</ele>
    <time>2026-05-09T15:52:13Z</time>
   </trkpt>
   <trkpt lat="69.6501730" lon="18.5362930">
    <ele>206.5</ele>
    <time>2026-05-09T15:52:14Z</time>
   </trkpt>
   <trkpt lat="69.6501730" lon="18.5362930">
    <ele>206.5</ele>
    <time>2026-05-09T15:52:15Z</time>
   </trkpt>
   <trkpt lat="69.6501510" lon="18.5362910">
    <ele>207.0</ele>
    <time>2026-05-09T15:52:16Z</time>
   </trkpt>
   <trkpt lat="69.6501510" lon="18.5362910">
    <ele>207.0</ele>
    <time>2026-05-09T15:52:17Z</time>
   </trkpt>
   <trkpt lat="69.6501510" lon="18.5362910">
    <ele>207.0</ele>
    <time>2026-05-09T15:52:18Z</time>
   </trkpt>
   <trkpt lat="69.6501510" lon="18.5362910">
    <ele>207.0</ele>
    <time>2026-05-09T15:52:19Z</time>
   </trkpt>
   <trkpt lat="69.6501370" lon="18.5363360">
    <ele>207.8</ele>
    <time>2026-05-09T15:52:20Z</time>
   </trkpt>
   <trkpt lat="69.6501370" lon="18.5363360">
    <ele>207.8</ele>
    <time>2026-05-09T15:52:21Z</time>
   </trkpt>
   <trkpt lat="69.6501370" lon="18.5363360">
    <ele>207.8</ele>
    <time>2026-05-09T15:52:22Z</time>
   </trkpt>
   <trkpt lat="69.6501240" lon="18.5363760">
    <ele>208.6</ele>
    <time>2026-05-09T15:52:23Z</time>
   </trkpt>
   <trkpt lat="69.6501240" lon="18.5363760">
    <ele>208.6</ele>
    <time>2026-05-09T15:52:24Z</time>
   </trkpt>
   <trkpt lat="69.6501240" lon="18.5363760">
    <ele>208.6</ele>
    <time>2026-05-09T15:52:25Z</time>
   </trkpt>
   <trkpt lat="69.6501080" lon="18.5364130">
    <ele>209.4</ele>
    <time>2026-05-09T15:52:26Z</time>
   </trkpt>
   <trkpt lat="69.6501080" lon="18.5364130">
    <ele>209.4</ele>
    <time>2026-05-09T15:52:27Z</time>
   </trkpt>
   <trkpt lat="69.6501080" lon="18.5364130">
    <ele>209.4</ele>
    <time>2026-05-09T15:52:28Z</time>
   </trkpt>
   <trkpt lat="69.6501080" lon="18.5364130">
    <ele>209.4</ele>
    <time>2026-05-09T15:52:29Z</time>
   </trkpt>
   <trkpt lat="69.6501080" lon="18.5364130">
    <ele>209.4</ele>
    <time>2026-05-09T15:52:30Z</time>
   </trkpt>
   <trkpt lat="69.6500930" lon="18.5364450">
    <ele>210.1</ele>
    <time>2026-05-09T15:52:31Z</time>
   </trkpt>
   <trkpt lat="69.6500930" lon="18.5364450">
    <ele>210.1</ele>
    <time>2026-05-09T15:52:32Z</time>
   </trkpt>
   <trkpt lat="69.6500930" lon="18.5364450">
    <ele>210.1</ele>
    <time>2026-05-09T15:52:33Z</time>
   </trkpt>
   <trkpt lat="69.6500930" lon="18.5364450">
    <ele>210.1</ele>
    <time>2026-05-09T15:52:34Z</time>
   </trkpt>
   <trkpt lat="69.6500930" lon="18.5364450">
    <ele>210.1</ele>
    <time>2026-05-09T15:52:35Z</time>
   </trkpt>
   <trkpt lat="69.6500930" lon="18.5364450">
    <ele>210.1</ele>
    <time>2026-05-09T15:52:36Z</time>
   </trkpt>
   <trkpt lat="69.6500780" lon="18.5364760">
    <ele>210.9</ele>
    <time>2026-05-09T15:52:37Z</time>
   </trkpt>
   <trkpt lat="69.6500780" lon="18.5364760">
    <ele>210.9</ele>
    <time>2026-05-09T15:52:38Z</time>
   </trkpt>
   <trkpt lat="69.6500780" lon="18.5364760">
    <ele>210.9</ele>
    <time>2026-05-09T15:52:39Z</time>
   </trkpt>
   <trkpt lat="69.6500630" lon="18.5365130">
    <ele>211.7</ele>
    <time>2026-05-09T15:52:40Z</time>
   </trkpt>
   <trkpt lat="69.6500630" lon="18.5365130">
    <ele>211.7</ele>
    <time>2026-05-09T15:52:41Z</time>
   </trkpt>
   <trkpt lat="69.6500630" lon="18.5365130">
    <ele>211.7</ele>
    <time>2026-05-09T15:52:42Z</time>
   </trkpt>
   <trkpt lat="69.6500630" lon="18.5365130">
    <ele>211.7</ele>
    <time>2026-05-09T15:52:43Z</time>
   </trkpt>
   <trkpt lat="69.6500460" lon="18.5365560">
    <ele>212.5</ele>
    <time>2026-05-09T15:52:44Z</time>
   </trkpt>
   <trkpt lat="69.6500460" lon="18.5365560">
    <ele>212.5</ele>
    <time>2026-05-09T15:52:45Z</time>
   </trkpt>
   <trkpt lat="69.6500460" lon="18.5365560">
    <ele>212.5</ele>
    <time>2026-05-09T15:52:46Z</time>
   </trkpt>
   <trkpt lat="69.6500260" lon="18.5365790">
    <ele>213.8</ele>
    <time>2026-05-09T15:52:47Z</time>
   </trkpt>
   <trkpt lat="69.6500260" lon="18.5365790">
    <ele>213.8</ele>
    <time>2026-05-09T15:52:48Z</time>
   </trkpt>
   <trkpt lat="69.6500260" lon="18.5365790">
    <ele>213.8</ele>
    <time>2026-05-09T15:52:49Z</time>
   </trkpt>
   <trkpt lat="69.6500260" lon="18.5365790">
    <ele>213.8</ele>
    <time>2026-05-09T15:52:50Z</time>
   </trkpt>
   <trkpt lat="69.6500260" lon="18.5365790">
    <ele>213.8</ele>
    <time>2026-05-09T15:52:51Z</time>
   </trkpt>
   <trkpt lat="69.6500020" lon="18.5365890">
    <ele>214.5</ele>
    <time>2026-05-09T15:52:52Z</time>
   </trkpt>
   <trkpt lat="69.6500020" lon="18.5365890">
    <ele>214.5</ele>
    <time>2026-05-09T15:52:53Z</time>
   </trkpt>
   <trkpt lat="69.6500020" lon="18.5365890">
    <ele>214.5</ele>
    <time>2026-05-09T15:52:54Z</time>
   </trkpt>
   <trkpt lat="69.6499790" lon="18.5365910">
    <ele>215.9</ele>
    <time>2026-05-09T15:52:55Z</time>
   </trkpt>
   <trkpt lat="69.6499790" lon="18.5365910">
    <ele>215.9</ele>
    <time>2026-05-09T15:52:56Z</time>
   </trkpt>
   <trkpt lat="69.6499790" lon="18.5365910">
    <ele>215.9</ele>
    <time>2026-05-09T15:52:57Z</time>
   </trkpt>
   <trkpt lat="69.6499610" lon="18.5365850">
    <ele>216.6</ele>
    <time>2026-05-09T15:52:58Z</time>
   </trkpt>
   <trkpt lat="69.6499610" lon="18.5365850">
    <ele>216.6</ele>
    <time>2026-05-09T15:52:59Z</time>
   </trkpt>
   <trkpt lat="69.6499610" lon="18.5365850">
    <ele>216.6</ele>
    <time>2026-05-09T15:53:00Z</time>
   </trkpt>
   <trkpt lat="69.6499610" lon="18.5365850">
    <ele>216.6</ele>
    <time>2026-05-09T15:53:01Z</time>
   </trkpt>
   <trkpt lat="69.6499610" lon="18.5365850">
    <ele>216.6</ele>
    <time>2026-05-09T15:53:02Z</time>
   </trkpt>
   <trkpt lat="69.6499380" lon="18.5365830">
    <ele>218.0</ele>
    <time>2026-05-09T15:53:03Z</time>
   </trkpt>
   <trkpt lat="69.6499380" lon="18.5365830">
    <ele>218.0</ele>
    <time>2026-05-09T15:53:04Z</time>
   </trkpt>
   <trkpt lat="69.6499380" lon="18.5365830">
    <ele>218.0</ele>
    <time>2026-05-09T15:53:05Z</time>
   </trkpt>
   <trkpt lat="69.6499380" lon="18.5365830">
    <ele>218.0</ele>
    <time>2026-05-09T15:53:06Z</time>
   </trkpt>
   <trkpt lat="69.6499200" lon="18.5365660">
    <ele>218.8</ele>
    <time>2026-05-09T15:53:07Z</time>
   </trkpt>
   <trkpt lat="69.6499200" lon="18.5365660">
    <ele>218.8</ele>
    <time>2026-05-09T15:53:08Z</time>
   </trkpt>
   <trkpt lat="69.6499200" lon="18.5365660">
    <ele>218.8</ele>
    <time>2026-05-09T15:53:09Z</time>
   </trkpt>
   <trkpt lat="69.6499200" lon="18.5365660">
    <ele>218.8</ele>
    <time>2026-05-09T15:53:10Z</time>
   </trkpt>
   <trkpt lat="69.6499200" lon="18.5365660">
    <ele>218.8</ele>
    <time>2026-05-09T15:53:11Z</time>
   </trkpt>
   <trkpt lat="69.6499200" lon="18.5365660">
    <ele>218.8</ele>
    <time>2026-05-09T15:53:12Z</time>
   </trkpt>
   <trkpt lat="69.6499200" lon="18.5365660">
    <ele>218.8</ele>
    <time>2026-05-09T15:53:13Z</time>
   </trkpt>
   <trkpt lat="69.6499200" lon="18.5365660">
    <ele>218.8</ele>
    <time>2026-05-09T15:53:14Z</time>
   </trkpt>
   <trkpt lat="69.6499200" lon="18.5365660">
    <ele>218.8</ele>
    <time>2026-05-09T15:53:15Z</time>
   </trkpt>
   <trkpt lat="69.6498970" lon="18.5365800">
    <ele>219.5</ele>
    <time>2026-05-09T15:53:16Z</time>
   </trkpt>
   <trkpt lat="69.6498970" lon="18.5365800">
    <ele>219.5</ele>
    <time>2026-05-09T15:53:17Z</time>
   </trkpt>
   <trkpt lat="69.6498970" lon="18.5365800">
    <ele>219.5</ele>
    <time>2026-05-09T15:53:18Z</time>
   </trkpt>
   <trkpt lat="69.6498770" lon="18.5366000">
    <ele>221.0</ele>
    <time>2026-05-09T15:53:19Z</time>
   </trkpt>
   <trkpt lat="69.6498770" lon="18.5366000">
    <ele>221.0</ele>
    <time>2026-05-09T15:53:20Z</time>
   </trkpt>
   <trkpt lat="69.6498770" lon="18.5366000">
    <ele>221.0</ele>
    <time>2026-05-09T15:53:21Z</time>
   </trkpt>
   <trkpt lat="69.6498770" lon="18.5366000">
    <ele>221.0</ele>
    <time>2026-05-09T15:53:22Z</time>
   </trkpt>
   <trkpt lat="69.6498520" lon="18.5365860">
    <ele>221.8</ele>
    <time>2026-05-09T15:53:23Z</time>
   </trkpt>
   <trkpt lat="69.6498520" lon="18.5365860">
    <ele>221.8</ele>
    <time>2026-05-09T15:53:24Z</time>
   </trkpt>
   <trkpt lat="69.6498520" lon="18.5365860">
    <ele>221.8</ele>
    <time>2026-05-09T15:53:25Z</time>
   </trkpt>
   <trkpt lat="69.6498520" lon="18.5365860">
    <ele>221.8</ele>
    <time>2026-05-09T15:53:26Z</time>
   </trkpt>
   <trkpt lat="69.6498370" lon="18.5365450">
    <ele>222.6</ele>
    <time>2026-05-09T15:53:27Z</time>
   </trkpt>
   <trkpt lat="69.6498370" lon="18.5365450">
    <ele>222.6</ele>
    <time>2026-05-09T15:53:28Z</time>
   </trkpt>
   <trkpt lat="69.6498370" lon="18.5365450">
    <ele>222.6</ele>
    <time>2026-05-09T15:53:29Z</time>
   </trkpt>
   <trkpt lat="69.6498370" lon="18.5365450">
    <ele>222.6</ele>
    <time>2026-05-09T15:53:30Z</time>
   </trkpt>
   <trkpt lat="69.6498370" lon="18.5365450">
    <ele>222.6</ele>
    <time>2026-05-09T15:53:31Z</time>
   </trkpt>
   <trkpt lat="69.6498370" lon="18.5365450">
    <ele>222.6</ele>
    <time>2026-05-09T15:53:32Z</time>
   </trkpt>
   <trkpt lat="69.6498240" lon="18.5364950">
    <ele>223.5</ele>
    <time>2026-05-09T15:53:33Z</time>
   </trkpt>
   <trkpt lat="69.6498240" lon="18.5364950">
    <ele>223.5</ele>
    <time>2026-05-09T15:53:34Z</time>
   </trkpt>
   <trkpt lat="69.6498240" lon="18.5364950">
    <ele>223.5</ele>
    <time>2026-05-09T15:53:35Z</time>
   </trkpt>
   <trkpt lat="69.6498240" lon="18.5364950">
    <ele>223.5</ele>
    <time>2026-05-09T15:53:36Z</time>
   </trkpt>
   <trkpt lat="69.6498240" lon="18.5364950">
    <ele>223.5</ele>
    <time>2026-05-09T15:53:37Z</time>
   </trkpt>
   <trkpt lat="69.6498130" lon="18.5364440">
    <ele>224.3</ele>
    <time>2026-05-09T15:53:38Z</time>
   </trkpt>
   <trkpt lat="69.6498130" lon="18.5364440">
    <ele>224.3</ele>
    <time>2026-05-09T15:53:39Z</time>
   </trkpt>
   <trkpt lat="69.6498130" lon="18.5364440">
    <ele>224.3</ele>
    <time>2026-05-09T15:53:40Z</time>
   </trkpt>
   <trkpt lat="69.6498130" lon="18.5364440">
    <ele>224.3</ele>
    <time>2026-05-09T15:53:41Z</time>
   </trkpt>
   <trkpt lat="69.6498130" lon="18.5364440">
    <ele>224.3</ele>
    <time>2026-05-09T15:53:42Z</time>
   </trkpt>
   <trkpt lat="69.6497970" lon="18.5364080">
    <ele>225.0</ele>
    <time>2026-05-09T15:53:43Z</time>
   </trkpt>
   <trkpt lat="69.6497970" lon="18.5364080">
    <ele>225.0</ele>
    <time>2026-05-09T15:53:44Z</time>
   </trkpt>
   <trkpt lat="69.6497970" lon="18.5364080">
    <ele>225.0</ele>
    <time>2026-05-09T15:53:45Z</time>
   </trkpt>
   <trkpt lat="69.6497970" lon="18.5364080">
    <ele>225.0</ele>
    <time>2026-05-09T15:53:46Z</time>
   </trkpt>
   <trkpt lat="69.6497970" lon="18.5364080">
    <ele>225.0</ele>
    <time>2026-05-09T15:53:47Z</time>
   </trkpt>
   <trkpt lat="69.6497970" lon="18.5364080">
    <ele>225.0</ele>
    <time>2026-05-09T15:53:48Z</time>
   </trkpt>
   <trkpt lat="69.6497970" lon="18.5364080">
    <ele>225.0</ele>
    <time>2026-05-09T15:53:49Z</time>
   </trkpt>
   <trkpt lat="69.6497790" lon="18.5364080">
    <ele>225.8</ele>
    <time>2026-05-09T15:53:50Z</time>
   </trkpt>
   <trkpt lat="69.6497790" lon="18.5364080">
    <ele>225.8</ele>
    <time>2026-05-09T15:53:51Z</time>
   </trkpt>
   <trkpt lat="69.6497790" lon="18.5364080">
    <ele>225.8</ele>
    <time>2026-05-09T15:53:52Z</time>
   </trkpt>
   <trkpt lat="69.6497790" lon="18.5364080">
    <ele>225.8</ele>
    <time>2026-05-09T15:53:53Z</time>
   </trkpt>
   <trkpt lat="69.6497790" lon="18.5364080">
    <ele>225.8</ele>
    <time>2026-05-09T15:53:54Z</time>
   </trkpt>
   <trkpt lat="69.6497790" lon="18.5364080">
    <ele>225.9</ele>
    <time>2026-05-09T15:53:55Z</time>
   </trkpt>
   <trkpt lat="69.6497790" lon="18.5364080">
    <ele>225.9</ele>
    <time>2026-05-09T15:53:56Z</time>
   </trkpt>
   <trkpt lat="69.6497630" lon="18.5364310">
    <ele>226.7</ele>
    <time>2026-05-09T15:53:57Z</time>
   </trkpt>
   <trkpt lat="69.6497630" lon="18.5364310">
    <ele>226.7</ele>
    <time>2026-05-09T15:53:58Z</time>
   </trkpt>
   <trkpt lat="69.6497630" lon="18.5364310">
    <ele>226.7</ele>
    <time>2026-05-09T15:53:59Z</time>
   </trkpt>
   <trkpt lat="69.6497530" lon="18.5363830">
    <ele>227.5</ele>
    <time>2026-05-09T15:54:00Z</time>
   </trkpt>
   <trkpt lat="69.6497530" lon="18.5363830">
    <ele>227.5</ele>
    <time>2026-05-09T15:54:01Z</time>
   </trkpt>
   <trkpt lat="69.6497530" lon="18.5363830">
    <ele>227.5</ele>
    <time>2026-05-09T15:54:02Z</time>
   </trkpt>
   <trkpt lat="69.6497530" lon="18.5363830">
    <ele>227.5</ele>
    <time>2026-05-09T15:54:03Z</time>
   </trkpt>
   <trkpt lat="69.6497430" lon="18.5363340">
    <ele>228.1</ele>
    <time>2026-05-09T15:54:04Z</time>
   </trkpt>
   <trkpt lat="69.6497430" lon="18.5363340">
    <ele>228.1</ele>
    <time>2026-05-09T15:54:05Z</time>
   </trkpt>
   <trkpt lat="69.6497430" lon="18.5363340">
    <ele>228.1</ele>
    <time>2026-05-09T15:54:06Z</time>
   </trkpt>
   <trkpt lat="69.6497270" lon="18.5363140">
    <ele>228.9</ele>
    <time>2026-05-09T15:54:07Z</time>
   </trkpt>
   <trkpt lat="69.6497270" lon="18.5363140">
    <ele>228.9</ele>
    <time>2026-05-09T15:54:08Z</time>
   </trkpt>
   <trkpt lat="69.6497270" lon="18.5363140">
    <ele>228.9</ele>
    <time>2026-05-09T15:54:09Z</time>
   </trkpt>
   <trkpt lat="69.6497270" lon="18.5363140">
    <ele>228.9</ele>
    <time>2026-05-09T15:54:10Z</time>
   </trkpt>
   <trkpt lat="69.6497270" lon="18.5363140">
    <ele>228.9</ele>
    <time>2026-05-09T15:54:11Z</time>
   </trkpt>
   <trkpt lat="69.6497090" lon="18.5362910">
    <ele>229.6</ele>
    <time>2026-05-09T15:54:12Z</time>
   </trkpt>
   <trkpt lat="69.6497090" lon="18.5362910">
    <ele>229.6</ele>
    <time>2026-05-09T15:54:13Z</time>
   </trkpt>
   <trkpt lat="69.6497090" lon="18.5362910">
    <ele>229.6</ele>
    <time>2026-05-09T15:54:14Z</time>
   </trkpt>
   <trkpt lat="69.6497090" lon="18.5362910">
    <ele>229.6</ele>
    <time>2026-05-09T15:54:15Z</time>
   </trkpt>
   <trkpt lat="69.6497090" lon="18.5362910">
    <ele>229.6</ele>
    <time>2026-05-09T15:54:16Z</time>
   </trkpt>
   <trkpt lat="69.6496920" lon="18.5362620">
    <ele>230.4</ele>
    <time>2026-05-09T15:54:17Z</time>
   </trkpt>
   <trkpt lat="69.6496920" lon="18.5362620">
    <ele>230.4</ele>
    <time>2026-05-09T15:54:18Z</time>
   </trkpt>
   <trkpt lat="69.6496920" lon="18.5362620">
    <ele>230.4</ele>
    <time>2026-05-09T15:54:19Z</time>
   </trkpt>
   <trkpt lat="69.6496920" lon="18.5362620">
    <ele>230.4</ele>
    <time>2026-05-09T15:54:20Z</time>
   </trkpt>
   <trkpt lat="69.6496920" lon="18.5362620">
    <ele>230.4</ele>
    <time>2026-05-09T15:54:21Z</time>
   </trkpt>
   <trkpt lat="69.6496920" lon="18.5362620">
    <ele>230.4</ele>
    <time>2026-05-09T15:54:22Z</time>
   </trkpt>
   <trkpt lat="69.6496730" lon="18.5362800">
    <ele>231.1</ele>
    <time>2026-05-09T15:54:23Z</time>
   </trkpt>
   <trkpt lat="69.6496730" lon="18.5362800">
    <ele>231.1</ele>
    <time>2026-05-09T15:54:24Z</time>
   </trkpt>
   <trkpt lat="69.6496730" lon="18.5362800">
    <ele>231.1</ele>
    <time>2026-05-09T15:54:25Z</time>
   </trkpt>
   <trkpt lat="69.6496730" lon="18.5362800">
    <ele>231.1</ele>
    <time>2026-05-09T15:54:26Z</time>
   </trkpt>
   <trkpt lat="69.6496590" lon="18.5363300">
    <ele>232.0</ele>
    <time>2026-05-09T15:54:27Z</time>
   </trkpt>
   <trkpt lat="69.6496590" lon="18.5363300">
    <ele>232.0</ele>
    <time>2026-05-09T15:54:28Z</time>
   </trkpt>
   <trkpt lat="69.6496590" lon="18.5363300">
    <ele>232.0</ele>
    <time>2026-05-09T15:54:29Z</time>
   </trkpt>
   <trkpt lat="69.6496590" lon="18.5363300">
    <ele>232.0</ele>
    <time>2026-05-09T15:54:30Z</time>
   </trkpt>
   <trkpt lat="69.6496480" lon="18.5363920">
    <ele>232.8</ele>
    <time>2026-05-09T15:54:31Z</time>
   </trkpt>
   <trkpt lat="69.6496480" lon="18.5363920">
    <ele>232.8</ele>
    <time>2026-05-09T15:54:32Z</time>
   </trkpt>
   <trkpt lat="69.6496480" lon="18.5363920">
    <ele>232.8</ele>
    <time>2026-05-09T15:54:33Z</time>
   </trkpt>
   <trkpt lat="69.6496350" lon="18.5364360">
    <ele>233.6</ele>
    <time>2026-05-09T15:54:34Z</time>
   </trkpt>
   <trkpt lat="69.6496350" lon="18.5364360">
    <ele>233.6</ele>
    <time>2026-05-09T15:54:35Z</time>
   </trkpt>
   <trkpt lat="69.6496350" lon="18.5364360">
    <ele>233.6</ele>
    <time>2026-05-09T15:54:36Z</time>
   </trkpt>
   <trkpt lat="69.6496350" lon="18.5364360">
    <ele>233.6</ele>
    <time>2026-05-09T15:54:37Z</time>
   </trkpt>
   <trkpt lat="69.6496180" lon="18.5364760">
    <ele>234.3</ele>
    <time>2026-05-09T15:54:38Z</time>
   </trkpt>
   <trkpt lat="69.6496180" lon="18.5364760">
    <ele>234.3</ele>
    <time>2026-05-09T15:54:39Z</time>
   </trkpt>
   <trkpt lat="69.6496180" lon="18.5364760">
    <ele>234.3</ele>
    <time>2026-05-09T15:54:40Z</time>
   </trkpt>
   <trkpt lat="69.6496180" lon="18.5364760">
    <ele>234.3</ele>
    <time>2026-05-09T15:54:41Z</time>
   </trkpt>
   <trkpt lat="69.6496090" lon="18.5365340">
    <ele>235.1</ele>
    <time>2026-05-09T15:54:42Z</time>
   </trkpt>
   <trkpt lat="69.6496090" lon="18.5365340">
    <ele>235.1</ele>
    <time>2026-05-09T15:54:43Z</time>
   </trkpt>
   <trkpt lat="69.6496090" lon="18.5365340">
    <ele>235.1</ele>
    <time>2026-05-09T15:54:44Z</time>
   </trkpt>
   <trkpt lat="69.6496090" lon="18.5365340">
    <ele>235.1</ele>
    <time>2026-05-09T15:54:45Z</time>
   </trkpt>
   <trkpt lat="69.6496090" lon="18.5365340">
    <ele>235.1</ele>
    <time>2026-05-09T15:54:46Z</time>
   </trkpt>
   <trkpt lat="69.6496090" lon="18.5365340">
    <ele>235.1</ele>
    <time>2026-05-09T15:54:47Z</time>
   </trkpt>
   <trkpt lat="69.6496090" lon="18.5365340">
    <ele>235.1</ele>
    <time>2026-05-09T15:54:48Z</time>
   </trkpt>
   <trkpt lat="69.6496090" lon="18.5365340">
    <ele>235.1</ele>
    <time>2026-05-09T15:54:49Z</time>
   </trkpt>
   <trkpt lat="69.6496060" lon="18.5365930">
    <ele>235.0</ele>
    <time>2026-05-09T15:54:50Z</time>
   </trkpt>
   <trkpt lat="69.6496060" lon="18.5365930">
    <ele>235.0</ele>
    <time>2026-05-09T15:54:51Z</time>
   </trkpt>
   <trkpt lat="69.6496060" lon="18.5365930">
    <ele>235.0</ele>
    <time>2026-05-09T15:54:52Z</time>
   </trkpt>
   <trkpt lat="69.6496060" lon="18.5365930">
    <ele>235.0</ele>
    <time>2026-05-09T15:54:53Z</time>
   </trkpt>
   <trkpt lat="69.6495970" lon="18.5366530">
    <ele>234.9</ele>
    <time>2026-05-09T15:54:54Z</time>
   </trkpt>
   <trkpt lat="69.6495970" lon="18.5366530">
    <ele>234.9</ele>
    <time>2026-05-09T15:54:55Z</time>
   </trkpt>
   <trkpt lat="69.6495970" lon="18.5366530">
    <ele>234.9</ele>
    <time>2026-05-09T15:54:56Z</time>
   </trkpt>
   <trkpt lat="69.6495970" lon="18.5366530">
    <ele>234.9</ele>
    <time>2026-05-09T15:54:57Z</time>
   </trkpt>
   <trkpt lat="69.6495870" lon="18.5367030">
    <ele>235.6</ele>
    <time>2026-05-09T15:54:58Z</time>
   </trkpt>
   <trkpt lat="69.6495870" lon="18.5367030">
    <ele>235.6</ele>
    <time>2026-05-09T15:54:59Z</time>
   </trkpt>
   <trkpt lat="69.6495870" lon="18.5367030">
    <ele>235.6</ele>
    <time>2026-05-09T15:55:00Z</time>
   </trkpt>
   <trkpt lat="69.6495870" lon="18.5367030">
    <ele>235.6</ele>
    <time>2026-05-09T15:55:01Z</time>
   </trkpt>
   <trkpt lat="69.6495870" lon="18.5367030">
    <ele>235.6</ele>
    <time>2026-05-09T15:55:02Z</time>
   </trkpt>
   <trkpt lat="69.6495710" lon="18.5366730">
    <ele>236.5</ele>
    <time>2026-05-09T15:55:03Z</time>
   </trkpt>
   <trkpt lat="69.6495710" lon="18.5366730">
    <ele>236.5</ele>
    <time>2026-05-09T15:55:04Z</time>
   </trkpt>
   <trkpt lat="69.6495710" lon="18.5366730">
    <ele>236.5</ele>
    <time>2026-05-09T15:55:05Z</time>
   </trkpt>
   <trkpt lat="69.6495710" lon="18.5366730">
    <ele>236.5</ele>
    <time>2026-05-09T15:55:06Z</time>
   </trkpt>
   <trkpt lat="69.6495530" lon="18.5366390">
    <ele>237.4</ele>
    <time>2026-05-09T15:55:07Z</time>
   </trkpt>
   <trkpt lat="69.6495530" lon="18.5366390">
    <ele>237.4</ele>
    <time>2026-05-09T15:55:08Z</time>
   </trkpt>
   <trkpt lat="69.6495530" lon="18.5366390">
    <ele>237.4</ele>
    <time>2026-05-09T15:55:09Z</time>
   </trkpt>
   <trkpt lat="69.6495360" lon="18.5366140">
    <ele>238.2</ele>
    <time>2026-05-09T15:55:10Z</time>
   </trkpt>
   <trkpt lat="69.6495360" lon="18.5366140">
    <ele>238.2</ele>
    <time>2026-05-09T15:55:11Z</time>
   </trkpt>
   <trkpt lat="69.6495360" lon="18.5366140">
    <ele>238.2</ele>
    <time>2026-05-09T15:55:12Z</time>
   </trkpt>
   <trkpt lat="69.6495360" lon="18.5366140">
    <ele>238.2</ele>
    <time>2026-05-09T15:55:13Z</time>
   </trkpt>
   <trkpt lat="69.6495360" lon="18.5366140">
    <ele>238.2</ele>
    <time>2026-05-09T15:55:14Z</time>
   </trkpt>
   <trkpt lat="69.6495160" lon="18.5365990">
    <ele>239.9</ele>
    <time>2026-05-09T15:55:15Z</time>
   </trkpt>
   <trkpt lat="69.6495160" lon="18.5365990">
    <ele>240.0</ele>
    <time>2026-05-09T15:55:16Z</time>
   </trkpt>
   <trkpt lat="69.6495160" lon="18.5365990">
    <ele>240.0</ele>
    <time>2026-05-09T15:55:17Z</time>
   </trkpt>
   <trkpt lat="69.6495160" lon="18.5365990">
    <ele>240.0</ele>
    <time>2026-05-09T15:55:18Z</time>
   </trkpt>
   <trkpt lat="69.6494970" lon="18.5365800">
    <ele>240.9</ele>
    <time>2026-05-09T15:55:19Z</time>
   </trkpt>
   <trkpt lat="69.6494970" lon="18.5365800">
    <ele>240.9</ele>
    <time>2026-05-09T15:55:20Z</time>
   </trkpt>
   <trkpt lat="69.6494970" lon="18.5365800">
    <ele>240.9</ele>
    <time>2026-05-09T15:55:21Z</time>
   </trkpt>
   <trkpt lat="69.6494970" lon="18.5365800">
    <ele>240.9</ele>
    <time>2026-05-09T15:55:22Z</time>
   </trkpt>
   <trkpt lat="69.6494760" lon="18.5365530">
    <ele>242.8</ele>
    <time>2026-05-09T15:55:23Z</time>
   </trkpt>
   <trkpt lat="69.6494760" lon="18.5365530">
    <ele>242.8</ele>
    <time>2026-05-09T15:55:24Z</time>
   </trkpt>
   <trkpt lat="69.6494760" lon="18.5365530">
    <ele>242.8</ele>
    <time>2026-05-09T15:55:25Z</time>
   </trkpt>
   <trkpt lat="69.6494590" lon="18.5365180">
    <ele>243.7</ele>
    <time>2026-05-09T15:55:26Z</time>
   </trkpt>
   <trkpt lat="69.6494590" lon="18.5365180">
    <ele>243.7</ele>
    <time>2026-05-09T15:55:27Z</time>
   </trkpt>
   <trkpt lat="69.6494590" lon="18.5365180">
    <ele>243.7</ele>
    <time>2026-05-09T15:55:28Z</time>
   </trkpt>
   <trkpt lat="69.6494590" lon="18.5365180">
    <ele>243.7</ele>
    <time>2026-05-09T15:55:29Z</time>
   </trkpt>
   <trkpt lat="69.6494590" lon="18.5365180">
    <ele>243.7</ele>
    <time>2026-05-09T15:55:30Z</time>
   </trkpt>
   <trkpt lat="69.6494390" lon="18.5364950">
    <ele>245.0</ele>
    <time>2026-05-09T15:55:31Z</time>
   </trkpt>
   <trkpt lat="69.6494390" lon="18.5364950">
    <ele>245.0</ele>
    <time>2026-05-09T15:55:32Z</time>
   </trkpt>
   <trkpt lat="69.6494390" lon="18.5364950">
    <ele>245.0</ele>
    <time>2026-05-09T15:55:33Z</time>
   </trkpt>
   <trkpt lat="69.6494390" lon="18.5364950">
    <ele>245.0</ele>
    <time>2026-05-09T15:55:34Z</time>
   </trkpt>
   <trkpt lat="69.6494390" lon="18.5364950">
    <ele>245.0</ele>
    <time>2026-05-09T15:55:35Z</time>
   </trkpt>
   <trkpt lat="69.6494390" lon="18.5364950">
    <ele>245.0</ele>
    <time>2026-05-09T15:55:36Z</time>
   </trkpt>
   <trkpt lat="69.6494390" lon="18.5364950">
    <ele>245.0</ele>
    <time>2026-05-09T15:55:37Z</time>
   </trkpt>
   <trkpt lat="69.6494270" lon="18.5365390">
    <ele>245.8</ele>
    <time>2026-05-09T15:55:38Z</time>
   </trkpt>
   <trkpt lat="69.6494270" lon="18.5365390">
    <ele>245.8</ele>
    <time>2026-05-09T15:55:39Z</time>
   </trkpt>
   <trkpt lat="69.6494270" lon="18.5365390">
    <ele>245.8</ele>
    <time>2026-05-09T15:55:40Z</time>
   </trkpt>
   <trkpt lat="69.6494270" lon="18.5365390">
    <ele>245.8</ele>
    <time>2026-05-09T15:55:41Z</time>
   </trkpt>
   <trkpt lat="69.6494090" lon="18.5365800">
    <ele>246.6</ele>
    <time>2026-05-09T15:55:42Z</time>
   </trkpt>
   <trkpt lat="69.6494090" lon="18.5365800">
    <ele>246.6</ele>
    <time>2026-05-09T15:55:43Z</time>
   </trkpt>
   <trkpt lat="69.6494090" lon="18.5365800">
    <ele>246.6</ele>
    <time>2026-05-09T15:55:44Z</time>
   </trkpt>
   <trkpt lat="69.6494090" lon="18.5365800">
    <ele>246.6</ele>
    <time>2026-05-09T15:55:45Z</time>
   </trkpt>
   <trkpt lat="69.6494090" lon="18.5365800">
    <ele>246.6</ele>
    <time>2026-05-09T15:55:46Z</time>
   </trkpt>
   <trkpt lat="69.6494090" lon="18.5365800">
    <ele>246.6</ele>
    <time>2026-05-09T15:55:47Z</time>
   </trkpt>
   <trkpt lat="69.6493980" lon="18.5366270">
    <ele>247.4</ele>
    <time>2026-05-09T15:55:48Z</time>
   </trkpt>
   <trkpt lat="69.6493980" lon="18.5366270">
    <ele>247.4</ele>
    <time>2026-05-09T15:55:49Z</time>
   </trkpt>
   <trkpt lat="69.6493820" lon="18.5366610">
    <ele>248.2</ele>
    <time>2026-05-09T15:55:50Z</time>
   </trkpt>
   <trkpt lat="69.6493820" lon="18.5366610">
    <ele>248.2</ele>
    <time>2026-05-09T15:55:51Z</time>
   </trkpt>
   <trkpt lat="69.6493820" lon="18.5366610">
    <ele>248.2</ele>
    <time>2026-05-09T15:55:52Z</time>
   </trkpt>
   <trkpt lat="69.6493820" lon="18.5366610">
    <ele>248.2</ele>
    <time>2026-05-09T15:55:53Z</time>
   </trkpt>
   <trkpt lat="69.6493660" lon="18.5367060">
    <ele>249.0</ele>
    <time>2026-05-09T15:55:54Z</time>
   </trkpt>
   <trkpt lat="69.6493660" lon="18.5367060">
    <ele>249.0</ele>
    <time>2026-05-09T15:55:55Z</time>
   </trkpt>
   <trkpt lat="69.6493660" lon="18.5367060">
    <ele>249.0</ele>
    <time>2026-05-09T15:55:56Z</time>
   </trkpt>
   <trkpt lat="69.6493660" lon="18.5367060">
    <ele>249.0</ele>
    <time>2026-05-09T15:55:57Z</time>
   </trkpt>
   <trkpt lat="69.6493660" lon="18.5367060">
    <ele>249.0</ele>
    <time>2026-05-09T15:55:58Z</time>
   </trkpt>
   <trkpt lat="69.6493660" lon="18.5367060">
    <ele>249.0</ele>
    <time>2026-05-09T15:55:59Z</time>
   </trkpt>
   <trkpt lat="69.6493660" lon="18.5367060">
    <ele>249.0</ele>
    <time>2026-05-09T15:56:00Z</time>
   </trkpt>
   <trkpt lat="69.6493660" lon="18.5367060">
    <ele>249.0</ele>
    <time>2026-05-09T15:56:01Z</time>
   </trkpt>
   <trkpt lat="69.6493660" lon="18.5367060">
    <ele>249.0</ele>
    <time>2026-05-09T15:56:02Z</time>
   </trkpt>
   <trkpt lat="69.6493400" lon="18.5367070">
    <ele>250.7</ele>
    <time>2026-05-09T15:56:03Z</time>
   </trkpt>
   <trkpt lat="69.6493400" lon="18.5367070">
    <ele>250.7</ele>
    <time>2026-05-09T15:56:04Z</time>
   </trkpt>
   <trkpt lat="69.6493400" lon="18.5367070">
    <ele>250.7</ele>
    <time>2026-05-09T15:56:05Z</time>
   </trkpt>
   <trkpt lat="69.6493400" lon="18.5367070">
    <ele>250.7</ele>
    <time>2026-05-09T15:56:06Z</time>
   </trkpt>
   <trkpt lat="69.6493230" lon="18.5366860">
    <ele>251.5</ele>
    <time>2026-05-09T15:56:07Z</time>
   </trkpt>
   <trkpt lat="69.6493230" lon="18.5366860">
    <ele>251.5</ele>
    <time>2026-05-09T15:56:08Z</time>
   </trkpt>
   <trkpt lat="69.6493230" lon="18.5366860">
    <ele>251.5</ele>
    <time>2026-05-09T15:56:09Z</time>
   </trkpt>
   <trkpt lat="69.6493230" lon="18.5366860">
    <ele>251.5</ele>
    <time>2026-05-09T15:56:10Z</time>
   </trkpt>
   <trkpt lat="69.6493230" lon="18.5366860">
    <ele>251.5</ele>
    <time>2026-05-09T15:56:11Z</time>
   </trkpt>
   <trkpt lat="69.6493050" lon="18.5366500">
    <ele>252.4</ele>
    <time>2026-05-09T15:56:12Z</time>
   </trkpt>
   <trkpt lat="69.6493050" lon="18.5366500">
    <ele>252.4</ele>
    <time>2026-05-09T15:56:13Z</time>
   </trkpt>
   <trkpt lat="69.6493050" lon="18.5366500">
    <ele>252.4</ele>
    <time>2026-05-09T15:56:14Z</time>
   </trkpt>
   <trkpt lat="69.6492920" lon="18.5366160">
    <ele>253.2</ele>
    <time>2026-05-09T15:56:15Z</time>
   </trkpt>
   <trkpt lat="69.6492920" lon="18.5366160">
    <ele>253.2</ele>
    <time>2026-05-09T15:56:16Z</time>
   </trkpt>
   <trkpt lat="69.6492920" lon="18.5366160">
    <ele>253.2</ele>
    <time>2026-05-09T15:56:17Z</time>
   </trkpt>
   <trkpt lat="69.6492920" lon="18.5366160">
    <ele>253.2</ele>
    <time>2026-05-09T15:56:18Z</time>
   </trkpt>
   <trkpt lat="69.6492770" lon="18.5365790">
    <ele>254.0</ele>
    <time>2026-05-09T15:56:19Z</time>
   </trkpt>
   <trkpt lat="69.6492770" lon="18.5365790">
    <ele>254.0</ele>
    <time>2026-05-09T15:56:20Z</time>
   </trkpt>
   <trkpt lat="69.6492770" lon="18.5365790">
    <ele>254.0</ele>
    <time>2026-05-09T15:56:21Z</time>
   </trkpt>
   <trkpt lat="69.6492580" lon="18.5365480">
    <ele>254.8</ele>
    <time>2026-05-09T15:56:22Z</time>
   </trkpt>
   <trkpt lat="69.6492580" lon="18.5365480">
    <ele>254.8</ele>
    <time>2026-05-09T15:56:23Z</time>
   </trkpt>
   <trkpt lat="69.6492580" lon="18.5365480">
    <ele>254.8</ele>
    <time>2026-05-09T15:56:24Z</time>
   </trkpt>
   <trkpt lat="69.6492580" lon="18.5365480">
    <ele>254.8</ele>
    <time>2026-05-09T15:56:25Z</time>
   </trkpt>
   <trkpt lat="69.6492580" lon="18.5365480">
    <ele>254.8</ele>
    <time>2026-05-09T15:56:26Z</time>
   </trkpt>
   <trkpt lat="69.6492430" lon="18.5365070">
    <ele>255.6</ele>
    <time>2026-05-09T15:56:27Z</time>
   </trkpt>
   <trkpt lat="69.6492430" lon="18.5365070">
    <ele>255.6</ele>
    <time>2026-05-09T15:56:28Z</time>
   </trkpt>
   <trkpt lat="69.6492430" lon="18.5365070">
    <ele>255.6</ele>
    <time>2026-05-09T15:56:29Z</time>
   </trkpt>
   <trkpt lat="69.6492430" lon="18.5365070">
    <ele>255.6</ele>
    <time>2026-05-09T15:56:30Z</time>
   </trkpt>
   <trkpt lat="69.6492290" lon="18.5364710">
    <ele>256.4</ele>
    <time>2026-05-09T15:56:31Z</time>
   </trkpt>
   <trkpt lat="69.6492290" lon="18.5364710">
    <ele>256.4</ele>
    <time>2026-05-09T15:56:32Z</time>
   </trkpt>
   <trkpt lat="69.6492290" lon="18.5364710">
    <ele>256.4</ele>
    <time>2026-05-09T15:56:33Z</time>
   </trkpt>
   <trkpt lat="69.6492290" lon="18.5364710">
    <ele>256.4</ele>
    <time>2026-05-09T15:56:34Z</time>
   </trkpt>
   <trkpt lat="69.6492140" lon="18.5364350">
    <ele>257.2</ele>
    <time>2026-05-09T15:56:35Z</time>
   </trkpt>
   <trkpt lat="69.6492140" lon="18.5364350">
    <ele>257.2</ele>
    <time>2026-05-09T15:56:36Z</time>
   </trkpt>
   <trkpt lat="69.6492140" lon="18.5364350">
    <ele>257.2</ele>
    <time>2026-05-09T15:56:37Z</time>
   </trkpt>
   <trkpt lat="69.6492140" lon="18.5364350">
    <ele>257.2</ele>
    <time>2026-05-09T15:56:38Z</time>
   </trkpt>
   <trkpt lat="69.6492140" lon="18.5364350">
    <ele>257.2</ele>
    <time>2026-05-09T15:56:39Z</time>
   </trkpt>
   <trkpt lat="69.6492140" lon="18.5364350">
    <ele>257.2</ele>
    <time>2026-05-09T15:56:40Z</time>
   </trkpt>
   <trkpt lat="69.6492140" lon="18.5364350">
    <ele>257.2</ele>
    <time>2026-05-09T15:56:41Z</time>
   </trkpt>
   <trkpt lat="69.6492140" lon="18.5364350">
    <ele>257.2</ele>
    <time>2026-05-09T15:56:42Z</time>
   </trkpt>
   <trkpt lat="69.6492140" lon="18.5364350">
    <ele>257.2</ele>
    <time>2026-05-09T15:56:43Z</time>
   </trkpt>
   <trkpt lat="69.6492140" lon="18.5364350">
    <ele>257.2</ele>
    <time>2026-05-09T15:56:44Z</time>
   </trkpt>
   <trkpt lat="69.6491920" lon="18.5364480">
    <ele>258.7</ele>
    <time>2026-05-09T15:56:45Z</time>
   </trkpt>
   <trkpt lat="69.6491920" lon="18.5364480">
    <ele>258.7</ele>
    <time>2026-05-09T15:56:46Z</time>
   </trkpt>
   <trkpt lat="69.6491920" lon="18.5364480">
    <ele>258.7</ele>
    <time>2026-05-09T15:56:47Z</time>
   </trkpt>
   <trkpt lat="69.6491920" lon="18.5364480">
    <ele>258.7</ele>
    <time>2026-05-09T15:56:48Z</time>
   </trkpt>
   <trkpt lat="69.6491920" lon="18.5364480">
    <ele>258.7</ele>
    <time>2026-05-09T15:56:49Z</time>
   </trkpt>
   <trkpt lat="69.6491780" lon="18.5364840">
    <ele>258.7</ele>
    <time>2026-05-09T15:56:50Z</time>
   </trkpt>
   <trkpt lat="69.6491780" lon="18.5364840">
    <ele>258.7</ele>
    <time>2026-05-09T15:56:51Z</time>
   </trkpt>
   <trkpt lat="69.6491780" lon="18.5364840">
    <ele>258.7</ele>
    <time>2026-05-09T15:56:52Z</time>
   </trkpt>
   <trkpt lat="69.6491780" lon="18.5364840">
    <ele>258.7</ele>
    <time>2026-05-09T15:56:53Z</time>
   </trkpt>
   <trkpt lat="69.6491780" lon="18.5364840">
    <ele>258.7</ele>
    <time>2026-05-09T15:56:54Z</time>
   </trkpt>
   <trkpt lat="69.6491630" lon="18.5365300">
    <ele>259.4</ele>
    <time>2026-05-09T15:56:55Z</time>
   </trkpt>
   <trkpt lat="69.6491630" lon="18.5365300">
    <ele>259.4</ele>
    <time>2026-05-09T15:56:56Z</time>
   </trkpt>
   <trkpt lat="69.6491630" lon="18.5365300">
    <ele>259.4</ele>
    <time>2026-05-09T15:56:57Z</time>
   </trkpt>
   <trkpt lat="69.6491630" lon="18.5365300">
    <ele>259.4</ele>
    <time>2026-05-09T15:56:58Z</time>
   </trkpt>
   <trkpt lat="69.6491470" lon="18.5365770">
    <ele>260.9</ele>
    <time>2026-05-09T15:56:59Z</time>
   </trkpt>
   <trkpt lat="69.6491470" lon="18.5365770">
    <ele>260.9</ele>
    <time>2026-05-09T15:57:00Z</time>
   </trkpt>
   <trkpt lat="69.6491470" lon="18.5365770">
    <ele>260.9</ele>
    <time>2026-05-09T15:57:01Z</time>
   </trkpt>
   <trkpt lat="69.6491470" lon="18.5365770">
    <ele>260.9</ele>
    <time>2026-05-09T15:57:02Z</time>
   </trkpt>
   <trkpt lat="69.6491470" lon="18.5365770">
    <ele>260.9</ele>
    <time>2026-05-09T15:57:03Z</time>
   </trkpt>
   <trkpt lat="69.6491470" lon="18.5365770">
    <ele>260.9</ele>
    <time>2026-05-09T15:57:04Z</time>
   </trkpt>
   <trkpt lat="69.6491320" lon="18.5366120">
    <ele>261.6</ele>
    <time>2026-05-09T15:57:05Z</time>
   </trkpt>
   <trkpt lat="69.6491320" lon="18.5366120">
    <ele>261.6</ele>
    <time>2026-05-09T15:57:06Z</time>
   </trkpt>
   <trkpt lat="69.6491320" lon="18.5366120">
    <ele>261.6</ele>
    <time>2026-05-09T15:57:07Z</time>
   </trkpt>
   <trkpt lat="69.6491320" lon="18.5366120">
    <ele>261.6</ele>
    <time>2026-05-09T15:57:08Z</time>
   </trkpt>
   <trkpt lat="69.6491320" lon="18.5366120">
    <ele>261.6</ele>
    <time>2026-05-09T15:57:09Z</time>
   </trkpt>
   <trkpt lat="69.6491320" lon="18.5366120">
    <ele>261.6</ele>
    <time>2026-05-09T15:57:10Z</time>
   </trkpt>
   <trkpt lat="69.6491320" lon="18.5366120">
    <ele>261.6</ele>
    <time>2026-05-09T15:57:11Z</time>
   </trkpt>
   <trkpt lat="69.6491140" lon="18.5366280">
    <ele>262.5</ele>
    <time>2026-05-09T15:57:12Z</time>
   </trkpt>
   <trkpt lat="69.6491140" lon="18.5366280">
    <ele>262.5</ele>
    <time>2026-05-09T15:57:13Z</time>
   </trkpt>
   <trkpt lat="69.6491140" lon="18.5366280">
    <ele>262.5</ele>
    <time>2026-05-09T15:57:14Z</time>
   </trkpt>
   <trkpt lat="69.6491140" lon="18.5366280">
    <ele>262.5</ele>
    <time>2026-05-09T15:57:15Z</time>
   </trkpt>
   <trkpt lat="69.6491140" lon="18.5366280">
    <ele>262.5</ele>
    <time>2026-05-09T15:57:16Z</time>
   </trkpt>
   <trkpt lat="69.6490980" lon="18.5365930">
    <ele>263.5</ele>
    <time>2026-05-09T15:57:17Z</time>
   </trkpt>
   <trkpt lat="69.6490980" lon="18.5365930">
    <ele>263.5</ele>
    <time>2026-05-09T15:57:18Z</time>
   </trkpt>
   <trkpt lat="69.6490980" lon="18.5365930">
    <ele>263.5</ele>
    <time>2026-05-09T15:57:19Z</time>
   </trkpt>
   <trkpt lat="69.6490820" lon="18.5365630">
    <ele>264.3</ele>
    <time>2026-05-09T15:57:20Z</time>
   </trkpt>
   <trkpt lat="69.6490820" lon="18.5365630">
    <ele>264.3</ele>
    <time>2026-05-09T15:57:21Z</time>
   </trkpt>
   <trkpt lat="69.6490820" lon="18.5365630">
    <ele>264.3</ele>
    <time>2026-05-09T15:57:22Z</time>
   </trkpt>
   <trkpt lat="69.6490820" lon="18.5365630">
    <ele>264.3</ele>
    <time>2026-05-09T15:57:23Z</time>
   </trkpt>
   <trkpt lat="69.6490660" lon="18.5365250">
    <ele>265.3</ele>
    <time>2026-05-09T15:57:24Z</time>
   </trkpt>
   <trkpt lat="69.6490660" lon="18.5365250">
    <ele>265.3</ele>
    <time>2026-05-09T15:57:25Z</time>
   </trkpt>
   <trkpt lat="69.6490660" lon="18.5365250">
    <ele>265.3</ele>
    <time>2026-05-09T15:57:26Z</time>
   </trkpt>
   <trkpt lat="69.6490660" lon="18.5365250">
    <ele>265.3</ele>
    <time>2026-05-09T15:57:27Z</time>
   </trkpt>
   <trkpt lat="69.6490500" lon="18.5364930">
    <ele>266.3</ele>
    <time>2026-05-09T15:57:28Z</time>
   </trkpt>
   <trkpt lat="69.6490500" lon="18.5364930">
    <ele>266.3</ele>
    <time>2026-05-09T15:57:29Z</time>
   </trkpt>
   <trkpt lat="69.6490500" lon="18.5364930">
    <ele>266.3</ele>
    <time>2026-05-09T15:57:30Z</time>
   </trkpt>
   <trkpt lat="69.6490500" lon="18.5364930">
    <ele>266.3</ele>
    <time>2026-05-09T15:57:31Z</time>
   </trkpt>
   <trkpt lat="69.6490340" lon="18.5364610">
    <ele>267.3</ele>
    <time>2026-05-09T15:57:32Z</time>
   </trkpt>
   <trkpt lat="69.6490340" lon="18.5364610">
    <ele>267.3</ele>
    <time>2026-05-09T15:57:33Z</time>
   </trkpt>
   <trkpt lat="69.6490340" lon="18.5364610">
    <ele>267.3</ele>
    <time>2026-05-09T15:57:34Z</time>
   </trkpt>
   <trkpt lat="69.6490340" lon="18.5364610">
    <ele>267.3</ele>
    <time>2026-05-09T15:57:35Z</time>
   </trkpt>
   <trkpt lat="69.6490160" lon="18.5364230">
    <ele>268.3</ele>
    <time>2026-05-09T15:57:36Z</time>
   </trkpt>
   <trkpt lat="69.6490160" lon="18.5364230">
    <ele>268.3</ele>
    <time>2026-05-09T15:57:37Z</time>
   </trkpt>
   <trkpt lat="69.6490160" lon="18.5364230">
    <ele>268.3</ele>
    <time>2026-05-09T15:57:38Z</time>
   </trkpt>
   <trkpt lat="69.6490160" lon="18.5364230">
    <ele>268.3</ele>
    <time>2026-05-09T15:57:39Z</time>
   </trkpt>
   <trkpt lat="69.6490160" lon="18.5364230">
    <ele>268.3</ele>
    <time>2026-05-09T15:57:40Z</time>
   </trkpt>
   <trkpt lat="69.6490160" lon="18.5364230">
    <ele>268.3</ele>
    <time>2026-05-09T15:57:41Z</time>
   </trkpt>
   <trkpt lat="69.6490160" lon="18.5364230">
    <ele>268.3</ele>
    <time>2026-05-09T15:57:42Z</time>
   </trkpt>
   <trkpt lat="69.6490160" lon="18.5364230">
    <ele>268.3</ele>
    <time>2026-05-09T15:57:43Z</time>
   </trkpt>
   <trkpt lat="69.6490160" lon="18.5364230">
    <ele>268.3</ele>
    <time>2026-05-09T15:57:44Z</time>
   </trkpt>
   <trkpt lat="69.6490160" lon="18.5364230">
    <ele>268.3</ele>
    <time>2026-05-09T15:57:45Z</time>
   </trkpt>
   <trkpt lat="69.6490160" lon="18.5364230">
    <ele>268.3</ele>
    <time>2026-05-09T15:57:46Z</time>
   </trkpt>
   <trkpt lat="69.6490160" lon="18.5364230">
    <ele>268.3</ele>
    <time>2026-05-09T15:57:47Z</time>
   </trkpt>
   <trkpt lat="69.6490160" lon="18.5364230">
    <ele>268.3</ele>
    <time>2026-05-09T15:57:48Z</time>
   </trkpt>
   <trkpt lat="69.6490160" lon="18.5364230">
    <ele>268.3</ele>
    <time>2026-05-09T15:57:49Z</time>
   </trkpt>
   <trkpt lat="69.6490010" lon="18.5364690">
    <ele>269.2</ele>
    <time>2026-05-09T15:57:50Z</time>
   </trkpt>
   <trkpt lat="69.6490010" lon="18.5364690">
    <ele>269.2</ele>
    <time>2026-05-09T15:57:51Z</time>
   </trkpt>
   <trkpt lat="69.6490010" lon="18.5364690">
    <ele>269.2</ele>
    <time>2026-05-09T15:57:52Z</time>
   </trkpt>
   <trkpt lat="69.6490010" lon="18.5364690">
    <ele>269.2</ele>
    <time>2026-05-09T15:57:53Z</time>
   </trkpt>
   <trkpt lat="69.6490010" lon="18.5364690">
    <ele>269.2</ele>
    <time>2026-05-09T15:57:54Z</time>
   </trkpt>
   <trkpt lat="69.6489930" lon="18.5365240">
    <ele>270.1</ele>
    <time>2026-05-09T15:57:55Z</time>
   </trkpt>
   <trkpt lat="69.6489930" lon="18.5365240">
    <ele>270.1</ele>
    <time>2026-05-09T15:57:56Z</time>
   </trkpt>
   <trkpt lat="69.6489930" lon="18.5365240">
    <ele>270.1</ele>
    <time>2026-05-09T15:57:57Z</time>
   </trkpt>
   <trkpt lat="69.6489810" lon="18.5365710">
    <ele>271.1</ele>
    <time>2026-05-09T15:57:58Z</time>
   </trkpt>
   <trkpt lat="69.6489810" lon="18.5365710">
    <ele>271.1</ele>
    <time>2026-05-09T15:57:59Z</time>
   </trkpt>
   <trkpt lat="69.6489810" lon="18.5365710">
    <ele>271.1</ele>
    <time>2026-05-09T15:58:00Z</time>
   </trkpt>
   <trkpt lat="69.6489810" lon="18.5365710">
    <ele>271.1</ele>
    <time>2026-05-09T15:58:01Z</time>
   </trkpt>
   <trkpt lat="69.6489810" lon="18.5365710">
    <ele>271.1</ele>
    <time>2026-05-09T15:58:02Z</time>
   </trkpt>
   <trkpt lat="69.6489810" lon="18.5365710">
    <ele>271.1</ele>
    <time>2026-05-09T15:58:03Z</time>
   </trkpt>
   <trkpt lat="69.6489810" lon="18.5365710">
    <ele>271.1</ele>
    <time>2026-05-09T15:58:04Z</time>
   </trkpt>
   <trkpt lat="69.6489810" lon="18.5365710">
    <ele>271.1</ele>
    <time>2026-05-09T15:58:05Z</time>
   </trkpt>
   <trkpt lat="69.6489590" lon="18.5365560">
    <ele>272.1</ele>
    <time>2026-05-09T15:58:06Z</time>
   </trkpt>
   <trkpt lat="69.6489590" lon="18.5365560">
    <ele>272.1</ele>
    <time>2026-05-09T15:58:07Z</time>
   </trkpt>
   <trkpt lat="69.6489590" lon="18.5365560">
    <ele>272.1</ele>
    <time>2026-05-09T15:58:08Z</time>
   </trkpt>
   <trkpt lat="69.6489590" lon="18.5365560">
    <ele>272.1</ele>
    <time>2026-05-09T15:58:09Z</time>
   </trkpt>
   <trkpt lat="69.6489590" lon="18.5365560">
    <ele>272.1</ele>
    <time>2026-05-09T15:58:10Z</time>
   </trkpt>
   <trkpt lat="69.6489450" lon="18.5365100">
    <ele>273.3</ele>
    <time>2026-05-09T15:58:11Z</time>
   </trkpt>
   <trkpt lat="69.6489450" lon="18.5365100">
    <ele>273.3</ele>
    <time>2026-05-09T15:58:12Z</time>
   </trkpt>
   <trkpt lat="69.6489450" lon="18.5365100">
    <ele>273.3</ele>
    <time>2026-05-09T15:58:13Z</time>
   </trkpt>
   <trkpt lat="69.6489450" lon="18.5365100">
    <ele>273.3</ele>
    <time>2026-05-09T15:58:14Z</time>
   </trkpt>
   <trkpt lat="69.6489280" lon="18.5364800">
    <ele>274.4</ele>
    <time>2026-05-09T15:58:15Z</time>
   </trkpt>
   <trkpt lat="69.6489280" lon="18.5364800">
    <ele>274.4</ele>
    <time>2026-05-09T15:58:16Z</time>
   </trkpt>
   <trkpt lat="69.6489280" lon="18.5364800">
    <ele>274.4</ele>
    <time>2026-05-09T15:58:17Z</time>
   </trkpt>
   <trkpt lat="69.6489280" lon="18.5364800">
    <ele>274.4</ele>
    <time>2026-05-09T15:58:18Z</time>
   </trkpt>
   <trkpt lat="69.6489280" lon="18.5364800">
    <ele>274.4</ele>
    <time>2026-05-09T15:58:19Z</time>
   </trkpt>
   <trkpt lat="69.6489110" lon="18.5364570">
    <ele>275.6</ele>
    <time>2026-05-09T15:58:20Z</time>
   </trkpt>
   <trkpt lat="69.6489110" lon="18.5364570">
    <ele>275.6</ele>
    <time>2026-05-09T15:58:21Z</time>
   </trkpt>
   <trkpt lat="69.6489110" lon="18.5364570">
    <ele>275.6</ele>
    <time>2026-05-09T15:58:22Z</time>
   </trkpt>
   <trkpt lat="69.6489110" lon="18.5364570">
    <ele>275.6</ele>
    <time>2026-05-09T15:58:23Z</time>
   </trkpt>
   <trkpt lat="69.6489110" lon="18.5364570">
    <ele>275.6</ele>
    <time>2026-05-09T15:58:24Z</time>
   </trkpt>
   <trkpt lat="69.6488970" lon="18.5364160">
    <ele>276.8</ele>
    <time>2026-05-09T15:58:25Z</time>
   </trkpt>
   <trkpt lat="69.6488970" lon="18.5364160">
    <ele>276.8</ele>
    <time>2026-05-09T15:58:26Z</time>
   </trkpt>
   <trkpt lat="69.6488970" lon="18.5364160">
    <ele>276.8</ele>
    <time>2026-05-09T15:58:27Z</time>
   </trkpt>
   <trkpt lat="69.6488970" lon="18.5364160">
    <ele>276.8</ele>
    <time>2026-05-09T15:58:28Z</time>
   </trkpt>
   <trkpt lat="69.6488970" lon="18.5364160">
    <ele>276.8</ele>
    <time>2026-05-09T15:58:29Z</time>
   </trkpt>
   <trkpt lat="69.6488880" lon="18.5363670">
    <ele>277.9</ele>
    <time>2026-05-09T15:58:30Z</time>
   </trkpt>
   <trkpt lat="69.6488880" lon="18.5363670">
    <ele>277.9</ele>
    <time>2026-05-09T15:58:31Z</time>
   </trkpt>
   <trkpt lat="69.6488880" lon="18.5363670">
    <ele>277.9</ele>
    <time>2026-05-09T15:58:32Z</time>
   </trkpt>
   <trkpt lat="69.6488710" lon="18.5363460">
    <ele>279.1</ele>
    <time>2026-05-09T15:58:33Z</time>
   </trkpt>
   <trkpt lat="69.6488710" lon="18.5363460">
    <ele>279.1</ele>
    <time>2026-05-09T15:58:34Z</time>
   </trkpt>
   <trkpt lat="69.6488710" lon="18.5363460">
    <ele>279.1</ele>
    <time>2026-05-09T15:58:35Z</time>
   </trkpt>
   <trkpt lat="69.6488710" lon="18.5363460">
    <ele>279.1</ele>
    <time>2026-05-09T15:58:36Z</time>
   </trkpt>
   <trkpt lat="69.6488710" lon="18.5363460">
    <ele>279.1</ele>
    <time>2026-05-09T15:58:37Z</time>
   </trkpt>
   <trkpt lat="69.6488710" lon="18.5363460">
    <ele>279.1</ele>
    <time>2026-05-09T15:58:38Z</time>
   </trkpt>
   <trkpt lat="69.6488710" lon="18.5363460">
    <ele>279.1</ele>
    <time>2026-05-09T15:58:39Z</time>
   </trkpt>
   <trkpt lat="69.6488710" lon="18.5363460">
    <ele>279.1</ele>
    <time>2026-05-09T15:58:40Z</time>
   </trkpt>
   <trkpt lat="69.6488710" lon="18.5363460">
    <ele>279.1</ele>
    <time>2026-05-09T15:58:41Z</time>
   </trkpt>
   <trkpt lat="69.6488570" lon="18.5363780">
    <ele>280.2</ele>
    <time>2026-05-09T15:58:42Z</time>
   </trkpt>
   <trkpt lat="69.6488570" lon="18.5363780">
    <ele>280.2</ele>
    <time>2026-05-09T15:58:43Z</time>
   </trkpt>
   <trkpt lat="69.6488570" lon="18.5363780">
    <ele>280.2</ele>
    <time>2026-05-09T15:58:44Z</time>
   </trkpt>
   <trkpt lat="69.6488570" lon="18.5363780">
    <ele>280.2</ele>
    <time>2026-05-09T15:58:45Z</time>
   </trkpt>
   <trkpt lat="69.6488570" lon="18.5363780">
    <ele>280.2</ele>
    <time>2026-05-09T15:58:46Z</time>
   </trkpt>
   <trkpt lat="69.6488570" lon="18.5363780">
    <ele>280.2</ele>
    <time>2026-05-09T15:58:47Z</time>
   </trkpt>
   <trkpt lat="69.6488570" lon="18.5364420">
    <ele>280.2</ele>
    <time>2026-05-09T15:58:48Z</time>
   </trkpt>
   <trkpt lat="69.6488570" lon="18.5364420">
    <ele>280.2</ele>
    <time>2026-05-09T15:58:49Z</time>
   </trkpt>
   <trkpt lat="69.6488570" lon="18.5364420">
    <ele>280.2</ele>
    <time>2026-05-09T15:58:50Z</time>
   </trkpt>
   <trkpt lat="69.6488570" lon="18.5364420">
    <ele>280.2</ele>
    <time>2026-05-09T15:58:51Z</time>
   </trkpt>
   <trkpt lat="69.6488470" lon="18.5365050">
    <ele>281.4</ele>
    <time>2026-05-09T15:58:52Z</time>
   </trkpt>
   <trkpt lat="69.6488470" lon="18.5365050">
    <ele>281.4</ele>
    <time>2026-05-09T15:58:53Z</time>
   </trkpt>
   <trkpt lat="69.6488470" lon="18.5365050">
    <ele>281.4</ele>
    <time>2026-05-09T15:58:54Z</time>
   </trkpt>
   <trkpt lat="69.6488360" lon="18.5365590">
    <ele>281.2</ele>
    <time>2026-05-09T15:58:55Z</time>
   </trkpt>
   <trkpt lat="69.6488360" lon="18.5365590">
    <ele>281.2</ele>
    <time>2026-05-09T15:58:56Z</time>
   </trkpt>
   <trkpt lat="69.6488360" lon="18.5365590">
    <ele>281.2</ele>
    <time>2026-05-09T15:58:57Z</time>
   </trkpt>
   <trkpt lat="69.6488360" lon="18.5365590">
    <ele>281.2</ele>
    <time>2026-05-09T15:58:58Z</time>
   </trkpt>
   <trkpt lat="69.6488360" lon="18.5365590">
    <ele>281.2</ele>
    <time>2026-05-09T15:58:59Z</time>
   </trkpt>
   <trkpt lat="69.6488360" lon="18.5365590">
    <ele>281.2</ele>
    <time>2026-05-09T15:59:00Z</time>
   </trkpt>
   <trkpt lat="69.6488270" lon="18.5366120">
    <ele>282.3</ele>
    <time>2026-05-09T15:59:01Z</time>
   </trkpt>
   <trkpt lat="69.6488270" lon="18.5366120">
    <ele>282.3</ele>
    <time>2026-05-09T15:59:02Z</time>
   </trkpt>
   <trkpt lat="69.6488270" lon="18.5366120">
    <ele>282.3</ele>
    <time>2026-05-09T15:59:03Z</time>
   </trkpt>
   <trkpt lat="69.6488270" lon="18.5366120">
    <ele>282.3</ele>
    <time>2026-05-09T15:59:04Z</time>
   </trkpt>
   <trkpt lat="69.6488270" lon="18.5366120">
    <ele>282.3</ele>
    <time>2026-05-09T15:59:05Z</time>
   </trkpt>
   <trkpt lat="69.6488270" lon="18.5366120">
    <ele>282.3</ele>
    <time>2026-05-09T15:59:06Z</time>
   </trkpt>
   <trkpt lat="69.6488270" lon="18.5366120">
    <ele>282.3</ele>
    <time>2026-05-09T15:59:07Z</time>
   </trkpt>
   <trkpt lat="69.6488270" lon="18.5366120">
    <ele>282.3</ele>
    <time>2026-05-09T15:59:08Z</time>
   </trkpt>
   <trkpt lat="69.6488270" lon="18.5366120">
    <ele>282.3</ele>
    <time>2026-05-09T15:59:09Z</time>
   </trkpt>
   <trkpt lat="69.6488270" lon="18.5366120">
    <ele>282.3</ele>
    <time>2026-05-09T15:59:10Z</time>
   </trkpt>
   <trkpt lat="69.6488090" lon="18.5365890">
    <ele>283.6</ele>
    <time>2026-05-09T15:59:11Z</time>
   </trkpt>
   <trkpt lat="69.6488090" lon="18.5365890">
    <ele>283.6</ele>
    <time>2026-05-09T15:59:12Z</time>
   </trkpt>
   <trkpt lat="69.6488090" lon="18.5365890">
    <ele>283.6</ele>
    <time>2026-05-09T15:59:13Z</time>
   </trkpt>
   <trkpt lat="69.6487970" lon="18.5365430">
    <ele>284.8</ele>
    <time>2026-05-09T15:59:14Z</time>
   </trkpt>
   <trkpt lat="69.6487970" lon="18.5365430">
    <ele>284.8</ele>
    <time>2026-05-09T15:59:15Z</time>
   </trkpt>
   <trkpt lat="69.6487970" lon="18.5365430">
    <ele>284.8</ele>
    <time>2026-05-09T15:59:16Z</time>
   </trkpt>
   <trkpt lat="69.6487970" lon="18.5365430">
    <ele>284.8</ele>
    <time>2026-05-09T15:59:17Z</time>
   </trkpt>
   <trkpt lat="69.6487970" lon="18.5365430">
    <ele>284.8</ele>
    <time>2026-05-09T15:59:18Z</time>
   </trkpt>
   <trkpt lat="69.6487830" lon="18.5365010">
    <ele>286.0</ele>
    <time>2026-05-09T15:59:19Z</time>
   </trkpt>
   <trkpt lat="69.6487830" lon="18.5365010">
    <ele>286.0</ele>
    <time>2026-05-09T15:59:20Z</time>
   </trkpt>
   <trkpt lat="69.6487830" lon="18.5365010">
    <ele>286.0</ele>
    <time>2026-05-09T15:59:21Z</time>
   </trkpt>
   <trkpt lat="69.6487830" lon="18.5365010">
    <ele>286.0</ele>
    <time>2026-05-09T15:59:22Z</time>
   </trkpt>
   <trkpt lat="69.6487830" lon="18.5365010">
    <ele>286.0</ele>
    <time>2026-05-09T15:59:23Z</time>
   </trkpt>
   <trkpt lat="69.6487660" lon="18.5364630">
    <ele>287.0</ele>
    <time>2026-05-09T15:59:24Z</time>
   </trkpt>
   <trkpt lat="69.6487660" lon="18.5364630">
    <ele>287.0</ele>
    <time>2026-05-09T15:59:25Z</time>
   </trkpt>
   <trkpt lat="69.6487510" lon="18.5364310">
    <ele>288.1</ele>
    <time>2026-05-09T15:59:26Z</time>
   </trkpt>
   <trkpt lat="69.6487510" lon="18.5364310">
    <ele>288.1</ele>
    <time>2026-05-09T15:59:27Z</time>
   </trkpt>
   <trkpt lat="69.6487510" lon="18.5364310">
    <ele>288.1</ele>
    <time>2026-05-09T15:59:28Z</time>
   </trkpt>
   <trkpt lat="69.6487510" lon="18.5364310">
    <ele>288.1</ele>
    <time>2026-05-09T15:59:29Z</time>
   </trkpt>
   <trkpt lat="69.6487510" lon="18.5364310">
    <ele>288.1</ele>
    <time>2026-05-09T15:59:30Z</time>
   </trkpt>
   <trkpt lat="69.6487510" lon="18.5364310">
    <ele>288.1</ele>
    <time>2026-05-09T15:59:31Z</time>
   </trkpt>
   <trkpt lat="69.6487510" lon="18.5364310">
    <ele>288.1</ele>
    <time>2026-05-09T15:59:32Z</time>
   </trkpt>
   <trkpt lat="69.6487510" lon="18.5364310">
    <ele>288.1</ele>
    <time>2026-05-09T15:59:33Z</time>
   </trkpt>
   <trkpt lat="69.6487510" lon="18.5364310">
    <ele>288.1</ele>
    <time>2026-05-09T15:59:34Z</time>
   </trkpt>
   <trkpt lat="69.6487510" lon="18.5364310">
    <ele>288.1</ele>
    <time>2026-05-09T15:59:35Z</time>
   </trkpt>
   <trkpt lat="69.6487510" lon="18.5364310">
    <ele>288.1</ele>
    <time>2026-05-09T15:59:36Z</time>
   </trkpt>
   <trkpt lat="69.6487340" lon="18.5364500">
    <ele>289.1</ele>
    <time>2026-05-09T15:59:37Z</time>
   </trkpt>
   <trkpt lat="69.6487340" lon="18.5364500">
    <ele>289.1</ele>
    <time>2026-05-09T15:59:38Z</time>
   </trkpt>
   <trkpt lat="69.6487340" lon="18.5364500">
    <ele>289.1</ele>
    <time>2026-05-09T15:59:39Z</time>
   </trkpt>
   <trkpt lat="69.6487250" lon="18.5365080">
    <ele>290.2</ele>
    <time>2026-05-09T15:59:40Z</time>
   </trkpt>
   <trkpt lat="69.6487250" lon="18.5365080">
    <ele>290.2</ele>
    <time>2026-05-09T15:59:41Z</time>
   </trkpt>
   <trkpt lat="69.6487250" lon="18.5365080">
    <ele>290.2</ele>
    <time>2026-05-09T15:59:42Z</time>
   </trkpt>
   <trkpt lat="69.6487250" lon="18.5365080">
    <ele>290.2</ele>
    <time>2026-05-09T15:59:43Z</time>
   </trkpt>
   <trkpt lat="69.6487250" lon="18.5365080">
    <ele>290.2</ele>
    <time>2026-05-09T15:59:44Z</time>
   </trkpt>
   <trkpt lat="69.6487160" lon="18.5365580">
    <ele>290.3</ele>
    <time>2026-05-09T15:59:45Z</time>
   </trkpt>
   <trkpt lat="69.6487160" lon="18.5365580">
    <ele>290.3</ele>
    <time>2026-05-09T15:59:46Z</time>
   </trkpt>
   <trkpt lat="69.6487160" lon="18.5365580">
    <ele>290.3</ele>
    <time>2026-05-09T15:59:47Z</time>
   </trkpt>
   <trkpt lat="69.6487160" lon="18.5365580">
    <ele>290.3</ele>
    <time>2026-05-09T15:59:48Z</time>
   </trkpt>
   <trkpt lat="69.6487160" lon="18.5365580">
    <ele>290.3</ele>
    <time>2026-05-09T15:59:49Z</time>
   </trkpt>
   <trkpt lat="69.6487160" lon="18.5365580">
    <ele>290.3</ele>
    <time>2026-05-09T15:59:50Z</time>
   </trkpt>
   <trkpt lat="69.6487070" lon="18.5366030">
    <ele>291.5</ele>
    <time>2026-05-09T15:59:51Z</time>
   </trkpt>
   <trkpt lat="69.6487070" lon="18.5366030">
    <ele>291.5</ele>
    <time>2026-05-09T15:59:52Z</time>
   </trkpt>
   <trkpt lat="69.6487070" lon="18.5366030">
    <ele>291.5</ele>
    <time>2026-05-09T15:59:53Z</time>
   </trkpt>
   <trkpt lat="69.6487070" lon="18.5366030">
    <ele>291.5</ele>
    <time>2026-05-09T15:59:54Z</time>
   </trkpt>
   <trkpt lat="69.6486970" lon="18.5366530">
    <ele>292.8</ele>
    <time>2026-05-09T15:59:55Z</time>
   </trkpt>
   <trkpt lat="69.6486970" lon="18.5366530">
    <ele>292.8</ele>
    <time>2026-05-09T15:59:56Z</time>
   </trkpt>
   <trkpt lat="69.6486970" lon="18.5366530">
    <ele>292.8</ele>
    <time>2026-05-09T15:59:57Z</time>
   </trkpt>
   <trkpt lat="69.6486970" lon="18.5366530">
    <ele>292.8</ele>
    <time>2026-05-09T15:59:58Z</time>
   </trkpt>
   <trkpt lat="69.6486970" lon="18.5366530">
    <ele>292.8</ele>
    <time>2026-05-09T15:59:59Z</time>
   </trkpt>
   <trkpt lat="69.6486850" lon="18.5367030">
    <ele>294.1</ele>
    <time>2026-05-09T16:00:00Z</time>
   </trkpt>
   <trkpt lat="69.6486850" lon="18.5367030">
    <ele>294.1</ele>
    <time>2026-05-09T16:00:01Z</time>
   </trkpt>
   <trkpt lat="69.6486850" lon="18.5367030">
    <ele>294.1</ele>
    <time>2026-05-09T16:00:02Z</time>
   </trkpt>
   <trkpt lat="69.6486850" lon="18.5367030">
    <ele>294.1</ele>
    <time>2026-05-09T16:00:03Z</time>
   </trkpt>
   <trkpt lat="69.6486850" lon="18.5367030">
    <ele>294.1</ele>
    <time>2026-05-09T16:00:04Z</time>
   </trkpt>
   <trkpt lat="69.6486760" lon="18.5367480">
    <ele>294.3</ele>
    <time>2026-05-09T16:00:05Z</time>
   </trkpt>
   <trkpt lat="69.6486760" lon="18.5367480">
    <ele>294.3</ele>
    <time>2026-05-09T16:00:06Z</time>
   </trkpt>
   <trkpt lat="69.6486760" lon="18.5367480">
    <ele>294.3</ele>
    <time>2026-05-09T16:00:07Z</time>
   </trkpt>
   <trkpt lat="69.6486760" lon="18.5367480">
    <ele>294.3</ele>
    <time>2026-05-09T16:00:08Z</time>
   </trkpt>
   <trkpt lat="69.6486650" lon="18.5367920">
    <ele>295.7</ele>
    <time>2026-05-09T16:00:09Z</time>
   </trkpt>
   <trkpt lat="69.6486650" lon="18.5367920">
    <ele>295.7</ele>
    <time>2026-05-09T16:00:10Z</time>
   </trkpt>
   <trkpt lat="69.6486650" lon="18.5367920">
    <ele>295.7</ele>
    <time>2026-05-09T16:00:11Z</time>
   </trkpt>
   <trkpt lat="69.6486650" lon="18.5367920">
    <ele>295.7</ele>
    <time>2026-05-09T16:00:12Z</time>
   </trkpt>
   <trkpt lat="69.6486590" lon="18.5368440">
    <ele>295.9</ele>
    <time>2026-05-09T16:00:13Z</time>
   </trkpt>
   <trkpt lat="69.6486590" lon="18.5368440">
    <ele>295.9</ele>
    <time>2026-05-09T16:00:14Z</time>
   </trkpt>
   <trkpt lat="69.6486590" lon="18.5368440">
    <ele>295.9</ele>
    <time>2026-05-09T16:00:15Z</time>
   </trkpt>
   <trkpt lat="69.6486590" lon="18.5368440">
    <ele>295.9</ele>
    <time>2026-05-09T16:00:16Z</time>
   </trkpt>
   <trkpt lat="69.6486590" lon="18.5368440">
    <ele>295.9</ele>
    <time>2026-05-09T16:00:17Z</time>
   </trkpt>
   <trkpt lat="69.6486500" lon="18.5368950">
    <ele>297.4</ele>
    <time>2026-05-09T16:00:18Z</time>
   </trkpt>
   <trkpt lat="69.6486500" lon="18.5368950">
    <ele>297.4</ele>
    <time>2026-05-09T16:00:19Z</time>
   </trkpt>
   <trkpt lat="69.6486500" lon="18.5368950">
    <ele>297.4</ele>
    <time>2026-05-09T16:00:20Z</time>
   </trkpt>
   <trkpt lat="69.6486500" lon="18.5368950">
    <ele>297.4</ele>
    <time>2026-05-09T16:00:21Z</time>
   </trkpt>
   <trkpt lat="69.6486420" lon="18.5369510">
    <ele>297.8</ele>
    <time>2026-05-09T16:00:22Z</time>
   </trkpt>
   <trkpt lat="69.6486420" lon="18.5369510">
    <ele>297.8</ele>
    <time>2026-05-09T16:00:23Z</time>
   </trkpt>
   <trkpt lat="69.6486420" lon="18.5369510">
    <ele>297.8</ele>
    <time>2026-05-09T16:00:24Z</time>
   </trkpt>
   <trkpt lat="69.6486420" lon="18.5369510">
    <ele>297.8</ele>
    <time>2026-05-09T16:00:25Z</time>
   </trkpt>
   <trkpt lat="69.6486290" lon="18.5369950">
    <ele>299.3</ele>
    <time>2026-05-09T16:00:26Z</time>
   </trkpt>
   <trkpt lat="69.6486290" lon="18.5369950">
    <ele>299.3</ele>
    <time>2026-05-09T16:00:27Z</time>
   </trkpt>
   <trkpt lat="69.6486290" lon="18.5369950">
    <ele>299.3</ele>
    <time>2026-05-09T16:00:28Z</time>
   </trkpt>
   <trkpt lat="69.6486290" lon="18.5369950">
    <ele>299.3</ele>
    <time>2026-05-09T16:00:29Z</time>
   </trkpt>
   <trkpt lat="69.6486290" lon="18.5369950">
    <ele>299.3</ele>
    <time>2026-05-09T16:00:30Z</time>
   </trkpt>
   <trkpt lat="69.6486290" lon="18.5369950">
    <ele>299.3</ele>
    <time>2026-05-09T16:00:31Z</time>
   </trkpt>
   <trkpt lat="69.6486290" lon="18.5369950">
    <ele>299.3</ele>
    <time>2026-05-09T16:00:32Z</time>
   </trkpt>
   <trkpt lat="69.6486160" lon="18.5370380">
    <ele>300.8</ele>
    <time>2026-05-09T16:00:33Z</time>
   </trkpt>
   <trkpt lat="69.6486160" lon="18.5370380">
    <ele>300.8</ele>
    <time>2026-05-09T16:00:34Z</time>
   </trkpt>
   <trkpt lat="69.6486160" lon="18.5370380">
    <ele>300.8</ele>
    <time>2026-05-09T16:00:35Z</time>
   </trkpt>
   <trkpt lat="69.6486160" lon="18.5370380">
    <ele>300.8</ele>
    <time>2026-05-09T16:00:36Z</time>
   </trkpt>
   <trkpt lat="69.6486160" lon="18.5370380">
    <ele>300.8</ele>
    <time>2026-05-09T16:00:37Z</time>
   </trkpt>
   <trkpt lat="69.6486160" lon="18.5370380">
    <ele>300.8</ele>
    <time>2026-05-09T16:00:38Z</time>
   </trkpt>
   <trkpt lat="69.6486030" lon="18.5370910">
    <ele>302.1</ele>
    <time>2026-05-09T16:00:39Z</time>
   </trkpt>
   <trkpt lat="69.6486030" lon="18.5370910">
    <ele>302.1</ele>
    <time>2026-05-09T16:00:40Z</time>
   </trkpt>
   <trkpt lat="69.6486030" lon="18.5370910">
    <ele>302.1</ele>
    <time>2026-05-09T16:00:41Z</time>
   </trkpt>
   <trkpt lat="69.6486030" lon="18.5370910">
    <ele>302.1</ele>
    <time>2026-05-09T16:00:42Z</time>
   </trkpt>
   <trkpt lat="69.6486030" lon="18.5370910">
    <ele>302.1</ele>
    <time>2026-05-09T16:00:43Z</time>
   </trkpt>
   <trkpt lat="69.6485920" lon="18.5371380">
    <ele>303.4</ele>
    <time>2026-05-09T16:00:44Z</time>
   </trkpt>
   <trkpt lat="69.6485920" lon="18.5371380">
    <ele>303.4</ele>
    <time>2026-05-09T16:00:45Z</time>
   </trkpt>
   <trkpt lat="69.6485920" lon="18.5371380">
    <ele>303.4</ele>
    <time>2026-05-09T16:00:46Z</time>
   </trkpt>
   <trkpt lat="69.6485920" lon="18.5371380">
    <ele>303.4</ele>
    <time>2026-05-09T16:00:47Z</time>
   </trkpt>
   <trkpt lat="69.6485810" lon="18.5371990">
    <ele>303.4</ele>
    <time>2026-05-09T16:00:48Z</time>
   </trkpt>
   <trkpt lat="69.6485810" lon="18.5371990">
    <ele>303.4</ele>
    <time>2026-05-09T16:00:49Z</time>
   </trkpt>
   <trkpt lat="69.6485720" lon="18.5372470">
    <ele>304.5</ele>
    <time>2026-05-09T16:00:50Z</time>
   </trkpt>
   <trkpt lat="69.6485720" lon="18.5372470">
    <ele>304.5</ele>
    <time>2026-05-09T16:00:51Z</time>
   </trkpt>
   <trkpt lat="69.6485720" lon="18.5372470">
    <ele>304.5</ele>
    <time>2026-05-09T16:00:52Z</time>
   </trkpt>
   <trkpt lat="69.6485620" lon="18.5372890">
    <ele>305.5</ele>
    <time>2026-05-09T16:00:53Z</time>
   </trkpt>
   <trkpt lat="69.6485620" lon="18.5372890">
    <ele>305.5</ele>
    <time>2026-05-09T16:00:54Z</time>
   </trkpt>
   <trkpt lat="69.6485620" lon="18.5372890">
    <ele>305.5</ele>
    <time>2026-05-09T16:00:55Z</time>
   </trkpt>
   <trkpt lat="69.6485530" lon="18.5373350">
    <ele>305.6</ele>
    <time>2026-05-09T16:00:56Z</time>
   </trkpt>
   <trkpt lat="69.6485530" lon="18.5373350">
    <ele>305.6</ele>
    <time>2026-05-09T16:00:57Z</time>
   </trkpt>
   <trkpt lat="69.6485530" lon="18.5373350">
    <ele>305.6</ele>
    <time>2026-05-09T16:00:58Z</time>
   </trkpt>
   <trkpt lat="69.6485530" lon="18.5373350">
    <ele>305.6</ele>
    <time>2026-05-09T16:00:59Z</time>
   </trkpt>
   <trkpt lat="69.6485530" lon="18.5373350">
    <ele>305.6</ele>
    <time>2026-05-09T16:01:00Z</time>
   </trkpt>
   <trkpt lat="69.6485530" lon="18.5373350">
    <ele>305.6</ele>
    <time>2026-05-09T16:01:01Z</time>
   </trkpt>
   <trkpt lat="69.6485530" lon="18.5373350">
    <ele>305.6</ele>
    <time>2026-05-09T16:01:02Z</time>
   </trkpt>
   <trkpt lat="69.6485490" lon="18.5373890">
    <ele>306.7</ele>
    <time>2026-05-09T16:01:03Z</time>
   </trkpt>
   <trkpt lat="69.6485490" lon="18.5373890">
    <ele>306.7</ele>
    <time>2026-05-09T16:01:04Z</time>
   </trkpt>
   <trkpt lat="69.6485490" lon="18.5373890">
    <ele>306.7</ele>
    <time>2026-05-09T16:01:05Z</time>
   </trkpt>
   <trkpt lat="69.6485490" lon="18.5373890">
    <ele>306.7</ele>
    <time>2026-05-09T16:01:06Z</time>
   </trkpt>
   <trkpt lat="69.6485410" lon="18.5374390">
    <ele>306.8</ele>
    <time>2026-05-09T16:01:07Z</time>
   </trkpt>
   <trkpt lat="69.6485410" lon="18.5374390">
    <ele>306.8</ele>
    <time>2026-05-09T16:01:08Z</time>
   </trkpt>
   <trkpt lat="69.6485410" lon="18.5374390">
    <ele>306.8</ele>
    <time>2026-05-09T16:01:09Z</time>
   </trkpt>
   <trkpt lat="69.6485410" lon="18.5374390">
    <ele>306.8</ele>
    <time>2026-05-09T16:01:10Z</time>
   </trkpt>
   <trkpt lat="69.6485410" lon="18.5374390">
    <ele>306.8</ele>
    <time>2026-05-09T16:01:11Z</time>
   </trkpt>
   <trkpt lat="69.6485410" lon="18.5374390">
    <ele>306.8</ele>
    <time>2026-05-09T16:01:12Z</time>
   </trkpt>
   <trkpt lat="69.6485310" lon="18.5374960">
    <ele>307.9</ele>
    <time>2026-05-09T16:01:13Z</time>
   </trkpt>
   <trkpt lat="69.6485310" lon="18.5374960">
    <ele>307.9</ele>
    <time>2026-05-09T16:01:14Z</time>
   </trkpt>
   <trkpt lat="69.6485310" lon="18.5374960">
    <ele>307.9</ele>
    <time>2026-05-09T16:01:15Z</time>
   </trkpt>
   <trkpt lat="69.6485310" lon="18.5374960">
    <ele>307.9</ele>
    <time>2026-05-09T16:01:16Z</time>
   </trkpt>
   <trkpt lat="69.6485190" lon="18.5375470">
    <ele>309.4</ele>
    <time>2026-05-09T16:01:17Z</time>
   </trkpt>
   <trkpt lat="69.6485190" lon="18.5375470">
    <ele>309.4</ele>
    <time>2026-05-09T16:01:18Z</time>
   </trkpt>
   <trkpt lat="69.6485190" lon="18.5375470">
    <ele>309.4</ele>
    <time>2026-05-09T16:01:19Z</time>
   </trkpt>
   <trkpt lat="69.6485190" lon="18.5375470">
    <ele>309.4</ele>
    <time>2026-05-09T16:01:20Z</time>
   </trkpt>
   <trkpt lat="69.6485190" lon="18.5375470">
    <ele>309.4</ele>
    <time>2026-05-09T16:01:21Z</time>
   </trkpt>
   <trkpt lat="69.6485070" lon="18.5376020">
    <ele>309.6</ele>
    <time>2026-05-09T16:01:22Z</time>
   </trkpt>
   <trkpt lat="69.6485070" lon="18.5376020">
    <ele>309.6</ele>
    <time>2026-05-09T16:01:23Z</time>
   </trkpt>
   <trkpt lat="69.6485070" lon="18.5376020">
    <ele>309.6</ele>
    <time>2026-05-09T16:01:24Z</time>
   </trkpt>
   <trkpt lat="69.6485070" lon="18.5376020">
    <ele>309.6</ele>
    <time>2026-05-09T16:01:25Z</time>
   </trkpt>
   <trkpt lat="69.6485070" lon="18.5376020">
    <ele>309.6</ele>
    <time>2026-05-09T16:01:26Z</time>
   </trkpt>
   <trkpt lat="69.6484860" lon="18.5376030">
    <ele>311.6</ele>
    <time>2026-05-09T16:01:27Z</time>
   </trkpt>
   <trkpt lat="69.6484860" lon="18.5376030">
    <ele>311.6</ele>
    <time>2026-05-09T16:01:28Z</time>
   </trkpt>
   <trkpt lat="69.6484860" lon="18.5376030">
    <ele>311.6</ele>
    <time>2026-05-09T16:01:29Z</time>
   </trkpt>
   <trkpt lat="69.6484860" lon="18.5376030">
    <ele>311.6</ele>
    <time>2026-05-09T16:01:30Z</time>
   </trkpt>
   <trkpt lat="69.6484860" lon="18.5376030">
    <ele>311.6</ele>
    <time>2026-05-09T16:01:31Z</time>
   </trkpt>
   <trkpt lat="69.6484860" lon="18.5376030">
    <ele>311.6</ele>
    <time>2026-05-09T16:01:32Z</time>
   </trkpt>
   <trkpt lat="69.6484860" lon="18.5376030">
    <ele>311.6</ele>
    <time>2026-05-09T16:01:33Z</time>
   </trkpt>
   <trkpt lat="69.6484860" lon="18.5376030">
    <ele>311.6</ele>
    <time>2026-05-09T16:01:34Z</time>
   </trkpt>
   <trkpt lat="69.6484860" lon="18.5376030">
    <ele>311.6</ele>
    <time>2026-05-09T16:01:35Z</time>
   </trkpt>
   <trkpt lat="69.6484860" lon="18.5376030">
    <ele>311.6</ele>
    <time>2026-05-09T16:01:36Z</time>
   </trkpt>
   <trkpt lat="69.6484860" lon="18.5376030">
    <ele>311.6</ele>
    <time>2026-05-09T16:01:37Z</time>
   </trkpt>
   <trkpt lat="69.6484860" lon="18.5376030">
    <ele>311.6</ele>
    <time>2026-05-09T16:01:38Z</time>
   </trkpt>
   <trkpt lat="69.6484860" lon="18.5376030">
    <ele>311.6</ele>
    <time>2026-05-09T16:01:39Z</time>
   </trkpt>
   <trkpt lat="69.6484860" lon="18.5376030">
    <ele>311.6</ele>
    <time>2026-05-09T16:01:40Z</time>
   </trkpt>
   <trkpt lat="69.6484860" lon="18.5376030">
    <ele>311.6</ele>
    <time>2026-05-09T16:01:41Z</time>
   </trkpt>
   <trkpt lat="69.6484860" lon="18.5376030">
    <ele>311.6</ele>
    <time>2026-05-09T16:01:42Z</time>
   </trkpt>
   <trkpt lat="69.6484860" lon="18.5376030">
    <ele>311.6</ele>
    <time>2026-05-09T16:01:43Z</time>
   </trkpt>
   <trkpt lat="69.6484860" lon="18.5376030">
    <ele>311.6</ele>
    <time>2026-05-09T16:01:44Z</time>
   </trkpt>
   <trkpt lat="69.6484860" lon="18.5376030">
    <ele>311.6</ele>
    <time>2026-05-09T16:01:45Z</time>
   </trkpt>
   <trkpt lat="69.6484860" lon="18.5376030">
    <ele>311.6</ele>
    <time>2026-05-09T16:01:46Z</time>
   </trkpt>
   <trkpt lat="69.6484860" lon="18.5376030">
    <ele>311.6</ele>
    <time>2026-05-09T16:01:47Z</time>
   </trkpt>
   <trkpt lat="69.6484860" lon="18.5376030">
    <ele>311.6</ele>
    <time>2026-05-09T16:01:48Z</time>
   </trkpt>
   <trkpt lat="69.6484860" lon="18.5376030">
    <ele>311.6</ele>
    <time>2026-05-09T16:01:49Z</time>
   </trkpt>
   <trkpt lat="69.6484860" lon="18.5376030">
    <ele>311.6</ele>
    <time>2026-05-09T16:01:50Z</time>
   </trkpt>
   <trkpt lat="69.6484860" lon="18.5376030">
    <ele>311.6</ele>
    <time>2026-05-09T16:01:51Z</time>
   </trkpt>
   <trkpt lat="69.6484860" lon="18.5376030">
    <ele>311.6</ele>
    <time>2026-05-09T16:01:52Z</time>
   </trkpt>
   <trkpt lat="69.6484860" lon="18.5376030">
    <ele>311.6</ele>
    <time>2026-05-09T16:01:53Z</time>
   </trkpt>
   <trkpt lat="69.6484860" lon="18.5376030">
    <ele>311.6</ele>
    <time>2026-05-09T16:01:54Z</time>
   </trkpt>
   <trkpt lat="69.6484860" lon="18.5376030">
    <ele>311.6</ele>
    <time>2026-05-09T16:01:55Z</time>
   </trkpt>
   <trkpt lat="69.6484860" lon="18.5376030">
    <ele>311.6</ele>
    <time>2026-05-09T16:01:56Z</time>
   </trkpt>
   <trkpt lat="69.6484860" lon="18.5376030">
    <ele>311.6</ele>
    <time>2026-05-09T16:01:57Z</time>
   </trkpt>
   <trkpt lat="69.6484860" lon="18.5376030">
    <ele>311.6</ele>
    <time>2026-05-09T16:01:58Z</time>
   </trkpt>
   <trkpt lat="69.6484860" lon="18.5376030">
    <ele>311.6</ele>
    <time>2026-05-09T16:01:59Z</time>
   </trkpt>
   <trkpt lat="69.6484860" lon="18.5376030">
    <ele>311.6</ele>
    <time>2026-05-09T16:02:00Z</time>
   </trkpt>
   <trkpt lat="69.6484860" lon="18.5376030">
    <ele>311.6</ele>
    <time>2026-05-09T16:02:01Z</time>
   </trkpt>
   <trkpt lat="69.6484860" lon="18.5376030">
    <ele>311.6</ele>
    <time>2026-05-09T16:02:02Z</time>
   </trkpt>
   <trkpt lat="69.6484860" lon="18.5376030">
    <ele>311.6</ele>
    <time>2026-05-09T16:02:03Z</time>
   </trkpt>
   <trkpt lat="69.6484860" lon="18.5376030">
    <ele>311.6</ele>
    <time>2026-05-09T16:02:04Z</time>
   </trkpt>
   <trkpt lat="69.6484860" lon="18.5376030">
    <ele>311.6</ele>
    <time>2026-05-09T16:02:05Z</time>
   </trkpt>
   <trkpt lat="69.6484860" lon="18.5376030">
    <ele>311.6</ele>
    <time>2026-05-09T16:02:06Z</time>
   </trkpt>
   <trkpt lat="69.6484860" lon="18.5376030">
    <ele>311.6</ele>
    <time>2026-05-09T16:02:07Z</time>
   </trkpt>
   <trkpt lat="69.6484860" lon="18.5376030">
    <ele>311.6</ele>
    <time>2026-05-09T16:02:08Z</time>
   </trkpt>
   <trkpt lat="69.6484860" lon="18.5376030">
    <ele>311.6</ele>
    <time>2026-05-09T16:02:09Z</time>
   </trkpt>
   <trkpt lat="69.6484860" lon="18.5376030">
    <ele>311.6</ele>
    <time>2026-05-09T16:02:10Z</time>
   </trkpt>
   <trkpt lat="69.6484860" lon="18.5376030">
    <ele>311.6</ele>
    <time>2026-05-09T16:02:11Z</time>
   </trkpt>
   <trkpt lat="69.6484860" lon="18.5376030">
    <ele>311.6</ele>
    <time>2026-05-09T16:02:12Z</time>
   </trkpt>
   <trkpt lat="69.6484860" lon="18.5376030">
    <ele>311.6</ele>
    <time>2026-05-09T16:02:13Z</time>
   </trkpt>
   <trkpt lat="69.6484860" lon="18.5376030">
    <ele>311.6</ele>
    <time>2026-05-09T16:02:14Z</time>
   </trkpt>
   <trkpt lat="69.6484860" lon="18.5376030">
    <ele>311.6</ele>
    <time>2026-05-09T16:02:15Z</time>
   </trkpt>
   <trkpt lat="69.6484860" lon="18.5376030">
    <ele>311.6</ele>
    <time>2026-05-09T16:02:16Z</time>
   </trkpt>
   <trkpt lat="69.6484860" lon="18.5376030">
    <ele>311.6</ele>
    <time>2026-05-09T16:02:17Z</time>
   </trkpt>
   <trkpt lat="69.6484860" lon="18.5376030">
    <ele>311.6</ele>
    <time>2026-05-09T16:02:18Z</time>
   </trkpt>
   <trkpt lat="69.6484860" lon="18.5376030">
    <ele>311.6</ele>
    <time>2026-05-09T16:02:19Z</time>
   </trkpt>
   <trkpt lat="69.6484860" lon="18.5376030">
    <ele>311.6</ele>
    <time>2026-05-09T16:02:20Z</time>
   </trkpt>
   <trkpt lat="69.6484860" lon="18.5376030">
    <ele>311.6</ele>
    <time>2026-05-09T16:02:21Z</time>
   </trkpt>
   <trkpt lat="69.6484860" lon="18.5376030">
    <ele>311.6</ele>
    <time>2026-05-09T16:02:22Z</time>
   </trkpt>
   <trkpt lat="69.6484860" lon="18.5376030">
    <ele>311.6</ele>
    <time>2026-05-09T16:02:23Z</time>
   </trkpt>
   <trkpt lat="69.6484860" lon="18.5376030">
    <ele>311.6</ele>
    <time>2026-05-09T16:02:24Z</time>
   </trkpt>
   <trkpt lat="69.6484860" lon="18.5376030">
    <ele>311.6</ele>
    <time>2026-05-09T16:02:25Z</time>
   </trkpt>
   <trkpt lat="69.6484860" lon="18.5376030">
    <ele>311.6</ele>
    <time>2026-05-09T16:02:26Z</time>
   </trkpt>
   <trkpt lat="69.6484860" lon="18.5376030">
    <ele>311.6</ele>
    <time>2026-05-09T16:02:27Z</time>
   </trkpt>
   <trkpt lat="69.6484860" lon="18.5376030">
    <ele>311.6</ele>
    <time>2026-05-09T16:02:28Z</time>
   </trkpt>
   <trkpt lat="69.6484860" lon="18.5376030">
    <ele>311.6</ele>
    <time>2026-05-09T16:02:29Z</time>
   </trkpt>
   <trkpt lat="69.6484860" lon="18.5376030">
    <ele>311.6</ele>
    <time>2026-05-09T16:02:30Z</time>
   </trkpt>
   <trkpt lat="69.6484860" lon="18.5376030">
    <ele>311.6</ele>
    <time>2026-05-09T16:02:31Z</time>
   </trkpt>
   <trkpt lat="69.6484860" lon="18.5376030">
    <ele>311.6</ele>
    <time>2026-05-09T16:02:32Z</time>
   </trkpt>
   <trkpt lat="69.6484860" lon="18.5376030">
    <ele>311.6</ele>
    <time>2026-05-09T16:02:33Z</time>
   </trkpt>
   <trkpt lat="69.6484860" lon="18.5376030">
    <ele>311.6</ele>
    <time>2026-05-09T16:02:34Z</time>
   </trkpt>
   <trkpt lat="69.6484860" lon="18.5376030">
    <ele>311.6</ele>
    <time>2026-05-09T16:02:35Z</time>
   </trkpt>
   <trkpt lat="69.6484860" lon="18.5376030">
    <ele>311.6</ele>
    <time>2026-05-09T16:02:36Z</time>
   </trkpt>
   <trkpt lat="69.6484860" lon="18.5376030">
    <ele>311.6</ele>
    <time>2026-05-09T16:02:37Z</time>
   </trkpt>
   <trkpt lat="69.6484860" lon="18.5376030">
    <ele>311.6</ele>
    <time>2026-05-09T16:02:38Z</time>
   </trkpt>
   <trkpt lat="69.6484860" lon="18.5376030">
    <ele>311.6</ele>
    <time>2026-05-09T16:02:39Z</time>
   </trkpt>
   <trkpt lat="69.6484860" lon="18.5376030">
    <ele>311.6</ele>
    <time>2026-05-09T16:02:40Z</time>
   </trkpt>
   <trkpt lat="69.6484860" lon="18.5376030">
    <ele>311.6</ele>
    <time>2026-05-09T16:02:41Z</time>
   </trkpt>
   <trkpt lat="69.6484860" lon="18.5376030">
    <ele>311.6</ele>
    <time>2026-05-09T16:02:42Z</time>
   </trkpt>
   <trkpt lat="69.6484730" lon="18.5375510">
    <ele>312.4</ele>
    <time>2026-05-09T16:02:43Z</time>
   </trkpt>
   <trkpt lat="69.6484730" lon="18.5375510">
    <ele>312.4</ele>
    <time>2026-05-09T16:02:44Z</time>
   </trkpt>
   <trkpt lat="69.6484730" lon="18.5375510">
    <ele>312.4</ele>
    <time>2026-05-09T16:02:45Z</time>
   </trkpt>
   <trkpt lat="69.6484730" lon="18.5375510">
    <ele>312.4</ele>
    <time>2026-05-09T16:02:46Z</time>
   </trkpt>
   <trkpt lat="69.6484560" lon="18.5375030">
    <ele>313.3</ele>
    <time>2026-05-09T16:02:47Z</time>
   </trkpt>
   <trkpt lat="69.6484560" lon="18.5375030">
    <ele>313.3</ele>
    <time>2026-05-09T16:02:48Z</time>
   </trkpt>
   <trkpt lat="69.6484560" lon="18.5375030">
    <ele>313.3</ele>
    <time>2026-05-09T16:02:49Z</time>
   </trkpt>
   <trkpt lat="69.6484430" lon="18.5374550">
    <ele>314.2</ele>
    <time>2026-05-09T16:02:50Z</time>
   </trkpt>
   <trkpt lat="69.6484430" lon="18.5374550">
    <ele>314.2</ele>
    <time>2026-05-09T16:02:51Z</time>
   </trkpt>
   <trkpt lat="69.6484430" lon="18.5374550">
    <ele>314.2</ele>
    <time>2026-05-09T16:02:52Z</time>
   </trkpt>
   <trkpt lat="69.6484270" lon="18.5374060">
    <ele>315.2</ele>
    <time>2026-05-09T16:02:53Z</time>
   </trkpt>
   <trkpt lat="69.6484270" lon="18.5374060">
    <ele>315.2</ele>
    <time>2026-05-09T16:02:54Z</time>
   </trkpt>
   <trkpt lat="69.6484270" lon="18.5374060">
    <ele>315.2</ele>
    <time>2026-05-09T16:02:55Z</time>
   </trkpt>
   <trkpt lat="69.6484170" lon="18.5373610">
    <ele>315.2</ele>
    <time>2026-05-09T16:02:56Z</time>
   </trkpt>
   <trkpt lat="69.6484170" lon="18.5373610">
    <ele>315.2</ele>
    <time>2026-05-09T16:02:57Z</time>
   </trkpt>
   <trkpt lat="69.6484170" lon="18.5373610">
    <ele>315.2</ele>
    <time>2026-05-09T16:02:58Z</time>
   </trkpt>
   <trkpt lat="69.6484040" lon="18.5373130">
    <ele>316.4</ele>
    <time>2026-05-09T16:02:59Z</time>
   </trkpt>
   <trkpt lat="69.6484040" lon="18.5373130">
    <ele>316.4</ele>
    <time>2026-05-09T16:03:00Z</time>
   </trkpt>
   <trkpt lat="69.6484040" lon="18.5373130">
    <ele>316.4</ele>
    <time>2026-05-09T16:03:01Z</time>
   </trkpt>
   <trkpt lat="69.6483900" lon="18.5372690">
    <ele>317.6</ele>
    <time>2026-05-09T16:03:02Z</time>
   </trkpt>
   <trkpt lat="69.6483900" lon="18.5372690">
    <ele>317.6</ele>
    <time>2026-05-09T16:03:03Z</time>
   </trkpt>
   <trkpt lat="69.6483900" lon="18.5372690">
    <ele>317.6</ele>
    <time>2026-05-09T16:03:04Z</time>
   </trkpt>
   <trkpt lat="69.6483900" lon="18.5372690">
    <ele>317.6</ele>
    <time>2026-05-09T16:03:05Z</time>
   </trkpt>
   <trkpt lat="69.6483760" lon="18.5372160">
    <ele>318.8</ele>
    <time>2026-05-09T16:03:06Z</time>
   </trkpt>
   <trkpt lat="69.6483760" lon="18.5372160">
    <ele>318.8</ele>
    <time>2026-05-09T16:03:07Z</time>
   </trkpt>
   <trkpt lat="69.6483760" lon="18.5372160">
    <ele>318.8</ele>
    <time>2026-05-09T16:03:08Z</time>
   </trkpt>
   <trkpt lat="69.6483760" lon="18.5372160">
    <ele>318.8</ele>
    <time>2026-05-09T16:03:09Z</time>
   </trkpt>
   <trkpt lat="69.6483670" lon="18.5371670">
    <ele>320.0</ele>
    <time>2026-05-09T16:03:10Z</time>
   </trkpt>
   <trkpt lat="69.6483670" lon="18.5371670">
    <ele>320.0</ele>
    <time>2026-05-09T16:03:11Z</time>
   </trkpt>
   <trkpt lat="69.6483670" lon="18.5371670">
    <ele>320.0</ele>
    <time>2026-05-09T16:03:12Z</time>
   </trkpt>
   <trkpt lat="69.6483670" lon="18.5371670">
    <ele>320.0</ele>
    <time>2026-05-09T16:03:13Z</time>
   </trkpt>
   <trkpt lat="69.6483590" lon="18.5371170">
    <ele>320.1</ele>
    <time>2026-05-09T16:03:14Z</time>
   </trkpt>
   <trkpt lat="69.6483590" lon="18.5371170">
    <ele>320.1</ele>
    <time>2026-05-09T16:03:15Z</time>
   </trkpt>
   <trkpt lat="69.6483590" lon="18.5371170">
    <ele>320.1</ele>
    <time>2026-05-09T16:03:16Z</time>
   </trkpt>
   <trkpt lat="69.6483590" lon="18.5371170">
    <ele>320.1</ele>
    <time>2026-05-09T16:03:17Z</time>
   </trkpt>
   <trkpt lat="69.6483500" lon="18.5370670">
    <ele>321.5</ele>
    <time>2026-05-09T16:03:18Z</time>
   </trkpt>
   <trkpt lat="69.6483500" lon="18.5370670">
    <ele>321.5</ele>
    <time>2026-05-09T16:03:19Z</time>
   </trkpt>
   <trkpt lat="69.6483500" lon="18.5370670">
    <ele>321.5</ele>
    <time>2026-05-09T16:03:20Z</time>
   </trkpt>
   <trkpt lat="69.6483500" lon="18.5370670">
    <ele>321.5</ele>
    <time>2026-05-09T16:03:21Z</time>
   </trkpt>
   <trkpt lat="69.6483500" lon="18.5370670">
    <ele>321.5</ele>
    <time>2026-05-09T16:03:22Z</time>
   </trkpt>
   <trkpt lat="69.6483450" lon="18.5370120">
    <ele>321.6</ele>
    <time>2026-05-09T16:03:23Z</time>
   </trkpt>
   <trkpt lat="69.6483450" lon="18.5370120">
    <ele>321.6</ele>
    <time>2026-05-09T16:03:24Z</time>
   </trkpt>
   <trkpt lat="69.6483450" lon="18.5370120">
    <ele>321.6</ele>
    <time>2026-05-09T16:03:25Z</time>
   </trkpt>
   <trkpt lat="69.6483450" lon="18.5370120">
    <ele>321.6</ele>
    <time>2026-05-09T16:03:26Z</time>
   </trkpt>
   <trkpt lat="69.6483450" lon="18.5370120">
    <ele>321.6</ele>
    <time>2026-05-09T16:03:27Z</time>
   </trkpt>
   <trkpt lat="69.6483380" lon="18.5369500">
    <ele>322.9</ele>
    <time>2026-05-09T16:03:28Z</time>
   </trkpt>
   <trkpt lat="69.6483380" lon="18.5369500">
    <ele>322.9</ele>
    <time>2026-05-09T16:03:29Z</time>
   </trkpt>
   <trkpt lat="69.6483380" lon="18.5369500">
    <ele>322.9</ele>
    <time>2026-05-09T16:03:30Z</time>
   </trkpt>
   <trkpt lat="69.6483380" lon="18.5369500">
    <ele>322.9</ele>
    <time>2026-05-09T16:03:31Z</time>
   </trkpt>
   <trkpt lat="69.6483300" lon="18.5368960">
    <ele>323.1</ele>
    <time>2026-05-09T16:03:32Z</time>
   </trkpt>
   <trkpt lat="69.6483300" lon="18.5368960">
    <ele>323.1</ele>
    <time>2026-05-09T16:03:33Z</time>
   </trkpt>
   <trkpt lat="69.6483300" lon="18.5368960">
    <ele>323.1</ele>
    <time>2026-05-09T16:03:34Z</time>
   </trkpt>
   <trkpt lat="69.6483300" lon="18.5368960">
    <ele>323.1</ele>
    <time>2026-05-09T16:03:35Z</time>
   </trkpt>
   <trkpt lat="69.6483300" lon="18.5368960">
    <ele>323.1</ele>
    <time>2026-05-09T16:03:36Z</time>
   </trkpt>
   <trkpt lat="69.6483250" lon="18.5368390">
    <ele>324.5</ele>
    <time>2026-05-09T16:03:37Z</time>
   </trkpt>
   <trkpt lat="69.6483250" lon="18.5368390">
    <ele>324.5</ele>
    <time>2026-05-09T16:03:38Z</time>
   </trkpt>
   <trkpt lat="69.6483250" lon="18.5368390">
    <ele>324.5</ele>
    <time>2026-05-09T16:03:39Z</time>
   </trkpt>
   <trkpt lat="69.6483250" lon="18.5368390">
    <ele>324.5</ele>
    <time>2026-05-09T16:03:40Z</time>
   </trkpt>
   <trkpt lat="69.6483250" lon="18.5368390">
    <ele>324.5</ele>
    <time>2026-05-09T16:03:41Z</time>
   </trkpt>
   <trkpt lat="69.6483190" lon="18.5367850">
    <ele>324.6</ele>
    <time>2026-05-09T16:03:42Z</time>
   </trkpt>
   <trkpt lat="69.6483190" lon="18.5367850">
    <ele>324.6</ele>
    <time>2026-05-09T16:03:43Z</time>
   </trkpt>
   <trkpt lat="69.6483190" lon="18.5367850">
    <ele>324.6</ele>
    <time>2026-05-09T16:03:44Z</time>
   </trkpt>
   <trkpt lat="69.6483190" lon="18.5367850">
    <ele>324.6</ele>
    <time>2026-05-09T16:03:45Z</time>
   </trkpt>
   <trkpt lat="69.6483190" lon="18.5367850">
    <ele>324.6</ele>
    <time>2026-05-09T16:03:46Z</time>
   </trkpt>
   <trkpt lat="69.6483140" lon="18.5367350">
    <ele>324.7</ele>
    <time>2026-05-09T16:03:47Z</time>
   </trkpt>
   <trkpt lat="69.6483140" lon="18.5367350">
    <ele>324.7</ele>
    <time>2026-05-09T16:03:48Z</time>
   </trkpt>
   <trkpt lat="69.6483140" lon="18.5367350">
    <ele>324.7</ele>
    <time>2026-05-09T16:03:49Z</time>
   </trkpt>
   <trkpt lat="69.6483140" lon="18.5367350">
    <ele>324.7</ele>
    <time>2026-05-09T16:03:50Z</time>
   </trkpt>
   <trkpt lat="69.6483140" lon="18.5367350">
    <ele>324.7</ele>
    <time>2026-05-09T16:03:51Z</time>
   </trkpt>
   <trkpt lat="69.6483140" lon="18.5367350">
    <ele>324.7</ele>
    <time>2026-05-09T16:03:52Z</time>
   </trkpt>
   <trkpt lat="69.6483140" lon="18.5367350">
    <ele>324.7</ele>
    <time>2026-05-09T16:03:53Z</time>
   </trkpt>
   <trkpt lat="69.6483140" lon="18.5367350">
    <ele>324.7</ele>
    <time>2026-05-09T16:03:54Z</time>
   </trkpt>
   <trkpt lat="69.6483140" lon="18.5367350">
    <ele>324.7</ele>
    <time>2026-05-09T16:03:55Z</time>
   </trkpt>
   <trkpt lat="69.6483140" lon="18.5367350">
    <ele>324.7</ele>
    <time>2026-05-09T16:03:56Z</time>
   </trkpt>
   <trkpt lat="69.6483140" lon="18.5367350">
    <ele>324.7</ele>
    <time>2026-05-09T16:03:57Z</time>
   </trkpt>
   <trkpt lat="69.6483140" lon="18.5367350">
    <ele>324.7</ele>
    <time>2026-05-09T16:03:58Z</time>
   </trkpt>
   <trkpt lat="69.6483140" lon="18.5367350">
    <ele>324.7</ele>
    <time>2026-05-09T16:03:59Z</time>
   </trkpt>
   <trkpt lat="69.6483140" lon="18.5367350">
    <ele>324.7</ele>
    <time>2026-05-09T16:04:00Z</time>
   </trkpt>
   <trkpt lat="69.6483140" lon="18.5367350">
    <ele>324.7</ele>
    <time>2026-05-09T16:04:01Z</time>
   </trkpt>
   <trkpt lat="69.6483140" lon="18.5367350">
    <ele>324.7</ele>
    <time>2026-05-09T16:04:02Z</time>
   </trkpt>
   <trkpt lat="69.6483140" lon="18.5367350">
    <ele>324.7</ele>
    <time>2026-05-09T16:04:03Z</time>
   </trkpt>
   <trkpt lat="69.6483140" lon="18.5367350">
    <ele>324.7</ele>
    <time>2026-05-09T16:04:04Z</time>
   </trkpt>
   <trkpt lat="69.6483140" lon="18.5367350">
    <ele>324.7</ele>
    <time>2026-05-09T16:04:05Z</time>
   </trkpt>
   <trkpt lat="69.6483140" lon="18.5367350">
    <ele>324.7</ele>
    <time>2026-05-09T16:04:06Z</time>
   </trkpt>
   <trkpt lat="69.6483140" lon="18.5367350">
    <ele>324.7</ele>
    <time>2026-05-09T16:04:07Z</time>
   </trkpt>
   <trkpt lat="69.6483140" lon="18.5367350">
    <ele>324.7</ele>
    <time>2026-05-09T16:04:08Z</time>
   </trkpt>
   <trkpt lat="69.6483140" lon="18.5367350">
    <ele>324.7</ele>
    <time>2026-05-09T16:04:09Z</time>
   </trkpt>
   <trkpt lat="69.6482960" lon="18.5367730">
    <ele>327.5</ele>
    <time>2026-05-09T16:04:10Z</time>
   </trkpt>
   <trkpt lat="69.6482960" lon="18.5367730">
    <ele>327.5</ele>
    <time>2026-05-09T16:04:11Z</time>
   </trkpt>
   <trkpt lat="69.6482960" lon="18.5367730">
    <ele>327.5</ele>
    <time>2026-05-09T16:04:12Z</time>
   </trkpt>
   <trkpt lat="69.6482960" lon="18.5367730">
    <ele>327.5</ele>
    <time>2026-05-09T16:04:13Z</time>
   </trkpt>
   <trkpt lat="69.6482960" lon="18.5367730">
    <ele>327.5</ele>
    <time>2026-05-09T16:04:14Z</time>
   </trkpt>
   <trkpt lat="69.6482810" lon="18.5368110">
    <ele>328.8</ele>
    <time>2026-05-09T16:04:15Z</time>
   </trkpt>
   <trkpt lat="69.6482810" lon="18.5368110">
    <ele>328.8</ele>
    <time>2026-05-09T16:04:16Z</time>
   </trkpt>
   <trkpt lat="69.6482810" lon="18.5368110">
    <ele>328.8</ele>
    <time>2026-05-09T16:04:17Z</time>
   </trkpt>
   <trkpt lat="69.6482810" lon="18.5368110">
    <ele>328.8</ele>
    <time>2026-05-09T16:04:18Z</time>
   </trkpt>
   <trkpt lat="69.6482810" lon="18.5368110">
    <ele>328.8</ele>
    <time>2026-05-09T16:04:19Z</time>
   </trkpt>
   <trkpt lat="69.6482730" lon="18.5368610">
    <ele>328.7</ele>
    <time>2026-05-09T16:04:20Z</time>
   </trkpt>
   <trkpt lat="69.6482730" lon="18.5368610">
    <ele>328.7</ele>
    <time>2026-05-09T16:04:21Z</time>
   </trkpt>
   <trkpt lat="69.6482730" lon="18.5368610">
    <ele>328.7</ele>
    <time>2026-05-09T16:04:22Z</time>
   </trkpt>
   <trkpt lat="69.6482730" lon="18.5368610">
    <ele>328.7</ele>
    <time>2026-05-09T16:04:23Z</time>
   </trkpt>
   <trkpt lat="69.6482730" lon="18.5368610">
    <ele>328.7</ele>
    <time>2026-05-09T16:04:24Z</time>
   </trkpt>
   <trkpt lat="69.6482600" lon="18.5369100">
    <ele>330.0</ele>
    <time>2026-05-09T16:04:25Z</time>
   </trkpt>
   <trkpt lat="69.6482600" lon="18.5369100">
    <ele>330.0</ele>
    <time>2026-05-09T16:04:26Z</time>
   </trkpt>
   <trkpt lat="69.6482600" lon="18.5369100">
    <ele>330.0</ele>
    <time>2026-05-09T16:04:27Z</time>
   </trkpt>
   <trkpt lat="69.6482600" lon="18.5369100">
    <ele>330.0</ele>
    <time>2026-05-09T16:04:28Z</time>
   </trkpt>
   <trkpt lat="69.6482600" lon="18.5369100">
    <ele>330.0</ele>
    <time>2026-05-09T16:04:29Z</time>
   </trkpt>
   <trkpt lat="69.6482470" lon="18.5369520">
    <ele>331.2</ele>
    <time>2026-05-09T16:04:30Z</time>
   </trkpt>
   <trkpt lat="69.6482470" lon="18.5369520">
    <ele>331.2</ele>
    <time>2026-05-09T16:04:31Z</time>
   </trkpt>
   <trkpt lat="69.6482470" lon="18.5369520">
    <ele>331.2</ele>
    <time>2026-05-09T16:04:32Z</time>
   </trkpt>
   <trkpt lat="69.6482470" lon="18.5369520">
    <ele>331.2</ele>
    <time>2026-05-09T16:04:33Z</time>
   </trkpt>
   <trkpt lat="69.6482470" lon="18.5369520">
    <ele>331.2</ele>
    <time>2026-05-09T16:04:34Z</time>
   </trkpt>
   <trkpt lat="69.6482470" lon="18.5369520">
    <ele>331.2</ele>
    <time>2026-05-09T16:04:35Z</time>
   </trkpt>
   <trkpt lat="69.6482360" lon="18.5370070">
    <ele>332.3</ele>
    <time>2026-05-09T16:04:36Z</time>
   </trkpt>
   <trkpt lat="69.6482360" lon="18.5370070">
    <ele>332.3</ele>
    <time>2026-05-09T16:04:37Z</time>
   </trkpt>
   <trkpt lat="69.6482360" lon="18.5370070">
    <ele>332.3</ele>
    <time>2026-05-09T16:04:38Z</time>
   </trkpt>
   <trkpt lat="69.6482360" lon="18.5370070">
    <ele>332.3</ele>
    <time>2026-05-09T16:04:39Z</time>
   </trkpt>
   <trkpt lat="69.6482360" lon="18.5370070">
    <ele>332.3</ele>
    <time>2026-05-09T16:04:40Z</time>
   </trkpt>
   <trkpt lat="69.6482360" lon="18.5370070">
    <ele>332.3</ele>
    <time>2026-05-09T16:04:41Z</time>
   </trkpt>
   <trkpt lat="69.6482360" lon="18.5370070">
    <ele>332.3</ele>
    <time>2026-05-09T16:04:42Z</time>
   </trkpt>
   <trkpt lat="69.6482360" lon="18.5370070">
    <ele>332.4</ele>
    <time>2026-05-09T16:04:43Z</time>
   </trkpt>
   <trkpt lat="69.6482360" lon="18.5370070">
    <ele>332.4</ele>
    <time>2026-05-09T16:04:44Z</time>
   </trkpt>
   <trkpt lat="69.6482360" lon="18.5370070">
    <ele>332.4</ele>
    <time>2026-05-09T16:04:45Z</time>
   </trkpt>
   <trkpt lat="69.6482360" lon="18.5370070">
    <ele>332.4</ele>
    <time>2026-05-09T16:04:46Z</time>
   </trkpt>
   <trkpt lat="69.6482360" lon="18.5370070">
    <ele>332.4</ele>
    <time>2026-05-09T16:04:47Z</time>
   </trkpt>
   <trkpt lat="69.6482360" lon="18.5370070">
    <ele>332.4</ele>
    <time>2026-05-09T16:04:48Z</time>
   </trkpt>
   <trkpt lat="69.6482360" lon="18.5370070">
    <ele>332.4</ele>
    <time>2026-05-09T16:04:49Z</time>
   </trkpt>
   <trkpt lat="69.6482360" lon="18.5370070">
    <ele>332.4</ele>
    <time>2026-05-09T16:04:50Z</time>
   </trkpt>
   <trkpt lat="69.6482360" lon="18.5370070">
    <ele>332.4</ele>
    <time>2026-05-09T16:04:51Z</time>
   </trkpt>
   <trkpt lat="69.6482360" lon="18.5370070">
    <ele>332.4</ele>
    <time>2026-05-09T16:04:52Z</time>
   </trkpt>
   <trkpt lat="69.6482360" lon="18.5370070">
    <ele>332.4</ele>
    <time>2026-05-09T16:04:53Z</time>
   </trkpt>
   <trkpt lat="69.6482200" lon="18.5370380">
    <ele>333.4</ele>
    <time>2026-05-09T16:04:54Z</time>
   </trkpt>
   <trkpt lat="69.6482200" lon="18.5370380">
    <ele>333.4</ele>
    <time>2026-05-09T16:04:55Z</time>
   </trkpt>
   <trkpt lat="69.6482200" lon="18.5370380">
    <ele>333.4</ele>
    <time>2026-05-09T16:04:56Z</time>
   </trkpt>
   <trkpt lat="69.6482200" lon="18.5370380">
    <ele>333.4</ele>
    <time>2026-05-09T16:04:57Z</time>
   </trkpt>
   <trkpt lat="69.6481990" lon="18.5370570">
    <ele>334.7</ele>
    <time>2026-05-09T16:04:58Z</time>
   </trkpt>
   <trkpt lat="69.6481990" lon="18.5370570">
    <ele>334.7</ele>
    <time>2026-05-09T16:04:59Z</time>
   </trkpt>
   <trkpt lat="69.6481990" lon="18.5370570">
    <ele>334.7</ele>
    <time>2026-05-09T16:05:00Z</time>
   </trkpt>
   <trkpt lat="69.6481990" lon="18.5370570">
    <ele>334.7</ele>
    <time>2026-05-09T16:05:01Z</time>
   </trkpt>
   <trkpt lat="69.6481990" lon="18.5370570">
    <ele>334.7</ele>
    <time>2026-05-09T16:05:02Z</time>
   </trkpt>
   <trkpt lat="69.6481990" lon="18.5370570">
    <ele>334.7</ele>
    <time>2026-05-09T16:05:03Z</time>
   </trkpt>
   <trkpt lat="69.6481800" lon="18.5370770">
    <ele>335.7</ele>
    <time>2026-05-09T16:05:04Z</time>
   </trkpt>
   <trkpt lat="69.6481800" lon="18.5370770">
    <ele>335.7</ele>
    <time>2026-05-09T16:05:05Z</time>
   </trkpt>
   <trkpt lat="69.6481800" lon="18.5370770">
    <ele>335.7</ele>
    <time>2026-05-09T16:05:06Z</time>
   </trkpt>
   <trkpt lat="69.6481610" lon="18.5371000">
    <ele>338.3</ele>
    <time>2026-05-09T16:05:07Z</time>
   </trkpt>
   <trkpt lat="69.6481610" lon="18.5371000">
    <ele>338.3</ele>
    <time>2026-05-09T16:05:08Z</time>
   </trkpt>
   <trkpt lat="69.6481610" lon="18.5371000">
    <ele>338.3</ele>
    <time>2026-05-09T16:05:09Z</time>
   </trkpt>
   <trkpt lat="69.6481410" lon="18.5371380">
    <ele>339.2</ele>
    <time>2026-05-09T16:05:10Z</time>
   </trkpt>
   <trkpt lat="69.6481410" lon="18.5371380">
    <ele>339.2</ele>
    <time>2026-05-09T16:05:11Z</time>
   </trkpt>
   <trkpt lat="69.6481410" lon="18.5371380">
    <ele>339.2</ele>
    <time>2026-05-09T16:05:12Z</time>
   </trkpt>
   <trkpt lat="69.6481410" lon="18.5371380">
    <ele>339.2</ele>
    <time>2026-05-09T16:05:13Z</time>
   </trkpt>
   <trkpt lat="69.6481210" lon="18.5371590">
    <ele>340.0</ele>
    <time>2026-05-09T16:05:14Z</time>
   </trkpt>
   <trkpt lat="69.6481210" lon="18.5371590">
    <ele>340.0</ele>
    <time>2026-05-09T16:05:15Z</time>
   </trkpt>
   <trkpt lat="69.6481210" lon="18.5371590">
    <ele>340.0</ele>
    <time>2026-05-09T16:05:16Z</time>
   </trkpt>
   <trkpt lat="69.6481210" lon="18.5371590">
    <ele>340.0</ele>
    <time>2026-05-09T16:05:17Z</time>
   </trkpt>
   <trkpt lat="69.6481030" lon="18.5371870">
    <ele>342.4</ele>
    <time>2026-05-09T16:05:18Z</time>
   </trkpt>
   <trkpt lat="69.6481030" lon="18.5371870">
    <ele>342.4</ele>
    <time>2026-05-09T16:05:19Z</time>
   </trkpt>
   <trkpt lat="69.6481030" lon="18.5371870">
    <ele>342.4</ele>
    <time>2026-05-09T16:05:20Z</time>
   </trkpt>
   <trkpt lat="69.6480890" lon="18.5372200">
    <ele>341.9</ele>
    <time>2026-05-09T16:05:21Z</time>
   </trkpt>
   <trkpt lat="69.6480890" lon="18.5372200">
    <ele>341.9</ele>
    <time>2026-05-09T16:05:22Z</time>
   </trkpt>
   <trkpt lat="69.6480890" lon="18.5372200">
    <ele>341.9</ele>
    <time>2026-05-09T16:05:23Z</time>
   </trkpt>
   <trkpt lat="69.6480890" lon="18.5372200">
    <ele>341.9</ele>
    <time>2026-05-09T16:05:24Z</time>
   </trkpt>
   <trkpt lat="69.6480720" lon="18.5372500">
    <ele>343.7</ele>
    <time>2026-05-09T16:05:25Z</time>
   </trkpt>
   <trkpt lat="69.6480720" lon="18.5372500">
    <ele>343.7</ele>
    <time>2026-05-09T16:05:26Z</time>
   </trkpt>
   <trkpt lat="69.6480720" lon="18.5372500">
    <ele>343.7</ele>
    <time>2026-05-09T16:05:27Z</time>
   </trkpt>
   <trkpt lat="69.6480720" lon="18.5372500">
    <ele>343.7</ele>
    <time>2026-05-09T16:05:28Z</time>
   </trkpt>
   <trkpt lat="69.6480720" lon="18.5372500">
    <ele>343.7</ele>
    <time>2026-05-09T16:05:29Z</time>
   </trkpt>
   <trkpt lat="69.6480550" lon="18.5372940">
    <ele>344.2</ele>
    <time>2026-05-09T16:05:30Z</time>
   </trkpt>
   <trkpt lat="69.6480550" lon="18.5372940">
    <ele>344.2</ele>
    <time>2026-05-09T16:05:31Z</time>
   </trkpt>
   <trkpt lat="69.6480550" lon="18.5372940">
    <ele>344.2</ele>
    <time>2026-05-09T16:05:32Z</time>
   </trkpt>
   <trkpt lat="69.6480550" lon="18.5372940">
    <ele>344.2</ele>
    <time>2026-05-09T16:05:33Z</time>
   </trkpt>
   <trkpt lat="69.6480420" lon="18.5373400">
    <ele>344.6</ele>
    <time>2026-05-09T16:05:34Z</time>
   </trkpt>
   <trkpt lat="69.6480420" lon="18.5373400">
    <ele>344.6</ele>
    <time>2026-05-09T16:05:35Z</time>
   </trkpt>
   <trkpt lat="69.6480420" lon="18.5373400">
    <ele>344.6</ele>
    <time>2026-05-09T16:05:36Z</time>
   </trkpt>
   <trkpt lat="69.6480420" lon="18.5373400">
    <ele>344.6</ele>
    <time>2026-05-09T16:05:37Z</time>
   </trkpt>
   <trkpt lat="69.6480270" lon="18.5373760">
    <ele>345.0</ele>
    <time>2026-05-09T16:05:38Z</time>
   </trkpt>
   <trkpt lat="69.6480270" lon="18.5373760">
    <ele>345.0</ele>
    <time>2026-05-09T16:05:39Z</time>
   </trkpt>
   <trkpt lat="69.6480270" lon="18.5373760">
    <ele>345.0</ele>
    <time>2026-05-09T16:05:40Z</time>
   </trkpt>
   <trkpt lat="69.6480270" lon="18.5373760">
    <ele>345.0</ele>
    <time>2026-05-09T16:05:41Z</time>
   </trkpt>
   <trkpt lat="69.6480270" lon="18.5373760">
    <ele>345.0</ele>
    <time>2026-05-09T16:05:42Z</time>
   </trkpt>
   <trkpt lat="69.6480270" lon="18.5373760">
    <ele>345.0</ele>
    <time>2026-05-09T16:05:43Z</time>
   </trkpt>
   <trkpt lat="69.6480130" lon="18.5374100">
    <ele>346.0</ele>
    <time>2026-05-09T16:05:44Z</time>
   </trkpt>
   <trkpt lat="69.6480130" lon="18.5374100">
    <ele>346.0</ele>
    <time>2026-05-09T16:05:45Z</time>
   </trkpt>
   <trkpt lat="69.6480130" lon="18.5374100">
    <ele>346.0</ele>
    <time>2026-05-09T16:05:46Z</time>
   </trkpt>
   <trkpt lat="69.6480130" lon="18.5374100">
    <ele>346.0</ele>
    <time>2026-05-09T16:05:47Z</time>
   </trkpt>
   <trkpt lat="69.6480130" lon="18.5374100">
    <ele>346.0</ele>
    <time>2026-05-09T16:05:48Z</time>
   </trkpt>
   <trkpt lat="69.6479960" lon="18.5374340">
    <ele>346.3</ele>
    <time>2026-05-09T16:05:49Z</time>
   </trkpt>
   <trkpt lat="69.6479960" lon="18.5374340">
    <ele>346.3</ele>
    <time>2026-05-09T16:05:50Z</time>
   </trkpt>
   <trkpt lat="69.6479960" lon="18.5374340">
    <ele>346.3</ele>
    <time>2026-05-09T16:05:51Z</time>
   </trkpt>
   <trkpt lat="69.6479960" lon="18.5374340">
    <ele>346.3</ele>
    <time>2026-05-09T16:05:52Z</time>
   </trkpt>
   <trkpt lat="69.6479800" lon="18.5374650">
    <ele>346.5</ele>
    <time>2026-05-09T16:05:53Z</time>
   </trkpt>
   <trkpt lat="69.6479800" lon="18.5374650">
    <ele>346.5</ele>
    <time>2026-05-09T16:05:54Z</time>
   </trkpt>
   <trkpt lat="69.6479800" lon="18.5374650">
    <ele>346.5</ele>
    <time>2026-05-09T16:05:55Z</time>
   </trkpt>
   <trkpt lat="69.6479800" lon="18.5374650">
    <ele>346.5</ele>
    <time>2026-05-09T16:05:56Z</time>
   </trkpt>
   <trkpt lat="69.6479680" lon="18.5375130">
    <ele>346.8</ele>
    <time>2026-05-09T16:05:57Z</time>
   </trkpt>
   <trkpt lat="69.6479680" lon="18.5375130">
    <ele>346.8</ele>
    <time>2026-05-09T16:05:58Z</time>
   </trkpt>
   <trkpt lat="69.6479680" lon="18.5375130">
    <ele>346.8</ele>
    <time>2026-05-09T16:05:59Z</time>
   </trkpt>
   <trkpt lat="69.6479680" lon="18.5375130">
    <ele>346.8</ele>
    <time>2026-05-09T16:06:00Z</time>
   </trkpt>
   <trkpt lat="69.6479550" lon="18.5375570">
    <ele>346.1</ele>
    <time>2026-05-09T16:06:01Z</time>
   </trkpt>
   <trkpt lat="69.6479550" lon="18.5375570">
    <ele>346.1</ele>
    <time>2026-05-09T16:06:02Z</time>
   </trkpt>
   <trkpt lat="69.6479550" lon="18.5375570">
    <ele>346.1</ele>
    <time>2026-05-09T16:06:03Z</time>
   </trkpt>
   <trkpt lat="69.6479550" lon="18.5375570">
    <ele>346.1</ele>
    <time>2026-05-09T16:06:04Z</time>
   </trkpt>
   <trkpt lat="69.6479550" lon="18.5375570">
    <ele>346.1</ele>
    <time>2026-05-09T16:06:05Z</time>
   </trkpt>
   <trkpt lat="69.6479380" lon="18.5376010">
    <ele>347.5</ele>
    <time>2026-05-09T16:06:06Z</time>
   </trkpt>
   <trkpt lat="69.6479380" lon="18.5376010">
    <ele>347.5</ele>
    <time>2026-05-09T16:06:07Z</time>
   </trkpt>
   <trkpt lat="69.6479380" lon="18.5376010">
    <ele>347.5</ele>
    <time>2026-05-09T16:06:08Z</time>
   </trkpt>
   <trkpt lat="69.6479380" lon="18.5376010">
    <ele>347.5</ele>
    <time>2026-05-09T16:06:09Z</time>
   </trkpt>
   <trkpt lat="69.6479220" lon="18.5376440">
    <ele>347.9</ele>
    <time>2026-05-09T16:06:10Z</time>
   </trkpt>
   <trkpt lat="69.6479220" lon="18.5376440">
    <ele>347.9</ele>
    <time>2026-05-09T16:06:11Z</time>
   </trkpt>
   <trkpt lat="69.6479220" lon="18.5376440">
    <ele>347.9</ele>
    <time>2026-05-09T16:06:12Z</time>
   </trkpt>
   <trkpt lat="69.6479220" lon="18.5376440">
    <ele>347.9</ele>
    <time>2026-05-09T16:06:13Z</time>
   </trkpt>
   <trkpt lat="69.6479090" lon="18.5376840">
    <ele>348.5</ele>
    <time>2026-05-09T16:06:14Z</time>
   </trkpt>
   <trkpt lat="69.6479090" lon="18.5376840">
    <ele>348.5</ele>
    <time>2026-05-09T16:06:15Z</time>
   </trkpt>
   <trkpt lat="69.6479090" lon="18.5376840">
    <ele>348.5</ele>
    <time>2026-05-09T16:06:16Z</time>
   </trkpt>
   <trkpt lat="69.6479090" lon="18.5376840">
    <ele>348.5</ele>
    <time>2026-05-09T16:06:17Z</time>
   </trkpt>
   <trkpt lat="69.6478960" lon="18.5377180">
    <ele>348.1</ele>
    <time>2026-05-09T16:06:18Z</time>
   </trkpt>
   <trkpt lat="69.6478960" lon="18.5377180">
    <ele>348.1</ele>
    <time>2026-05-09T16:06:19Z</time>
   </trkpt>
   <trkpt lat="69.6478960" lon="18.5377180">
    <ele>348.1</ele>
    <time>2026-05-09T16:06:20Z</time>
   </trkpt>
   <trkpt lat="69.6478960" lon="18.5377180">
    <ele>348.1</ele>
    <time>2026-05-09T16:06:21Z</time>
   </trkpt>
   <trkpt lat="69.6478810" lon="18.5377600">
    <ele>348.8</ele>
    <time>2026-05-09T16:06:22Z</time>
   </trkpt>
   <trkpt lat="69.6478810" lon="18.5377600">
    <ele>348.8</ele>
    <time>2026-05-09T16:06:23Z</time>
   </trkpt>
   <trkpt lat="69.6478810" lon="18.5377600">
    <ele>348.8</ele>
    <time>2026-05-09T16:06:24Z</time>
   </trkpt>
   <trkpt lat="69.6478810" lon="18.5377600">
    <ele>348.8</ele>
    <time>2026-05-09T16:06:25Z</time>
   </trkpt>
   <trkpt lat="69.6478810" lon="18.5377600">
    <ele>348.8</ele>
    <time>2026-05-09T16:06:26Z</time>
   </trkpt>
   <trkpt lat="69.6478660" lon="18.5377920">
    <ele>349.9</ele>
    <time>2026-05-09T16:06:27Z</time>
   </trkpt>
   <trkpt lat="69.6478660" lon="18.5377920">
    <ele>349.9</ele>
    <time>2026-05-09T16:06:28Z</time>
   </trkpt>
   <trkpt lat="69.6478660" lon="18.5377920">
    <ele>349.9</ele>
    <time>2026-05-09T16:06:29Z</time>
   </trkpt>
   <trkpt lat="69.6478490" lon="18.5378320">
    <ele>351.6</ele>
    <time>2026-05-09T16:06:30Z</time>
   </trkpt>
   <trkpt lat="69.6478490" lon="18.5378320">
    <ele>351.6</ele>
    <time>2026-05-09T16:06:31Z</time>
   </trkpt>
   <trkpt lat="69.6478490" lon="18.5378320">
    <ele>351.6</ele>
    <time>2026-05-09T16:06:32Z</time>
   </trkpt>
   <trkpt lat="69.6478490" lon="18.5378320">
    <ele>351.6</ele>
    <time>2026-05-09T16:06:33Z</time>
   </trkpt>
   <trkpt lat="69.6478350" lon="18.5378720">
    <ele>351.3</ele>
    <time>2026-05-09T16:06:34Z</time>
   </trkpt>
   <trkpt lat="69.6478350" lon="18.5378720">
    <ele>351.3</ele>
    <time>2026-05-09T16:06:35Z</time>
   </trkpt>
   <trkpt lat="69.6478350" lon="18.5378720">
    <ele>351.3</ele>
    <time>2026-05-09T16:06:36Z</time>
   </trkpt>
   <trkpt lat="69.6478350" lon="18.5378720">
    <ele>351.3</ele>
    <time>2026-05-09T16:06:37Z</time>
   </trkpt>
   <trkpt lat="69.6478170" lon="18.5379080">
    <ele>352.9</ele>
    <time>2026-05-09T16:06:38Z</time>
   </trkpt>
   <trkpt lat="69.6478170" lon="18.5379080">
    <ele>352.9</ele>
    <time>2026-05-09T16:06:39Z</time>
   </trkpt>
   <trkpt lat="69.6478170" lon="18.5379080">
    <ele>352.9</ele>
    <time>2026-05-09T16:06:40Z</time>
   </trkpt>
   <trkpt lat="69.6478170" lon="18.5379080">
    <ele>352.9</ele>
    <time>2026-05-09T16:06:41Z</time>
   </trkpt>
   <trkpt lat="69.6478010" lon="18.5379500">
    <ele>353.5</ele>
    <time>2026-05-09T16:06:42Z</time>
   </trkpt>
   <trkpt lat="69.6478010" lon="18.5379500">
    <ele>353.5</ele>
    <time>2026-05-09T16:06:43Z</time>
   </trkpt>
   <trkpt lat="69.6478010" lon="18.5379500">
    <ele>353.5</ele>
    <time>2026-05-09T16:06:44Z</time>
   </trkpt>
   <trkpt lat="69.6478010" lon="18.5379500">
    <ele>353.5</ele>
    <time>2026-05-09T16:06:45Z</time>
   </trkpt>
   <trkpt lat="69.6477840" lon="18.5379820">
    <ele>354.1</ele>
    <time>2026-05-09T16:06:46Z</time>
   </trkpt>
   <trkpt lat="69.6477840" lon="18.5379820">
    <ele>354.1</ele>
    <time>2026-05-09T16:06:47Z</time>
   </trkpt>
   <trkpt lat="69.6477840" lon="18.5379820">
    <ele>354.1</ele>
    <time>2026-05-09T16:06:48Z</time>
   </trkpt>
   <trkpt lat="69.6477690" lon="18.5380130">
    <ele>354.6</ele>
    <time>2026-05-09T16:06:49Z</time>
   </trkpt>
   <trkpt lat="69.6477690" lon="18.5380130">
    <ele>354.6</ele>
    <time>2026-05-09T16:06:50Z</time>
   </trkpt>
   <trkpt lat="69.6477690" lon="18.5380130">
    <ele>354.6</ele>
    <time>2026-05-09T16:06:51Z</time>
   </trkpt>
   <trkpt lat="69.6477690" lon="18.5380130">
    <ele>354.6</ele>
    <time>2026-05-09T16:06:52Z</time>
   </trkpt>
   <trkpt lat="69.6477690" lon="18.5380130">
    <ele>354.6</ele>
    <time>2026-05-09T16:06:53Z</time>
   </trkpt>
   <trkpt lat="69.6477490" lon="18.5380470">
    <ele>355.5</ele>
    <time>2026-05-09T16:06:54Z</time>
   </trkpt>
   <trkpt lat="69.6477490" lon="18.5380470">
    <ele>355.5</ele>
    <time>2026-05-09T16:06:55Z</time>
   </trkpt>
   <trkpt lat="69.6477490" lon="18.5380470">
    <ele>355.5</ele>
    <time>2026-05-09T16:06:56Z</time>
   </trkpt>
   <trkpt lat="69.6477490" lon="18.5380470">
    <ele>355.5</ele>
    <time>2026-05-09T16:06:57Z</time>
   </trkpt>
   <trkpt lat="69.6477490" lon="18.5380470">
    <ele>355.5</ele>
    <time>2026-05-09T16:06:58Z</time>
   </trkpt>
   <trkpt lat="69.6477320" lon="18.5380810">
    <ele>356.1</ele>
    <time>2026-05-09T16:06:59Z</time>
   </trkpt>
   <trkpt lat="69.6477320" lon="18.5380810">
    <ele>356.1</ele>
    <time>2026-05-09T16:07:00Z</time>
   </trkpt>
   <trkpt lat="69.6477320" lon="18.5380810">
    <ele>356.1</ele>
    <time>2026-05-09T16:07:01Z</time>
   </trkpt>
   <trkpt lat="69.6477320" lon="18.5380810">
    <ele>356.1</ele>
    <time>2026-05-09T16:07:02Z</time>
   </trkpt>
   <trkpt lat="69.6477320" lon="18.5380810">
    <ele>356.1</ele>
    <time>2026-05-09T16:07:03Z</time>
   </trkpt>
   <trkpt lat="69.6477140" lon="18.5381090">
    <ele>357.6</ele>
    <time>2026-05-09T16:07:04Z</time>
   </trkpt>
   <trkpt lat="69.6477140" lon="18.5381090">
    <ele>357.6</ele>
    <time>2026-05-09T16:07:05Z</time>
   </trkpt>
   <trkpt lat="69.6477140" lon="18.5381090">
    <ele>357.6</ele>
    <time>2026-05-09T16:07:06Z</time>
   </trkpt>
   <trkpt lat="69.6477140" lon="18.5381090">
    <ele>357.6</ele>
    <time>2026-05-09T16:07:07Z</time>
   </trkpt>
   <trkpt lat="69.6476960" lon="18.5381420">
    <ele>358.3</ele>
    <time>2026-05-09T16:07:08Z</time>
   </trkpt>
   <trkpt lat="69.6476960" lon="18.5381420">
    <ele>358.3</ele>
    <time>2026-05-09T16:07:09Z</time>
   </trkpt>
   <trkpt lat="69.6476960" lon="18.5381420">
    <ele>358.3</ele>
    <time>2026-05-09T16:07:10Z</time>
   </trkpt>
   <trkpt lat="69.6476960" lon="18.5381420">
    <ele>358.3</ele>
    <time>2026-05-09T16:07:11Z</time>
   </trkpt>
   <trkpt lat="69.6476790" lon="18.5381740">
    <ele>359.3</ele>
    <time>2026-05-09T16:07:12Z</time>
   </trkpt>
   <trkpt lat="69.6476790" lon="18.5381740">
    <ele>359.3</ele>
    <time>2026-05-09T16:07:13Z</time>
   </trkpt>
   <trkpt lat="69.6476790" lon="18.5381740">
    <ele>359.3</ele>
    <time>2026-05-09T16:07:14Z</time>
   </trkpt>
   <trkpt lat="69.6476790" lon="18.5381740">
    <ele>359.3</ele>
    <time>2026-05-09T16:07:15Z</time>
   </trkpt>
   <trkpt lat="69.6476620" lon="18.5382090">
    <ele>360.0</ele>
    <time>2026-05-09T16:07:16Z</time>
   </trkpt>
   <trkpt lat="69.6476620" lon="18.5382090">
    <ele>360.0</ele>
    <time>2026-05-09T16:07:17Z</time>
   </trkpt>
   <trkpt lat="69.6476620" lon="18.5382090">
    <ele>360.0</ele>
    <time>2026-05-09T16:07:18Z</time>
   </trkpt>
   <trkpt lat="69.6476620" lon="18.5382090">
    <ele>360.0</ele>
    <time>2026-05-09T16:07:19Z</time>
   </trkpt>
   <trkpt lat="69.6476460" lon="18.5382440">
    <ele>360.8</ele>
    <time>2026-05-09T16:07:20Z</time>
   </trkpt>
   <trkpt lat="69.6476460" lon="18.5382440">
    <ele>360.8</ele>
    <time>2026-05-09T16:07:21Z</time>
   </trkpt>
   <trkpt lat="69.6476460" lon="18.5382440">
    <ele>360.8</ele>
    <time>2026-05-09T16:07:22Z</time>
   </trkpt>
   <trkpt lat="69.6476460" lon="18.5382440">
    <ele>360.8</ele>
    <time>2026-05-09T16:07:23Z</time>
   </trkpt>
   <trkpt lat="69.6476320" lon="18.5382770">
    <ele>361.6</ele>
    <time>2026-05-09T16:07:24Z</time>
   </trkpt>
   <trkpt lat="69.6476320" lon="18.5382770">
    <ele>361.6</ele>
    <time>2026-05-09T16:07:25Z</time>
   </trkpt>
   <trkpt lat="69.6476320" lon="18.5382770">
    <ele>361.6</ele>
    <time>2026-05-09T16:07:26Z</time>
   </trkpt>
   <trkpt lat="69.6476320" lon="18.5382770">
    <ele>361.6</ele>
    <time>2026-05-09T16:07:27Z</time>
   </trkpt>
   <trkpt lat="69.6476180" lon="18.5383160">
    <ele>362.4</ele>
    <time>2026-05-09T16:07:28Z</time>
   </trkpt>
   <trkpt lat="69.6476180" lon="18.5383160">
    <ele>362.4</ele>
    <time>2026-05-09T16:07:29Z</time>
   </trkpt>
   <trkpt lat="69.6476180" lon="18.5383160">
    <ele>362.4</ele>
    <time>2026-05-09T16:07:30Z</time>
   </trkpt>
   <trkpt lat="69.6476180" lon="18.5383160">
    <ele>362.4</ele>
    <time>2026-05-09T16:07:31Z</time>
   </trkpt>
   <trkpt lat="69.6476180" lon="18.5383160">
    <ele>362.4</ele>
    <time>2026-05-09T16:07:32Z</time>
   </trkpt>
   <trkpt lat="69.6476020" lon="18.5383600">
    <ele>363.3</ele>
    <time>2026-05-09T16:07:33Z</time>
   </trkpt>
   <trkpt lat="69.6476020" lon="18.5383600">
    <ele>363.3</ele>
    <time>2026-05-09T16:07:34Z</time>
   </trkpt>
   <trkpt lat="69.6476020" lon="18.5383600">
    <ele>363.3</ele>
    <time>2026-05-09T16:07:35Z</time>
   </trkpt>
   <trkpt lat="69.6476020" lon="18.5383600">
    <ele>363.3</ele>
    <time>2026-05-09T16:07:36Z</time>
   </trkpt>
   <trkpt lat="69.6476020" lon="18.5383600">
    <ele>363.3</ele>
    <time>2026-05-09T16:07:37Z</time>
   </trkpt>
   <trkpt lat="69.6475900" lon="18.5384080">
    <ele>364.2</ele>
    <time>2026-05-09T16:07:38Z</time>
   </trkpt>
   <trkpt lat="69.6475900" lon="18.5384080">
    <ele>364.2</ele>
    <time>2026-05-09T16:07:39Z</time>
   </trkpt>
   <trkpt lat="69.6475900" lon="18.5384080">
    <ele>364.2</ele>
    <time>2026-05-09T16:07:40Z</time>
   </trkpt>
   <trkpt lat="69.6475900" lon="18.5384080">
    <ele>364.2</ele>
    <time>2026-05-09T16:07:41Z</time>
   </trkpt>
   <trkpt lat="69.6475740" lon="18.5384500">
    <ele>365.1</ele>
    <time>2026-05-09T16:07:42Z</time>
   </trkpt>
   <trkpt lat="69.6475740" lon="18.5384500">
    <ele>365.1</ele>
    <time>2026-05-09T16:07:43Z</time>
   </trkpt>
   <trkpt lat="69.6475740" lon="18.5384500">
    <ele>365.1</ele>
    <time>2026-05-09T16:07:44Z</time>
   </trkpt>
   <trkpt lat="69.6475740" lon="18.5384500">
    <ele>365.1</ele>
    <time>2026-05-09T16:07:45Z</time>
   </trkpt>
   <trkpt lat="69.6475570" lon="18.5384860">
    <ele>366.1</ele>
    <time>2026-05-09T16:07:46Z</time>
   </trkpt>
   <trkpt lat="69.6475570" lon="18.5384860">
    <ele>366.1</ele>
    <time>2026-05-09T16:07:47Z</time>
   </trkpt>
   <trkpt lat="69.6475570" lon="18.5384860">
    <ele>366.1</ele>
    <time>2026-05-09T16:07:48Z</time>
   </trkpt>
   <trkpt lat="69.6475570" lon="18.5384860">
    <ele>366.1</ele>
    <time>2026-05-09T16:07:49Z</time>
   </trkpt>
   <trkpt lat="69.6475570" lon="18.5384860">
    <ele>366.1</ele>
    <time>2026-05-09T16:07:50Z</time>
   </trkpt>
   <trkpt lat="69.6475410" lon="18.5385260">
    <ele>367.0</ele>
    <time>2026-05-09T16:07:51Z</time>
   </trkpt>
   <trkpt lat="69.6475410" lon="18.5385260">
    <ele>367.0</ele>
    <time>2026-05-09T16:07:52Z</time>
   </trkpt>
   <trkpt lat="69.6475410" lon="18.5385260">
    <ele>367.0</ele>
    <time>2026-05-09T16:07:53Z</time>
   </trkpt>
   <trkpt lat="69.6475410" lon="18.5385260">
    <ele>367.0</ele>
    <time>2026-05-09T16:07:54Z</time>
   </trkpt>
   <trkpt lat="69.6475250" lon="18.5385580">
    <ele>368.0</ele>
    <time>2026-05-09T16:07:55Z</time>
   </trkpt>
   <trkpt lat="69.6475250" lon="18.5385580">
    <ele>368.0</ele>
    <time>2026-05-09T16:07:56Z</time>
   </trkpt>
   <trkpt lat="69.6475250" lon="18.5385580">
    <ele>368.0</ele>
    <time>2026-05-09T16:07:57Z</time>
   </trkpt>
   <trkpt lat="69.6475250" lon="18.5385580">
    <ele>368.0</ele>
    <time>2026-05-09T16:07:58Z</time>
   </trkpt>
   <trkpt lat="69.6475090" lon="18.5385870">
    <ele>369.0</ele>
    <time>2026-05-09T16:07:59Z</time>
   </trkpt>
   <trkpt lat="69.6475090" lon="18.5385870">
    <ele>369.0</ele>
    <time>2026-05-09T16:08:00Z</time>
   </trkpt>
   <trkpt lat="69.6475090" lon="18.5385870">
    <ele>369.0</ele>
    <time>2026-05-09T16:08:01Z</time>
   </trkpt>
   <trkpt lat="69.6475090" lon="18.5385870">
    <ele>369.0</ele>
    <time>2026-05-09T16:08:02Z</time>
   </trkpt>
   <trkpt lat="69.6474970" lon="18.5386370">
    <ele>370.1</ele>
    <time>2026-05-09T16:08:03Z</time>
   </trkpt>
   <trkpt lat="69.6474970" lon="18.5386370">
    <ele>370.1</ele>
    <time>2026-05-09T16:08:04Z</time>
   </trkpt>
   <trkpt lat="69.6474970" lon="18.5386370">
    <ele>370.1</ele>
    <time>2026-05-09T16:08:05Z</time>
   </trkpt>
   <trkpt lat="69.6474820" lon="18.5386810">
    <ele>371.1</ele>
    <time>2026-05-09T16:08:06Z</time>
   </trkpt>
   <trkpt lat="69.6474820" lon="18.5386810">
    <ele>371.1</ele>
    <time>2026-05-09T16:08:07Z</time>
   </trkpt>
   <trkpt lat="69.6474820" lon="18.5386810">
    <ele>371.1</ele>
    <time>2026-05-09T16:08:08Z</time>
   </trkpt>
   <trkpt lat="69.6474820" lon="18.5386810">
    <ele>371.1</ele>
    <time>2026-05-09T16:08:09Z</time>
   </trkpt>
   <trkpt lat="69.6474820" lon="18.5386810">
    <ele>371.1</ele>
    <time>2026-05-09T16:08:10Z</time>
   </trkpt>
   <trkpt lat="69.6474670" lon="18.5387230">
    <ele>372.2</ele>
    <time>2026-05-09T16:08:11Z</time>
   </trkpt>
   <trkpt lat="69.6474670" lon="18.5387230">
    <ele>372.2</ele>
    <time>2026-05-09T16:08:12Z</time>
   </trkpt>
   <trkpt lat="69.6474670" lon="18.5387230">
    <ele>372.2</ele>
    <time>2026-05-09T16:08:13Z</time>
   </trkpt>
   <trkpt lat="69.6474670" lon="18.5387230">
    <ele>372.2</ele>
    <time>2026-05-09T16:08:14Z</time>
   </trkpt>
   <trkpt lat="69.6474560" lon="18.5387650">
    <ele>373.4</ele>
    <time>2026-05-09T16:08:15Z</time>
   </trkpt>
   <trkpt lat="69.6474560" lon="18.5387650">
    <ele>373.4</ele>
    <time>2026-05-09T16:08:16Z</time>
   </trkpt>
   <trkpt lat="69.6474560" lon="18.5387650">
    <ele>373.4</ele>
    <time>2026-05-09T16:08:17Z</time>
   </trkpt>
   <trkpt lat="69.6474560" lon="18.5387650">
    <ele>373.4</ele>
    <time>2026-05-09T16:08:18Z</time>
   </trkpt>
   <trkpt lat="69.6474510" lon="18.5388200">
    <ele>373.5</ele>
    <time>2026-05-09T16:08:19Z</time>
   </trkpt>
   <trkpt lat="69.6474510" lon="18.5388200">
    <ele>373.5</ele>
    <time>2026-05-09T16:08:20Z</time>
   </trkpt>
   <trkpt lat="69.6474510" lon="18.5388200">
    <ele>373.5</ele>
    <time>2026-05-09T16:08:21Z</time>
   </trkpt>
   <trkpt lat="69.6474510" lon="18.5388200">
    <ele>373.5</ele>
    <time>2026-05-09T16:08:22Z</time>
   </trkpt>
   <trkpt lat="69.6474430" lon="18.5388730">
    <ele>374.8</ele>
    <time>2026-05-09T16:08:23Z</time>
   </trkpt>
   <trkpt lat="69.6474430" lon="18.5388730">
    <ele>374.8</ele>
    <time>2026-05-09T16:08:24Z</time>
   </trkpt>
   <trkpt lat="69.6474430" lon="18.5388730">
    <ele>374.8</ele>
    <time>2026-05-09T16:08:25Z</time>
   </trkpt>
   <trkpt lat="69.6474430" lon="18.5388730">
    <ele>374.8</ele>
    <time>2026-05-09T16:08:26Z</time>
   </trkpt>
   <trkpt lat="69.6474360" lon="18.5389270">
    <ele>374.9</ele>
    <time>2026-05-09T16:08:27Z</time>
   </trkpt>
   <trkpt lat="69.6474360" lon="18.5389270">
    <ele>374.9</ele>
    <time>2026-05-09T16:08:28Z</time>
   </trkpt>
   <trkpt lat="69.6474360" lon="18.5389270">
    <ele>374.9</ele>
    <time>2026-05-09T16:08:29Z</time>
   </trkpt>
   <trkpt lat="69.6474360" lon="18.5389270">
    <ele>374.9</ele>
    <time>2026-05-09T16:08:30Z</time>
   </trkpt>
   <trkpt lat="69.6474360" lon="18.5389270">
    <ele>374.9</ele>
    <time>2026-05-09T16:08:31Z</time>
   </trkpt>
   <trkpt lat="69.6474250" lon="18.5389800">
    <ele>376.1</ele>
    <time>2026-05-09T16:08:32Z</time>
   </trkpt>
   <trkpt lat="69.6474250" lon="18.5389800">
    <ele>376.1</ele>
    <time>2026-05-09T16:08:33Z</time>
   </trkpt>
   <trkpt lat="69.6474250" lon="18.5389800">
    <ele>376.1</ele>
    <time>2026-05-09T16:08:34Z</time>
   </trkpt>
   <trkpt lat="69.6474250" lon="18.5389800">
    <ele>376.1</ele>
    <time>2026-05-09T16:08:35Z</time>
   </trkpt>
   <trkpt lat="69.6474160" lon="18.5390290">
    <ele>377.2</ele>
    <time>2026-05-09T16:08:36Z</time>
   </trkpt>
   <trkpt lat="69.6474160" lon="18.5390290">
    <ele>377.2</ele>
    <time>2026-05-09T16:08:37Z</time>
   </trkpt>
   <trkpt lat="69.6474160" lon="18.5390290">
    <ele>377.2</ele>
    <time>2026-05-09T16:08:38Z</time>
   </trkpt>
   <trkpt lat="69.6474160" lon="18.5390290">
    <ele>377.2</ele>
    <time>2026-05-09T16:08:39Z</time>
   </trkpt>
   <trkpt lat="69.6474160" lon="18.5390290">
    <ele>377.2</ele>
    <time>2026-05-09T16:08:40Z</time>
   </trkpt>
   <trkpt lat="69.6474160" lon="18.5390290">
    <ele>377.2</ele>
    <time>2026-05-09T16:08:41Z</time>
   </trkpt>
   <trkpt lat="69.6474160" lon="18.5390290">
    <ele>377.2</ele>
    <time>2026-05-09T16:08:42Z</time>
   </trkpt>
   <trkpt lat="69.6473970" lon="18.5390480">
    <ele>378.2</ele>
    <time>2026-05-09T16:08:43Z</time>
   </trkpt>
   <trkpt lat="69.6473970" lon="18.5390480">
    <ele>378.2</ele>
    <time>2026-05-09T16:08:44Z</time>
   </trkpt>
   <trkpt lat="69.6473970" lon="18.5390480">
    <ele>378.2</ele>
    <time>2026-05-09T16:08:45Z</time>
   </trkpt>
   <trkpt lat="69.6473970" lon="18.5390480">
    <ele>378.2</ele>
    <time>2026-05-09T16:08:46Z</time>
   </trkpt>
   <trkpt lat="69.6473780" lon="18.5390290">
    <ele>379.1</ele>
    <time>2026-05-09T16:08:47Z</time>
   </trkpt>
   <trkpt lat="69.6473780" lon="18.5390290">
    <ele>379.1</ele>
    <time>2026-05-09T16:08:48Z</time>
   </trkpt>
   <trkpt lat="69.6473780" lon="18.5390290">
    <ele>379.1</ele>
    <time>2026-05-09T16:08:49Z</time>
   </trkpt>
   <trkpt lat="69.6473780" lon="18.5390290">
    <ele>379.1</ele>
    <time>2026-05-09T16:08:50Z</time>
   </trkpt>
   <trkpt lat="69.6473780" lon="18.5390290">
    <ele>379.1</ele>
    <time>2026-05-09T16:08:51Z</time>
   </trkpt>
   <trkpt lat="69.6473580" lon="18.5389930">
    <ele>379.9</ele>
    <time>2026-05-09T16:08:52Z</time>
   </trkpt>
   <trkpt lat="69.6473580" lon="18.5389930">
    <ele>379.9</ele>
    <time>2026-05-09T16:08:53Z</time>
   </trkpt>
   <trkpt lat="69.6473580" lon="18.5389930">
    <ele>379.9</ele>
    <time>2026-05-09T16:08:54Z</time>
   </trkpt>
   <trkpt lat="69.6473580" lon="18.5389930">
    <ele>379.9</ele>
    <time>2026-05-09T16:08:55Z</time>
   </trkpt>
   <trkpt lat="69.6473580" lon="18.5389930">
    <ele>379.9</ele>
    <time>2026-05-09T16:08:56Z</time>
   </trkpt>
   <trkpt lat="69.6473420" lon="18.5389540">
    <ele>380.8</ele>
    <time>2026-05-09T16:08:57Z</time>
   </trkpt>
   <trkpt lat="69.6473420" lon="18.5389540">
    <ele>380.8</ele>
    <time>2026-05-09T16:08:58Z</time>
   </trkpt>
   <trkpt lat="69.6473420" lon="18.5389540">
    <ele>380.8</ele>
    <time>2026-05-09T16:08:59Z</time>
   </trkpt>
   <trkpt lat="69.6473420" lon="18.5389540">
    <ele>380.8</ele>
    <time>2026-05-09T16:09:00Z</time>
   </trkpt>
   <trkpt lat="69.6473420" lon="18.5389540">
    <ele>380.8</ele>
    <time>2026-05-09T16:09:01Z</time>
   </trkpt>
   <trkpt lat="69.6473260" lon="18.5389160">
    <ele>382.8</ele>
    <time>2026-05-09T16:09:02Z</time>
   </trkpt>
   <trkpt lat="69.6473260" lon="18.5389160">
    <ele>382.8</ele>
    <time>2026-05-09T16:09:03Z</time>
   </trkpt>
   <trkpt lat="69.6473260" lon="18.5389160">
    <ele>382.8</ele>
    <time>2026-05-09T16:09:04Z</time>
   </trkpt>
   <trkpt lat="69.6473260" lon="18.5389160">
    <ele>382.8</ele>
    <time>2026-05-09T16:09:05Z</time>
   </trkpt>
   <trkpt lat="69.6473110" lon="18.5388840">
    <ele>383.7</ele>
    <time>2026-05-09T16:09:06Z</time>
   </trkpt>
   <trkpt lat="69.6473110" lon="18.5388840">
    <ele>383.7</ele>
    <time>2026-05-09T16:09:07Z</time>
   </trkpt>
   <trkpt lat="69.6473110" lon="18.5388840">
    <ele>383.7</ele>
    <time>2026-05-09T16:09:08Z</time>
   </trkpt>
   <trkpt lat="69.6473110" lon="18.5388840">
    <ele>383.7</ele>
    <time>2026-05-09T16:09:09Z</time>
   </trkpt>
   <trkpt lat="69.6473110" lon="18.5388840">
    <ele>383.7</ele>
    <time>2026-05-09T16:09:10Z</time>
   </trkpt>
   <trkpt lat="69.6472930" lon="18.5388430">
    <ele>384.6</ele>
    <time>2026-05-09T16:09:11Z</time>
   </trkpt>
   <trkpt lat="69.6472930" lon="18.5388430">
    <ele>384.6</ele>
    <time>2026-05-09T16:09:12Z</time>
   </trkpt>
   <trkpt lat="69.6472930" lon="18.5388430">
    <ele>384.6</ele>
    <time>2026-05-09T16:09:13Z</time>
   </trkpt>
   <trkpt lat="69.6472930" lon="18.5388430">
    <ele>384.6</ele>
    <time>2026-05-09T16:09:14Z</time>
   </trkpt>
   <trkpt lat="69.6472780" lon="18.5388080">
    <ele>385.6</ele>
    <time>2026-05-09T16:09:15Z</time>
   </trkpt>
   <trkpt lat="69.6472780" lon="18.5388080">
    <ele>385.6</ele>
    <time>2026-05-09T16:09:16Z</time>
   </trkpt>
   <trkpt lat="69.6472780" lon="18.5388080">
    <ele>385.6</ele>
    <time>2026-05-09T16:09:17Z</time>
   </trkpt>
   <trkpt lat="69.6472780" lon="18.5388080">
    <ele>385.6</ele>
    <time>2026-05-09T16:09:18Z</time>
   </trkpt>
   <trkpt lat="69.6472640" lon="18.5387720">
    <ele>386.6</ele>
    <time>2026-05-09T16:09:19Z</time>
   </trkpt>
   <trkpt lat="69.6472640" lon="18.5387720">
    <ele>386.6</ele>
    <time>2026-05-09T16:09:20Z</time>
   </trkpt>
   <trkpt lat="69.6472640" lon="18.5387720">
    <ele>386.6</ele>
    <time>2026-05-09T16:09:21Z</time>
   </trkpt>
   <trkpt lat="69.6472640" lon="18.5387720">
    <ele>386.6</ele>
    <time>2026-05-09T16:09:22Z</time>
   </trkpt>
   <trkpt lat="69.6472640" lon="18.5387720">
    <ele>386.6</ele>
    <time>2026-05-09T16:09:23Z</time>
   </trkpt>
   <trkpt lat="69.6472490" lon="18.5387330">
    <ele>387.5</ele>
    <time>2026-05-09T16:09:24Z</time>
   </trkpt>
   <trkpt lat="69.6472490" lon="18.5387330">
    <ele>387.5</ele>
    <time>2026-05-09T16:09:25Z</time>
   </trkpt>
   <trkpt lat="69.6472490" lon="18.5387330">
    <ele>387.5</ele>
    <time>2026-05-09T16:09:26Z</time>
   </trkpt>
   <trkpt lat="69.6472490" lon="18.5387330">
    <ele>387.5</ele>
    <time>2026-05-09T16:09:27Z</time>
   </trkpt>
   <trkpt lat="69.6472490" lon="18.5387330">
    <ele>387.5</ele>
    <time>2026-05-09T16:09:28Z</time>
   </trkpt>
   <trkpt lat="69.6472360" lon="18.5386870">
    <ele>388.5</ele>
    <time>2026-05-09T16:09:29Z</time>
   </trkpt>
   <trkpt lat="69.6472360" lon="18.5386870">
    <ele>388.5</ele>
    <time>2026-05-09T16:09:30Z</time>
   </trkpt>
   <trkpt lat="69.6472360" lon="18.5386870">
    <ele>388.5</ele>
    <time>2026-05-09T16:09:31Z</time>
   </trkpt>
   <trkpt lat="69.6472360" lon="18.5386870">
    <ele>388.5</ele>
    <time>2026-05-09T16:09:32Z</time>
   </trkpt>
   <trkpt lat="69.6472360" lon="18.5386870">
    <ele>388.5</ele>
    <time>2026-05-09T16:09:33Z</time>
   </trkpt>
   <trkpt lat="69.6472220" lon="18.5386470">
    <ele>389.4</ele>
    <time>2026-05-09T16:09:34Z</time>
   </trkpt>
   <trkpt lat="69.6472220" lon="18.5386470">
    <ele>389.4</ele>
    <time>2026-05-09T16:09:35Z</time>
   </trkpt>
   <trkpt lat="69.6472220" lon="18.5386470">
    <ele>389.4</ele>
    <time>2026-05-09T16:09:36Z</time>
   </trkpt>
   <trkpt lat="69.6472220" lon="18.5386470">
    <ele>389.4</ele>
    <time>2026-05-09T16:09:37Z</time>
   </trkpt>
   <trkpt lat="69.6472220" lon="18.5386470">
    <ele>389.4</ele>
    <time>2026-05-09T16:09:38Z</time>
   </trkpt>
   <trkpt lat="69.6472050" lon="18.5386060">
    <ele>390.3</ele>
    <time>2026-05-09T16:09:39Z</time>
   </trkpt>
   <trkpt lat="69.6472050" lon="18.5386060">
    <ele>390.3</ele>
    <time>2026-05-09T16:09:40Z</time>
   </trkpt>
   <trkpt lat="69.6472050" lon="18.5386060">
    <ele>390.3</ele>
    <time>2026-05-09T16:09:41Z</time>
   </trkpt>
   <trkpt lat="69.6472050" lon="18.5386060">
    <ele>390.3</ele>
    <time>2026-05-09T16:09:42Z</time>
   </trkpt>
   <trkpt lat="69.6472050" lon="18.5386060">
    <ele>390.3</ele>
    <time>2026-05-09T16:09:43Z</time>
   </trkpt>
   <trkpt lat="69.6471910" lon="18.5385670">
    <ele>391.2</ele>
    <time>2026-05-09T16:09:44Z</time>
   </trkpt>
   <trkpt lat="69.6471910" lon="18.5385670">
    <ele>391.2</ele>
    <time>2026-05-09T16:09:45Z</time>
   </trkpt>
   <trkpt lat="69.6471910" lon="18.5385670">
    <ele>391.2</ele>
    <time>2026-05-09T16:09:46Z</time>
   </trkpt>
   <trkpt lat="69.6471910" lon="18.5385670">
    <ele>391.2</ele>
    <time>2026-05-09T16:09:47Z</time>
   </trkpt>
   <trkpt lat="69.6471910" lon="18.5385670">
    <ele>391.2</ele>
    <time>2026-05-09T16:09:48Z</time>
   </trkpt>
   <trkpt lat="69.6471760" lon="18.5385290">
    <ele>392.2</ele>
    <time>2026-05-09T16:09:49Z</time>
   </trkpt>
   <trkpt lat="69.6471760" lon="18.5385290">
    <ele>392.2</ele>
    <time>2026-05-09T16:09:50Z</time>
   </trkpt>
   <trkpt lat="69.6471760" lon="18.5385290">
    <ele>392.2</ele>
    <time>2026-05-09T16:09:51Z</time>
   </trkpt>
   <trkpt lat="69.6471760" lon="18.5385290">
    <ele>392.2</ele>
    <time>2026-05-09T16:09:52Z</time>
   </trkpt>
   <trkpt lat="69.6471760" lon="18.5385290">
    <ele>392.2</ele>
    <time>2026-05-09T16:09:53Z</time>
   </trkpt>
   <trkpt lat="69.6471760" lon="18.5385290">
    <ele>392.2</ele>
    <time>2026-05-09T16:09:54Z</time>
   </trkpt>
   <trkpt lat="69.6471760" lon="18.5385290">
    <ele>392.2</ele>
    <time>2026-05-09T16:09:55Z</time>
   </trkpt>
   <trkpt lat="69.6471760" lon="18.5385290">
    <ele>392.2</ele>
    <time>2026-05-09T16:09:56Z</time>
   </trkpt>
   <trkpt lat="69.6471570" lon="18.5385290">
    <ele>393.2</ele>
    <time>2026-05-09T16:09:57Z</time>
   </trkpt>
   <trkpt lat="69.6471570" lon="18.5385290">
    <ele>393.2</ele>
    <time>2026-05-09T16:09:58Z</time>
   </trkpt>
   <trkpt lat="69.6471570" lon="18.5385290">
    <ele>393.2</ele>
    <time>2026-05-09T16:09:59Z</time>
   </trkpt>
   <trkpt lat="69.6471570" lon="18.5385290">
    <ele>393.2</ele>
    <time>2026-05-09T16:10:00Z</time>
   </trkpt>
   <trkpt lat="69.6471570" lon="18.5385290">
    <ele>393.2</ele>
    <time>2026-05-09T16:10:01Z</time>
   </trkpt>
   <trkpt lat="69.6471430" lon="18.5385660">
    <ele>394.2</ele>
    <time>2026-05-09T16:10:02Z</time>
   </trkpt>
   <trkpt lat="69.6471430" lon="18.5385660">
    <ele>394.2</ele>
    <time>2026-05-09T16:10:03Z</time>
   </trkpt>
   <trkpt lat="69.6471430" lon="18.5385660">
    <ele>394.2</ele>
    <time>2026-05-09T16:10:04Z</time>
   </trkpt>
   <trkpt lat="69.6471430" lon="18.5385660">
    <ele>394.2</ele>
    <time>2026-05-09T16:10:05Z</time>
   </trkpt>
   <trkpt lat="69.6471430" lon="18.5385660">
    <ele>394.2</ele>
    <time>2026-05-09T16:10:06Z</time>
   </trkpt>
   <trkpt lat="69.6471270" lon="18.5386110">
    <ele>395.2</ele>
    <time>2026-05-09T16:10:07Z</time>
   </trkpt>
   <trkpt lat="69.6471270" lon="18.5386110">
    <ele>395.2</ele>
    <time>2026-05-09T16:10:08Z</time>
   </trkpt>
   <trkpt lat="69.6471270" lon="18.5386110">
    <ele>395.2</ele>
    <time>2026-05-09T16:10:09Z</time>
   </trkpt>
   <trkpt lat="69.6471270" lon="18.5386110">
    <ele>395.2</ele>
    <time>2026-05-09T16:10:10Z</time>
   </trkpt>
   <trkpt lat="69.6471100" lon="18.5386490">
    <ele>396.3</ele>
    <time>2026-05-09T16:10:11Z</time>
   </trkpt>
   <trkpt lat="69.6471100" lon="18.5386490">
    <ele>396.3</ele>
    <time>2026-05-09T16:10:12Z</time>
   </trkpt>
   <trkpt lat="69.6471100" lon="18.5386490">
    <ele>396.3</ele>
    <time>2026-05-09T16:10:13Z</time>
   </trkpt>
   <trkpt lat="69.6471100" lon="18.5386490">
    <ele>396.3</ele>
    <time>2026-05-09T16:10:14Z</time>
   </trkpt>
   <trkpt lat="69.6471100" lon="18.5386490">
    <ele>396.3</ele>
    <time>2026-05-09T16:10:15Z</time>
   </trkpt>
   <trkpt lat="69.6470960" lon="18.5386900">
    <ele>397.4</ele>
    <time>2026-05-09T16:10:16Z</time>
   </trkpt>
   <trkpt lat="69.6470960" lon="18.5386900">
    <ele>397.4</ele>
    <time>2026-05-09T16:10:17Z</time>
   </trkpt>
   <trkpt lat="69.6470960" lon="18.5386900">
    <ele>397.4</ele>
    <time>2026-05-09T16:10:18Z</time>
   </trkpt>
   <trkpt lat="69.6470830" lon="18.5387300">
    <ele>398.4</ele>
    <time>2026-05-09T16:10:19Z</time>
   </trkpt>
   <trkpt lat="69.6470830" lon="18.5387300">
    <ele>398.4</ele>
    <time>2026-05-09T16:10:20Z</time>
   </trkpt>
   <trkpt lat="69.6470830" lon="18.5387300">
    <ele>398.4</ele>
    <time>2026-05-09T16:10:21Z</time>
   </trkpt>
   <trkpt lat="69.6470830" lon="18.5387300">
    <ele>398.4</ele>
    <time>2026-05-09T16:10:22Z</time>
   </trkpt>
   <trkpt lat="69.6470830" lon="18.5387300">
    <ele>398.4</ele>
    <time>2026-05-09T16:10:23Z</time>
   </trkpt>
   <trkpt lat="69.6470710" lon="18.5387700">
    <ele>399.5</ele>
    <time>2026-05-09T16:10:24Z</time>
   </trkpt>
   <trkpt lat="69.6470710" lon="18.5387700">
    <ele>399.5</ele>
    <time>2026-05-09T16:10:25Z</time>
   </trkpt>
   <trkpt lat="69.6470710" lon="18.5387700">
    <ele>399.5</ele>
    <time>2026-05-09T16:10:26Z</time>
   </trkpt>
   <trkpt lat="69.6470710" lon="18.5387700">
    <ele>399.5</ele>
    <time>2026-05-09T16:10:27Z</time>
   </trkpt>
   <trkpt lat="69.6470710" lon="18.5387700">
    <ele>399.5</ele>
    <time>2026-05-09T16:10:28Z</time>
   </trkpt>
   <trkpt lat="69.6470560" lon="18.5388170">
    <ele>400.5</ele>
    <time>2026-05-09T16:10:29Z</time>
   </trkpt>
   <trkpt lat="69.6470560" lon="18.5388170">
    <ele>400.5</ele>
    <time>2026-05-09T16:10:30Z</time>
   </trkpt>
   <trkpt lat="69.6470560" lon="18.5388170">
    <ele>400.5</ele>
    <time>2026-05-09T16:10:31Z</time>
   </trkpt>
   <trkpt lat="69.6470560" lon="18.5388170">
    <ele>400.5</ele>
    <time>2026-05-09T16:10:32Z</time>
   </trkpt>
   <trkpt lat="69.6470560" lon="18.5388170">
    <ele>400.5</ele>
    <time>2026-05-09T16:10:33Z</time>
   </trkpt>
   <trkpt lat="69.6470400" lon="18.5388660">
    <ele>401.5</ele>
    <time>2026-05-09T16:10:34Z</time>
   </trkpt>
   <trkpt lat="69.6470400" lon="18.5388660">
    <ele>401.5</ele>
    <time>2026-05-09T16:10:35Z</time>
   </trkpt>
   <trkpt lat="69.6470400" lon="18.5388660">
    <ele>401.5</ele>
    <time>2026-05-09T16:10:36Z</time>
   </trkpt>
   <trkpt lat="69.6470400" lon="18.5388660">
    <ele>401.5</ele>
    <time>2026-05-09T16:10:37Z</time>
   </trkpt>
   <trkpt lat="69.6470250" lon="18.5389110">
    <ele>402.5</ele>
    <time>2026-05-09T16:10:38Z</time>
   </trkpt>
   <trkpt lat="69.6470250" lon="18.5389110">
    <ele>402.5</ele>
    <time>2026-05-09T16:10:39Z</time>
   </trkpt>
   <trkpt lat="69.6470250" lon="18.5389110">
    <ele>402.5</ele>
    <time>2026-05-09T16:10:40Z</time>
   </trkpt>
   <trkpt lat="69.6470250" lon="18.5389110">
    <ele>402.5</ele>
    <time>2026-05-09T16:10:41Z</time>
   </trkpt>
   <trkpt lat="69.6470250" lon="18.5389110">
    <ele>402.5</ele>
    <time>2026-05-09T16:10:42Z</time>
   </trkpt>
   <trkpt lat="69.6470120" lon="18.5389510">
    <ele>403.5</ele>
    <time>2026-05-09T16:10:43Z</time>
   </trkpt>
   <trkpt lat="69.6470120" lon="18.5389510">
    <ele>403.5</ele>
    <time>2026-05-09T16:10:44Z</time>
   </trkpt>
   <trkpt lat="69.6470120" lon="18.5389510">
    <ele>403.5</ele>
    <time>2026-05-09T16:10:45Z</time>
   </trkpt>
   <trkpt lat="69.6470120" lon="18.5389510">
    <ele>403.5</ele>
    <time>2026-05-09T16:10:46Z</time>
   </trkpt>
   <trkpt lat="69.6469980" lon="18.5389900">
    <ele>404.5</ele>
    <time>2026-05-09T16:10:47Z</time>
   </trkpt>
   <trkpt lat="69.6469980" lon="18.5389900">
    <ele>404.5</ele>
    <time>2026-05-09T16:10:48Z</time>
   </trkpt>
   <trkpt lat="69.6469980" lon="18.5389900">
    <ele>404.5</ele>
    <time>2026-05-09T16:10:49Z</time>
   </trkpt>
   <trkpt lat="69.6469980" lon="18.5389900">
    <ele>404.5</ele>
    <time>2026-05-09T16:10:50Z</time>
   </trkpt>
   <trkpt lat="69.6469980" lon="18.5389900">
    <ele>404.5</ele>
    <time>2026-05-09T16:10:51Z</time>
   </trkpt>
   <trkpt lat="69.6469880" lon="18.5390330">
    <ele>404.5</ele>
    <time>2026-05-09T16:10:52Z</time>
   </trkpt>
   <trkpt lat="69.6469880" lon="18.5390330">
    <ele>404.5</ele>
    <time>2026-05-09T16:10:53Z</time>
   </trkpt>
   <trkpt lat="69.6469880" lon="18.5390330">
    <ele>404.5</ele>
    <time>2026-05-09T16:10:54Z</time>
   </trkpt>
   <trkpt lat="69.6469880" lon="18.5390330">
    <ele>404.5</ele>
    <time>2026-05-09T16:10:55Z</time>
   </trkpt>
   <trkpt lat="69.6469710" lon="18.5390790">
    <ele>405.5</ele>
    <time>2026-05-09T16:10:56Z</time>
   </trkpt>
   <trkpt lat="69.6469710" lon="18.5390790">
    <ele>405.5</ele>
    <time>2026-05-09T16:10:57Z</time>
   </trkpt>
   <trkpt lat="69.6469710" lon="18.5390790">
    <ele>405.5</ele>
    <time>2026-05-09T16:10:58Z</time>
   </trkpt>
   <trkpt lat="69.6469710" lon="18.5390790">
    <ele>405.5</ele>
    <time>2026-05-09T16:10:59Z</time>
   </trkpt>
   <trkpt lat="69.6469710" lon="18.5390790">
    <ele>405.5</ele>
    <time>2026-05-09T16:11:00Z</time>
   </trkpt>
   <trkpt lat="69.6469580" lon="18.5391200">
    <ele>406.5</ele>
    <time>2026-05-09T16:11:01Z</time>
   </trkpt>
   <trkpt lat="69.6469580" lon="18.5391200">
    <ele>406.5</ele>
    <time>2026-05-09T16:11:02Z</time>
   </trkpt>
   <trkpt lat="69.6469580" lon="18.5391200">
    <ele>406.5</ele>
    <time>2026-05-09T16:11:03Z</time>
   </trkpt>
   <trkpt lat="69.6469580" lon="18.5391200">
    <ele>406.5</ele>
    <time>2026-05-09T16:11:04Z</time>
   </trkpt>
   <trkpt lat="69.6469410" lon="18.5391530">
    <ele>407.5</ele>
    <time>2026-05-09T16:11:05Z</time>
   </trkpt>
   <trkpt lat="69.6469410" lon="18.5391530">
    <ele>407.5</ele>
    <time>2026-05-09T16:11:06Z</time>
   </trkpt>
   <trkpt lat="69.6469410" lon="18.5391530">
    <ele>407.5</ele>
    <time>2026-05-09T16:11:07Z</time>
   </trkpt>
   <trkpt lat="69.6469410" lon="18.5391530">
    <ele>407.5</ele>
    <time>2026-05-09T16:11:08Z</time>
   </trkpt>
   <trkpt lat="69.6469410" lon="18.5391530">
    <ele>407.5</ele>
    <time>2026-05-09T16:11:09Z</time>
   </trkpt>
   <trkpt lat="69.6469280" lon="18.5391940">
    <ele>408.5</ele>
    <time>2026-05-09T16:11:10Z</time>
   </trkpt>
   <trkpt lat="69.6469280" lon="18.5391940">
    <ele>408.5</ele>
    <time>2026-05-09T16:11:11Z</time>
   </trkpt>
   <trkpt lat="69.6469280" lon="18.5391940">
    <ele>408.5</ele>
    <time>2026-05-09T16:11:12Z</time>
   </trkpt>
   <trkpt lat="69.6469280" lon="18.5391940">
    <ele>408.5</ele>
    <time>2026-05-09T16:11:13Z</time>
   </trkpt>
   <trkpt lat="69.6469280" lon="18.5391940">
    <ele>408.5</ele>
    <time>2026-05-09T16:11:14Z</time>
   </trkpt>
   <trkpt lat="69.6469140" lon="18.5392360">
    <ele>409.5</ele>
    <time>2026-05-09T16:11:15Z</time>
   </trkpt>
   <trkpt lat="69.6469140" lon="18.5392360">
    <ele>409.5</ele>
    <time>2026-05-09T16:11:16Z</time>
   </trkpt>
   <trkpt lat="69.6469140" lon="18.5392360">
    <ele>409.5</ele>
    <time>2026-05-09T16:11:17Z</time>
   </trkpt>
   <trkpt lat="69.6469140" lon="18.5392360">
    <ele>409.5</ele>
    <time>2026-05-09T16:11:18Z</time>
   </trkpt>
   <trkpt lat="69.6469140" lon="18.5392360">
    <ele>409.5</ele>
    <time>2026-05-09T16:11:19Z</time>
   </trkpt>
   <trkpt lat="69.6469010" lon="18.5392730">
    <ele>410.5</ele>
    <time>2026-05-09T16:11:20Z</time>
   </trkpt>
   <trkpt lat="69.6469010" lon="18.5392730">
    <ele>410.5</ele>
    <time>2026-05-09T16:11:21Z</time>
   </trkpt>
   <trkpt lat="69.6469010" lon="18.5392730">
    <ele>410.5</ele>
    <time>2026-05-09T16:11:22Z</time>
   </trkpt>
   <trkpt lat="69.6469010" lon="18.5392730">
    <ele>410.5</ele>
    <time>2026-05-09T16:11:23Z</time>
   </trkpt>
   <trkpt lat="69.6468880" lon="18.5393190">
    <ele>411.6</ele>
    <time>2026-05-09T16:11:24Z</time>
   </trkpt>
   <trkpt lat="69.6468880" lon="18.5393190">
    <ele>411.6</ele>
    <time>2026-05-09T16:11:25Z</time>
   </trkpt>
   <trkpt lat="69.6468880" lon="18.5393190">
    <ele>411.6</ele>
    <time>2026-05-09T16:11:26Z</time>
   </trkpt>
   <trkpt lat="69.6468880" lon="18.5393190">
    <ele>411.6</ele>
    <time>2026-05-09T16:11:27Z</time>
   </trkpt>
   <trkpt lat="69.6468880" lon="18.5393190">
    <ele>411.6</ele>
    <time>2026-05-09T16:11:28Z</time>
   </trkpt>
   <trkpt lat="69.6468710" lon="18.5393540">
    <ele>412.6</ele>
    <time>2026-05-09T16:11:29Z</time>
   </trkpt>
   <trkpt lat="69.6468710" lon="18.5393540">
    <ele>412.6</ele>
    <time>2026-05-09T16:11:30Z</time>
   </trkpt>
   <trkpt lat="69.6468710" lon="18.5393540">
    <ele>412.6</ele>
    <time>2026-05-09T16:11:31Z</time>
   </trkpt>
   <trkpt lat="69.6468710" lon="18.5393540">
    <ele>412.6</ele>
    <time>2026-05-09T16:11:32Z</time>
   </trkpt>
   <trkpt lat="69.6468710" lon="18.5393540">
    <ele>412.6</ele>
    <time>2026-05-09T16:11:33Z</time>
   </trkpt>
   <trkpt lat="69.6468570" lon="18.5393950">
    <ele>413.7</ele>
    <time>2026-05-09T16:11:34Z</time>
   </trkpt>
   <trkpt lat="69.6468570" lon="18.5393950">
    <ele>413.7</ele>
    <time>2026-05-09T16:11:35Z</time>
   </trkpt>
   <trkpt lat="69.6468570" lon="18.5393950">
    <ele>413.7</ele>
    <time>2026-05-09T16:11:36Z</time>
   </trkpt>
   <trkpt lat="69.6468570" lon="18.5393950">
    <ele>413.7</ele>
    <time>2026-05-09T16:11:37Z</time>
   </trkpt>
   <trkpt lat="69.6468570" lon="18.5393950">
    <ele>413.7</ele>
    <time>2026-05-09T16:11:38Z</time>
   </trkpt>
   <trkpt lat="69.6468410" lon="18.5394400">
    <ele>414.7</ele>
    <time>2026-05-09T16:11:39Z</time>
   </trkpt>
   <trkpt lat="69.6468410" lon="18.5394400">
    <ele>414.7</ele>
    <time>2026-05-09T16:11:40Z</time>
   </trkpt>
   <trkpt lat="69.6468410" lon="18.5394400">
    <ele>414.7</ele>
    <time>2026-05-09T16:11:41Z</time>
   </trkpt>
   <trkpt lat="69.6468410" lon="18.5394400">
    <ele>414.7</ele>
    <time>2026-05-09T16:11:42Z</time>
   </trkpt>
   <trkpt lat="69.6468410" lon="18.5394400">
    <ele>414.7</ele>
    <time>2026-05-09T16:11:43Z</time>
   </trkpt>
   <trkpt lat="69.6468260" lon="18.5394840">
    <ele>415.8</ele>
    <time>2026-05-09T16:11:44Z</time>
   </trkpt>
   <trkpt lat="69.6468260" lon="18.5394840">
    <ele>415.8</ele>
    <time>2026-05-09T16:11:45Z</time>
   </trkpt>
   <trkpt lat="69.6468260" lon="18.5394840">
    <ele>415.8</ele>
    <time>2026-05-09T16:11:46Z</time>
   </trkpt>
   <trkpt lat="69.6468260" lon="18.5394840">
    <ele>415.8</ele>
    <time>2026-05-09T16:11:47Z</time>
   </trkpt>
   <trkpt lat="69.6468110" lon="18.5395150">
    <ele>416.8</ele>
    <time>2026-05-09T16:11:48Z</time>
   </trkpt>
   <trkpt lat="69.6468110" lon="18.5395150">
    <ele>416.8</ele>
    <time>2026-05-09T16:11:49Z</time>
   </trkpt>
   <trkpt lat="69.6468110" lon="18.5395150">
    <ele>416.8</ele>
    <time>2026-05-09T16:11:50Z</time>
   </trkpt>
   <trkpt lat="69.6468110" lon="18.5395150">
    <ele>416.8</ele>
    <time>2026-05-09T16:11:51Z</time>
   </trkpt>
   <trkpt lat="69.6468110" lon="18.5395150">
    <ele>416.8</ele>
    <time>2026-05-09T16:11:52Z</time>
   </trkpt>
   <trkpt lat="69.6467970" lon="18.5395500">
    <ele>417.7</ele>
    <time>2026-05-09T16:11:53Z</time>
   </trkpt>
   <trkpt lat="69.6467970" lon="18.5395500">
    <ele>417.7</ele>
    <time>2026-05-09T16:11:54Z</time>
   </trkpt>
   <trkpt lat="69.6467970" lon="18.5395500">
    <ele>417.7</ele>
    <time>2026-05-09T16:11:55Z</time>
   </trkpt>
   <trkpt lat="69.6467970" lon="18.5395500">
    <ele>417.7</ele>
    <time>2026-05-09T16:11:56Z</time>
   </trkpt>
   <trkpt lat="69.6467970" lon="18.5395500">
    <ele>417.7</ele>
    <time>2026-05-09T16:11:57Z</time>
   </trkpt>
   <trkpt lat="69.6467790" lon="18.5395600">
    <ele>418.8</ele>
    <time>2026-05-09T16:11:58Z</time>
   </trkpt>
   <trkpt lat="69.6467790" lon="18.5395600">
    <ele>418.8</ele>
    <time>2026-05-09T16:11:59Z</time>
   </trkpt>
   <trkpt lat="69.6467790" lon="18.5395600">
    <ele>418.8</ele>
    <time>2026-05-09T16:12:00Z</time>
   </trkpt>
   <trkpt lat="69.6467790" lon="18.5395600">
    <ele>418.8</ele>
    <time>2026-05-09T16:12:01Z</time>
   </trkpt>
   <trkpt lat="69.6467790" lon="18.5395600">
    <ele>418.8</ele>
    <time>2026-05-09T16:12:02Z</time>
   </trkpt>
   <trkpt lat="69.6467790" lon="18.5395600">
    <ele>418.8</ele>
    <time>2026-05-09T16:12:03Z</time>
   </trkpt>
   <trkpt lat="69.6467790" lon="18.5395600">
    <ele>418.8</ele>
    <time>2026-05-09T16:12:04Z</time>
   </trkpt>
   <trkpt lat="69.6467790" lon="18.5395600">
    <ele>418.8</ele>
    <time>2026-05-09T16:12:05Z</time>
   </trkpt>
   <trkpt lat="69.6467790" lon="18.5395600">
    <ele>418.8</ele>
    <time>2026-05-09T16:12:06Z</time>
   </trkpt>
   <trkpt lat="69.6467790" lon="18.5395600">
    <ele>418.8</ele>
    <time>2026-05-09T16:12:07Z</time>
   </trkpt>
   <trkpt lat="69.6467790" lon="18.5395600">
    <ele>418.8</ele>
    <time>2026-05-09T16:12:08Z</time>
   </trkpt>
   <trkpt lat="69.6467790" lon="18.5395600">
    <ele>418.8</ele>
    <time>2026-05-09T16:12:09Z</time>
   </trkpt>
   <trkpt lat="69.6467790" lon="18.5395600">
    <ele>418.8</ele>
    <time>2026-05-09T16:12:10Z</time>
   </trkpt>
   <trkpt lat="69.6467790" lon="18.5395600">
    <ele>418.8</ele>
    <time>2026-05-09T16:12:11Z</time>
   </trkpt>
   <trkpt lat="69.6467790" lon="18.5395600">
    <ele>418.8</ele>
    <time>2026-05-09T16:12:12Z</time>
   </trkpt>
   <trkpt lat="69.6467790" lon="18.5395600">
    <ele>418.8</ele>
    <time>2026-05-09T16:12:13Z</time>
   </trkpt>
   <trkpt lat="69.6467790" lon="18.5395600">
    <ele>418.8</ele>
    <time>2026-05-09T16:12:14Z</time>
   </trkpt>
   <trkpt lat="69.6467590" lon="18.5395380">
    <ele>420.5</ele>
    <time>2026-05-09T16:12:15Z</time>
   </trkpt>
   <trkpt lat="69.6467590" lon="18.5395380">
    <ele>420.5</ele>
    <time>2026-05-09T16:12:16Z</time>
   </trkpt>
   <trkpt lat="69.6467590" lon="18.5395380">
    <ele>420.5</ele>
    <time>2026-05-09T16:12:17Z</time>
   </trkpt>
   <trkpt lat="69.6467590" lon="18.5395380">
    <ele>420.5</ele>
    <time>2026-05-09T16:12:18Z</time>
   </trkpt>
   <trkpt lat="69.6467400" lon="18.5394990">
    <ele>421.3</ele>
    <time>2026-05-09T16:12:19Z</time>
   </trkpt>
   <trkpt lat="69.6467400" lon="18.5394990">
    <ele>421.3</ele>
    <time>2026-05-09T16:12:20Z</time>
   </trkpt>
   <trkpt lat="69.6467400" lon="18.5394990">
    <ele>421.3</ele>
    <time>2026-05-09T16:12:21Z</time>
   </trkpt>
   <trkpt lat="69.6467400" lon="18.5394990">
    <ele>421.3</ele>
    <time>2026-05-09T16:12:22Z</time>
   </trkpt>
   <trkpt lat="69.6467240" lon="18.5394640">
    <ele>422.2</ele>
    <time>2026-05-09T16:12:23Z</time>
   </trkpt>
   <trkpt lat="69.6467240" lon="18.5394640">
    <ele>422.2</ele>
    <time>2026-05-09T16:12:24Z</time>
   </trkpt>
   <trkpt lat="69.6467240" lon="18.5394640">
    <ele>422.2</ele>
    <time>2026-05-09T16:12:25Z</time>
   </trkpt>
   <trkpt lat="69.6467240" lon="18.5394640">
    <ele>422.2</ele>
    <time>2026-05-09T16:12:26Z</time>
   </trkpt>
   <trkpt lat="69.6467080" lon="18.5394230">
    <ele>423.1</ele>
    <time>2026-05-09T16:12:27Z</time>
   </trkpt>
   <trkpt lat="69.6467080" lon="18.5394230">
    <ele>423.1</ele>
    <time>2026-05-09T16:12:28Z</time>
   </trkpt>
   <trkpt lat="69.6467080" lon="18.5394230">
    <ele>423.1</ele>
    <time>2026-05-09T16:12:29Z</time>
   </trkpt>
   <trkpt lat="69.6467080" lon="18.5394230">
    <ele>423.1</ele>
    <time>2026-05-09T16:12:30Z</time>
   </trkpt>
   <trkpt lat="69.6466940" lon="18.5393830">
    <ele>424.0</ele>
    <time>2026-05-09T16:12:31Z</time>
   </trkpt>
   <trkpt lat="69.6466940" lon="18.5393830">
    <ele>424.0</ele>
    <time>2026-05-09T16:12:32Z</time>
   </trkpt>
   <trkpt lat="69.6466940" lon="18.5393830">
    <ele>424.0</ele>
    <time>2026-05-09T16:12:33Z</time>
   </trkpt>
   <trkpt lat="69.6466940" lon="18.5393830">
    <ele>424.0</ele>
    <time>2026-05-09T16:12:34Z</time>
   </trkpt>
   <trkpt lat="69.6466780" lon="18.5393500">
    <ele>424.9</ele>
    <time>2026-05-09T16:12:35Z</time>
   </trkpt>
   <trkpt lat="69.6466780" lon="18.5393500">
    <ele>424.9</ele>
    <time>2026-05-09T16:12:36Z</time>
   </trkpt>
   <trkpt lat="69.6466780" lon="18.5393500">
    <ele>424.9</ele>
    <time>2026-05-09T16:12:37Z</time>
   </trkpt>
   <trkpt lat="69.6466780" lon="18.5393500">
    <ele>424.9</ele>
    <time>2026-05-09T16:12:38Z</time>
   </trkpt>
   <trkpt lat="69.6466620" lon="18.5393190">
    <ele>425.9</ele>
    <time>2026-05-09T16:12:39Z</time>
   </trkpt>
   <trkpt lat="69.6466620" lon="18.5393190">
    <ele>425.9</ele>
    <time>2026-05-09T16:12:40Z</time>
   </trkpt>
   <trkpt lat="69.6466620" lon="18.5393190">
    <ele>425.9</ele>
    <time>2026-05-09T16:12:41Z</time>
   </trkpt>
   <trkpt lat="69.6466620" lon="18.5393190">
    <ele>425.9</ele>
    <time>2026-05-09T16:12:42Z</time>
   </trkpt>
   <trkpt lat="69.6466620" lon="18.5393190">
    <ele>425.9</ele>
    <time>2026-05-09T16:12:43Z</time>
   </trkpt>
   <trkpt lat="69.6466620" lon="18.5393190">
    <ele>425.9</ele>
    <time>2026-05-09T16:12:44Z</time>
   </trkpt>
   <trkpt lat="69.6466450" lon="18.5393090">
    <ele>426.8</ele>
    <time>2026-05-09T16:12:45Z</time>
   </trkpt>
   <trkpt lat="69.6466450" lon="18.5393090">
    <ele>426.8</ele>
    <time>2026-05-09T16:12:46Z</time>
   </trkpt>
   <trkpt lat="69.6466450" lon="18.5393090">
    <ele>426.8</ele>
    <time>2026-05-09T16:12:47Z</time>
   </trkpt>
   <trkpt lat="69.6466450" lon="18.5393090">
    <ele>426.8</ele>
    <time>2026-05-09T16:12:48Z</time>
   </trkpt>
   <trkpt lat="69.6466260" lon="18.5393170">
    <ele>427.7</ele>
    <time>2026-05-09T16:12:49Z</time>
   </trkpt>
   <trkpt lat="69.6466260" lon="18.5393170">
    <ele>427.7</ele>
    <time>2026-05-09T16:12:50Z</time>
   </trkpt>
   <trkpt lat="69.6466260" lon="18.5393170">
    <ele>427.7</ele>
    <time>2026-05-09T16:12:51Z</time>
   </trkpt>
   <trkpt lat="69.6466260" lon="18.5393170">
    <ele>427.7</ele>
    <time>2026-05-09T16:12:52Z</time>
   </trkpt>
   <trkpt lat="69.6466260" lon="18.5393170">
    <ele>427.7</ele>
    <time>2026-05-09T16:12:53Z</time>
   </trkpt>
   <trkpt lat="69.6466070" lon="18.5393240">
    <ele>429.5</ele>
    <time>2026-05-09T16:12:54Z</time>
   </trkpt>
   <trkpt lat="69.6466070" lon="18.5393240">
    <ele>429.5</ele>
    <time>2026-05-09T16:12:55Z</time>
   </trkpt>
   <trkpt lat="69.6466070" lon="18.5393240">
    <ele>429.5</ele>
    <time>2026-05-09T16:12:56Z</time>
   </trkpt>
   <trkpt lat="69.6466070" lon="18.5393240">
    <ele>429.5</ele>
    <time>2026-05-09T16:12:57Z</time>
   </trkpt>
   <trkpt lat="69.6466070" lon="18.5393240">
    <ele>429.5</ele>
    <time>2026-05-09T16:12:58Z</time>
   </trkpt>
   <trkpt lat="69.6466070" lon="18.5393240">
    <ele>429.5</ele>
    <time>2026-05-09T16:12:59Z</time>
   </trkpt>
   <trkpt lat="69.6465880" lon="18.5393350">
    <ele>430.4</ele>
    <time>2026-05-09T16:13:00Z</time>
   </trkpt>
   <trkpt lat="69.6465880" lon="18.5393350">
    <ele>430.4</ele>
    <time>2026-05-09T16:13:01Z</time>
   </trkpt>
   <trkpt lat="69.6465880" lon="18.5393350">
    <ele>430.4</ele>
    <time>2026-05-09T16:13:02Z</time>
   </trkpt>
   <trkpt lat="69.6465880" lon="18.5393350">
    <ele>430.4</ele>
    <time>2026-05-09T16:13:03Z</time>
   </trkpt>
   <trkpt lat="69.6465880" lon="18.5393350">
    <ele>430.4</ele>
    <time>2026-05-09T16:13:04Z</time>
   </trkpt>
   <trkpt lat="69.6465670" lon="18.5393440">
    <ele>431.1</ele>
    <time>2026-05-09T16:13:05Z</time>
   </trkpt>
   <trkpt lat="69.6465670" lon="18.5393440">
    <ele>431.1</ele>
    <time>2026-05-09T16:13:06Z</time>
   </trkpt>
   <trkpt lat="69.6465670" lon="18.5393440">
    <ele>431.1</ele>
    <time>2026-05-09T16:13:07Z</time>
   </trkpt>
   <trkpt lat="69.6465670" lon="18.5393440">
    <ele>431.1</ele>
    <time>2026-05-09T16:13:08Z</time>
   </trkpt>
   <trkpt lat="69.6465470" lon="18.5393440">
    <ele>432.7</ele>
    <time>2026-05-09T16:13:09Z</time>
   </trkpt>
   <trkpt lat="69.6465470" lon="18.5393440">
    <ele>432.7</ele>
    <time>2026-05-09T16:13:10Z</time>
   </trkpt>
   <trkpt lat="69.6465470" lon="18.5393440">
    <ele>432.7</ele>
    <time>2026-05-09T16:13:11Z</time>
   </trkpt>
   <trkpt lat="69.6465470" lon="18.5393440">
    <ele>432.7</ele>
    <time>2026-05-09T16:13:12Z</time>
   </trkpt>
   <trkpt lat="69.6465470" lon="18.5393440">
    <ele>432.7</ele>
    <time>2026-05-09T16:13:13Z</time>
   </trkpt>
   <trkpt lat="69.6465470" lon="18.5393440">
    <ele>432.7</ele>
    <time>2026-05-09T16:13:14Z</time>
   </trkpt>
   <trkpt lat="69.6465470" lon="18.5393440">
    <ele>432.7</ele>
    <time>2026-05-09T16:13:15Z</time>
   </trkpt>
   <trkpt lat="69.6465470" lon="18.5393440">
    <ele>432.7</ele>
    <time>2026-05-09T16:13:16Z</time>
   </trkpt>
   <trkpt lat="69.6465470" lon="18.5393440">
    <ele>432.7</ele>
    <time>2026-05-09T16:13:17Z</time>
   </trkpt>
   <trkpt lat="69.6465470" lon="18.5393440">
    <ele>432.7</ele>
    <time>2026-05-09T16:13:18Z</time>
   </trkpt>
   <trkpt lat="69.6465280" lon="18.5393650">
    <ele>433.5</ele>
    <time>2026-05-09T16:13:19Z</time>
   </trkpt>
   <trkpt lat="69.6465280" lon="18.5393650">
    <ele>433.5</ele>
    <time>2026-05-09T16:13:20Z</time>
   </trkpt>
   <trkpt lat="69.6465280" lon="18.5393650">
    <ele>433.5</ele>
    <time>2026-05-09T16:13:21Z</time>
   </trkpt>
   <trkpt lat="69.6465280" lon="18.5393650">
    <ele>433.5</ele>
    <time>2026-05-09T16:13:22Z</time>
   </trkpt>
   <trkpt lat="69.6465090" lon="18.5393750">
    <ele>434.3</ele>
    <time>2026-05-09T16:13:23Z</time>
   </trkpt>
   <trkpt lat="69.6465090" lon="18.5393750">
    <ele>434.3</ele>
    <time>2026-05-09T16:13:24Z</time>
   </trkpt>
   <trkpt lat="69.6465090" lon="18.5393750">
    <ele>434.3</ele>
    <time>2026-05-09T16:13:25Z</time>
   </trkpt>
   <trkpt lat="69.6465090" lon="18.5393750">
    <ele>434.3</ele>
    <time>2026-05-09T16:13:26Z</time>
   </trkpt>
   <trkpt lat="69.6465090" lon="18.5393750">
    <ele>434.3</ele>
    <time>2026-05-09T16:13:27Z</time>
   </trkpt>
   <trkpt lat="69.6464910" lon="18.5393810">
    <ele>435.8</ele>
    <time>2026-05-09T16:13:28Z</time>
   </trkpt>
   <trkpt lat="69.6464910" lon="18.5393810">
    <ele>435.8</ele>
    <time>2026-05-09T16:13:29Z</time>
   </trkpt>
   <trkpt lat="69.6464910" lon="18.5393810">
    <ele>435.8</ele>
    <time>2026-05-09T16:13:30Z</time>
   </trkpt>
   <trkpt lat="69.6464910" lon="18.5393810">
    <ele>435.8</ele>
    <time>2026-05-09T16:13:31Z</time>
   </trkpt>
   <trkpt lat="69.6464700" lon="18.5393930">
    <ele>436.4</ele>
    <time>2026-05-09T16:13:32Z</time>
   </trkpt>
   <trkpt lat="69.6464700" lon="18.5393930">
    <ele>436.4</ele>
    <time>2026-05-09T16:13:33Z</time>
   </trkpt>
   <trkpt lat="69.6464700" lon="18.5393930">
    <ele>436.4</ele>
    <time>2026-05-09T16:13:34Z</time>
   </trkpt>
   <trkpt lat="69.6464700" lon="18.5393930">
    <ele>436.4</ele>
    <time>2026-05-09T16:13:35Z</time>
   </trkpt>
   <trkpt lat="69.6464470" lon="18.5393980">
    <ele>437.2</ele>
    <time>2026-05-09T16:13:36Z</time>
   </trkpt>
   <trkpt lat="69.6464470" lon="18.5393980">
    <ele>437.2</ele>
    <time>2026-05-09T16:13:37Z</time>
   </trkpt>
   <trkpt lat="69.6464470" lon="18.5393980">
    <ele>437.2</ele>
    <time>2026-05-09T16:13:38Z</time>
   </trkpt>
   <trkpt lat="69.6464470" lon="18.5393980">
    <ele>437.2</ele>
    <time>2026-05-09T16:13:39Z</time>
   </trkpt>
   <trkpt lat="69.6464230" lon="18.5393940">
    <ele>438.6</ele>
    <time>2026-05-09T16:13:40Z</time>
   </trkpt>
   <trkpt lat="69.6464230" lon="18.5393940">
    <ele>438.6</ele>
    <time>2026-05-09T16:13:41Z</time>
   </trkpt>
   <trkpt lat="69.6464230" lon="18.5393940">
    <ele>438.6</ele>
    <time>2026-05-09T16:13:42Z</time>
   </trkpt>
   <trkpt lat="69.6464230" lon="18.5393940">
    <ele>438.6</ele>
    <time>2026-05-09T16:13:43Z</time>
   </trkpt>
   <trkpt lat="69.6464010" lon="18.5394040">
    <ele>440.0</ele>
    <time>2026-05-09T16:13:44Z</time>
   </trkpt>
   <trkpt lat="69.6464010" lon="18.5394040">
    <ele>440.0</ele>
    <time>2026-05-09T16:13:45Z</time>
   </trkpt>
   <trkpt lat="69.6464010" lon="18.5394040">
    <ele>440.0</ele>
    <time>2026-05-09T16:13:46Z</time>
   </trkpt>
   <trkpt lat="69.6464010" lon="18.5394040">
    <ele>440.0</ele>
    <time>2026-05-09T16:13:47Z</time>
   </trkpt>
   <trkpt lat="69.6464010" lon="18.5394040">
    <ele>440.0</ele>
    <time>2026-05-09T16:13:48Z</time>
   </trkpt>
   <trkpt lat="69.6464010" lon="18.5394040">
    <ele>440.0</ele>
    <time>2026-05-09T16:13:49Z</time>
   </trkpt>
   <trkpt lat="69.6464010" lon="18.5394040">
    <ele>440.0</ele>
    <time>2026-05-09T16:13:50Z</time>
   </trkpt>
   <trkpt lat="69.6464010" lon="18.5394040">
    <ele>440.0</ele>
    <time>2026-05-09T16:13:51Z</time>
   </trkpt>
   <trkpt lat="69.6464010" lon="18.5394040">
    <ele>440.0</ele>
    <time>2026-05-09T16:13:52Z</time>
   </trkpt>
   <trkpt lat="69.6464010" lon="18.5394040">
    <ele>440.0</ele>
    <time>2026-05-09T16:13:53Z</time>
   </trkpt>
   <trkpt lat="69.6464010" lon="18.5394040">
    <ele>440.0</ele>
    <time>2026-05-09T16:13:54Z</time>
   </trkpt>
   <trkpt lat="69.6464010" lon="18.5394040">
    <ele>440.0</ele>
    <time>2026-05-09T16:13:55Z</time>
   </trkpt>
   <trkpt lat="69.6464010" lon="18.5394040">
    <ele>440.0</ele>
    <time>2026-05-09T16:13:56Z</time>
   </trkpt>
   <trkpt lat="69.6464010" lon="18.5394040">
    <ele>440.0</ele>
    <time>2026-05-09T16:13:57Z</time>
   </trkpt>
   <trkpt lat="69.6463830" lon="18.5394200">
    <ele>440.6</ele>
    <time>2026-05-09T16:13:58Z</time>
   </trkpt>
   <trkpt lat="69.6463830" lon="18.5394200">
    <ele>440.6</ele>
    <time>2026-05-09T16:13:59Z</time>
   </trkpt>
   <trkpt lat="69.6463830" lon="18.5394200">
    <ele>440.6</ele>
    <time>2026-05-09T16:14:00Z</time>
   </trkpt>
   <trkpt lat="69.6463830" lon="18.5394200">
    <ele>440.6</ele>
    <time>2026-05-09T16:14:01Z</time>
   </trkpt>
   <trkpt lat="69.6463620" lon="18.5394310">
    <ele>441.3</ele>
    <time>2026-05-09T16:14:02Z</time>
   </trkpt>
   <trkpt lat="69.6463620" lon="18.5394310">
    <ele>441.3</ele>
    <time>2026-05-09T16:14:03Z</time>
   </trkpt>
   <trkpt lat="69.6463620" lon="18.5394310">
    <ele>441.3</ele>
    <time>2026-05-09T16:14:04Z</time>
   </trkpt>
   <trkpt lat="69.6463620" lon="18.5394310">
    <ele>441.3</ele>
    <time>2026-05-09T16:14:05Z</time>
   </trkpt>
   <trkpt lat="69.6463400" lon="18.5394420">
    <ele>442.6</ele>
    <time>2026-05-09T16:14:06Z</time>
   </trkpt>
   <trkpt lat="69.6463400" lon="18.5394420">
    <ele>442.6</ele>
    <time>2026-05-09T16:14:07Z</time>
   </trkpt>
   <trkpt lat="69.6463400" lon="18.5394420">
    <ele>442.6</ele>
    <time>2026-05-09T16:14:08Z</time>
   </trkpt>
   <trkpt lat="69.6463400" lon="18.5394420">
    <ele>442.6</ele>
    <time>2026-05-09T16:14:09Z</time>
   </trkpt>
   <trkpt lat="69.6463180" lon="18.5394490">
    <ele>443.3</ele>
    <time>2026-05-09T16:14:10Z</time>
   </trkpt>
   <trkpt lat="69.6463180" lon="18.5394490">
    <ele>443.3</ele>
    <time>2026-05-09T16:14:11Z</time>
   </trkpt>
   <trkpt lat="69.6463180" lon="18.5394490">
    <ele>443.3</ele>
    <time>2026-05-09T16:14:12Z</time>
   </trkpt>
   <trkpt lat="69.6463000" lon="18.5394580">
    <ele>444.0</ele>
    <time>2026-05-09T16:14:13Z</time>
   </trkpt>
   <trkpt lat="69.6463000" lon="18.5394580">
    <ele>444.0</ele>
    <time>2026-05-09T16:14:14Z</time>
   </trkpt>
   <trkpt lat="69.6463000" lon="18.5394580">
    <ele>444.0</ele>
    <time>2026-05-09T16:14:15Z</time>
   </trkpt>
   <trkpt lat="69.6463000" lon="18.5394580">
    <ele>444.0</ele>
    <time>2026-05-09T16:14:16Z</time>
   </trkpt>
   <trkpt lat="69.6462770" lon="18.5394660">
    <ele>445.4</ele>
    <time>2026-05-09T16:14:17Z</time>
   </trkpt>
   <trkpt lat="69.6462770" lon="18.5394660">
    <ele>445.4</ele>
    <time>2026-05-09T16:14:18Z</time>
   </trkpt>
   <trkpt lat="69.6462770" lon="18.5394660">
    <ele>445.4</ele>
    <time>2026-05-09T16:14:19Z</time>
   </trkpt>
   <trkpt lat="69.6462770" lon="18.5394660">
    <ele>445.4</ele>
    <time>2026-05-09T16:14:20Z</time>
   </trkpt>
   <trkpt lat="69.6462560" lon="18.5394710">
    <ele>446.1</ele>
    <time>2026-05-09T16:14:21Z</time>
   </trkpt>
   <trkpt lat="69.6462560" lon="18.5394710">
    <ele>446.1</ele>
    <time>2026-05-09T16:14:22Z</time>
   </trkpt>
   <trkpt lat="69.6462560" lon="18.5394710">
    <ele>446.1</ele>
    <time>2026-05-09T16:14:23Z</time>
   </trkpt>
   <trkpt lat="69.6462560" lon="18.5394710">
    <ele>446.1</ele>
    <time>2026-05-09T16:14:24Z</time>
   </trkpt>
   <trkpt lat="69.6462350" lon="18.5394750">
    <ele>447.7</ele>
    <time>2026-05-09T16:14:25Z</time>
   </trkpt>
   <trkpt lat="69.6462350" lon="18.5394750">
    <ele>447.7</ele>
    <time>2026-05-09T16:14:26Z</time>
   </trkpt>
   <trkpt lat="69.6462350" lon="18.5394750">
    <ele>447.7</ele>
    <time>2026-05-09T16:14:27Z</time>
   </trkpt>
   <trkpt lat="69.6462350" lon="18.5394750">
    <ele>447.7</ele>
    <time>2026-05-09T16:14:28Z</time>
   </trkpt>
   <trkpt lat="69.6462140" lon="18.5394760">
    <ele>448.4</ele>
    <time>2026-05-09T16:14:29Z</time>
   </trkpt>
   <trkpt lat="69.6462140" lon="18.5394760">
    <ele>448.4</ele>
    <time>2026-05-09T16:14:30Z</time>
   </trkpt>
   <trkpt lat="69.6462140" lon="18.5394760">
    <ele>448.4</ele>
    <time>2026-05-09T16:14:31Z</time>
   </trkpt>
   <trkpt lat="69.6462140" lon="18.5394760">
    <ele>448.4</ele>
    <time>2026-05-09T16:14:32Z</time>
   </trkpt>
   <trkpt lat="69.6461940" lon="18.5394800">
    <ele>449.2</ele>
    <time>2026-05-09T16:14:33Z</time>
   </trkpt>
   <trkpt lat="69.6461940" lon="18.5394800">
    <ele>449.2</ele>
    <time>2026-05-09T16:14:34Z</time>
   </trkpt>
   <trkpt lat="69.6461940" lon="18.5394800">
    <ele>449.2</ele>
    <time>2026-05-09T16:14:35Z</time>
   </trkpt>
   <trkpt lat="69.6461940" lon="18.5394800">
    <ele>449.2</ele>
    <time>2026-05-09T16:14:36Z</time>
   </trkpt>
   <trkpt lat="69.6461940" lon="18.5394800">
    <ele>449.2</ele>
    <time>2026-05-09T16:14:37Z</time>
   </trkpt>
   <trkpt lat="69.6461740" lon="18.5394840">
    <ele>450.8</ele>
    <time>2026-05-09T16:14:38Z</time>
   </trkpt>
   <trkpt lat="69.6461740" lon="18.5394840">
    <ele>450.8</ele>
    <time>2026-05-09T16:14:39Z</time>
   </trkpt>
   <trkpt lat="69.6461740" lon="18.5394840">
    <ele>450.8</ele>
    <time>2026-05-09T16:14:40Z</time>
   </trkpt>
   <trkpt lat="69.6461740" lon="18.5394840">
    <ele>450.8</ele>
    <time>2026-05-09T16:14:41Z</time>
   </trkpt>
   <trkpt lat="69.6461740" lon="18.5394840">
    <ele>450.8</ele>
    <time>2026-05-09T16:14:42Z</time>
   </trkpt>
   <trkpt lat="69.6461740" lon="18.5394840">
    <ele>450.8</ele>
    <time>2026-05-09T16:14:43Z</time>
   </trkpt>
   <trkpt lat="69.6461530" lon="18.5394860">
    <ele>451.6</ele>
    <time>2026-05-09T16:14:44Z</time>
   </trkpt>
   <trkpt lat="69.6461530" lon="18.5394860">
    <ele>451.6</ele>
    <time>2026-05-09T16:14:45Z</time>
   </trkpt>
   <trkpt lat="69.6461530" lon="18.5394860">
    <ele>451.6</ele>
    <time>2026-05-09T16:14:46Z</time>
   </trkpt>
   <trkpt lat="69.6461530" lon="18.5394860">
    <ele>451.6</ele>
    <time>2026-05-09T16:14:47Z</time>
   </trkpt>
   <trkpt lat="69.6461530" lon="18.5394860">
    <ele>451.6</ele>
    <time>2026-05-09T16:14:48Z</time>
   </trkpt>
   <trkpt lat="69.6461320" lon="18.5394910">
    <ele>453.2</ele>
    <time>2026-05-09T16:14:49Z</time>
   </trkpt>
   <trkpt lat="69.6461320" lon="18.5394910">
    <ele>453.2</ele>
    <time>2026-05-09T16:14:50Z</time>
   </trkpt>
   <trkpt lat="69.6461320" lon="18.5394910">
    <ele>453.2</ele>
    <time>2026-05-09T16:14:51Z</time>
   </trkpt>
   <trkpt lat="69.6461320" lon="18.5394910">
    <ele>453.2</ele>
    <time>2026-05-09T16:14:52Z</time>
   </trkpt>
   <trkpt lat="69.6461140" lon="18.5394990">
    <ele>454.0</ele>
    <time>2026-05-09T16:14:53Z</time>
   </trkpt>
   <trkpt lat="69.6461140" lon="18.5394990">
    <ele>454.0</ele>
    <time>2026-05-09T16:14:54Z</time>
   </trkpt>
   <trkpt lat="69.6461140" lon="18.5394990">
    <ele>454.0</ele>
    <time>2026-05-09T16:14:55Z</time>
   </trkpt>
   <trkpt lat="69.6461140" lon="18.5394990">
    <ele>454.0</ele>
    <time>2026-05-09T16:14:56Z</time>
   </trkpt>
   <trkpt lat="69.6461140" lon="18.5394990">
    <ele>454.0</ele>
    <time>2026-05-09T16:14:57Z</time>
   </trkpt>
   <trkpt lat="69.6461140" lon="18.5394990">
    <ele>454.0</ele>
    <time>2026-05-09T16:14:58Z</time>
   </trkpt>
   <trkpt lat="69.6460950" lon="18.5395060">
    <ele>454.8</ele>
    <time>2026-05-09T16:14:59Z</time>
   </trkpt>
   <trkpt lat="69.6460950" lon="18.5395060">
    <ele>454.8</ele>
    <time>2026-05-09T16:15:00Z</time>
   </trkpt>
   <trkpt lat="69.6460950" lon="18.5395060">
    <ele>454.8</ele>
    <time>2026-05-09T16:15:01Z</time>
   </trkpt>
   <trkpt lat="69.6460950" lon="18.5395060">
    <ele>454.8</ele>
    <time>2026-05-09T16:15:02Z</time>
   </trkpt>
   <trkpt lat="69.6460950" lon="18.5395060">
    <ele>454.8</ele>
    <time>2026-05-09T16:15:03Z</time>
   </trkpt>
   <trkpt lat="69.6460740" lon="18.5395110">
    <ele>455.6</ele>
    <time>2026-05-09T16:15:04Z</time>
   </trkpt>
   <trkpt lat="69.6460740" lon="18.5395110">
    <ele>455.6</ele>
    <time>2026-05-09T16:15:05Z</time>
   </trkpt>
   <trkpt lat="69.6460740" lon="18.5395110">
    <ele>455.6</ele>
    <time>2026-05-09T16:15:06Z</time>
   </trkpt>
   <trkpt lat="69.6460740" lon="18.5395110">
    <ele>455.6</ele>
    <time>2026-05-09T16:15:07Z</time>
   </trkpt>
   <trkpt lat="69.6460740" lon="18.5395110">
    <ele>455.6</ele>
    <time>2026-05-09T16:15:08Z</time>
   </trkpt>
   <trkpt lat="69.6460550" lon="18.5395170">
    <ele>457.1</ele>
    <time>2026-05-09T16:15:09Z</time>
   </trkpt>
   <trkpt lat="69.6460550" lon="18.5395170">
    <ele>457.1</ele>
    <time>2026-05-09T16:15:10Z</time>
   </trkpt>
   <trkpt lat="69.6460550" lon="18.5395170">
    <ele>457.1</ele>
    <time>2026-05-09T16:15:11Z</time>
   </trkpt>
   <trkpt lat="69.6460550" lon="18.5395170">
    <ele>457.1</ele>
    <time>2026-05-09T16:15:12Z</time>
   </trkpt>
   <trkpt lat="69.6460550" lon="18.5395170">
    <ele>457.1</ele>
    <time>2026-05-09T16:15:13Z</time>
   </trkpt>
   <trkpt lat="69.6460350" lon="18.5395210">
    <ele>457.9</ele>
    <time>2026-05-09T16:15:14Z</time>
   </trkpt>
   <trkpt lat="69.6460350" lon="18.5395210">
    <ele>457.9</ele>
    <time>2026-05-09T16:15:15Z</time>
   </trkpt>
   <trkpt lat="69.6460350" lon="18.5395210">
    <ele>457.9</ele>
    <time>2026-05-09T16:15:16Z</time>
   </trkpt>
   <trkpt lat="69.6460350" lon="18.5395210">
    <ele>457.9</ele>
    <time>2026-05-09T16:15:17Z</time>
   </trkpt>
   <trkpt lat="69.6460350" lon="18.5395210">
    <ele>457.9</ele>
    <time>2026-05-09T16:15:18Z</time>
   </trkpt>
   <trkpt lat="69.6460170" lon="18.5395200">
    <ele>458.6</ele>
    <time>2026-05-09T16:15:19Z</time>
   </trkpt>
   <trkpt lat="69.6460170" lon="18.5395200">
    <ele>458.6</ele>
    <time>2026-05-09T16:15:20Z</time>
   </trkpt>
   <trkpt lat="69.6460170" lon="18.5395200">
    <ele>458.6</ele>
    <time>2026-05-09T16:15:21Z</time>
   </trkpt>
   <trkpt lat="69.6460170" lon="18.5395200">
    <ele>458.6</ele>
    <time>2026-05-09T16:15:22Z</time>
   </trkpt>
   <trkpt lat="69.6460170" lon="18.5395200">
    <ele>458.6</ele>
    <time>2026-05-09T16:15:23Z</time>
   </trkpt>
   <trkpt lat="69.6460170" lon="18.5395200">
    <ele>458.6</ele>
    <time>2026-05-09T16:15:24Z</time>
   </trkpt>
   <trkpt lat="69.6459950" lon="18.5395160">
    <ele>460.1</ele>
    <time>2026-05-09T16:15:25Z</time>
   </trkpt>
   <trkpt lat="69.6459950" lon="18.5395160">
    <ele>460.1</ele>
    <time>2026-05-09T16:15:26Z</time>
   </trkpt>
   <trkpt lat="69.6459950" lon="18.5395160">
    <ele>460.1</ele>
    <time>2026-05-09T16:15:27Z</time>
   </trkpt>
   <trkpt lat="69.6459950" lon="18.5395160">
    <ele>460.1</ele>
    <time>2026-05-09T16:15:28Z</time>
   </trkpt>
   <trkpt lat="69.6459950" lon="18.5395160">
    <ele>460.1</ele>
    <time>2026-05-09T16:15:29Z</time>
   </trkpt>
   <trkpt lat="69.6459750" lon="18.5395180">
    <ele>460.8</ele>
    <time>2026-05-09T16:15:30Z</time>
   </trkpt>
   <trkpt lat="69.6459750" lon="18.5395180">
    <ele>460.8</ele>
    <time>2026-05-09T16:15:31Z</time>
   </trkpt>
   <trkpt lat="69.6459750" lon="18.5395180">
    <ele>460.8</ele>
    <time>2026-05-09T16:15:32Z</time>
   </trkpt>
   <trkpt lat="69.6459750" lon="18.5395180">
    <ele>460.8</ele>
    <time>2026-05-09T16:15:33Z</time>
   </trkpt>
   <trkpt lat="69.6459750" lon="18.5395180">
    <ele>460.8</ele>
    <time>2026-05-09T16:15:34Z</time>
   </trkpt>
   <trkpt lat="69.6459540" lon="18.5395170">
    <ele>461.4</ele>
    <time>2026-05-09T16:15:35Z</time>
   </trkpt>
   <trkpt lat="69.6459540" lon="18.5395170">
    <ele>461.4</ele>
    <time>2026-05-09T16:15:36Z</time>
   </trkpt>
   <trkpt lat="69.6459540" lon="18.5395170">
    <ele>461.4</ele>
    <time>2026-05-09T16:15:37Z</time>
   </trkpt>
   <trkpt lat="69.6459540" lon="18.5395170">
    <ele>461.4</ele>
    <time>2026-05-09T16:15:38Z</time>
   </trkpt>
   <trkpt lat="69.6459540" lon="18.5395170">
    <ele>461.4</ele>
    <time>2026-05-09T16:15:39Z</time>
   </trkpt>
   <trkpt lat="69.6459340" lon="18.5395150">
    <ele>462.8</ele>
    <time>2026-05-09T16:15:40Z</time>
   </trkpt>
   <trkpt lat="69.6459340" lon="18.5395150">
    <ele>462.8</ele>
    <time>2026-05-09T16:15:41Z</time>
   </trkpt>
   <trkpt lat="69.6459340" lon="18.5395150">
    <ele>462.8</ele>
    <time>2026-05-09T16:15:42Z</time>
   </trkpt>
   <trkpt lat="69.6459340" lon="18.5395150">
    <ele>462.8</ele>
    <time>2026-05-09T16:15:43Z</time>
   </trkpt>
   <trkpt lat="69.6459340" lon="18.5395150">
    <ele>462.8</ele>
    <time>2026-05-09T16:15:44Z</time>
   </trkpt>
   <trkpt lat="69.6459120" lon="18.5395140">
    <ele>463.7</ele>
    <time>2026-05-09T16:15:45Z</time>
   </trkpt>
   <trkpt lat="69.6459120" lon="18.5395140">
    <ele>463.7</ele>
    <time>2026-05-09T16:15:46Z</time>
   </trkpt>
   <trkpt lat="69.6459120" lon="18.5395140">
    <ele>463.7</ele>
    <time>2026-05-09T16:15:47Z</time>
   </trkpt>
   <trkpt lat="69.6459120" lon="18.5395140">
    <ele>463.7</ele>
    <time>2026-05-09T16:15:48Z</time>
   </trkpt>
   <trkpt lat="69.6458930" lon="18.5395090">
    <ele>465.0</ele>
    <time>2026-05-09T16:15:49Z</time>
   </trkpt>
   <trkpt lat="69.6458930" lon="18.5395090">
    <ele>465.0</ele>
    <time>2026-05-09T16:15:50Z</time>
   </trkpt>
   <trkpt lat="69.6458930" lon="18.5395090">
    <ele>465.0</ele>
    <time>2026-05-09T16:15:51Z</time>
   </trkpt>
   <trkpt lat="69.6458930" lon="18.5395090">
    <ele>465.0</ele>
    <time>2026-05-09T16:15:52Z</time>
   </trkpt>
   <trkpt lat="69.6458750" lon="18.5395020">
    <ele>465.7</ele>
    <time>2026-05-09T16:15:53Z</time>
   </trkpt>
   <trkpt lat="69.6458750" lon="18.5395020">
    <ele>465.7</ele>
    <time>2026-05-09T16:15:54Z</time>
   </trkpt>
   <trkpt lat="69.6458750" lon="18.5395020">
    <ele>465.7</ele>
    <time>2026-05-09T16:15:55Z</time>
   </trkpt>
   <trkpt lat="69.6458750" lon="18.5395020">
    <ele>465.7</ele>
    <time>2026-05-09T16:15:56Z</time>
   </trkpt>
   <trkpt lat="69.6458750" lon="18.5395020">
    <ele>465.7</ele>
    <time>2026-05-09T16:15:57Z</time>
   </trkpt>
   <trkpt lat="69.6458550" lon="18.5394920">
    <ele>466.4</ele>
    <time>2026-05-09T16:15:58Z</time>
   </trkpt>
   <trkpt lat="69.6458550" lon="18.5394920">
    <ele>466.4</ele>
    <time>2026-05-09T16:15:59Z</time>
   </trkpt>
   <trkpt lat="69.6458550" lon="18.5394920">
    <ele>466.4</ele>
    <time>2026-05-09T16:16:00Z</time>
   </trkpt>
   <trkpt lat="69.6458550" lon="18.5394920">
    <ele>466.4</ele>
    <time>2026-05-09T16:16:01Z</time>
   </trkpt>
   <trkpt lat="69.6458550" lon="18.5394920">
    <ele>466.4</ele>
    <time>2026-05-09T16:16:02Z</time>
   </trkpt>
   <trkpt lat="69.6458340" lon="18.5394860">
    <ele>467.8</ele>
    <time>2026-05-09T16:16:03Z</time>
   </trkpt>
   <trkpt lat="69.6458340" lon="18.5394860">
    <ele>467.8</ele>
    <time>2026-05-09T16:16:04Z</time>
   </trkpt>
   <trkpt lat="69.6458340" lon="18.5394860">
    <ele>467.8</ele>
    <time>2026-05-09T16:16:05Z</time>
   </trkpt>
   <trkpt lat="69.6458340" lon="18.5394860">
    <ele>467.8</ele>
    <time>2026-05-09T16:16:06Z</time>
   </trkpt>
   <trkpt lat="69.6458340" lon="18.5394860">
    <ele>467.8</ele>
    <time>2026-05-09T16:16:07Z</time>
   </trkpt>
   <trkpt lat="69.6458120" lon="18.5394840">
    <ele>468.5</ele>
    <time>2026-05-09T16:16:08Z</time>
   </trkpt>
   <trkpt lat="69.6458120" lon="18.5394840">
    <ele>468.5</ele>
    <time>2026-05-09T16:16:09Z</time>
   </trkpt>
   <trkpt lat="69.6458120" lon="18.5394840">
    <ele>468.5</ele>
    <time>2026-05-09T16:16:10Z</time>
   </trkpt>
   <trkpt lat="69.6458120" lon="18.5394840">
    <ele>468.5</ele>
    <time>2026-05-09T16:16:11Z</time>
   </trkpt>
   <trkpt lat="69.6458120" lon="18.5394840">
    <ele>468.5</ele>
    <time>2026-05-09T16:16:12Z</time>
   </trkpt>
   <trkpt lat="69.6457920" lon="18.5394870">
    <ele>469.2</ele>
    <time>2026-05-09T16:16:13Z</time>
   </trkpt>
   <trkpt lat="69.6457920" lon="18.5394870">
    <ele>469.2</ele>
    <time>2026-05-09T16:16:14Z</time>
   </trkpt>
   <trkpt lat="69.6457920" lon="18.5394870">
    <ele>469.2</ele>
    <time>2026-05-09T16:16:15Z</time>
   </trkpt>
   <trkpt lat="69.6457920" lon="18.5394870">
    <ele>469.2</ele>
    <time>2026-05-09T16:16:16Z</time>
   </trkpt>
   <trkpt lat="69.6457730" lon="18.5394880">
    <ele>470.7</ele>
    <time>2026-05-09T16:16:17Z</time>
   </trkpt>
   <trkpt lat="69.6457730" lon="18.5394880">
    <ele>470.7</ele>
    <time>2026-05-09T16:16:18Z</time>
   </trkpt>
   <trkpt lat="69.6457730" lon="18.5394880">
    <ele>470.7</ele>
    <time>2026-05-09T16:16:19Z</time>
   </trkpt>
   <trkpt lat="69.6457530" lon="18.5394870">
    <ele>471.5</ele>
    <time>2026-05-09T16:16:20Z</time>
   </trkpt>
   <trkpt lat="69.6457530" lon="18.5394870">
    <ele>471.5</ele>
    <time>2026-05-09T16:16:21Z</time>
   </trkpt>
   <trkpt lat="69.6457530" lon="18.5394870">
    <ele>471.5</ele>
    <time>2026-05-09T16:16:22Z</time>
   </trkpt>
   <trkpt lat="69.6457530" lon="18.5394870">
    <ele>471.5</ele>
    <time>2026-05-09T16:16:23Z</time>
   </trkpt>
   <trkpt lat="69.6457530" lon="18.5394870">
    <ele>471.5</ele>
    <time>2026-05-09T16:16:24Z</time>
   </trkpt>
   <trkpt lat="69.6457530" lon="18.5394870">
    <ele>471.5</ele>
    <time>2026-05-09T16:16:25Z</time>
   </trkpt>
   <trkpt lat="69.6457310" lon="18.5394790">
    <ele>472.4</ele>
    <time>2026-05-09T16:16:26Z</time>
   </trkpt>
   <trkpt lat="69.6457310" lon="18.5394790">
    <ele>472.4</ele>
    <time>2026-05-09T16:16:27Z</time>
   </trkpt>
   <trkpt lat="69.6457310" lon="18.5394790">
    <ele>472.4</ele>
    <time>2026-05-09T16:16:28Z</time>
   </trkpt>
   <trkpt lat="69.6457310" lon="18.5394790">
    <ele>472.4</ele>
    <time>2026-05-09T16:16:29Z</time>
   </trkpt>
   <trkpt lat="69.6457130" lon="18.5394750">
    <ele>474.1</ele>
    <time>2026-05-09T16:16:30Z</time>
   </trkpt>
   <trkpt lat="69.6457130" lon="18.5394750">
    <ele>474.1</ele>
    <time>2026-05-09T16:16:31Z</time>
   </trkpt>
   <trkpt lat="69.6457130" lon="18.5394750">
    <ele>474.1</ele>
    <time>2026-05-09T16:16:32Z</time>
   </trkpt>
   <trkpt lat="69.6457130" lon="18.5394750">
    <ele>474.1</ele>
    <time>2026-05-09T16:16:33Z</time>
   </trkpt>
   <trkpt lat="69.6457130" lon="18.5394750">
    <ele>474.1</ele>
    <time>2026-05-09T16:16:34Z</time>
   </trkpt>
   <trkpt lat="69.6456910" lon="18.5394660">
    <ele>475.0</ele>
    <time>2026-05-09T16:16:35Z</time>
   </trkpt>
   <trkpt lat="69.6456910" lon="18.5394660">
    <ele>475.0</ele>
    <time>2026-05-09T16:16:36Z</time>
   </trkpt>
   <trkpt lat="69.6456910" lon="18.5394660">
    <ele>475.0</ele>
    <time>2026-05-09T16:16:37Z</time>
   </trkpt>
   <trkpt lat="69.6456910" lon="18.5394660">
    <ele>475.0</ele>
    <time>2026-05-09T16:16:38Z</time>
   </trkpt>
   <trkpt lat="69.6456730" lon="18.5394610">
    <ele>475.8</ele>
    <time>2026-05-09T16:16:39Z</time>
   </trkpt>
   <trkpt lat="69.6456730" lon="18.5394610">
    <ele>475.8</ele>
    <time>2026-05-09T16:16:40Z</time>
   </trkpt>
   <trkpt lat="69.6456730" lon="18.5394610">
    <ele>475.8</ele>
    <time>2026-05-09T16:16:41Z</time>
   </trkpt>
   <trkpt lat="69.6456730" lon="18.5394610">
    <ele>475.8</ele>
    <time>2026-05-09T16:16:42Z</time>
   </trkpt>
   <trkpt lat="69.6456730" lon="18.5394610">
    <ele>475.8</ele>
    <time>2026-05-09T16:16:43Z</time>
   </trkpt>
   <trkpt lat="69.6456540" lon="18.5394560">
    <ele>477.6</ele>
    <time>2026-05-09T16:16:44Z</time>
   </trkpt>
   <trkpt lat="69.6456540" lon="18.5394560">
    <ele>477.6</ele>
    <time>2026-05-09T16:16:45Z</time>
   </trkpt>
   <trkpt lat="69.6456540" lon="18.5394560">
    <ele>477.6</ele>
    <time>2026-05-09T16:16:46Z</time>
   </trkpt>
   <trkpt lat="69.6456540" lon="18.5394560">
    <ele>477.6</ele>
    <time>2026-05-09T16:16:47Z</time>
   </trkpt>
   <trkpt lat="69.6456360" lon="18.5394480">
    <ele>478.5</ele>
    <time>2026-05-09T16:16:48Z</time>
   </trkpt>
   <trkpt lat="69.6456360" lon="18.5394480">
    <ele>478.5</ele>
    <time>2026-05-09T16:16:49Z</time>
   </trkpt>
   <trkpt lat="69.6456360" lon="18.5394480">
    <ele>478.5</ele>
    <time>2026-05-09T16:16:50Z</time>
   </trkpt>
   <trkpt lat="69.6456360" lon="18.5394480">
    <ele>478.5</ele>
    <time>2026-05-09T16:16:51Z</time>
   </trkpt>
   <trkpt lat="69.6456360" lon="18.5394480">
    <ele>478.5</ele>
    <time>2026-05-09T16:16:52Z</time>
   </trkpt>
   <trkpt lat="69.6456160" lon="18.5394430">
    <ele>479.6</ele>
    <time>2026-05-09T16:16:53Z</time>
   </trkpt>
   <trkpt lat="69.6456160" lon="18.5394430">
    <ele>479.6</ele>
    <time>2026-05-09T16:16:54Z</time>
   </trkpt>
   <trkpt lat="69.6456160" lon="18.5394430">
    <ele>479.6</ele>
    <time>2026-05-09T16:16:55Z</time>
   </trkpt>
   <trkpt lat="69.6456160" lon="18.5394430">
    <ele>479.6</ele>
    <time>2026-05-09T16:16:56Z</time>
   </trkpt>
   <trkpt lat="69.6456160" lon="18.5394430">
    <ele>479.6</ele>
    <time>2026-05-09T16:16:57Z</time>
   </trkpt>
   <trkpt lat="69.6455960" lon="18.5394380">
    <ele>480.5</ele>
    <time>2026-05-09T16:16:58Z</time>
   </trkpt>
   <trkpt lat="69.6455960" lon="18.5394380">
    <ele>480.5</ele>
    <time>2026-05-09T16:16:59Z</time>
   </trkpt>
   <trkpt lat="69.6455960" lon="18.5394380">
    <ele>480.5</ele>
    <time>2026-05-09T16:17:00Z</time>
   </trkpt>
   <trkpt lat="69.6455960" lon="18.5394380">
    <ele>480.5</ele>
    <time>2026-05-09T16:17:01Z</time>
   </trkpt>
   <trkpt lat="69.6455960" lon="18.5394380">
    <ele>480.5</ele>
    <time>2026-05-09T16:17:02Z</time>
   </trkpt>
   <trkpt lat="69.6455960" lon="18.5394380">
    <ele>480.5</ele>
    <time>2026-05-09T16:17:03Z</time>
   </trkpt>
   <trkpt lat="69.6455760" lon="18.5394270">
    <ele>482.0</ele>
    <time>2026-05-09T16:17:04Z</time>
   </trkpt>
   <trkpt lat="69.6455760" lon="18.5394270">
    <ele>482.0</ele>
    <time>2026-05-09T16:17:05Z</time>
   </trkpt>
   <trkpt lat="69.6455760" lon="18.5394270">
    <ele>482.0</ele>
    <time>2026-05-09T16:17:06Z</time>
   </trkpt>
   <trkpt lat="69.6455760" lon="18.5394270">
    <ele>482.0</ele>
    <time>2026-05-09T16:17:07Z</time>
   </trkpt>
   <trkpt lat="69.6455760" lon="18.5394270">
    <ele>482.0</ele>
    <time>2026-05-09T16:17:08Z</time>
   </trkpt>
   <trkpt lat="69.6455570" lon="18.5394210">
    <ele>482.8</ele>
    <time>2026-05-09T16:17:09Z</time>
   </trkpt>
   <trkpt lat="69.6455570" lon="18.5394210">
    <ele>482.8</ele>
    <time>2026-05-09T16:17:10Z</time>
   </trkpt>
   <trkpt lat="69.6455570" lon="18.5394210">
    <ele>482.8</ele>
    <time>2026-05-09T16:17:11Z</time>
   </trkpt>
   <trkpt lat="69.6455570" lon="18.5394210">
    <ele>482.8</ele>
    <time>2026-05-09T16:17:12Z</time>
   </trkpt>
   <trkpt lat="69.6455570" lon="18.5394210">
    <ele>482.8</ele>
    <time>2026-05-09T16:17:13Z</time>
   </trkpt>
   <trkpt lat="69.6455360" lon="18.5394230">
    <ele>483.6</ele>
    <time>2026-05-09T16:17:14Z</time>
   </trkpt>
   <trkpt lat="69.6455360" lon="18.5394230">
    <ele>483.6</ele>
    <time>2026-05-09T16:17:15Z</time>
   </trkpt>
   <trkpt lat="69.6455360" lon="18.5394230">
    <ele>483.6</ele>
    <time>2026-05-09T16:17:16Z</time>
   </trkpt>
   <trkpt lat="69.6455360" lon="18.5394230">
    <ele>483.6</ele>
    <time>2026-05-09T16:17:17Z</time>
   </trkpt>
   <trkpt lat="69.6455360" lon="18.5394230">
    <ele>483.6</ele>
    <time>2026-05-09T16:17:18Z</time>
   </trkpt>
   <trkpt lat="69.6455150" lon="18.5394150">
    <ele>485.3</ele>
    <time>2026-05-09T16:17:19Z</time>
   </trkpt>
   <trkpt lat="69.6455150" lon="18.5394150">
    <ele>485.3</ele>
    <time>2026-05-09T16:17:20Z</time>
   </trkpt>
   <trkpt lat="69.6455150" lon="18.5394150">
    <ele>485.3</ele>
    <time>2026-05-09T16:17:21Z</time>
   </trkpt>
   <trkpt lat="69.6455150" lon="18.5394150">
    <ele>485.3</ele>
    <time>2026-05-09T16:17:22Z</time>
   </trkpt>
   <trkpt lat="69.6455150" lon="18.5394150">
    <ele>485.3</ele>
    <time>2026-05-09T16:17:23Z</time>
   </trkpt>
   <trkpt lat="69.6454940" lon="18.5394150">
    <ele>486.2</ele>
    <time>2026-05-09T16:17:24Z</time>
   </trkpt>
   <trkpt lat="69.6454940" lon="18.5394150">
    <ele>486.2</ele>
    <time>2026-05-09T16:17:25Z</time>
   </trkpt>
   <trkpt lat="69.6454940" lon="18.5394150">
    <ele>486.2</ele>
    <time>2026-05-09T16:17:26Z</time>
   </trkpt>
   <trkpt lat="69.6454940" lon="18.5394150">
    <ele>486.2</ele>
    <time>2026-05-09T16:17:27Z</time>
   </trkpt>
   <trkpt lat="69.6454940" lon="18.5394150">
    <ele>486.2</ele>
    <time>2026-05-09T16:17:28Z</time>
   </trkpt>
   <trkpt lat="69.6454750" lon="18.5394110">
    <ele>487.9</ele>
    <time>2026-05-09T16:17:29Z</time>
   </trkpt>
   <trkpt lat="69.6454750" lon="18.5394110">
    <ele>487.9</ele>
    <time>2026-05-09T16:17:30Z</time>
   </trkpt>
   <trkpt lat="69.6454750" lon="18.5394110">
    <ele>487.9</ele>
    <time>2026-05-09T16:17:31Z</time>
   </trkpt>
   <trkpt lat="69.6454750" lon="18.5394110">
    <ele>487.9</ele>
    <time>2026-05-09T16:17:32Z</time>
   </trkpt>
   <trkpt lat="69.6454750" lon="18.5394110">
    <ele>487.9</ele>
    <time>2026-05-09T16:17:33Z</time>
   </trkpt>
   <trkpt lat="69.6454530" lon="18.5394060">
    <ele>488.8</ele>
    <time>2026-05-09T16:17:34Z</time>
   </trkpt>
   <trkpt lat="69.6454530" lon="18.5394060">
    <ele>488.8</ele>
    <time>2026-05-09T16:17:35Z</time>
   </trkpt>
   <trkpt lat="69.6454530" lon="18.5394060">
    <ele>488.8</ele>
    <time>2026-05-09T16:17:36Z</time>
   </trkpt>
   <trkpt lat="69.6454530" lon="18.5394060">
    <ele>488.8</ele>
    <time>2026-05-09T16:17:37Z</time>
   </trkpt>
   <trkpt lat="69.6454530" lon="18.5394060">
    <ele>488.8</ele>
    <time>2026-05-09T16:17:38Z</time>
   </trkpt>
   <trkpt lat="69.6454350" lon="18.5393970">
    <ele>489.6</ele>
    <time>2026-05-09T16:17:39Z</time>
   </trkpt>
   <trkpt lat="69.6454350" lon="18.5393970">
    <ele>489.6</ele>
    <time>2026-05-09T16:17:40Z</time>
   </trkpt>
   <trkpt lat="69.6454350" lon="18.5393970">
    <ele>489.6</ele>
    <time>2026-05-09T16:17:41Z</time>
   </trkpt>
   <trkpt lat="69.6454350" lon="18.5393970">
    <ele>489.6</ele>
    <time>2026-05-09T16:17:42Z</time>
   </trkpt>
   <trkpt lat="69.6454350" lon="18.5393970">
    <ele>489.6</ele>
    <time>2026-05-09T16:17:43Z</time>
   </trkpt>
   <trkpt lat="69.6454160" lon="18.5393920">
    <ele>491.3</ele>
    <time>2026-05-09T16:17:44Z</time>
   </trkpt>
   <trkpt lat="69.6454160" lon="18.5393920">
    <ele>491.3</ele>
    <time>2026-05-09T16:17:45Z</time>
   </trkpt>
   <trkpt lat="69.6454160" lon="18.5393920">
    <ele>491.3</ele>
    <time>2026-05-09T16:17:46Z</time>
   </trkpt>
   <trkpt lat="69.6454160" lon="18.5393920">
    <ele>491.3</ele>
    <time>2026-05-09T16:17:47Z</time>
   </trkpt>
   <trkpt lat="69.6454160" lon="18.5393920">
    <ele>491.3</ele>
    <time>2026-05-09T16:17:48Z</time>
   </trkpt>
   <trkpt lat="69.6454160" lon="18.5393920">
    <ele>491.3</ele>
    <time>2026-05-09T16:17:49Z</time>
   </trkpt>
   <trkpt lat="69.6453960" lon="18.5393790">
    <ele>491.7</ele>
    <time>2026-05-09T16:17:50Z</time>
   </trkpt>
   <trkpt lat="69.6453960" lon="18.5393790">
    <ele>491.7</ele>
    <time>2026-05-09T16:17:51Z</time>
   </trkpt>
   <trkpt lat="69.6453960" lon="18.5393790">
    <ele>491.7</ele>
    <time>2026-05-09T16:17:52Z</time>
   </trkpt>
   <trkpt lat="69.6453960" lon="18.5393790">
    <ele>491.7</ele>
    <time>2026-05-09T16:17:53Z</time>
   </trkpt>
   <trkpt lat="69.6453960" lon="18.5393790">
    <ele>491.7</ele>
    <time>2026-05-09T16:17:54Z</time>
   </trkpt>
   <trkpt lat="69.6453780" lon="18.5393700">
    <ele>492.5</ele>
    <time>2026-05-09T16:17:55Z</time>
   </trkpt>
   <trkpt lat="69.6453780" lon="18.5393700">
    <ele>492.5</ele>
    <time>2026-05-09T16:17:56Z</time>
   </trkpt>
   <trkpt lat="69.6453780" lon="18.5393700">
    <ele>492.5</ele>
    <time>2026-05-09T16:17:57Z</time>
   </trkpt>
   <trkpt lat="69.6453780" lon="18.5393700">
    <ele>492.5</ele>
    <time>2026-05-09T16:17:58Z</time>
   </trkpt>
   <trkpt lat="69.6453780" lon="18.5393700">
    <ele>492.5</ele>
    <time>2026-05-09T16:17:59Z</time>
   </trkpt>
   <trkpt lat="69.6453590" lon="18.5393630">
    <ele>493.3</ele>
    <time>2026-05-09T16:18:00Z</time>
   </trkpt>
   <trkpt lat="69.6453590" lon="18.5393630">
    <ele>493.3</ele>
    <time>2026-05-09T16:18:01Z</time>
   </trkpt>
   <trkpt lat="69.6453590" lon="18.5393630">
    <ele>493.3</ele>
    <time>2026-05-09T16:18:02Z</time>
   </trkpt>
   <trkpt lat="69.6453590" lon="18.5393630">
    <ele>493.3</ele>
    <time>2026-05-09T16:18:03Z</time>
   </trkpt>
   <trkpt lat="69.6453590" lon="18.5393630">
    <ele>493.3</ele>
    <time>2026-05-09T16:18:04Z</time>
   </trkpt>
   <trkpt lat="69.6453380" lon="18.5393530">
    <ele>494.9</ele>
    <time>2026-05-09T16:18:05Z</time>
   </trkpt>
   <trkpt lat="69.6453380" lon="18.5393530">
    <ele>494.9</ele>
    <time>2026-05-09T16:18:06Z</time>
   </trkpt>
   <trkpt lat="69.6453380" lon="18.5393530">
    <ele>494.9</ele>
    <time>2026-05-09T16:18:07Z</time>
   </trkpt>
   <trkpt lat="69.6453380" lon="18.5393530">
    <ele>494.9</ele>
    <time>2026-05-09T16:18:08Z</time>
   </trkpt>
   <trkpt lat="69.6453380" lon="18.5393530">
    <ele>494.9</ele>
    <time>2026-05-09T16:18:09Z</time>
   </trkpt>
   <trkpt lat="69.6453190" lon="18.5393410">
    <ele>495.1</ele>
    <time>2026-05-09T16:18:10Z</time>
   </trkpt>
   <trkpt lat="69.6453190" lon="18.5393410">
    <ele>495.1</ele>
    <time>2026-05-09T16:18:11Z</time>
   </trkpt>
   <trkpt lat="69.6453190" lon="18.5393410">
    <ele>495.1</ele>
    <time>2026-05-09T16:18:12Z</time>
   </trkpt>
   <trkpt lat="69.6453190" lon="18.5393410">
    <ele>495.1</ele>
    <time>2026-05-09T16:18:13Z</time>
   </trkpt>
   <trkpt lat="69.6452970" lon="18.5393300">
    <ele>495.8</ele>
    <time>2026-05-09T16:18:14Z</time>
   </trkpt>
   <trkpt lat="69.6452970" lon="18.5393300">
    <ele>495.8</ele>
    <time>2026-05-09T16:18:15Z</time>
   </trkpt>
   <trkpt lat="69.6452970" lon="18.5393300">
    <ele>495.8</ele>
    <time>2026-05-09T16:18:16Z</time>
   </trkpt>
   <trkpt lat="69.6452970" lon="18.5393300">
    <ele>495.8</ele>
    <time>2026-05-09T16:18:17Z</time>
   </trkpt>
   <trkpt lat="69.6452970" lon="18.5393300">
    <ele>495.8</ele>
    <time>2026-05-09T16:18:18Z</time>
   </trkpt>
   <trkpt lat="69.6452970" lon="18.5393300">
    <ele>495.8</ele>
    <time>2026-05-09T16:18:19Z</time>
   </trkpt>
   <trkpt lat="69.6452780" lon="18.5393230">
    <ele>497.3</ele>
    <time>2026-05-09T16:18:20Z</time>
   </trkpt>
   <trkpt lat="69.6452780" lon="18.5393230">
    <ele>497.3</ele>
    <time>2026-05-09T16:18:21Z</time>
   </trkpt>
   <trkpt lat="69.6452780" lon="18.5393230">
    <ele>497.3</ele>
    <time>2026-05-09T16:18:22Z</time>
   </trkpt>
   <trkpt lat="69.6452780" lon="18.5393230">
    <ele>497.3</ele>
    <time>2026-05-09T16:18:23Z</time>
   </trkpt>
   <trkpt lat="69.6452570" lon="18.5393130">
    <ele>498.0</ele>
    <time>2026-05-09T16:18:24Z</time>
   </trkpt>
   <trkpt lat="69.6452570" lon="18.5393130">
    <ele>498.0</ele>
    <time>2026-05-09T16:18:25Z</time>
   </trkpt>
   <trkpt lat="69.6452570" lon="18.5393130">
    <ele>498.0</ele>
    <time>2026-05-09T16:18:26Z</time>
   </trkpt>
   <trkpt lat="69.6452570" lon="18.5393130">
    <ele>498.0</ele>
    <time>2026-05-09T16:18:27Z</time>
   </trkpt>
   <trkpt lat="69.6452570" lon="18.5393130">
    <ele>498.0</ele>
    <time>2026-05-09T16:18:28Z</time>
   </trkpt>
   <trkpt lat="69.6452380" lon="18.5393030">
    <ele>498.8</ele>
    <time>2026-05-09T16:18:29Z</time>
   </trkpt>
   <trkpt lat="69.6452380" lon="18.5393030">
    <ele>498.8</ele>
    <time>2026-05-09T16:18:30Z</time>
   </trkpt>
   <trkpt lat="69.6452380" lon="18.5393030">
    <ele>498.8</ele>
    <time>2026-05-09T16:18:31Z</time>
   </trkpt>
   <trkpt lat="69.6452380" lon="18.5393030">
    <ele>498.8</ele>
    <time>2026-05-09T16:18:32Z</time>
   </trkpt>
   <trkpt lat="69.6452180" lon="18.5392990">
    <ele>499.8</ele>
    <time>2026-05-09T16:18:33Z</time>
   </trkpt>
   <trkpt lat="69.6452180" lon="18.5392990">
    <ele>499.8</ele>
    <time>2026-05-09T16:18:34Z</time>
   </trkpt>
   <trkpt lat="69.6452180" lon="18.5392990">
    <ele>499.8</ele>
    <time>2026-05-09T16:18:35Z</time>
   </trkpt>
   <trkpt lat="69.6452180" lon="18.5392990">
    <ele>499.8</ele>
    <time>2026-05-09T16:18:36Z</time>
   </trkpt>
   <trkpt lat="69.6452180" lon="18.5392990">
    <ele>499.8</ele>
    <time>2026-05-09T16:18:37Z</time>
   </trkpt>
   <trkpt lat="69.6452180" lon="18.5392990">
    <ele>499.8</ele>
    <time>2026-05-09T16:18:38Z</time>
   </trkpt>
   <trkpt lat="69.6452180" lon="18.5392990">
    <ele>499.8</ele>
    <time>2026-05-09T16:18:39Z</time>
   </trkpt>
   <trkpt lat="69.6452180" lon="18.5392990">
    <ele>499.8</ele>
    <time>2026-05-09T16:18:40Z</time>
   </trkpt>
   <trkpt lat="69.6452180" lon="18.5392990">
    <ele>499.8</ele>
    <time>2026-05-09T16:18:41Z</time>
   </trkpt>
   <trkpt lat="69.6452180" lon="18.5392990">
    <ele>499.8</ele>
    <time>2026-05-09T16:18:42Z</time>
   </trkpt>
   <trkpt lat="69.6451980" lon="18.5392840">
    <ele>500.6</ele>
    <time>2026-05-09T16:18:43Z</time>
   </trkpt>
   <trkpt lat="69.6451980" lon="18.5392840">
    <ele>500.6</ele>
    <time>2026-05-09T16:18:44Z</time>
   </trkpt>
   <trkpt lat="69.6451980" lon="18.5392840">
    <ele>500.6</ele>
    <time>2026-05-09T16:18:45Z</time>
   </trkpt>
   <trkpt lat="69.6451980" lon="18.5392840">
    <ele>500.6</ele>
    <time>2026-05-09T16:18:46Z</time>
   </trkpt>
   <trkpt lat="69.6451980" lon="18.5392840">
    <ele>500.6</ele>
    <time>2026-05-09T16:18:47Z</time>
   </trkpt>
   <trkpt lat="69.6451760" lon="18.5392790">
    <ele>502.2</ele>
    <time>2026-05-09T16:18:48Z</time>
   </trkpt>
   <trkpt lat="69.6451760" lon="18.5392790">
    <ele>502.2</ele>
    <time>2026-05-09T16:18:49Z</time>
   </trkpt>
   <trkpt lat="69.6451760" lon="18.5392790">
    <ele>502.2</ele>
    <time>2026-05-09T16:18:50Z</time>
   </trkpt>
   <trkpt lat="69.6451760" lon="18.5392790">
    <ele>502.2</ele>
    <time>2026-05-09T16:18:51Z</time>
   </trkpt>
   <trkpt lat="69.6451570" lon="18.5392660">
    <ele>503.0</ele>
    <time>2026-05-09T16:18:52Z</time>
   </trkpt>
   <trkpt lat="69.6451570" lon="18.5392660">
    <ele>503.0</ele>
    <time>2026-05-09T16:18:53Z</time>
   </trkpt>
   <trkpt lat="69.6451570" lon="18.5392660">
    <ele>503.0</ele>
    <time>2026-05-09T16:18:54Z</time>
   </trkpt>
   <trkpt lat="69.6451570" lon="18.5392660">
    <ele>503.0</ele>
    <time>2026-05-09T16:18:55Z</time>
   </trkpt>
   <trkpt lat="69.6451570" lon="18.5392660">
    <ele>503.0</ele>
    <time>2026-05-09T16:18:56Z</time>
   </trkpt>
   <trkpt lat="69.6451570" lon="18.5392660">
    <ele>503.0</ele>
    <time>2026-05-09T16:18:57Z</time>
   </trkpt>
   <trkpt lat="69.6451370" lon="18.5392570">
    <ele>503.3</ele>
    <time>2026-05-09T16:18:58Z</time>
   </trkpt>
   <trkpt lat="69.6451370" lon="18.5392570">
    <ele>503.3</ele>
    <time>2026-05-09T16:18:59Z</time>
   </trkpt>
   <trkpt lat="69.6451370" lon="18.5392570">
    <ele>503.3</ele>
    <time>2026-05-09T16:19:00Z</time>
   </trkpt>
   <trkpt lat="69.6451370" lon="18.5392570">
    <ele>503.3</ele>
    <time>2026-05-09T16:19:01Z</time>
   </trkpt>
   <trkpt lat="69.6451370" lon="18.5392570">
    <ele>503.3</ele>
    <time>2026-05-09T16:19:02Z</time>
   </trkpt>
   <trkpt lat="69.6451190" lon="18.5392440">
    <ele>504.2</ele>
    <time>2026-05-09T16:19:03Z</time>
   </trkpt>
   <trkpt lat="69.6451190" lon="18.5392440">
    <ele>504.2</ele>
    <time>2026-05-09T16:19:04Z</time>
   </trkpt>
   <trkpt lat="69.6451190" lon="18.5392440">
    <ele>504.2</ele>
    <time>2026-05-09T16:19:05Z</time>
   </trkpt>
   <trkpt lat="69.6451190" lon="18.5392440">
    <ele>504.2</ele>
    <time>2026-05-09T16:19:06Z</time>
   </trkpt>
   <trkpt lat="69.6451190" lon="18.5392440">
    <ele>504.2</ele>
    <time>2026-05-09T16:19:07Z</time>
   </trkpt>
   <trkpt lat="69.6451190" lon="18.5392440">
    <ele>504.2</ele>
    <time>2026-05-09T16:19:08Z</time>
   </trkpt>
   <trkpt lat="69.6451010" lon="18.5392270">
    <ele>505.8</ele>
    <time>2026-05-09T16:19:09Z</time>
   </trkpt>
   <trkpt lat="69.6451010" lon="18.5392270">
    <ele>505.8</ele>
    <time>2026-05-09T16:19:10Z</time>
   </trkpt>
   <trkpt lat="69.6451010" lon="18.5392270">
    <ele>505.8</ele>
    <time>2026-05-09T16:19:11Z</time>
   </trkpt>
   <trkpt lat="69.6451010" lon="18.5392270">
    <ele>505.8</ele>
    <time>2026-05-09T16:19:12Z</time>
   </trkpt>
   <trkpt lat="69.6451010" lon="18.5392270">
    <ele>505.8</ele>
    <time>2026-05-09T16:19:13Z</time>
   </trkpt>
   <trkpt lat="69.6451010" lon="18.5392270">
    <ele>505.8</ele>
    <time>2026-05-09T16:19:14Z</time>
   </trkpt>
   <trkpt lat="69.6451010" lon="18.5392270">
    <ele>505.8</ele>
    <time>2026-05-09T16:19:15Z</time>
   </trkpt>
   <trkpt lat="69.6451010" lon="18.5392270">
    <ele>505.8</ele>
    <time>2026-05-09T16:19:16Z</time>
   </trkpt>
   <trkpt lat="69.6451010" lon="18.5392270">
    <ele>505.8</ele>
    <time>2026-05-09T16:19:17Z</time>
   </trkpt>
   <trkpt lat="69.6451010" lon="18.5392270">
    <ele>505.8</ele>
    <time>2026-05-09T16:19:18Z</time>
   </trkpt>
   <trkpt lat="69.6451010" lon="18.5392270">
    <ele>505.8</ele>
    <time>2026-05-09T16:19:19Z</time>
   </trkpt>
   <trkpt lat="69.6451010" lon="18.5392270">
    <ele>505.8</ele>
    <time>2026-05-09T16:19:20Z</time>
   </trkpt>
   <trkpt lat="69.6451010" lon="18.5392270">
    <ele>505.8</ele>
    <time>2026-05-09T16:19:21Z</time>
   </trkpt>
   <trkpt lat="69.6451010" lon="18.5392270">
    <ele>505.8</ele>
    <time>2026-05-09T16:19:22Z</time>
   </trkpt>
   <trkpt lat="69.6451010" lon="18.5392270">
    <ele>505.8</ele>
    <time>2026-05-09T16:19:23Z</time>
   </trkpt>
   <trkpt lat="69.6451010" lon="18.5392270">
    <ele>505.8</ele>
    <time>2026-05-09T16:19:24Z</time>
   </trkpt>
   <trkpt lat="69.6451010" lon="18.5392270">
    <ele>505.8</ele>
    <time>2026-05-09T16:19:25Z</time>
   </trkpt>
   <trkpt lat="69.6451010" lon="18.5392270">
    <ele>505.8</ele>
    <time>2026-05-09T16:19:26Z</time>
   </trkpt>
   <trkpt lat="69.6451010" lon="18.5392270">
    <ele>505.8</ele>
    <time>2026-05-09T16:19:27Z</time>
   </trkpt>
   <trkpt lat="69.6451010" lon="18.5392270">
    <ele>505.8</ele>
    <time>2026-05-09T16:19:28Z</time>
   </trkpt>
   <trkpt lat="69.6451010" lon="18.5392270">
    <ele>505.8</ele>
    <time>2026-05-09T16:19:29Z</time>
   </trkpt>
   <trkpt lat="69.6451010" lon="18.5392270">
    <ele>505.8</ele>
    <time>2026-05-09T16:19:30Z</time>
   </trkpt>
   <trkpt lat="69.6451010" lon="18.5392270">
    <ele>505.8</ele>
    <time>2026-05-09T16:19:31Z</time>
   </trkpt>
   <trkpt lat="69.6451010" lon="18.5392270">
    <ele>505.8</ele>
    <time>2026-05-09T16:19:32Z</time>
   </trkpt>
   <trkpt lat="69.6451010" lon="18.5392270">
    <ele>505.8</ele>
    <time>2026-05-09T16:19:33Z</time>
   </trkpt>
   <trkpt lat="69.6451010" lon="18.5392270">
    <ele>505.8</ele>
    <time>2026-05-09T16:19:34Z</time>
   </trkpt>
   <trkpt lat="69.6451010" lon="18.5392270">
    <ele>505.8</ele>
    <time>2026-05-09T16:19:35Z</time>
   </trkpt>
   <trkpt lat="69.6451010" lon="18.5392270">
    <ele>505.8</ele>
    <time>2026-05-09T16:19:36Z</time>
   </trkpt>
   <trkpt lat="69.6451010" lon="18.5392270">
    <ele>505.8</ele>
    <time>2026-05-09T16:19:37Z</time>
   </trkpt>
   <trkpt lat="69.6451010" lon="18.5392270">
    <ele>505.8</ele>
    <time>2026-05-09T16:19:38Z</time>
   </trkpt>
   <trkpt lat="69.6451010" lon="18.5392270">
    <ele>505.8</ele>
    <time>2026-05-09T16:19:39Z</time>
   </trkpt>
   <trkpt lat="69.6451010" lon="18.5392270">
    <ele>505.8</ele>
    <time>2026-05-09T16:19:40Z</time>
   </trkpt>
   <trkpt lat="69.6451010" lon="18.5392270">
    <ele>505.8</ele>
    <time>2026-05-09T16:19:41Z</time>
   </trkpt>
   <trkpt lat="69.6451010" lon="18.5392270">
    <ele>505.8</ele>
    <time>2026-05-09T16:19:42Z</time>
   </trkpt>
   <trkpt lat="69.6451010" lon="18.5392270">
    <ele>505.8</ele>
    <time>2026-05-09T16:19:43Z</time>
   </trkpt>
   <trkpt lat="69.6451010" lon="18.5392270">
    <ele>505.8</ele>
    <time>2026-05-09T16:19:44Z</time>
   </trkpt>
   <trkpt lat="69.6451010" lon="18.5392270">
    <ele>505.8</ele>
    <time>2026-05-09T16:19:45Z</time>
   </trkpt>
   <trkpt lat="69.6451010" lon="18.5392270">
    <ele>505.8</ele>
    <time>2026-05-09T16:19:46Z</time>
   </trkpt>
   <trkpt lat="69.6451010" lon="18.5392270">
    <ele>505.8</ele>
    <time>2026-05-09T16:19:47Z</time>
   </trkpt>
   <trkpt lat="69.6451010" lon="18.5392270">
    <ele>505.8</ele>
    <time>2026-05-09T16:19:48Z</time>
   </trkpt>
   <trkpt lat="69.6451010" lon="18.5392270">
    <ele>505.8</ele>
    <time>2026-05-09T16:19:49Z</time>
   </trkpt>
   <trkpt lat="69.6451010" lon="18.5392270">
    <ele>505.8</ele>
    <time>2026-05-09T16:19:50Z</time>
   </trkpt>
   <trkpt lat="69.6451010" lon="18.5392270">
    <ele>505.8</ele>
    <time>2026-05-09T16:19:51Z</time>
   </trkpt>
   <trkpt lat="69.6451010" lon="18.5392270">
    <ele>505.8</ele>
    <time>2026-05-09T16:19:52Z</time>
   </trkpt>
   <trkpt lat="69.6451010" lon="18.5392270">
    <ele>505.8</ele>
    <time>2026-05-09T16:19:53Z</time>
   </trkpt>
   <trkpt lat="69.6451010" lon="18.5392270">
    <ele>505.8</ele>
    <time>2026-05-09T16:19:54Z</time>
   </trkpt>
   <trkpt lat="69.6451010" lon="18.5392270">
    <ele>505.8</ele>
    <time>2026-05-09T16:19:55Z</time>
   </trkpt>
   <trkpt lat="69.6451010" lon="18.5392270">
    <ele>505.8</ele>
    <time>2026-05-09T16:19:56Z</time>
   </trkpt>
   <trkpt lat="69.6451010" lon="18.5392270">
    <ele>505.8</ele>
    <time>2026-05-09T16:19:57Z</time>
   </trkpt>
   <trkpt lat="69.6451010" lon="18.5392270">
    <ele>505.8</ele>
    <time>2026-05-09T16:19:58Z</time>
   </trkpt>
   <trkpt lat="69.6451010" lon="18.5392270">
    <ele>505.8</ele>
    <time>2026-05-09T16:19:59Z</time>
   </trkpt>
   <trkpt lat="69.6451010" lon="18.5392270">
    <ele>505.8</ele>
    <time>2026-05-09T16:20:00Z</time>
   </trkpt>
   <trkpt lat="69.6451010" lon="18.5392270">
    <ele>505.8</ele>
    <time>2026-05-09T16:20:01Z</time>
   </trkpt>
   <trkpt lat="69.6451010" lon="18.5392270">
    <ele>505.8</ele>
    <time>2026-05-09T16:20:02Z</time>
   </trkpt>
   <trkpt lat="69.6451010" lon="18.5392270">
    <ele>505.8</ele>
    <time>2026-05-09T16:20:03Z</time>
   </trkpt>
   <trkpt lat="69.6451010" lon="18.5392270">
    <ele>505.8</ele>
    <time>2026-05-09T16:20:04Z</time>
   </trkpt>
   <trkpt lat="69.6451010" lon="18.5392270">
    <ele>505.9</ele>
    <time>2026-05-09T16:20:05Z</time>
   </trkpt>
   <trkpt lat="69.6451010" lon="18.5392270">
    <ele>505.9</ele>
    <time>2026-05-09T16:20:06Z</time>
   </trkpt>
   <trkpt lat="69.6451010" lon="18.5392270">
    <ele>505.9</ele>
    <time>2026-05-09T16:20:07Z</time>
   </trkpt>
   <trkpt lat="69.6451010" lon="18.5392270">
    <ele>505.9</ele>
    <time>2026-05-09T16:20:08Z</time>
   </trkpt>
   <trkpt lat="69.6451010" lon="18.5392270">
    <ele>505.9</ele>
    <time>2026-05-09T16:20:09Z</time>
   </trkpt>
   <trkpt lat="69.6451010" lon="18.5392270">
    <ele>505.9</ele>
    <time>2026-05-09T16:20:10Z</time>
   </trkpt>
   <trkpt lat="69.6451010" lon="18.5392270">
    <ele>505.9</ele>
    <time>2026-05-09T16:20:11Z</time>
   </trkpt>
   <trkpt lat="69.6451010" lon="18.5392270">
    <ele>505.9</ele>
    <time>2026-05-09T16:20:12Z</time>
   </trkpt>
   <trkpt lat="69.6451010" lon="18.5392270">
    <ele>505.9</ele>
    <time>2026-05-09T16:20:13Z</time>
   </trkpt>
   <trkpt lat="69.6451010" lon="18.5392270">
    <ele>505.9</ele>
    <time>2026-05-09T16:20:14Z</time>
   </trkpt>
   <trkpt lat="69.6451010" lon="18.5392270">
    <ele>505.9</ele>
    <time>2026-05-09T16:20:15Z</time>
   </trkpt>
   <trkpt lat="69.6451010" lon="18.5392270">
    <ele>505.9</ele>
    <time>2026-05-09T16:20:16Z</time>
   </trkpt>
   <trkpt lat="69.6451010" lon="18.5392270">
    <ele>505.9</ele>
    <time>2026-05-09T16:20:17Z</time>
   </trkpt>
   <trkpt lat="69.6451010" lon="18.5392270">
    <ele>505.9</ele>
    <time>2026-05-09T16:20:18Z</time>
   </trkpt>
   <trkpt lat="69.6451010" lon="18.5392270">
    <ele>505.9</ele>
    <time>2026-05-09T16:20:19Z</time>
   </trkpt>
   <trkpt lat="69.6451010" lon="18.5392270">
    <ele>505.9</ele>
    <time>2026-05-09T16:20:20Z</time>
   </trkpt>
   <trkpt lat="69.6451010" lon="18.5392270">
    <ele>505.9</ele>
    <time>2026-05-09T16:20:21Z</time>
   </trkpt>
   <trkpt lat="69.6451010" lon="18.5392270">
    <ele>505.9</ele>
    <time>2026-05-09T16:20:22Z</time>
   </trkpt>
   <trkpt lat="69.6451010" lon="18.5392270">
    <ele>505.9</ele>
    <time>2026-05-09T16:20:23Z</time>
   </trkpt>
   <trkpt lat="69.6451010" lon="18.5392270">
    <ele>505.9</ele>
    <time>2026-05-09T16:20:24Z</time>
   </trkpt>
   <trkpt lat="69.6451010" lon="18.5392270">
    <ele>505.9</ele>
    <time>2026-05-09T16:20:25Z</time>
   </trkpt>
   <trkpt lat="69.6451010" lon="18.5392270">
    <ele>505.9</ele>
    <time>2026-05-09T16:20:26Z</time>
   </trkpt>
   <trkpt lat="69.6451010" lon="18.5392270">
    <ele>505.9</ele>
    <time>2026-05-09T16:20:27Z</time>
   </trkpt>
   <trkpt lat="69.6451010" lon="18.5392270">
    <ele>505.9</ele>
    <time>2026-05-09T16:20:28Z</time>
   </trkpt>
   <trkpt lat="69.6451010" lon="18.5392270">
    <ele>505.9</ele>
    <time>2026-05-09T16:20:29Z</time>
   </trkpt>
   <trkpt lat="69.6451010" lon="18.5392270">
    <ele>505.9</ele>
    <time>2026-05-09T16:20:30Z</time>
   </trkpt>
   <trkpt lat="69.6451010" lon="18.5392270">
    <ele>505.9</ele>
    <time>2026-05-09T16:20:31Z</time>
   </trkpt>
   <trkpt lat="69.6451010" lon="18.5392270">
    <ele>505.9</ele>
    <time>2026-05-09T16:20:32Z</time>
   </trkpt>
   <trkpt lat="69.6451010" lon="18.5392270">
    <ele>505.9</ele>
    <time>2026-05-09T16:20:33Z</time>
   </trkpt>
   <trkpt lat="69.6451010" lon="18.5392270">
    <ele>505.9</ele>
    <time>2026-05-09T16:20:34Z</time>
   </trkpt>
   <trkpt lat="69.6451010" lon="18.5392270">
    <ele>505.9</ele>
    <time>2026-05-09T16:20:35Z</time>
   </trkpt>
   <trkpt lat="69.6451010" lon="18.5392270">
    <ele>505.9</ele>
    <time>2026-05-09T16:20:36Z</time>
   </trkpt>
   <trkpt lat="69.6451010" lon="18.5392270">
    <ele>505.9</ele>
    <time>2026-05-09T16:20:37Z</time>
   </trkpt>
   <trkpt lat="69.6451010" lon="18.5392270">
    <ele>505.9</ele>
    <time>2026-05-09T16:20:38Z</time>
   </trkpt>
   <trkpt lat="69.6451010" lon="18.5392270">
    <ele>505.9</ele>
    <time>2026-05-09T16:20:39Z</time>
   </trkpt>
   <trkpt lat="69.6451010" lon="18.5392270">
    <ele>505.9</ele>
    <time>2026-05-09T16:20:40Z</time>
   </trkpt>
   <trkpt lat="69.6451010" lon="18.5392270">
    <ele>505.9</ele>
    <time>2026-05-09T16:20:41Z</time>
   </trkpt>
   <trkpt lat="69.6451010" lon="18.5392270">
    <ele>505.9</ele>
    <time>2026-05-09T16:20:42Z</time>
   </trkpt>
   <trkpt lat="69.6451010" lon="18.5392270">
    <ele>505.9</ele>
    <time>2026-05-09T16:20:43Z</time>
   </trkpt>
   <trkpt lat="69.6451010" lon="18.5392270">
    <ele>505.9</ele>
    <time>2026-05-09T16:20:44Z</time>
   </trkpt>
   <trkpt lat="69.6451010" lon="18.5392270">
    <ele>505.9</ele>
    <time>2026-05-09T16:20:45Z</time>
   </trkpt>
   <trkpt lat="69.6451010" lon="18.5392270">
    <ele>505.9</ele>
    <time>2026-05-09T16:20:46Z</time>
   </trkpt>
   <trkpt lat="69.6451010" lon="18.5392270">
    <ele>505.9</ele>
    <time>2026-05-09T16:20:47Z</time>
   </trkpt>
   <trkpt lat="69.6451010" lon="18.5392270">
    <ele>505.9</ele>
    <time>2026-05-09T16:20:48Z</time>
   </trkpt>
   <trkpt lat="69.6451010" lon="18.5392270">
    <ele>505.9</ele>
    <time>2026-05-09T16:20:49Z</time>
   </trkpt>
   <trkpt lat="69.6451010" lon="18.5392270">
    <ele>505.9</ele>
    <time>2026-05-09T16:20:50Z</time>
   </trkpt>
   <trkpt lat="69.6451010" lon="18.5392270">
    <ele>505.9</ele>
    <time>2026-05-09T16:20:51Z</time>
   </trkpt>
   <trkpt lat="69.6451010" lon="18.5392270">
    <ele>505.9</ele>
    <time>2026-05-09T16:20:52Z</time>
   </trkpt>
   <trkpt lat="69.6451010" lon="18.5392270">
    <ele>505.9</ele>
    <time>2026-05-09T16:20:53Z</time>
   </trkpt>
   <trkpt lat="69.6451010" lon="18.5392270">
    <ele>505.9</ele>
    <time>2026-05-09T16:20:54Z</time>
   </trkpt>
   <trkpt lat="69.6451010" lon="18.5392270">
    <ele>505.9</ele>
    <time>2026-05-09T16:20:55Z</time>
   </trkpt>
   <trkpt lat="69.6451010" lon="18.5392270">
    <ele>505.9</ele>
    <time>2026-05-09T16:20:56Z</time>
   </trkpt>
   <trkpt lat="69.6451010" lon="18.5392270">
    <ele>505.9</ele>
    <time>2026-05-09T16:20:57Z</time>
   </trkpt>
   <trkpt lat="69.6451010" lon="18.5392270">
    <ele>505.9</ele>
    <time>2026-05-09T16:20:58Z</time>
   </trkpt>
   <trkpt lat="69.6451010" lon="18.5392270">
    <ele>505.9</ele>
    <time>2026-05-09T16:20:59Z</time>
   </trkpt>
   <trkpt lat="69.6451010" lon="18.5392270">
    <ele>505.9</ele>
    <time>2026-05-09T16:21:00Z</time>
   </trkpt>
   <trkpt lat="69.6451010" lon="18.5392270">
    <ele>505.9</ele>
    <time>2026-05-09T16:21:01Z</time>
   </trkpt>
   <trkpt lat="69.6451010" lon="18.5392270">
    <ele>505.9</ele>
    <time>2026-05-09T16:21:02Z</time>
   </trkpt>
   <trkpt lat="69.6450820" lon="18.5392220">
    <ele>506.7</ele>
    <time>2026-05-09T16:21:03Z</time>
   </trkpt>
   <trkpt lat="69.6450820" lon="18.5392220">
    <ele>506.7</ele>
    <time>2026-05-09T16:21:04Z</time>
   </trkpt>
   <trkpt lat="69.6450820" lon="18.5392220">
    <ele>506.7</ele>
    <time>2026-05-09T16:21:05Z</time>
   </trkpt>
   <trkpt lat="69.6450820" lon="18.5392220">
    <ele>506.7</ele>
    <time>2026-05-09T16:21:06Z</time>
   </trkpt>
   <trkpt lat="69.6450580" lon="18.5392150">
    <ele>508.4</ele>
    <time>2026-05-09T16:21:07Z</time>
   </trkpt>
   <trkpt lat="69.6450580" lon="18.5392150">
    <ele>508.4</ele>
    <time>2026-05-09T16:21:08Z</time>
   </trkpt>
   <trkpt lat="69.6450580" lon="18.5392150">
    <ele>508.4</ele>
    <time>2026-05-09T16:21:09Z</time>
   </trkpt>
   <trkpt lat="69.6450580" lon="18.5392150">
    <ele>508.4</ele>
    <time>2026-05-09T16:21:10Z</time>
   </trkpt>
   <trkpt lat="69.6450360" lon="18.5392050">
    <ele>508.8</ele>
    <time>2026-05-09T16:21:11Z</time>
   </trkpt>
   <trkpt lat="69.6450360" lon="18.5392050">
    <ele>508.8</ele>
    <time>2026-05-09T16:21:12Z</time>
   </trkpt>
   <trkpt lat="69.6450360" lon="18.5392050">
    <ele>508.8</ele>
    <time>2026-05-09T16:21:13Z</time>
   </trkpt>
   <trkpt lat="69.6450170" lon="18.5391960">
    <ele>509.7</ele>
    <time>2026-05-09T16:21:14Z</time>
   </trkpt>
   <trkpt lat="69.6450170" lon="18.5391960">
    <ele>509.7</ele>
    <time>2026-05-09T16:21:15Z</time>
   </trkpt>
   <trkpt lat="69.6450170" lon="18.5391960">
    <ele>509.7</ele>
    <time>2026-05-09T16:21:16Z</time>
   </trkpt>
   <trkpt lat="69.6450170" lon="18.5391960">
    <ele>509.7</ele>
    <time>2026-05-09T16:21:17Z</time>
   </trkpt>
   <trkpt lat="69.6449950" lon="18.5391820">
    <ele>511.3</ele>
    <time>2026-05-09T16:21:18Z</time>
   </trkpt>
   <trkpt lat="69.6449950" lon="18.5391820">
    <ele>511.3</ele>
    <time>2026-05-09T16:21:19Z</time>
   </trkpt>
   <trkpt lat="69.6449950" lon="18.5391820">
    <ele>511.3</ele>
    <time>2026-05-09T16:21:20Z</time>
   </trkpt>
   <trkpt lat="69.6449790" lon="18.5391620">
    <ele>511.7</ele>
    <time>2026-05-09T16:21:21Z</time>
   </trkpt>
   <trkpt lat="69.6449790" lon="18.5391620">
    <ele>511.7</ele>
    <time>2026-05-09T16:21:22Z</time>
   </trkpt>
   <trkpt lat="69.6449790" lon="18.5391620">
    <ele>511.7</ele>
    <time>2026-05-09T16:21:23Z</time>
   </trkpt>
   <trkpt lat="69.6449570" lon="18.5391460">
    <ele>512.5</ele>
    <time>2026-05-09T16:21:24Z</time>
   </trkpt>
   <trkpt lat="69.6449570" lon="18.5391460">
    <ele>512.5</ele>
    <time>2026-05-09T16:21:25Z</time>
   </trkpt>
   <trkpt lat="69.6449570" lon="18.5391460">
    <ele>512.5</ele>
    <time>2026-05-09T16:21:26Z</time>
   </trkpt>
   <trkpt lat="69.6449570" lon="18.5391460">
    <ele>512.5</ele>
    <time>2026-05-09T16:21:27Z</time>
   </trkpt>
   <trkpt lat="69.6449570" lon="18.5391460">
    <ele>512.5</ele>
    <time>2026-05-09T16:21:28Z</time>
   </trkpt>
   <trkpt lat="69.6449360" lon="18.5391340">
    <ele>514.0</ele>
    <time>2026-05-09T16:21:29Z</time>
   </trkpt>
   <trkpt lat="69.6449360" lon="18.5391340">
    <ele>514.0</ele>
    <time>2026-05-09T16:21:30Z</time>
   </trkpt>
   <trkpt lat="69.6449360" lon="18.5391340">
    <ele>514.0</ele>
    <time>2026-05-09T16:21:31Z</time>
   </trkpt>
   <trkpt lat="69.6449360" lon="18.5391340">
    <ele>514.0</ele>
    <time>2026-05-09T16:21:32Z</time>
   </trkpt>
   <trkpt lat="69.6449170" lon="18.5391180">
    <ele>514.3</ele>
    <time>2026-05-09T16:21:33Z</time>
   </trkpt>
   <trkpt lat="69.6449170" lon="18.5391180">
    <ele>514.3</ele>
    <time>2026-05-09T16:21:34Z</time>
   </trkpt>
   <trkpt lat="69.6449170" lon="18.5391180">
    <ele>514.3</ele>
    <time>2026-05-09T16:21:35Z</time>
   </trkpt>
   <trkpt lat="69.6449170" lon="18.5391180">
    <ele>514.3</ele>
    <time>2026-05-09T16:21:36Z</time>
   </trkpt>
   <trkpt lat="69.6449170" lon="18.5391180">
    <ele>514.3</ele>
    <time>2026-05-09T16:21:37Z</time>
   </trkpt>
   <trkpt lat="69.6448950" lon="18.5391030">
    <ele>515.0</ele>
    <time>2026-05-09T16:21:38Z</time>
   </trkpt>
   <trkpt lat="69.6448950" lon="18.5391030">
    <ele>515.0</ele>
    <time>2026-05-09T16:21:39Z</time>
   </trkpt>
   <trkpt lat="69.6448950" lon="18.5391030">
    <ele>515.0</ele>
    <time>2026-05-09T16:21:40Z</time>
   </trkpt>
   <trkpt lat="69.6448950" lon="18.5391030">
    <ele>515.0</ele>
    <time>2026-05-09T16:21:41Z</time>
   </trkpt>
   <trkpt lat="69.6448950" lon="18.5391030">
    <ele>515.0</ele>
    <time>2026-05-09T16:21:42Z</time>
   </trkpt>
   <trkpt lat="69.6448780" lon="18.5390870">
    <ele>516.5</ele>
    <time>2026-05-09T16:21:43Z</time>
   </trkpt>
   <trkpt lat="69.6448780" lon="18.5390870">
    <ele>516.5</ele>
    <time>2026-05-09T16:21:44Z</time>
   </trkpt>
   <trkpt lat="69.6448780" lon="18.5390870">
    <ele>516.5</ele>
    <time>2026-05-09T16:21:45Z</time>
   </trkpt>
   <trkpt lat="69.6448780" lon="18.5390870">
    <ele>516.5</ele>
    <time>2026-05-09T16:21:46Z</time>
   </trkpt>
   <trkpt lat="69.6448780" lon="18.5390870">
    <ele>516.5</ele>
    <time>2026-05-09T16:21:47Z</time>
   </trkpt>
   <trkpt lat="69.6448590" lon="18.5390670">
    <ele>516.9</ele>
    <time>2026-05-09T16:21:48Z</time>
   </trkpt>
   <trkpt lat="69.6448590" lon="18.5390670">
    <ele>516.9</ele>
    <time>2026-05-09T16:21:49Z</time>
   </trkpt>
   <trkpt lat="69.6448590" lon="18.5390670">
    <ele>516.9</ele>
    <time>2026-05-09T16:21:50Z</time>
   </trkpt>
   <trkpt lat="69.6448590" lon="18.5390670">
    <ele>516.9</ele>
    <time>2026-05-09T16:21:51Z</time>
   </trkpt>
   <trkpt lat="69.6448590" lon="18.5390670">
    <ele>516.9</ele>
    <time>2026-05-09T16:21:52Z</time>
   </trkpt>
   <trkpt lat="69.6448410" lon="18.5390440">
    <ele>517.6</ele>
    <time>2026-05-09T16:21:53Z</time>
   </trkpt>
   <trkpt lat="69.6448410" lon="18.5390440">
    <ele>517.6</ele>
    <time>2026-05-09T16:21:54Z</time>
   </trkpt>
   <trkpt lat="69.6448410" lon="18.5390440">
    <ele>517.6</ele>
    <time>2026-05-09T16:21:55Z</time>
   </trkpt>
   <trkpt lat="69.6448410" lon="18.5390440">
    <ele>517.6</ele>
    <time>2026-05-09T16:21:56Z</time>
   </trkpt>
   <trkpt lat="69.6448410" lon="18.5390440">
    <ele>517.6</ele>
    <time>2026-05-09T16:21:57Z</time>
   </trkpt>
   <trkpt lat="69.6448190" lon="18.5390210">
    <ele>518.9</ele>
    <time>2026-05-09T16:21:58Z</time>
   </trkpt>
   <trkpt lat="69.6448190" lon="18.5390210">
    <ele>518.9</ele>
    <time>2026-05-09T16:21:59Z</time>
   </trkpt>
   <trkpt lat="69.6448190" lon="18.5390210">
    <ele>518.9</ele>
    <time>2026-05-09T16:22:00Z</time>
   </trkpt>
   <trkpt lat="69.6448190" lon="18.5390210">
    <ele>518.9</ele>
    <time>2026-05-09T16:22:01Z</time>
   </trkpt>
   <trkpt lat="69.6448040" lon="18.5389940">
    <ele>519.4</ele>
    <time>2026-05-09T16:22:02Z</time>
   </trkpt>
   <trkpt lat="69.6448040" lon="18.5389940">
    <ele>519.4</ele>
    <time>2026-05-09T16:22:03Z</time>
   </trkpt>
   <trkpt lat="69.6448040" lon="18.5389940">
    <ele>519.4</ele>
    <time>2026-05-09T16:22:04Z</time>
   </trkpt>
   <trkpt lat="69.6448040" lon="18.5389940">
    <ele>519.4</ele>
    <time>2026-05-09T16:22:05Z</time>
   </trkpt>
   <trkpt lat="69.6448040" lon="18.5389940">
    <ele>519.4</ele>
    <time>2026-05-09T16:22:06Z</time>
   </trkpt>
   <trkpt lat="69.6448040" lon="18.5389940">
    <ele>519.4</ele>
    <time>2026-05-09T16:22:07Z</time>
   </trkpt>
   <trkpt lat="69.6448040" lon="18.5389940">
    <ele>519.4</ele>
    <time>2026-05-09T16:22:08Z</time>
   </trkpt>
   <trkpt lat="69.6448040" lon="18.5389940">
    <ele>519.4</ele>
    <time>2026-05-09T16:22:09Z</time>
   </trkpt>
   <trkpt lat="69.6448040" lon="18.5389940">
    <ele>519.4</ele>
    <time>2026-05-09T16:22:10Z</time>
   </trkpt>
   <trkpt lat="69.6448040" lon="18.5389940">
    <ele>519.4</ele>
    <time>2026-05-09T16:22:11Z</time>
   </trkpt>
   <trkpt lat="69.6448040" lon="18.5389940">
    <ele>519.4</ele>
    <time>2026-05-09T16:22:12Z</time>
   </trkpt>
   <trkpt lat="69.6448040" lon="18.5389940">
    <ele>519.4</ele>
    <time>2026-05-09T16:22:13Z</time>
   </trkpt>
   <trkpt lat="69.6448040" lon="18.5389940">
    <ele>519.4</ele>
    <time>2026-05-09T16:22:14Z</time>
   </trkpt>
   <trkpt lat="69.6448040" lon="18.5389940">
    <ele>519.4</ele>
    <time>2026-05-09T16:22:15Z</time>
   </trkpt>
   <trkpt lat="69.6448040" lon="18.5389940">
    <ele>519.4</ele>
    <time>2026-05-09T16:22:16Z</time>
   </trkpt>
   <trkpt lat="69.6447880" lon="18.5389610">
    <ele>520.3</ele>
    <time>2026-05-09T16:22:17Z</time>
   </trkpt>
   <trkpt lat="69.6447880" lon="18.5389610">
    <ele>520.3</ele>
    <time>2026-05-09T16:22:18Z</time>
   </trkpt>
   <trkpt lat="69.6447880" lon="18.5389610">
    <ele>520.3</ele>
    <time>2026-05-09T16:22:19Z</time>
   </trkpt>
   <trkpt lat="69.6447880" lon="18.5389610">
    <ele>520.3</ele>
    <time>2026-05-09T16:22:20Z</time>
   </trkpt>
   <trkpt lat="69.6447690" lon="18.5389350">
    <ele>521.0</ele>
    <time>2026-05-09T16:22:21Z</time>
   </trkpt>
   <trkpt lat="69.6447690" lon="18.5389350">
    <ele>521.0</ele>
    <time>2026-05-09T16:22:22Z</time>
   </trkpt>
   <trkpt lat="69.6447690" lon="18.5389350">
    <ele>521.0</ele>
    <time>2026-05-09T16:22:23Z</time>
   </trkpt>
   <trkpt lat="69.6447690" lon="18.5389350">
    <ele>521.0</ele>
    <time>2026-05-09T16:22:24Z</time>
   </trkpt>
   <trkpt lat="69.6447690" lon="18.5389350">
    <ele>521.0</ele>
    <time>2026-05-09T16:22:25Z</time>
   </trkpt>
   <trkpt lat="69.6447690" lon="18.5389350">
    <ele>521.0</ele>
    <time>2026-05-09T16:22:26Z</time>
   </trkpt>
   <trkpt lat="69.6447510" lon="18.5389040">
    <ele>521.8</ele>
    <time>2026-05-09T16:22:27Z</time>
   </trkpt>
   <trkpt lat="69.6447510" lon="18.5389040">
    <ele>521.8</ele>
    <time>2026-05-09T16:22:28Z</time>
   </trkpt>
   <trkpt lat="69.6447510" lon="18.5389040">
    <ele>521.8</ele>
    <time>2026-05-09T16:22:29Z</time>
   </trkpt>
   <trkpt lat="69.6447510" lon="18.5389040">
    <ele>521.8</ele>
    <time>2026-05-09T16:22:30Z</time>
   </trkpt>
   <trkpt lat="69.6447340" lon="18.5388840">
    <ele>522.8</ele>
    <time>2026-05-09T16:22:31Z</time>
   </trkpt>
   <trkpt lat="69.6447340" lon="18.5388840">
    <ele>522.8</ele>
    <time>2026-05-09T16:22:32Z</time>
   </trkpt>
   <trkpt lat="69.6447340" lon="18.5388840">
    <ele>522.8</ele>
    <time>2026-05-09T16:22:33Z</time>
   </trkpt>
   <trkpt lat="69.6447340" lon="18.5388840">
    <ele>522.8</ele>
    <time>2026-05-09T16:22:34Z</time>
   </trkpt>
   <trkpt lat="69.6447340" lon="18.5388840">
    <ele>522.8</ele>
    <time>2026-05-09T16:22:35Z</time>
   </trkpt>
   <trkpt lat="69.6447160" lon="18.5388570">
    <ele>523.6</ele>
    <time>2026-05-09T16:22:36Z</time>
   </trkpt>
   <trkpt lat="69.6447160" lon="18.5388570">
    <ele>523.6</ele>
    <time>2026-05-09T16:22:37Z</time>
   </trkpt>
   <trkpt lat="69.6447160" lon="18.5388570">
    <ele>523.6</ele>
    <time>2026-05-09T16:22:38Z</time>
   </trkpt>
   <trkpt lat="69.6447160" lon="18.5388570">
    <ele>523.6</ele>
    <time>2026-05-09T16:22:39Z</time>
   </trkpt>
   <trkpt lat="69.6446950" lon="18.5388360">
    <ele>525.6</ele>
    <time>2026-05-09T16:22:40Z</time>
   </trkpt>
   <trkpt lat="69.6446950" lon="18.5388360">
    <ele>525.6</ele>
    <time>2026-05-09T16:22:41Z</time>
   </trkpt>
   <trkpt lat="69.6446950" lon="18.5388360">
    <ele>525.6</ele>
    <time>2026-05-09T16:22:42Z</time>
   </trkpt>
   <trkpt lat="69.6446950" lon="18.5388360">
    <ele>525.6</ele>
    <time>2026-05-09T16:22:43Z</time>
   </trkpt>
   <trkpt lat="69.6446740" lon="18.5388130">
    <ele>526.4</ele>
    <time>2026-05-09T16:22:44Z</time>
   </trkpt>
   <trkpt lat="69.6446740" lon="18.5388130">
    <ele>526.4</ele>
    <time>2026-05-09T16:22:45Z</time>
   </trkpt>
   <trkpt lat="69.6446740" lon="18.5388130">
    <ele>526.4</ele>
    <time>2026-05-09T16:22:46Z</time>
   </trkpt>
   <trkpt lat="69.6446740" lon="18.5388130">
    <ele>526.4</ele>
    <time>2026-05-09T16:22:47Z</time>
   </trkpt>
   <trkpt lat="69.6446530" lon="18.5387880">
    <ele>528.4</ele>
    <time>2026-05-09T16:22:48Z</time>
   </trkpt>
   <trkpt lat="69.6446530" lon="18.5387880">
    <ele>528.4</ele>
    <time>2026-05-09T16:22:49Z</time>
   </trkpt>
   <trkpt lat="69.6446530" lon="18.5387880">
    <ele>528.4</ele>
    <time>2026-05-09T16:22:50Z</time>
   </trkpt>
   <trkpt lat="69.6446530" lon="18.5387880">
    <ele>528.4</ele>
    <time>2026-05-09T16:22:51Z</time>
   </trkpt>
   <trkpt lat="69.6446330" lon="18.5387690">
    <ele>529.1</ele>
    <time>2026-05-09T16:22:52Z</time>
   </trkpt>
   <trkpt lat="69.6446330" lon="18.5387690">
    <ele>529.1</ele>
    <time>2026-05-09T16:22:53Z</time>
   </trkpt>
   <trkpt lat="69.6446330" lon="18.5387690">
    <ele>529.1</ele>
    <time>2026-05-09T16:22:54Z</time>
   </trkpt>
   <trkpt lat="69.6446330" lon="18.5387690">
    <ele>529.1</ele>
    <time>2026-05-09T16:22:55Z</time>
   </trkpt>
   <trkpt lat="69.6446170" lon="18.5387490">
    <ele>530.1</ele>
    <time>2026-05-09T16:22:56Z</time>
   </trkpt>
   <trkpt lat="69.6446170" lon="18.5387490">
    <ele>530.1</ele>
    <time>2026-05-09T16:22:57Z</time>
   </trkpt>
   <trkpt lat="69.6446170" lon="18.5387490">
    <ele>530.1</ele>
    <time>2026-05-09T16:22:58Z</time>
   </trkpt>
   <trkpt lat="69.6445980" lon="18.5387280">
    <ele>530.8</ele>
    <time>2026-05-09T16:22:59Z</time>
   </trkpt>
   <trkpt lat="69.6445980" lon="18.5387280">
    <ele>530.8</ele>
    <time>2026-05-09T16:23:00Z</time>
   </trkpt>
   <trkpt lat="69.6445980" lon="18.5387280">
    <ele>530.8</ele>
    <time>2026-05-09T16:23:01Z</time>
   </trkpt>
   <trkpt lat="69.6445980" lon="18.5387280">
    <ele>530.8</ele>
    <time>2026-05-09T16:23:02Z</time>
   </trkpt>
   <trkpt lat="69.6445980" lon="18.5387280">
    <ele>530.8</ele>
    <time>2026-05-09T16:23:03Z</time>
   </trkpt>
   <trkpt lat="69.6445810" lon="18.5387030">
    <ele>531.6</ele>
    <time>2026-05-09T16:23:04Z</time>
   </trkpt>
   <trkpt lat="69.6445810" lon="18.5387030">
    <ele>531.6</ele>
    <time>2026-05-09T16:23:05Z</time>
   </trkpt>
   <trkpt lat="69.6445810" lon="18.5387030">
    <ele>531.6</ele>
    <time>2026-05-09T16:23:06Z</time>
   </trkpt>
   <trkpt lat="69.6445810" lon="18.5387030">
    <ele>531.6</ele>
    <time>2026-05-09T16:23:07Z</time>
   </trkpt>
   <trkpt lat="69.6445650" lon="18.5386780">
    <ele>533.1</ele>
    <time>2026-05-09T16:23:08Z</time>
   </trkpt>
   <trkpt lat="69.6445650" lon="18.5386780">
    <ele>533.1</ele>
    <time>2026-05-09T16:23:09Z</time>
   </trkpt>
   <trkpt lat="69.6445650" lon="18.5386780">
    <ele>533.1</ele>
    <time>2026-05-09T16:23:10Z</time>
   </trkpt>
   <trkpt lat="69.6445650" lon="18.5386780">
    <ele>533.1</ele>
    <time>2026-05-09T16:23:11Z</time>
   </trkpt>
   <trkpt lat="69.6445650" lon="18.5386780">
    <ele>533.1</ele>
    <time>2026-05-09T16:23:12Z</time>
   </trkpt>
   <trkpt lat="69.6445470" lon="18.5386450">
    <ele>533.7</ele>
    <time>2026-05-09T16:23:13Z</time>
   </trkpt>
   <trkpt lat="69.6445470" lon="18.5386450">
    <ele>533.7</ele>
    <time>2026-05-09T16:23:14Z</time>
   </trkpt>
   <trkpt lat="69.6445470" lon="18.5386450">
    <ele>533.7</ele>
    <time>2026-05-09T16:23:15Z</time>
   </trkpt>
   <trkpt lat="69.6445470" lon="18.5386450">
    <ele>533.7</ele>
    <time>2026-05-09T16:23:16Z</time>
   </trkpt>
   <trkpt lat="69.6445470" lon="18.5386450">
    <ele>533.7</ele>
    <time>2026-05-09T16:23:17Z</time>
   </trkpt>
   <trkpt lat="69.6445280" lon="18.5386210">
    <ele>534.5</ele>
    <time>2026-05-09T16:23:18Z</time>
   </trkpt>
   <trkpt lat="69.6445280" lon="18.5386210">
    <ele>534.5</ele>
    <time>2026-05-09T16:23:19Z</time>
   </trkpt>
   <trkpt lat="69.6445280" lon="18.5386210">
    <ele>534.5</ele>
    <time>2026-05-09T16:23:20Z</time>
   </trkpt>
   <trkpt lat="69.6445280" lon="18.5386210">
    <ele>534.5</ele>
    <time>2026-05-09T16:23:21Z</time>
   </trkpt>
   <trkpt lat="69.6445280" lon="18.5386210">
    <ele>534.5</ele>
    <time>2026-05-09T16:23:22Z</time>
   </trkpt>
   <trkpt lat="69.6445110" lon="18.5385940">
    <ele>535.1</ele>
    <time>2026-05-09T16:23:23Z</time>
   </trkpt>
   <trkpt lat="69.6445110" lon="18.5385940">
    <ele>535.1</ele>
    <time>2026-05-09T16:23:24Z</time>
   </trkpt>
   <trkpt lat="69.6445110" lon="18.5385940">
    <ele>535.1</ele>
    <time>2026-05-09T16:23:25Z</time>
   </trkpt>
   <trkpt lat="69.6445110" lon="18.5385940">
    <ele>535.1</ele>
    <time>2026-05-09T16:23:26Z</time>
   </trkpt>
   <trkpt lat="69.6444940" lon="18.5385670">
    <ele>535.7</ele>
    <time>2026-05-09T16:23:27Z</time>
   </trkpt>
   <trkpt lat="69.6444940" lon="18.5385670">
    <ele>535.7</ele>
    <time>2026-05-09T16:23:28Z</time>
   </trkpt>
   <trkpt lat="69.6444940" lon="18.5385670">
    <ele>535.7</ele>
    <time>2026-05-09T16:23:29Z</time>
   </trkpt>
   <trkpt lat="69.6444940" lon="18.5385670">
    <ele>535.7</ele>
    <time>2026-05-09T16:23:30Z</time>
   </trkpt>
   <trkpt lat="69.6444760" lon="18.5385410">
    <ele>536.5</ele>
    <time>2026-05-09T16:23:31Z</time>
   </trkpt>
   <trkpt lat="69.6444760" lon="18.5385410">
    <ele>536.5</ele>
    <time>2026-05-09T16:23:32Z</time>
   </trkpt>
   <trkpt lat="69.6444760" lon="18.5385410">
    <ele>536.5</ele>
    <time>2026-05-09T16:23:33Z</time>
   </trkpt>
   <trkpt lat="69.6444580" lon="18.5385200">
    <ele>538.0</ele>
    <time>2026-05-09T16:23:34Z</time>
   </trkpt>
   <trkpt lat="69.6444580" lon="18.5385200">
    <ele>538.0</ele>
    <time>2026-05-09T16:23:35Z</time>
   </trkpt>
   <trkpt lat="69.6444580" lon="18.5385200">
    <ele>538.0</ele>
    <time>2026-05-09T16:23:36Z</time>
   </trkpt>
   <trkpt lat="69.6444400" lon="18.5384950">
    <ele>538.9</ele>
    <time>2026-05-09T16:23:37Z</time>
   </trkpt>
   <trkpt lat="69.6444400" lon="18.5384950">
    <ele>538.9</ele>
    <time>2026-05-09T16:23:38Z</time>
   </trkpt>
   <trkpt lat="69.6444400" lon="18.5384950">
    <ele>538.9</ele>
    <time>2026-05-09T16:23:39Z</time>
   </trkpt>
   <trkpt lat="69.6444400" lon="18.5384950">
    <ele>538.9</ele>
    <time>2026-05-09T16:23:40Z</time>
   </trkpt>
   <trkpt lat="69.6444400" lon="18.5384950">
    <ele>538.9</ele>
    <time>2026-05-09T16:23:41Z</time>
   </trkpt>
   <trkpt lat="69.6444190" lon="18.5384750">
    <ele>539.6</ele>
    <time>2026-05-09T16:23:42Z</time>
   </trkpt>
   <trkpt lat="69.6444190" lon="18.5384750">
    <ele>539.6</ele>
    <time>2026-05-09T16:23:43Z</time>
   </trkpt>
   <trkpt lat="69.6444190" lon="18.5384750">
    <ele>539.6</ele>
    <time>2026-05-09T16:23:44Z</time>
   </trkpt>
   <trkpt lat="69.6444190" lon="18.5384750">
    <ele>539.6</ele>
    <time>2026-05-09T16:23:45Z</time>
   </trkpt>
   <trkpt lat="69.6444030" lon="18.5384500">
    <ele>540.6</ele>
    <time>2026-05-09T16:23:46Z</time>
   </trkpt>
   <trkpt lat="69.6444030" lon="18.5384500">
    <ele>540.6</ele>
    <time>2026-05-09T16:23:47Z</time>
   </trkpt>
   <trkpt lat="69.6444030" lon="18.5384500">
    <ele>540.6</ele>
    <time>2026-05-09T16:23:48Z</time>
   </trkpt>
   <trkpt lat="69.6444030" lon="18.5384500">
    <ele>540.6</ele>
    <time>2026-05-09T16:23:49Z</time>
   </trkpt>
   <trkpt lat="69.6444030" lon="18.5384500">
    <ele>540.6</ele>
    <time>2026-05-09T16:23:50Z</time>
   </trkpt>
   <trkpt lat="69.6443830" lon="18.5384170">
    <ele>542.3</ele>
    <time>2026-05-09T16:23:51Z</time>
   </trkpt>
   <trkpt lat="69.6443830" lon="18.5384170">
    <ele>542.3</ele>
    <time>2026-05-09T16:23:52Z</time>
   </trkpt>
   <trkpt lat="69.6443830" lon="18.5384170">
    <ele>542.3</ele>
    <time>2026-05-09T16:23:53Z</time>
   </trkpt>
   <trkpt lat="69.6443830" lon="18.5384170">
    <ele>542.3</ele>
    <time>2026-05-09T16:23:54Z</time>
   </trkpt>
   <trkpt lat="69.6443830" lon="18.5384170">
    <ele>542.3</ele>
    <time>2026-05-09T16:23:55Z</time>
   </trkpt>
   <trkpt lat="69.6443660" lon="18.5383830">
    <ele>543.0</ele>
    <time>2026-05-09T16:23:56Z</time>
   </trkpt>
   <trkpt lat="69.6443660" lon="18.5383830">
    <ele>543.0</ele>
    <time>2026-05-09T16:23:57Z</time>
   </trkpt>
   <trkpt lat="69.6443660" lon="18.5383830">
    <ele>543.0</ele>
    <time>2026-05-09T16:23:58Z</time>
   </trkpt>
   <trkpt lat="69.6443660" lon="18.5383830">
    <ele>543.1</ele>
    <time>2026-05-09T16:23:59Z</time>
   </trkpt>
   <trkpt lat="69.6443500" lon="18.5383530">
    <ele>543.8</ele>
    <time>2026-05-09T16:24:00Z</time>
   </trkpt>
   <trkpt lat="69.6443500" lon="18.5383530">
    <ele>543.8</ele>
    <time>2026-05-09T16:24:01Z</time>
   </trkpt>
   <trkpt lat="69.6443500" lon="18.5383530">
    <ele>543.8</ele>
    <time>2026-05-09T16:24:02Z</time>
   </trkpt>
   <trkpt lat="69.6443500" lon="18.5383530">
    <ele>543.8</ele>
    <time>2026-05-09T16:24:03Z</time>
   </trkpt>
   <trkpt lat="69.6443500" lon="18.5383530">
    <ele>543.8</ele>
    <time>2026-05-09T16:24:04Z</time>
   </trkpt>
   <trkpt lat="69.6443500" lon="18.5383530">
    <ele>543.8</ele>
    <time>2026-05-09T16:24:05Z</time>
   </trkpt>
   <trkpt lat="69.6443320" lon="18.5383240">
    <ele>544.7</ele>
    <time>2026-05-09T16:24:06Z</time>
   </trkpt>
   <trkpt lat="69.6443320" lon="18.5383240">
    <ele>544.7</ele>
    <time>2026-05-09T16:24:07Z</time>
   </trkpt>
   <trkpt lat="69.6443320" lon="18.5383240">
    <ele>544.7</ele>
    <time>2026-05-09T16:24:08Z</time>
   </trkpt>
   <trkpt lat="69.6443320" lon="18.5383240">
    <ele>544.7</ele>
    <time>2026-05-09T16:24:09Z</time>
   </trkpt>
   <trkpt lat="69.6443320" lon="18.5383240">
    <ele>544.7</ele>
    <time>2026-05-09T16:24:10Z</time>
   </trkpt>
   <trkpt lat="69.6443120" lon="18.5383080">
    <ele>545.5</ele>
    <time>2026-05-09T16:24:11Z</time>
   </trkpt>
   <trkpt lat="69.6443120" lon="18.5383080">
    <ele>545.5</ele>
    <time>2026-05-09T16:24:12Z</time>
   </trkpt>
   <trkpt lat="69.6443120" lon="18.5383080">
    <ele>545.5</ele>
    <time>2026-05-09T16:24:13Z</time>
   </trkpt>
   <trkpt lat="69.6443120" lon="18.5383080">
    <ele>545.5</ele>
    <time>2026-05-09T16:24:14Z</time>
   </trkpt>
   <trkpt lat="69.6442930" lon="18.5382850">
    <ele>547.4</ele>
    <time>2026-05-09T16:24:15Z</time>
   </trkpt>
   <trkpt lat="69.6442930" lon="18.5382850">
    <ele>547.4</ele>
    <time>2026-05-09T16:24:16Z</time>
   </trkpt>
   <trkpt lat="69.6442930" lon="18.5382850">
    <ele>547.4</ele>
    <time>2026-05-09T16:24:17Z</time>
   </trkpt>
   <trkpt lat="69.6442930" lon="18.5382850">
    <ele>547.4</ele>
    <time>2026-05-09T16:24:18Z</time>
   </trkpt>
   <trkpt lat="69.6442930" lon="18.5382850">
    <ele>547.4</ele>
    <time>2026-05-09T16:24:19Z</time>
   </trkpt>
   <trkpt lat="69.6442760" lon="18.5382560">
    <ele>548.1</ele>
    <time>2026-05-09T16:24:20Z</time>
   </trkpt>
   <trkpt lat="69.6442760" lon="18.5382560">
    <ele>548.1</ele>
    <time>2026-05-09T16:24:21Z</time>
   </trkpt>
   <trkpt lat="69.6442760" lon="18.5382560">
    <ele>548.1</ele>
    <time>2026-05-09T16:24:22Z</time>
   </trkpt>
   <trkpt lat="69.6442630" lon="18.5382190">
    <ele>548.8</ele>
    <time>2026-05-09T16:24:23Z</time>
   </trkpt>
   <trkpt lat="69.6442630" lon="18.5382190">
    <ele>548.8</ele>
    <time>2026-05-09T16:24:24Z</time>
   </trkpt>
   <trkpt lat="69.6442630" lon="18.5382190">
    <ele>548.8</ele>
    <time>2026-05-09T16:24:25Z</time>
   </trkpt>
   <trkpt lat="69.6442460" lon="18.5381990">
    <ele>549.8</ele>
    <time>2026-05-09T16:24:26Z</time>
   </trkpt>
   <trkpt lat="69.6442460" lon="18.5381990">
    <ele>549.8</ele>
    <time>2026-05-09T16:24:27Z</time>
   </trkpt>
   <trkpt lat="69.6442460" lon="18.5381990">
    <ele>549.8</ele>
    <time>2026-05-09T16:24:28Z</time>
   </trkpt>
   <trkpt lat="69.6442460" lon="18.5381990">
    <ele>549.8</ele>
    <time>2026-05-09T16:24:29Z</time>
   </trkpt>
   <trkpt lat="69.6442460" lon="18.5381990">
    <ele>549.8</ele>
    <time>2026-05-09T16:24:30Z</time>
   </trkpt>
   <trkpt lat="69.6442280" lon="18.5381730">
    <ele>550.5</ele>
    <time>2026-05-09T16:24:31Z</time>
   </trkpt>
   <trkpt lat="69.6442280" lon="18.5381730">
    <ele>550.5</ele>
    <time>2026-05-09T16:24:32Z</time>
   </trkpt>
   <trkpt lat="69.6442280" lon="18.5381730">
    <ele>550.5</ele>
    <time>2026-05-09T16:24:33Z</time>
   </trkpt>
   <trkpt lat="69.6442280" lon="18.5381730">
    <ele>550.5</ele>
    <time>2026-05-09T16:24:34Z</time>
   </trkpt>
   <trkpt lat="69.6442280" lon="18.5381730">
    <ele>550.5</ele>
    <time>2026-05-09T16:24:35Z</time>
   </trkpt>
   <trkpt lat="69.6442280" lon="18.5381730">
    <ele>550.5</ele>
    <time>2026-05-09T16:24:36Z</time>
   </trkpt>
   <trkpt lat="69.6442110" lon="18.5381410">
    <ele>551.2</ele>
    <time>2026-05-09T16:24:37Z</time>
   </trkpt>
   <trkpt lat="69.6442110" lon="18.5381410">
    <ele>551.2</ele>
    <time>2026-05-09T16:24:38Z</time>
   </trkpt>
   <trkpt lat="69.6442110" lon="18.5381410">
    <ele>551.2</ele>
    <time>2026-05-09T16:24:39Z</time>
   </trkpt>
   <trkpt lat="69.6442110" lon="18.5381410">
    <ele>551.2</ele>
    <time>2026-05-09T16:24:40Z</time>
   </trkpt>
   <trkpt lat="69.6441940" lon="18.5381160">
    <ele>552.2</ele>
    <time>2026-05-09T16:24:41Z</time>
   </trkpt>
   <trkpt lat="69.6441940" lon="18.5381160">
    <ele>552.2</ele>
    <time>2026-05-09T16:24:42Z</time>
   </trkpt>
   <trkpt lat="69.6441940" lon="18.5381160">
    <ele>552.2</ele>
    <time>2026-05-09T16:24:43Z</time>
   </trkpt>
   <trkpt lat="69.6441940" lon="18.5381160">
    <ele>552.2</ele>
    <time>2026-05-09T16:24:44Z</time>
   </trkpt>
   <trkpt lat="69.6441940" lon="18.5381160">
    <ele>552.2</ele>
    <time>2026-05-09T16:24:45Z</time>
   </trkpt>
   <trkpt lat="69.6441780" lon="18.5380900">
    <ele>552.9</ele>
    <time>2026-05-09T16:24:46Z</time>
   </trkpt>
   <trkpt lat="69.6441780" lon="18.5380900">
    <ele>552.9</ele>
    <time>2026-05-09T16:24:47Z</time>
   </trkpt>
   <trkpt lat="69.6441780" lon="18.5380900">
    <ele>552.9</ele>
    <time>2026-05-09T16:24:48Z</time>
   </trkpt>
   <trkpt lat="69.6441780" lon="18.5380900">
    <ele>552.9</ele>
    <time>2026-05-09T16:24:49Z</time>
   </trkpt>
   <trkpt lat="69.6441780" lon="18.5380900">
    <ele>552.9</ele>
    <time>2026-05-09T16:24:50Z</time>
   </trkpt>
   <trkpt lat="69.6441780" lon="18.5380900">
    <ele>552.9</ele>
    <time>2026-05-09T16:24:51Z</time>
   </trkpt>
   <trkpt lat="69.6441680" lon="18.5380470">
    <ele>553.6</ele>
    <time>2026-05-09T16:24:52Z</time>
   </trkpt>
   <trkpt lat="69.6441680" lon="18.5380470">
    <ele>553.6</ele>
    <time>2026-05-09T16:24:53Z</time>
   </trkpt>
   <trkpt lat="69.6441680" lon="18.5380470">
    <ele>553.6</ele>
    <time>2026-05-09T16:24:54Z</time>
   </trkpt>
   <trkpt lat="69.6441680" lon="18.5380470">
    <ele>553.6</ele>
    <time>2026-05-09T16:24:55Z</time>
   </trkpt>
   <trkpt lat="69.6441680" lon="18.5380470">
    <ele>553.6</ele>
    <time>2026-05-09T16:24:56Z</time>
   </trkpt>
   <trkpt lat="69.6441680" lon="18.5380470">
    <ele>553.6</ele>
    <time>2026-05-09T16:24:57Z</time>
   </trkpt>
   <trkpt lat="69.6441510" lon="18.5380170">
    <ele>554.5</ele>
    <time>2026-05-09T16:24:58Z</time>
   </trkpt>
   <trkpt lat="69.6441510" lon="18.5380170">
    <ele>554.5</ele>
    <time>2026-05-09T16:24:59Z</time>
   </trkpt>
   <trkpt lat="69.6441510" lon="18.5380170">
    <ele>554.5</ele>
    <time>2026-05-09T16:25:00Z</time>
   </trkpt>
   <trkpt lat="69.6441510" lon="18.5380170">
    <ele>554.5</ele>
    <time>2026-05-09T16:25:01Z</time>
   </trkpt>
   <trkpt lat="69.6441340" lon="18.5379900">
    <ele>555.1</ele>
    <time>2026-05-09T16:25:02Z</time>
   </trkpt>
   <trkpt lat="69.6441340" lon="18.5379900">
    <ele>555.1</ele>
    <time>2026-05-09T16:25:03Z</time>
   </trkpt>
   <trkpt lat="69.6441340" lon="18.5379900">
    <ele>555.1</ele>
    <time>2026-05-09T16:25:04Z</time>
   </trkpt>
   <trkpt lat="69.6441340" lon="18.5379900">
    <ele>555.1</ele>
    <time>2026-05-09T16:25:05Z</time>
   </trkpt>
   <trkpt lat="69.6441340" lon="18.5379900">
    <ele>555.1</ele>
    <time>2026-05-09T16:25:06Z</time>
   </trkpt>
   <trkpt lat="69.6441130" lon="18.5379750">
    <ele>556.8</ele>
    <time>2026-05-09T16:25:07Z</time>
   </trkpt>
   <trkpt lat="69.6441130" lon="18.5379750">
    <ele>556.8</ele>
    <time>2026-05-09T16:25:08Z</time>
   </trkpt>
   <trkpt lat="69.6441130" lon="18.5379750">
    <ele>556.8</ele>
    <time>2026-05-09T16:25:09Z</time>
   </trkpt>
   <trkpt lat="69.6441130" lon="18.5379750">
    <ele>556.8</ele>
    <time>2026-05-09T16:25:10Z</time>
   </trkpt>
   <trkpt lat="69.6441130" lon="18.5379750">
    <ele>556.8</ele>
    <time>2026-05-09T16:25:11Z</time>
   </trkpt>
   <trkpt lat="69.6440990" lon="18.5379350">
    <ele>557.3</ele>
    <time>2026-05-09T16:25:12Z</time>
   </trkpt>
   <trkpt lat="69.6440990" lon="18.5379350">
    <ele>557.3</ele>
    <time>2026-05-09T16:25:13Z</time>
   </trkpt>
   <trkpt lat="69.6440990" lon="18.5379350">
    <ele>557.3</ele>
    <time>2026-05-09T16:25:14Z</time>
   </trkpt>
   <trkpt lat="69.6440990" lon="18.5379350">
    <ele>557.3</ele>
    <time>2026-05-09T16:25:15Z</time>
   </trkpt>
   <trkpt lat="69.6440820" lon="18.5379130">
    <ele>557.9</ele>
    <time>2026-05-09T16:25:16Z</time>
   </trkpt>
   <trkpt lat="69.6440820" lon="18.5379130">
    <ele>557.9</ele>
    <time>2026-05-09T16:25:17Z</time>
   </trkpt>
   <trkpt lat="69.6440820" lon="18.5379130">
    <ele>557.9</ele>
    <time>2026-05-09T16:25:18Z</time>
   </trkpt>
   <trkpt lat="69.6440820" lon="18.5379130">
    <ele>557.9</ele>
    <time>2026-05-09T16:25:19Z</time>
   </trkpt>
   <trkpt lat="69.6440820" lon="18.5379130">
    <ele>557.9</ele>
    <time>2026-05-09T16:25:20Z</time>
   </trkpt>
   <trkpt lat="69.6440640" lon="18.5378760">
    <ele>558.4</ele>
    <time>2026-05-09T16:25:21Z</time>
   </trkpt>
   <trkpt lat="69.6440640" lon="18.5378760">
    <ele>558.4</ele>
    <time>2026-05-09T16:25:22Z</time>
   </trkpt>
   <trkpt lat="69.6440640" lon="18.5378760">
    <ele>558.4</ele>
    <time>2026-05-09T16:25:23Z</time>
   </trkpt>
   <trkpt lat="69.6440640" lon="18.5378760">
    <ele>558.4</ele>
    <time>2026-05-09T16:25:24Z</time>
   </trkpt>
   <trkpt lat="69.6440480" lon="18.5378520">
    <ele>559.3</ele>
    <time>2026-05-09T16:25:25Z</time>
   </trkpt>
   <trkpt lat="69.6440480" lon="18.5378520">
    <ele>559.3</ele>
    <time>2026-05-09T16:25:26Z</time>
   </trkpt>
   <trkpt lat="69.6440480" lon="18.5378520">
    <ele>559.3</ele>
    <time>2026-05-09T16:25:27Z</time>
   </trkpt>
   <trkpt lat="69.6440480" lon="18.5378520">
    <ele>559.3</ele>
    <time>2026-05-09T16:25:28Z</time>
   </trkpt>
   <trkpt lat="69.6440480" lon="18.5378520">
    <ele>559.3</ele>
    <time>2026-05-09T16:25:29Z</time>
   </trkpt>
   <trkpt lat="69.6440480" lon="18.5378520">
    <ele>559.3</ele>
    <time>2026-05-09T16:25:30Z</time>
   </trkpt>
   <trkpt lat="69.6440290" lon="18.5378210">
    <ele>559.9</ele>
    <time>2026-05-09T16:25:31Z</time>
   </trkpt>
   <trkpt lat="69.6440290" lon="18.5378210">
    <ele>559.9</ele>
    <time>2026-05-09T16:25:32Z</time>
   </trkpt>
   <trkpt lat="69.6440290" lon="18.5378210">
    <ele>559.9</ele>
    <time>2026-05-09T16:25:33Z</time>
   </trkpt>
   <trkpt lat="69.6440290" lon="18.5378210">
    <ele>559.9</ele>
    <time>2026-05-09T16:25:34Z</time>
   </trkpt>
   <trkpt lat="69.6440290" lon="18.5378210">
    <ele>559.9</ele>
    <time>2026-05-09T16:25:35Z</time>
   </trkpt>
   <trkpt lat="69.6440290" lon="18.5378210">
    <ele>559.9</ele>
    <time>2026-05-09T16:25:36Z</time>
   </trkpt>
   <trkpt lat="69.6440290" lon="18.5378210">
    <ele>559.9</ele>
    <time>2026-05-09T16:25:37Z</time>
   </trkpt>
   <trkpt lat="69.6440290" lon="18.5378210">
    <ele>559.9</ele>
    <time>2026-05-09T16:25:38Z</time>
   </trkpt>
   <trkpt lat="69.6440290" lon="18.5378210">
    <ele>559.9</ele>
    <time>2026-05-09T16:25:39Z</time>
   </trkpt>
   <trkpt lat="69.6440290" lon="18.5378210">
    <ele>559.9</ele>
    <time>2026-05-09T16:25:40Z</time>
   </trkpt>
   <trkpt lat="69.6440290" lon="18.5378210">
    <ele>559.9</ele>
    <time>2026-05-09T16:25:41Z</time>
   </trkpt>
   <trkpt lat="69.6440290" lon="18.5378210">
    <ele>559.9</ele>
    <time>2026-05-09T16:25:42Z</time>
   </trkpt>
   <trkpt lat="69.6440290" lon="18.5378210">
    <ele>559.9</ele>
    <time>2026-05-09T16:25:43Z</time>
   </trkpt>
   <trkpt lat="69.6440290" lon="18.5378210">
    <ele>559.9</ele>
    <time>2026-05-09T16:25:44Z</time>
   </trkpt>
   <trkpt lat="69.6440290" lon="18.5378210">
    <ele>559.9</ele>
    <time>2026-05-09T16:25:45Z</time>
   </trkpt>
   <trkpt lat="69.6440290" lon="18.5378210">
    <ele>559.9</ele>
    <time>2026-05-09T16:25:46Z</time>
   </trkpt>
   <trkpt lat="69.6440290" lon="18.5378210">
    <ele>559.9</ele>
    <time>2026-05-09T16:25:47Z</time>
   </trkpt>
   <trkpt lat="69.6440290" lon="18.5378210">
    <ele>559.9</ele>
    <time>2026-05-09T16:25:48Z</time>
   </trkpt>
   <trkpt lat="69.6440290" lon="18.5378210">
    <ele>559.9</ele>
    <time>2026-05-09T16:25:49Z</time>
   </trkpt>
   <trkpt lat="69.6440290" lon="18.5378210">
    <ele>559.9</ele>
    <time>2026-05-09T16:25:50Z</time>
   </trkpt>
   <trkpt lat="69.6440290" lon="18.5378210">
    <ele>559.9</ele>
    <time>2026-05-09T16:25:51Z</time>
   </trkpt>
   <trkpt lat="69.6440290" lon="18.5378210">
    <ele>559.9</ele>
    <time>2026-05-09T16:25:52Z</time>
   </trkpt>
   <trkpt lat="69.6440290" lon="18.5378210">
    <ele>559.9</ele>
    <time>2026-05-09T16:25:53Z</time>
   </trkpt>
   <trkpt lat="69.6440290" lon="18.5378210">
    <ele>559.9</ele>
    <time>2026-05-09T16:25:54Z</time>
   </trkpt>
   <trkpt lat="69.6440290" lon="18.5378210">
    <ele>559.9</ele>
    <time>2026-05-09T16:25:55Z</time>
   </trkpt>
   <trkpt lat="69.6440290" lon="18.5378210">
    <ele>559.9</ele>
    <time>2026-05-09T16:25:56Z</time>
   </trkpt>
   <trkpt lat="69.6440290" lon="18.5378210">
    <ele>559.9</ele>
    <time>2026-05-09T16:25:57Z</time>
   </trkpt>
   <trkpt lat="69.6440290" lon="18.5378210">
    <ele>559.9</ele>
    <time>2026-05-09T16:25:58Z</time>
   </trkpt>
   <trkpt lat="69.6440290" lon="18.5378210">
    <ele>559.9</ele>
    <time>2026-05-09T16:25:59Z</time>
   </trkpt>
   <trkpt lat="69.6440290" lon="18.5378210">
    <ele>559.9</ele>
    <time>2026-05-09T16:26:00Z</time>
   </trkpt>
   <trkpt lat="69.6440290" lon="18.5378210">
    <ele>559.9</ele>
    <time>2026-05-09T16:26:01Z</time>
   </trkpt>
   <trkpt lat="69.6440290" lon="18.5378210">
    <ele>559.9</ele>
    <time>2026-05-09T16:26:02Z</time>
   </trkpt>
   <trkpt lat="69.6440290" lon="18.5378210">
    <ele>559.9</ele>
    <time>2026-05-09T16:26:03Z</time>
   </trkpt>
   <trkpt lat="69.6440290" lon="18.5378210">
    <ele>559.9</ele>
    <time>2026-05-09T16:26:04Z</time>
   </trkpt>
   <trkpt lat="69.6440290" lon="18.5378210">
    <ele>559.9</ele>
    <time>2026-05-09T16:26:05Z</time>
   </trkpt>
   <trkpt lat="69.6440290" lon="18.5378210">
    <ele>559.9</ele>
    <time>2026-05-09T16:26:06Z</time>
   </trkpt>
   <trkpt lat="69.6440290" lon="18.5378210">
    <ele>559.9</ele>
    <time>2026-05-09T16:26:07Z</time>
   </trkpt>
   <trkpt lat="69.6440290" lon="18.5378210">
    <ele>559.9</ele>
    <time>2026-05-09T16:26:08Z</time>
   </trkpt>
   <trkpt lat="69.6440290" lon="18.5378210">
    <ele>559.9</ele>
    <time>2026-05-09T16:26:09Z</time>
   </trkpt>
   <trkpt lat="69.6440290" lon="18.5378210">
    <ele>559.9</ele>
    <time>2026-05-09T16:26:10Z</time>
   </trkpt>
   <trkpt lat="69.6440290" lon="18.5378210">
    <ele>559.9</ele>
    <time>2026-05-09T16:26:11Z</time>
   </trkpt>
   <trkpt lat="69.6440290" lon="18.5378210">
    <ele>559.9</ele>
    <time>2026-05-09T16:26:12Z</time>
   </trkpt>
   <trkpt lat="69.6440290" lon="18.5378210">
    <ele>559.9</ele>
    <time>2026-05-09T16:26:13Z</time>
   </trkpt>
   <trkpt lat="69.6440290" lon="18.5378210">
    <ele>559.9</ele>
    <time>2026-05-09T16:26:14Z</time>
   </trkpt>
   <trkpt lat="69.6440290" lon="18.5378210">
    <ele>559.9</ele>
    <time>2026-05-09T16:26:15Z</time>
   </trkpt>
   <trkpt lat="69.6440290" lon="18.5378210">
    <ele>559.9</ele>
    <time>2026-05-09T16:26:16Z</time>
   </trkpt>
   <trkpt lat="69.6440290" lon="18.5378210">
    <ele>559.9</ele>
    <time>2026-05-09T16:26:17Z</time>
   </trkpt>
   <trkpt lat="69.6440290" lon="18.5378210">
    <ele>559.9</ele>
    <time>2026-05-09T16:26:18Z</time>
   </trkpt>
   <trkpt lat="69.6440290" lon="18.5378210">
    <ele>559.9</ele>
    <time>2026-05-09T16:26:19Z</time>
   </trkpt>
   <trkpt lat="69.6440290" lon="18.5378210">
    <ele>559.9</ele>
    <time>2026-05-09T16:26:20Z</time>
   </trkpt>
   <trkpt lat="69.6440290" lon="18.5378210">
    <ele>559.9</ele>
    <time>2026-05-09T16:26:21Z</time>
   </trkpt>
   <trkpt lat="69.6440290" lon="18.5378210">
    <ele>559.9</ele>
    <time>2026-05-09T16:26:22Z</time>
   </trkpt>
   <trkpt lat="69.6440290" lon="18.5378210">
    <ele>559.9</ele>
    <time>2026-05-09T16:26:23Z</time>
   </trkpt>
   <trkpt lat="69.6440290" lon="18.5378210">
    <ele>559.9</ele>
    <time>2026-05-09T16:26:24Z</time>
   </trkpt>
   <trkpt lat="69.6440290" lon="18.5378210">
    <ele>559.9</ele>
    <time>2026-05-09T16:26:25Z</time>
   </trkpt>
   <trkpt lat="69.6440290" lon="18.5378210">
    <ele>559.9</ele>
    <time>2026-05-09T16:26:26Z</time>
   </trkpt>
   <trkpt lat="69.6440290" lon="18.5378210">
    <ele>559.9</ele>
    <time>2026-05-09T16:26:27Z</time>
   </trkpt>
   <trkpt lat="69.6440130" lon="18.5377970">
    <ele>561.5</ele>
    <time>2026-05-09T16:26:28Z</time>
   </trkpt>
   <trkpt lat="69.6440130" lon="18.5377970">
    <ele>561.5</ele>
    <time>2026-05-09T16:26:29Z</time>
   </trkpt>
   <trkpt lat="69.6440130" lon="18.5377970">
    <ele>561.5</ele>
    <time>2026-05-09T16:26:30Z</time>
   </trkpt>
   <trkpt lat="69.6440130" lon="18.5377970">
    <ele>561.5</ele>
    <time>2026-05-09T16:26:31Z</time>
   </trkpt>
   <trkpt lat="69.6439970" lon="18.5377710">
    <ele>562.5</ele>
    <time>2026-05-09T16:26:32Z</time>
   </trkpt>
   <trkpt lat="69.6439970" lon="18.5377710">
    <ele>562.5</ele>
    <time>2026-05-09T16:26:33Z</time>
   </trkpt>
   <trkpt lat="69.6439970" lon="18.5377710">
    <ele>562.5</ele>
    <time>2026-05-09T16:26:34Z</time>
   </trkpt>
   <trkpt lat="69.6439810" lon="18.5377400">
    <ele>563.3</ele>
    <time>2026-05-09T16:26:35Z</time>
   </trkpt>
   <trkpt lat="69.6439810" lon="18.5377400">
    <ele>563.3</ele>
    <time>2026-05-09T16:26:36Z</time>
   </trkpt>
   <trkpt lat="69.6439810" lon="18.5377400">
    <ele>563.3</ele>
    <time>2026-05-09T16:26:37Z</time>
   </trkpt>
   <trkpt lat="69.6439810" lon="18.5377400">
    <ele>563.3</ele>
    <time>2026-05-09T16:26:38Z</time>
   </trkpt>
   <trkpt lat="69.6439630" lon="18.5377070">
    <ele>564.1</ele>
    <time>2026-05-09T16:26:39Z</time>
   </trkpt>
   <trkpt lat="69.6439630" lon="18.5377070">
    <ele>564.1</ele>
    <time>2026-05-09T16:26:40Z</time>
   </trkpt>
   <trkpt lat="69.6439630" lon="18.5377070">
    <ele>564.1</ele>
    <time>2026-05-09T16:26:41Z</time>
   </trkpt>
   <trkpt lat="69.6439630" lon="18.5377070">
    <ele>564.1</ele>
    <time>2026-05-09T16:26:42Z</time>
   </trkpt>
   <trkpt lat="69.6439430" lon="18.5376750">
    <ele>565.1</ele>
    <time>2026-05-09T16:26:43Z</time>
   </trkpt>
   <trkpt lat="69.6439430" lon="18.5376750">
    <ele>565.1</ele>
    <time>2026-05-09T16:26:44Z</time>
   </trkpt>
   <trkpt lat="69.6439430" lon="18.5376750">
    <ele>565.1</ele>
    <time>2026-05-09T16:26:45Z</time>
   </trkpt>
   <trkpt lat="69.6439270" lon="18.5376470">
    <ele>566.0</ele>
    <time>2026-05-09T16:26:46Z</time>
   </trkpt>
   <trkpt lat="69.6439270" lon="18.5376470">
    <ele>566.0</ele>
    <time>2026-05-09T16:26:47Z</time>
   </trkpt>
   <trkpt lat="69.6439270" lon="18.5376470">
    <ele>566.0</ele>
    <time>2026-05-09T16:26:48Z</time>
   </trkpt>
   <trkpt lat="69.6439270" lon="18.5376470">
    <ele>566.0</ele>
    <time>2026-05-09T16:26:49Z</time>
   </trkpt>
   <trkpt lat="69.6439120" lon="18.5376170">
    <ele>566.8</ele>
    <time>2026-05-09T16:26:50Z</time>
   </trkpt>
   <trkpt lat="69.6439120" lon="18.5376170">
    <ele>566.8</ele>
    <time>2026-05-09T16:26:51Z</time>
   </trkpt>
   <trkpt lat="69.6439120" lon="18.5376170">
    <ele>566.8</ele>
    <time>2026-05-09T16:26:52Z</time>
   </trkpt>
   <trkpt lat="69.6439120" lon="18.5376170">
    <ele>566.8</ele>
    <time>2026-05-09T16:26:53Z</time>
   </trkpt>
   <trkpt lat="69.6438940" lon="18.5375790">
    <ele>567.6</ele>
    <time>2026-05-09T16:26:54Z</time>
   </trkpt>
   <trkpt lat="69.6438940" lon="18.5375790">
    <ele>567.6</ele>
    <time>2026-05-09T16:26:55Z</time>
   </trkpt>
   <trkpt lat="69.6438940" lon="18.5375790">
    <ele>567.6</ele>
    <time>2026-05-09T16:26:56Z</time>
   </trkpt>
   <trkpt lat="69.6438940" lon="18.5375790">
    <ele>567.6</ele>
    <time>2026-05-09T16:26:57Z</time>
   </trkpt>
   <trkpt lat="69.6438780" lon="18.5375420">
    <ele>569.7</ele>
    <time>2026-05-09T16:26:58Z</time>
   </trkpt>
   <trkpt lat="69.6438780" lon="18.5375420">
    <ele>569.7</ele>
    <time>2026-05-09T16:26:59Z</time>
   </trkpt>
   <trkpt lat="69.6438780" lon="18.5375420">
    <ele>569.7</ele>
    <time>2026-05-09T16:27:00Z</time>
   </trkpt>
   <trkpt lat="69.6438780" lon="18.5375420">
    <ele>569.7</ele>
    <time>2026-05-09T16:27:01Z</time>
   </trkpt>
   <trkpt lat="69.6438780" lon="18.5375420">
    <ele>569.7</ele>
    <time>2026-05-09T16:27:02Z</time>
   </trkpt>
   <trkpt lat="69.6438600" lon="18.5375040">
    <ele>570.5</ele>
    <time>2026-05-09T16:27:03Z</time>
   </trkpt>
   <trkpt lat="69.6438600" lon="18.5375040">
    <ele>570.5</ele>
    <time>2026-05-09T16:27:04Z</time>
   </trkpt>
   <trkpt lat="69.6438600" lon="18.5375040">
    <ele>570.5</ele>
    <time>2026-05-09T16:27:05Z</time>
   </trkpt>
   <trkpt lat="69.6438450" lon="18.5374650">
    <ele>571.3</ele>
    <time>2026-05-09T16:27:06Z</time>
   </trkpt>
   <trkpt lat="69.6438450" lon="18.5374650">
    <ele>571.3</ele>
    <time>2026-05-09T16:27:07Z</time>
   </trkpt>
   <trkpt lat="69.6438450" lon="18.5374650">
    <ele>571.3</ele>
    <time>2026-05-09T16:27:08Z</time>
   </trkpt>
   <trkpt lat="69.6438450" lon="18.5374650">
    <ele>571.3</ele>
    <time>2026-05-09T16:27:09Z</time>
   </trkpt>
   <trkpt lat="69.6438260" lon="18.5374310">
    <ele>572.0</ele>
    <time>2026-05-09T16:27:10Z</time>
   </trkpt>
   <trkpt lat="69.6438260" lon="18.5374310">
    <ele>572.0</ele>
    <time>2026-05-09T16:27:11Z</time>
   </trkpt>
   <trkpt lat="69.6438260" lon="18.5374310">
    <ele>572.0</ele>
    <time>2026-05-09T16:27:12Z</time>
   </trkpt>
   <trkpt lat="69.6438260" lon="18.5374310">
    <ele>572.0</ele>
    <time>2026-05-09T16:27:13Z</time>
   </trkpt>
   <trkpt lat="69.6438120" lon="18.5373990">
    <ele>572.7</ele>
    <time>2026-05-09T16:27:14Z</time>
   </trkpt>
   <trkpt lat="69.6438120" lon="18.5373990">
    <ele>572.7</ele>
    <time>2026-05-09T16:27:15Z</time>
   </trkpt>
   <trkpt lat="69.6438120" lon="18.5373990">
    <ele>572.7</ele>
    <time>2026-05-09T16:27:16Z</time>
   </trkpt>
   <trkpt lat="69.6438120" lon="18.5373990">
    <ele>572.7</ele>
    <time>2026-05-09T16:27:17Z</time>
   </trkpt>
   <trkpt lat="69.6438120" lon="18.5373990">
    <ele>572.7</ele>
    <time>2026-05-09T16:27:18Z</time>
   </trkpt>
   <trkpt lat="69.6438120" lon="18.5373990">
    <ele>572.7</ele>
    <time>2026-05-09T16:27:19Z</time>
   </trkpt>
   <trkpt lat="69.6438120" lon="18.5373990">
    <ele>572.7</ele>
    <time>2026-05-09T16:27:20Z</time>
   </trkpt>
   <trkpt lat="69.6438120" lon="18.5373990">
    <ele>572.7</ele>
    <time>2026-05-09T16:27:21Z</time>
   </trkpt>
   <trkpt lat="69.6438120" lon="18.5373990">
    <ele>572.7</ele>
    <time>2026-05-09T16:27:22Z</time>
   </trkpt>
   <trkpt lat="69.6438120" lon="18.5373990">
    <ele>572.7</ele>
    <time>2026-05-09T16:27:23Z</time>
   </trkpt>
   <trkpt lat="69.6438120" lon="18.5373990">
    <ele>572.7</ele>
    <time>2026-05-09T16:27:24Z</time>
   </trkpt>
   <trkpt lat="69.6438120" lon="18.5373990">
    <ele>572.7</ele>
    <time>2026-05-09T16:27:25Z</time>
   </trkpt>
   <trkpt lat="69.6438120" lon="18.5373990">
    <ele>572.7</ele>
    <time>2026-05-09T16:27:26Z</time>
   </trkpt>
   <trkpt lat="69.6438120" lon="18.5373990">
    <ele>572.7</ele>
    <time>2026-05-09T16:27:27Z</time>
   </trkpt>
   <trkpt lat="69.6438120" lon="18.5373990">
    <ele>572.7</ele>
    <time>2026-05-09T16:27:28Z</time>
   </trkpt>
   <trkpt lat="69.6438120" lon="18.5373990">
    <ele>572.7</ele>
    <time>2026-05-09T16:27:29Z</time>
   </trkpt>
   <trkpt lat="69.6438120" lon="18.5373990">
    <ele>572.7</ele>
    <time>2026-05-09T16:27:30Z</time>
   </trkpt>
   <trkpt lat="69.6438120" lon="18.5373990">
    <ele>572.7</ele>
    <time>2026-05-09T16:27:31Z</time>
   </trkpt>
   <trkpt lat="69.6437940" lon="18.5373610">
    <ele>573.4</ele>
    <time>2026-05-09T16:27:32Z</time>
   </trkpt>
   <trkpt lat="69.6437940" lon="18.5373610">
    <ele>573.4</ele>
    <time>2026-05-09T16:27:33Z</time>
   </trkpt>
   <trkpt lat="69.6437940" lon="18.5373610">
    <ele>573.4</ele>
    <time>2026-05-09T16:27:34Z</time>
   </trkpt>
   <trkpt lat="69.6437940" lon="18.5373610">
    <ele>573.4</ele>
    <time>2026-05-09T16:27:35Z</time>
   </trkpt>
   <trkpt lat="69.6437800" lon="18.5373280">
    <ele>574.4</ele>
    <time>2026-05-09T16:27:36Z</time>
   </trkpt>
   <trkpt lat="69.6437800" lon="18.5373280">
    <ele>574.4</ele>
    <time>2026-05-09T16:27:37Z</time>
   </trkpt>
   <trkpt lat="69.6437800" lon="18.5373280">
    <ele>574.4</ele>
    <time>2026-05-09T16:27:38Z</time>
   </trkpt>
   <trkpt lat="69.6437800" lon="18.5373280">
    <ele>574.4</ele>
    <time>2026-05-09T16:27:39Z</time>
   </trkpt>
   <trkpt lat="69.6437650" lon="18.5372930">
    <ele>575.1</ele>
    <time>2026-05-09T16:27:40Z</time>
   </trkpt>
   <trkpt lat="69.6437650" lon="18.5372930">
    <ele>575.1</ele>
    <time>2026-05-09T16:27:41Z</time>
   </trkpt>
   <trkpt lat="69.6437650" lon="18.5372930">
    <ele>575.1</ele>
    <time>2026-05-09T16:27:42Z</time>
   </trkpt>
   <trkpt lat="69.6437650" lon="18.5372930">
    <ele>575.1</ele>
    <time>2026-05-09T16:27:43Z</time>
   </trkpt>
   <trkpt lat="69.6437480" lon="18.5372540">
    <ele>575.8</ele>
    <time>2026-05-09T16:27:44Z</time>
   </trkpt>
   <trkpt lat="69.6437480" lon="18.5372540">
    <ele>575.8</ele>
    <time>2026-05-09T16:27:45Z</time>
   </trkpt>
   <trkpt lat="69.6437480" lon="18.5372540">
    <ele>575.8</ele>
    <time>2026-05-09T16:27:46Z</time>
   </trkpt>
   <trkpt lat="69.6437480" lon="18.5372540">
    <ele>575.8</ele>
    <time>2026-05-09T16:27:47Z</time>
   </trkpt>
   <trkpt lat="69.6437310" lon="18.5372160">
    <ele>576.5</ele>
    <time>2026-05-09T16:27:48Z</time>
   </trkpt>
   <trkpt lat="69.6437310" lon="18.5372160">
    <ele>576.6</ele>
    <time>2026-05-09T16:27:49Z</time>
   </trkpt>
   <trkpt lat="69.6437310" lon="18.5372160">
    <ele>576.6</ele>
    <time>2026-05-09T16:27:50Z</time>
   </trkpt>
   <trkpt lat="69.6437310" lon="18.5372160">
    <ele>576.6</ele>
    <time>2026-05-09T16:27:51Z</time>
   </trkpt>
   <trkpt lat="69.6437310" lon="18.5372160">
    <ele>576.6</ele>
    <time>2026-05-09T16:27:52Z</time>
   </trkpt>
   <trkpt lat="69.6437150" lon="18.5371750">
    <ele>577.3</ele>
    <time>2026-05-09T16:27:53Z</time>
   </trkpt>
   <trkpt lat="69.6437150" lon="18.5371750">
    <ele>577.3</ele>
    <time>2026-05-09T16:27:54Z</time>
   </trkpt>
   <trkpt lat="69.6437150" lon="18.5371750">
    <ele>577.3</ele>
    <time>2026-05-09T16:27:55Z</time>
   </trkpt>
   <trkpt lat="69.6437150" lon="18.5371750">
    <ele>577.3</ele>
    <time>2026-05-09T16:27:56Z</time>
   </trkpt>
   <trkpt lat="69.6436970" lon="18.5371440">
    <ele>579.3</ele>
    <time>2026-05-09T16:27:57Z</time>
   </trkpt>
   <trkpt lat="69.6436970" lon="18.5371440">
    <ele>579.3</ele>
    <time>2026-05-09T16:27:58Z</time>
   </trkpt>
   <trkpt lat="69.6436970" lon="18.5371440">
    <ele>579.3</ele>
    <time>2026-05-09T16:27:59Z</time>
   </trkpt>
   <trkpt lat="69.6436970" lon="18.5371440">
    <ele>579.3</ele>
    <time>2026-05-09T16:28:00Z</time>
   </trkpt>
   <trkpt lat="69.6436790" lon="18.5371090">
    <ele>580.3</ele>
    <time>2026-05-09T16:28:01Z</time>
   </trkpt>
   <trkpt lat="69.6436790" lon="18.5371090">
    <ele>580.3</ele>
    <time>2026-05-09T16:28:02Z</time>
   </trkpt>
   <trkpt lat="69.6436790" lon="18.5371090">
    <ele>580.3</ele>
    <time>2026-05-09T16:28:03Z</time>
   </trkpt>
   <trkpt lat="69.6436790" lon="18.5371090">
    <ele>580.3</ele>
    <time>2026-05-09T16:28:04Z</time>
   </trkpt>
   <trkpt lat="69.6436790" lon="18.5371090">
    <ele>580.3</ele>
    <time>2026-05-09T16:28:05Z</time>
   </trkpt>
   <trkpt lat="69.6436790" lon="18.5371090">
    <ele>580.3</ele>
    <time>2026-05-09T16:28:06Z</time>
   </trkpt>
   <trkpt lat="69.6436790" lon="18.5371090">
    <ele>580.3</ele>
    <time>2026-05-09T16:28:07Z</time>
   </trkpt>
   <trkpt lat="69.6436790" lon="18.5371090">
    <ele>580.3</ele>
    <time>2026-05-09T16:28:08Z</time>
   </trkpt>
   <trkpt lat="69.6436790" lon="18.5371090">
    <ele>580.3</ele>
    <time>2026-05-09T16:28:09Z</time>
   </trkpt>
   <trkpt lat="69.6436790" lon="18.5371090">
    <ele>580.3</ele>
    <time>2026-05-09T16:28:10Z</time>
   </trkpt>
   <trkpt lat="69.6436790" lon="18.5371090">
    <ele>580.3</ele>
    <time>2026-05-09T16:28:11Z</time>
   </trkpt>
   <trkpt lat="69.6436790" lon="18.5371090">
    <ele>580.3</ele>
    <time>2026-05-09T16:28:12Z</time>
   </trkpt>
   <trkpt lat="69.6436790" lon="18.5371090">
    <ele>580.3</ele>
    <time>2026-05-09T16:28:13Z</time>
   </trkpt>
   <trkpt lat="69.6436790" lon="18.5371090">
    <ele>580.3</ele>
    <time>2026-05-09T16:28:14Z</time>
   </trkpt>
   <trkpt lat="69.6436790" lon="18.5371090">
    <ele>580.3</ele>
    <time>2026-05-09T16:28:15Z</time>
   </trkpt>
   <trkpt lat="69.6436790" lon="18.5371090">
    <ele>580.3</ele>
    <time>2026-05-09T16:28:16Z</time>
   </trkpt>
   <trkpt lat="69.6436790" lon="18.5371090">
    <ele>580.3</ele>
    <time>2026-05-09T16:28:17Z</time>
   </trkpt>
   <trkpt lat="69.6436790" lon="18.5371090">
    <ele>580.3</ele>
    <time>2026-05-09T16:28:18Z</time>
   </trkpt>
   <trkpt lat="69.6436790" lon="18.5371090">
    <ele>580.3</ele>
    <time>2026-05-09T16:28:19Z</time>
   </trkpt>
   <trkpt lat="69.6436790" lon="18.5371090">
    <ele>580.3</ele>
    <time>2026-05-09T16:28:20Z</time>
   </trkpt>
   <trkpt lat="69.6436790" lon="18.5371090">
    <ele>580.3</ele>
    <time>2026-05-09T16:28:21Z</time>
   </trkpt>
   <trkpt lat="69.6436790" lon="18.5371090">
    <ele>580.3</ele>
    <time>2026-05-09T16:28:22Z</time>
   </trkpt>
   <trkpt lat="69.6436790" lon="18.5371090">
    <ele>580.3</ele>
    <time>2026-05-09T16:28:23Z</time>
   </trkpt>
   <trkpt lat="69.6436790" lon="18.5371090">
    <ele>580.3</ele>
    <time>2026-05-09T16:28:24Z</time>
   </trkpt>
   <trkpt lat="69.6436790" lon="18.5371090">
    <ele>580.3</ele>
    <time>2026-05-09T16:28:25Z</time>
   </trkpt>
   <trkpt lat="69.6436790" lon="18.5371090">
    <ele>580.3</ele>
    <time>2026-05-09T16:28:26Z</time>
   </trkpt>
   <trkpt lat="69.6436790" lon="18.5371090">
    <ele>580.3</ele>
    <time>2026-05-09T16:28:27Z</time>
   </trkpt>
   <trkpt lat="69.6436790" lon="18.5371090">
    <ele>580.3</ele>
    <time>2026-05-09T16:28:28Z</time>
   </trkpt>
   <trkpt lat="69.6436790" lon="18.5371090">
    <ele>580.3</ele>
    <time>2026-05-09T16:28:29Z</time>
   </trkpt>
   <trkpt lat="69.6436790" lon="18.5371090">
    <ele>580.3</ele>
    <time>2026-05-09T16:28:30Z</time>
   </trkpt>
   <trkpt lat="69.6436790" lon="18.5371090">
    <ele>580.3</ele>
    <time>2026-05-09T16:28:31Z</time>
   </trkpt>
   <trkpt lat="69.6436790" lon="18.5371090">
    <ele>580.3</ele>
    <time>2026-05-09T16:28:32Z</time>
   </trkpt>
   <trkpt lat="69.6436790" lon="18.5371090">
    <ele>580.3</ele>
    <time>2026-05-09T16:28:33Z</time>
   </trkpt>
   <trkpt lat="69.6436790" lon="18.5371090">
    <ele>580.3</ele>
    <time>2026-05-09T16:28:34Z</time>
   </trkpt>
   <trkpt lat="69.6436790" lon="18.5371090">
    <ele>580.3</ele>
    <time>2026-05-09T16:28:35Z</time>
   </trkpt>
   <trkpt lat="69.6436630" lon="18.5370850">
    <ele>581.5</ele>
    <time>2026-05-09T16:28:36Z</time>
   </trkpt>
   <trkpt lat="69.6436630" lon="18.5370850">
    <ele>581.5</ele>
    <time>2026-05-09T16:28:37Z</time>
   </trkpt>
   <trkpt lat="69.6436630" lon="18.5370850">
    <ele>581.5</ele>
    <time>2026-05-09T16:28:38Z</time>
   </trkpt>
   <trkpt lat="69.6436490" lon="18.5370490">
    <ele>582.5</ele>
    <time>2026-05-09T16:28:39Z</time>
   </trkpt>
   <trkpt lat="69.6436490" lon="18.5370490">
    <ele>582.5</ele>
    <time>2026-05-09T16:28:40Z</time>
   </trkpt>
   <trkpt lat="69.6436490" lon="18.5370490">
    <ele>582.5</ele>
    <time>2026-05-09T16:28:41Z</time>
   </trkpt>
   <trkpt lat="69.6436490" lon="18.5370490">
    <ele>582.5</ele>
    <time>2026-05-09T16:28:42Z</time>
   </trkpt>
   <trkpt lat="69.6436310" lon="18.5370120">
    <ele>583.6</ele>
    <time>2026-05-09T16:28:43Z</time>
   </trkpt>
   <trkpt lat="69.6436310" lon="18.5370120">
    <ele>583.6</ele>
    <time>2026-05-09T16:28:44Z</time>
   </trkpt>
   <trkpt lat="69.6436310" lon="18.5370120">
    <ele>583.6</ele>
    <time>2026-05-09T16:28:45Z</time>
   </trkpt>
   <trkpt lat="69.6436150" lon="18.5369860">
    <ele>584.9</ele>
    <time>2026-05-09T16:28:46Z</time>
   </trkpt>
   <trkpt lat="69.6436150" lon="18.5369860">
    <ele>584.9</ele>
    <time>2026-05-09T16:28:47Z</time>
   </trkpt>
   <trkpt lat="69.6436150" lon="18.5369860">
    <ele>584.9</ele>
    <time>2026-05-09T16:28:48Z</time>
   </trkpt>
   <trkpt lat="69.6436150" lon="18.5369860">
    <ele>584.9</ele>
    <time>2026-05-09T16:28:49Z</time>
   </trkpt>
   <trkpt lat="69.6435960" lon="18.5369490">
    <ele>586.0</ele>
    <time>2026-05-09T16:28:50Z</time>
   </trkpt>
   <trkpt lat="69.6435960" lon="18.5369490">
    <ele>586.0</ele>
    <time>2026-05-09T16:28:51Z</time>
   </trkpt>
   <trkpt lat="69.6435960" lon="18.5369490">
    <ele>586.0</ele>
    <time>2026-05-09T16:28:52Z</time>
   </trkpt>
   <trkpt lat="69.6435960" lon="18.5369490">
    <ele>586.0</ele>
    <time>2026-05-09T16:28:53Z</time>
   </trkpt>
   <trkpt lat="69.6435780" lon="18.5369220">
    <ele>588.4</ele>
    <time>2026-05-09T16:28:54Z</time>
   </trkpt>
   <trkpt lat="69.6435780" lon="18.5369220">
    <ele>588.4</ele>
    <time>2026-05-09T16:28:55Z</time>
   </trkpt>
   <trkpt lat="69.6435780" lon="18.5369220">
    <ele>588.4</ele>
    <time>2026-05-09T16:28:56Z</time>
   </trkpt>
   <trkpt lat="69.6435780" lon="18.5369220">
    <ele>588.4</ele>
    <time>2026-05-09T16:28:57Z</time>
   </trkpt>
   <trkpt lat="69.6435630" lon="18.5368910">
    <ele>589.4</ele>
    <time>2026-05-09T16:28:58Z</time>
   </trkpt>
   <trkpt lat="69.6435630" lon="18.5368910">
    <ele>589.4</ele>
    <time>2026-05-09T16:28:59Z</time>
   </trkpt>
   <trkpt lat="69.6435630" lon="18.5368910">
    <ele>589.4</ele>
    <time>2026-05-09T16:29:00Z</time>
   </trkpt>
   <trkpt lat="69.6435630" lon="18.5368910">
    <ele>589.4</ele>
    <time>2026-05-09T16:29:01Z</time>
   </trkpt>
   <trkpt lat="69.6435470" lon="18.5368620">
    <ele>590.7</ele>
    <time>2026-05-09T16:29:02Z</time>
   </trkpt>
   <trkpt lat="69.6435470" lon="18.5368620">
    <ele>590.7</ele>
    <time>2026-05-09T16:29:03Z</time>
   </trkpt>
   <trkpt lat="69.6435470" lon="18.5368620">
    <ele>590.7</ele>
    <time>2026-05-09T16:29:04Z</time>
   </trkpt>
   <trkpt lat="69.6435470" lon="18.5368620">
    <ele>590.7</ele>
    <time>2026-05-09T16:29:05Z</time>
   </trkpt>
   <trkpt lat="69.6435470" lon="18.5368620">
    <ele>590.7</ele>
    <time>2026-05-09T16:29:06Z</time>
   </trkpt>
   <trkpt lat="69.6435280" lon="18.5368340">
    <ele>591.5</ele>
    <time>2026-05-09T16:29:07Z</time>
   </trkpt>
   <trkpt lat="69.6435280" lon="18.5368340">
    <ele>591.5</ele>
    <time>2026-05-09T16:29:08Z</time>
   </trkpt>
   <trkpt lat="69.6435280" lon="18.5368340">
    <ele>591.5</ele>
    <time>2026-05-09T16:29:09Z</time>
   </trkpt>
   <trkpt lat="69.6435280" lon="18.5368340">
    <ele>591.5</ele>
    <time>2026-05-09T16:29:10Z</time>
   </trkpt>
   <trkpt lat="69.6435100" lon="18.5368120">
    <ele>592.8</ele>
    <time>2026-05-09T16:29:11Z</time>
   </trkpt>
   <trkpt lat="69.6435100" lon="18.5368120">
    <ele>592.8</ele>
    <time>2026-05-09T16:29:12Z</time>
   </trkpt>
   <trkpt lat="69.6435100" lon="18.5368120">
    <ele>592.8</ele>
    <time>2026-05-09T16:29:13Z</time>
   </trkpt>
   <trkpt lat="69.6435100" lon="18.5368120">
    <ele>592.8</ele>
    <time>2026-05-09T16:29:14Z</time>
   </trkpt>
   <trkpt lat="69.6435100" lon="18.5368120">
    <ele>592.8</ele>
    <time>2026-05-09T16:29:15Z</time>
   </trkpt>
   <trkpt lat="69.6435100" lon="18.5368120">
    <ele>592.8</ele>
    <time>2026-05-09T16:29:16Z</time>
   </trkpt>
   <trkpt lat="69.6435100" lon="18.5368120">
    <ele>592.8</ele>
    <time>2026-05-09T16:29:17Z</time>
   </trkpt>
   <trkpt lat="69.6435100" lon="18.5368120">
    <ele>592.8</ele>
    <time>2026-05-09T16:29:18Z</time>
   </trkpt>
   <trkpt lat="69.6435100" lon="18.5368120">
    <ele>592.8</ele>
    <time>2026-05-09T16:29:19Z</time>
   </trkpt>
   <trkpt lat="69.6435100" lon="18.5368120">
    <ele>592.8</ele>
    <time>2026-05-09T16:29:20Z</time>
   </trkpt>
   <trkpt lat="69.6435100" lon="18.5368120">
    <ele>592.8</ele>
    <time>2026-05-09T16:29:21Z</time>
   </trkpt>
   <trkpt lat="69.6435100" lon="18.5368120">
    <ele>592.8</ele>
    <time>2026-05-09T16:29:22Z</time>
   </trkpt>
   <trkpt lat="69.6434930" lon="18.5367840">
    <ele>593.5</ele>
    <time>2026-05-09T16:29:23Z</time>
   </trkpt>
   <trkpt lat="69.6434930" lon="18.5367840">
    <ele>593.5</ele>
    <time>2026-05-09T16:29:24Z</time>
   </trkpt>
   <trkpt lat="69.6434930" lon="18.5367840">
    <ele>593.5</ele>
    <time>2026-05-09T16:29:25Z</time>
   </trkpt>
   <trkpt lat="69.6434930" lon="18.5367840">
    <ele>593.5</ele>
    <time>2026-05-09T16:29:26Z</time>
   </trkpt>
   <trkpt lat="69.6434760" lon="18.5367580">
    <ele>594.2</ele>
    <time>2026-05-09T16:29:27Z</time>
   </trkpt>
   <trkpt lat="69.6434760" lon="18.5367580">
    <ele>594.2</ele>
    <time>2026-05-09T16:29:28Z</time>
   </trkpt>
   <trkpt lat="69.6434760" lon="18.5367580">
    <ele>594.2</ele>
    <time>2026-05-09T16:29:29Z</time>
   </trkpt>
   <trkpt lat="69.6434760" lon="18.5367580">
    <ele>594.2</ele>
    <time>2026-05-09T16:29:30Z</time>
   </trkpt>
   <trkpt lat="69.6434760" lon="18.5367580">
    <ele>594.2</ele>
    <time>2026-05-09T16:29:31Z</time>
   </trkpt>
   <trkpt lat="69.6434570" lon="18.5367260">
    <ele>596.5</ele>
    <time>2026-05-09T16:29:32Z</time>
   </trkpt>
   <trkpt lat="69.6434570" lon="18.5367260">
    <ele>596.5</ele>
    <time>2026-05-09T16:29:33Z</time>
   </trkpt>
   <trkpt lat="69.6434570" lon="18.5367260">
    <ele>596.5</ele>
    <time>2026-05-09T16:29:34Z</time>
   </trkpt>
   <trkpt lat="69.6434570" lon="18.5367260">
    <ele>596.5</ele>
    <time>2026-05-09T16:29:35Z</time>
   </trkpt>
   <trkpt lat="69.6434570" lon="18.5367260">
    <ele>596.5</ele>
    <time>2026-05-09T16:29:36Z</time>
   </trkpt>
   <trkpt lat="69.6434570" lon="18.5367260">
    <ele>596.5</ele>
    <time>2026-05-09T16:29:37Z</time>
   </trkpt>
   <trkpt lat="69.6434400" lon="18.5366940">
    <ele>597.0</ele>
    <time>2026-05-09T16:29:38Z</time>
   </trkpt>
   <trkpt lat="69.6434400" lon="18.5366940">
    <ele>597.0</ele>
    <time>2026-05-09T16:29:39Z</time>
   </trkpt>
   <trkpt lat="69.6434400" lon="18.5366940">
    <ele>597.0</ele>
    <time>2026-05-09T16:29:40Z</time>
   </trkpt>
   <trkpt lat="69.6434400" lon="18.5366940">
    <ele>597.0</ele>
    <time>2026-05-09T16:29:41Z</time>
   </trkpt>
   <trkpt lat="69.6434400" lon="18.5366940">
    <ele>597.0</ele>
    <time>2026-05-09T16:29:42Z</time>
   </trkpt>
   <trkpt lat="69.6434230" lon="18.5366680">
    <ele>597.5</ele>
    <time>2026-05-09T16:29:43Z</time>
   </trkpt>
   <trkpt lat="69.6434230" lon="18.5366680">
    <ele>597.5</ele>
    <time>2026-05-09T16:29:44Z</time>
   </trkpt>
   <trkpt lat="69.6434230" lon="18.5366680">
    <ele>597.5</ele>
    <time>2026-05-09T16:29:45Z</time>
   </trkpt>
   <trkpt lat="69.6434230" lon="18.5366680">
    <ele>597.5</ele>
    <time>2026-05-09T16:29:46Z</time>
   </trkpt>
   <trkpt lat="69.6434230" lon="18.5366680">
    <ele>597.5</ele>
    <time>2026-05-09T16:29:47Z</time>
   </trkpt>
   <trkpt lat="69.6434050" lon="18.5366360">
    <ele>597.9</ele>
    <time>2026-05-09T16:29:48Z</time>
   </trkpt>
   <trkpt lat="69.6434050" lon="18.5366360">
    <ele>597.9</ele>
    <time>2026-05-09T16:29:49Z</time>
   </trkpt>
   <trkpt lat="69.6434050" lon="18.5366360">
    <ele>597.9</ele>
    <time>2026-05-09T16:29:50Z</time>
   </trkpt>
   <trkpt lat="69.6434050" lon="18.5366360">
    <ele>597.9</ele>
    <time>2026-05-09T16:29:51Z</time>
   </trkpt>
   <trkpt lat="69.6434050" lon="18.5366360">
    <ele>597.9</ele>
    <time>2026-05-09T16:29:52Z</time>
   </trkpt>
   <trkpt lat="69.6434050" lon="18.5366360">
    <ele>597.9</ele>
    <time>2026-05-09T16:29:53Z</time>
   </trkpt>
   <trkpt lat="69.6433870" lon="18.5366100">
    <ele>599.0</ele>
    <time>2026-05-09T16:29:54Z</time>
   </trkpt>
   <trkpt lat="69.6433870" lon="18.5366100">
    <ele>599.0</ele>
    <time>2026-05-09T16:29:55Z</time>
   </trkpt>
   <trkpt lat="69.6433870" lon="18.5366100">
    <ele>599.0</ele>
    <time>2026-05-09T16:29:56Z</time>
   </trkpt>
   <trkpt lat="69.6433870" lon="18.5366100">
    <ele>599.0</ele>
    <time>2026-05-09T16:29:57Z</time>
   </trkpt>
   <trkpt lat="69.6433870" lon="18.5366100">
    <ele>599.0</ele>
    <time>2026-05-09T16:29:58Z</time>
   </trkpt>
   <trkpt lat="69.6433690" lon="18.5365890">
    <ele>600.4</ele>
    <time>2026-05-09T16:29:59Z</time>
   </trkpt>
   <trkpt lat="69.6433690" lon="18.5365890">
    <ele>600.4</ele>
    <time>2026-05-09T16:30:00Z</time>
   </trkpt>
   <trkpt lat="69.6433690" lon="18.5365890">
    <ele>600.4</ele>
    <time>2026-05-09T16:30:01Z</time>
   </trkpt>
   <trkpt lat="69.6433690" lon="18.5365890">
    <ele>600.4</ele>
    <time>2026-05-09T16:30:02Z</time>
   </trkpt>
   <trkpt lat="69.6433690" lon="18.5365890">
    <ele>600.4</ele>
    <time>2026-05-09T16:30:03Z</time>
   </trkpt>
   <trkpt lat="69.6433690" lon="18.5365890">
    <ele>600.4</ele>
    <time>2026-05-09T16:30:04Z</time>
   </trkpt>
   <trkpt lat="69.6433510" lon="18.5365660">
    <ele>601.5</ele>
    <time>2026-05-09T16:30:05Z</time>
   </trkpt>
   <trkpt lat="69.6433510" lon="18.5365660">
    <ele>601.5</ele>
    <time>2026-05-09T16:30:06Z</time>
   </trkpt>
   <trkpt lat="69.6433510" lon="18.5365660">
    <ele>601.5</ele>
    <time>2026-05-09T16:30:07Z</time>
   </trkpt>
   <trkpt lat="69.6433510" lon="18.5365660">
    <ele>601.5</ele>
    <time>2026-05-09T16:30:08Z</time>
   </trkpt>
   <trkpt lat="69.6433510" lon="18.5365660">
    <ele>601.5</ele>
    <time>2026-05-09T16:30:09Z</time>
   </trkpt>
   <trkpt lat="69.6433510" lon="18.5365660">
    <ele>601.5</ele>
    <time>2026-05-09T16:30:10Z</time>
   </trkpt>
   <trkpt lat="69.6433510" lon="18.5365660">
    <ele>601.5</ele>
    <time>2026-05-09T16:30:11Z</time>
   </trkpt>
   <trkpt lat="69.6433510" lon="18.5365660">
    <ele>601.5</ele>
    <time>2026-05-09T16:30:12Z</time>
   </trkpt>
   <trkpt lat="69.6433510" lon="18.5365660">
    <ele>601.5</ele>
    <time>2026-05-09T16:30:13Z</time>
   </trkpt>
   <trkpt lat="69.6433310" lon="18.5365640">
    <ele>602.5</ele>
    <time>2026-05-09T16:30:14Z</time>
   </trkpt>
   <trkpt lat="69.6433310" lon="18.5365640">
    <ele>602.5</ele>
    <time>2026-05-09T16:30:15Z</time>
   </trkpt>
   <trkpt lat="69.6433310" lon="18.5365640">
    <ele>602.5</ele>
    <time>2026-05-09T16:30:16Z</time>
   </trkpt>
   <trkpt lat="69.6433310" lon="18.5365640">
    <ele>602.5</ele>
    <time>2026-05-09T16:30:17Z</time>
   </trkpt>
   <trkpt lat="69.6433310" lon="18.5365640">
    <ele>602.5</ele>
    <time>2026-05-09T16:30:18Z</time>
   </trkpt>
   <trkpt lat="69.6433130" lon="18.5365450">
    <ele>602.8</ele>
    <time>2026-05-09T16:30:19Z</time>
   </trkpt>
   <trkpt lat="69.6433130" lon="18.5365450">
    <ele>602.8</ele>
    <time>2026-05-09T16:30:20Z</time>
   </trkpt>
   <trkpt lat="69.6433130" lon="18.5365450">
    <ele>602.8</ele>
    <time>2026-05-09T16:30:21Z</time>
   </trkpt>
   <trkpt lat="69.6433130" lon="18.5365450">
    <ele>602.8</ele>
    <time>2026-05-09T16:30:22Z</time>
   </trkpt>
   <trkpt lat="69.6433130" lon="18.5365450">
    <ele>602.8</ele>
    <time>2026-05-09T16:30:23Z</time>
   </trkpt>
   <trkpt lat="69.6433130" lon="18.5365450">
    <ele>602.8</ele>
    <time>2026-05-09T16:30:24Z</time>
   </trkpt>
   <trkpt lat="69.6432930" lon="18.5365320">
    <ele>605.0</ele>
    <time>2026-05-09T16:30:25Z</time>
   </trkpt>
   <trkpt lat="69.6432930" lon="18.5365320">
    <ele>605.0</ele>
    <time>2026-05-09T16:30:26Z</time>
   </trkpt>
   <trkpt lat="69.6432930" lon="18.5365320">
    <ele>605.0</ele>
    <time>2026-05-09T16:30:27Z</time>
   </trkpt>
   <trkpt lat="69.6432930" lon="18.5365320">
    <ele>605.0</ele>
    <time>2026-05-09T16:30:28Z</time>
   </trkpt>
   <trkpt lat="69.6432930" lon="18.5365320">
    <ele>605.0</ele>
    <time>2026-05-09T16:30:29Z</time>
   </trkpt>
   <trkpt lat="69.6432930" lon="18.5365320">
    <ele>605.0</ele>
    <time>2026-05-09T16:30:30Z</time>
   </trkpt>
   <trkpt lat="69.6432720" lon="18.5365200">
    <ele>606.0</ele>
    <time>2026-05-09T16:30:31Z</time>
   </trkpt>
   <trkpt lat="69.6432720" lon="18.5365200">
    <ele>606.0</ele>
    <time>2026-05-09T16:30:32Z</time>
   </trkpt>
   <trkpt lat="69.6432720" lon="18.5365200">
    <ele>606.0</ele>
    <time>2026-05-09T16:30:33Z</time>
   </trkpt>
   <trkpt lat="69.6432720" lon="18.5365200">
    <ele>606.0</ele>
    <time>2026-05-09T16:30:34Z</time>
   </trkpt>
   <trkpt lat="69.6432720" lon="18.5365200">
    <ele>606.0</ele>
    <time>2026-05-09T16:30:35Z</time>
   </trkpt>
   <trkpt lat="69.6432720" lon="18.5365200">
    <ele>606.0</ele>
    <time>2026-05-09T16:30:36Z</time>
   </trkpt>
   <trkpt lat="69.6432500" lon="18.5365080">
    <ele>607.4</ele>
    <time>2026-05-09T16:30:37Z</time>
   </trkpt>
   <trkpt lat="69.6432500" lon="18.5365080">
    <ele>607.4</ele>
    <time>2026-05-09T16:30:38Z</time>
   </trkpt>
   <trkpt lat="69.6432500" lon="18.5365080">
    <ele>607.4</ele>
    <time>2026-05-09T16:30:39Z</time>
   </trkpt>
   <trkpt lat="69.6432500" lon="18.5365080">
    <ele>607.4</ele>
    <time>2026-05-09T16:30:40Z</time>
   </trkpt>
   <trkpt lat="69.6432500" lon="18.5365080">
    <ele>607.4</ele>
    <time>2026-05-09T16:30:41Z</time>
   </trkpt>
   <trkpt lat="69.6432500" lon="18.5365080">
    <ele>607.4</ele>
    <time>2026-05-09T16:30:42Z</time>
   </trkpt>
   <trkpt lat="69.6432300" lon="18.5365010">
    <ele>608.4</ele>
    <time>2026-05-09T16:30:43Z</time>
   </trkpt>
   <trkpt lat="69.6432300" lon="18.5365010">
    <ele>608.4</ele>
    <time>2026-05-09T16:30:44Z</time>
   </trkpt>
   <trkpt lat="69.6432300" lon="18.5365010">
    <ele>608.4</ele>
    <time>2026-05-09T16:30:45Z</time>
   </trkpt>
   <trkpt lat="69.6432300" lon="18.5365010">
    <ele>608.4</ele>
    <time>2026-05-09T16:30:46Z</time>
   </trkpt>
   <trkpt lat="69.6432300" lon="18.5365010">
    <ele>608.4</ele>
    <time>2026-05-09T16:30:47Z</time>
   </trkpt>
   <trkpt lat="69.6432300" lon="18.5365010">
    <ele>608.4</ele>
    <time>2026-05-09T16:30:48Z</time>
   </trkpt>
   <trkpt lat="69.6432300" lon="18.5365010">
    <ele>608.4</ele>
    <time>2026-05-09T16:30:49Z</time>
   </trkpt>
   <trkpt lat="69.6432090" lon="18.5364900">
    <ele>609.5</ele>
    <time>2026-05-09T16:30:50Z</time>
   </trkpt>
   <trkpt lat="69.6432090" lon="18.5364900">
    <ele>609.5</ele>
    <time>2026-05-09T16:30:51Z</time>
   </trkpt>
   <trkpt lat="69.6432090" lon="18.5364900">
    <ele>609.5</ele>
    <time>2026-05-09T16:30:52Z</time>
   </trkpt>
   <trkpt lat="69.6432090" lon="18.5364900">
    <ele>609.5</ele>
    <time>2026-05-09T16:30:53Z</time>
   </trkpt>
   <trkpt lat="69.6432090" lon="18.5364900">
    <ele>609.5</ele>
    <time>2026-05-09T16:30:54Z</time>
   </trkpt>
   <trkpt lat="69.6432090" lon="18.5364900">
    <ele>609.5</ele>
    <time>2026-05-09T16:30:55Z</time>
   </trkpt>
   <trkpt lat="69.6432090" lon="18.5364900">
    <ele>609.5</ele>
    <time>2026-05-09T16:30:56Z</time>
   </trkpt>
   <trkpt lat="69.6431910" lon="18.5364760">
    <ele>611.6</ele>
    <time>2026-05-09T16:30:57Z</time>
   </trkpt>
   <trkpt lat="69.6431910" lon="18.5364760">
    <ele>611.6</ele>
    <time>2026-05-09T16:30:58Z</time>
   </trkpt>
   <trkpt lat="69.6431910" lon="18.5364760">
    <ele>611.6</ele>
    <time>2026-05-09T16:30:59Z</time>
   </trkpt>
   <trkpt lat="69.6431910" lon="18.5364760">
    <ele>611.6</ele>
    <time>2026-05-09T16:31:00Z</time>
   </trkpt>
   <trkpt lat="69.6431910" lon="18.5364760">
    <ele>611.6</ele>
    <time>2026-05-09T16:31:01Z</time>
   </trkpt>
   <trkpt lat="69.6431910" lon="18.5364760">
    <ele>611.6</ele>
    <time>2026-05-09T16:31:02Z</time>
   </trkpt>
   <trkpt lat="69.6431700" lon="18.5364650">
    <ele>611.8</ele>
    <time>2026-05-09T16:31:03Z</time>
   </trkpt>
   <trkpt lat="69.6431700" lon="18.5364650">
    <ele>611.8</ele>
    <time>2026-05-09T16:31:04Z</time>
   </trkpt>
   <trkpt lat="69.6431700" lon="18.5364650">
    <ele>611.8</ele>
    <time>2026-05-09T16:31:05Z</time>
   </trkpt>
   <trkpt lat="69.6431700" lon="18.5364650">
    <ele>611.8</ele>
    <time>2026-05-09T16:31:06Z</time>
   </trkpt>
   <trkpt lat="69.6431700" lon="18.5364650">
    <ele>611.8</ele>
    <time>2026-05-09T16:31:07Z</time>
   </trkpt>
   <trkpt lat="69.6431700" lon="18.5364650">
    <ele>611.8</ele>
    <time>2026-05-09T16:31:08Z</time>
   </trkpt>
   <trkpt lat="69.6431500" lon="18.5364550">
    <ele>612.8</ele>
    <time>2026-05-09T16:31:09Z</time>
   </trkpt>
   <trkpt lat="69.6431500" lon="18.5364550">
    <ele>612.8</ele>
    <time>2026-05-09T16:31:10Z</time>
   </trkpt>
   <trkpt lat="69.6431500" lon="18.5364550">
    <ele>612.8</ele>
    <time>2026-05-09T16:31:11Z</time>
   </trkpt>
   <trkpt lat="69.6431500" lon="18.5364550">
    <ele>612.8</ele>
    <time>2026-05-09T16:31:12Z</time>
   </trkpt>
   <trkpt lat="69.6431500" lon="18.5364550">
    <ele>612.8</ele>
    <time>2026-05-09T16:31:13Z</time>
   </trkpt>
   <trkpt lat="69.6431500" lon="18.5364550">
    <ele>612.8</ele>
    <time>2026-05-09T16:31:14Z</time>
   </trkpt>
   <trkpt lat="69.6431500" lon="18.5364550">
    <ele>612.8</ele>
    <time>2026-05-09T16:31:15Z</time>
   </trkpt>
   <trkpt lat="69.6431500" lon="18.5364550">
    <ele>612.8</ele>
    <time>2026-05-09T16:31:16Z</time>
   </trkpt>
   <trkpt lat="69.6431500" lon="18.5364550">
    <ele>612.8</ele>
    <time>2026-05-09T16:31:17Z</time>
   </trkpt>
   <trkpt lat="69.6431500" lon="18.5364550">
    <ele>612.8</ele>
    <time>2026-05-09T16:31:18Z</time>
   </trkpt>
   <trkpt lat="69.6431500" lon="18.5364550">
    <ele>612.8</ele>
    <time>2026-05-09T16:31:19Z</time>
   </trkpt>
   <trkpt lat="69.6431500" lon="18.5364550">
    <ele>612.8</ele>
    <time>2026-05-09T16:31:20Z</time>
   </trkpt>
   <trkpt lat="69.6431500" lon="18.5364550">
    <ele>612.8</ele>
    <time>2026-05-09T16:31:21Z</time>
   </trkpt>
   <trkpt lat="69.6431500" lon="18.5364550">
    <ele>612.8</ele>
    <time>2026-05-09T16:31:22Z</time>
   </trkpt>
   <trkpt lat="69.6431500" lon="18.5364550">
    <ele>612.8</ele>
    <time>2026-05-09T16:31:23Z</time>
   </trkpt>
   <trkpt lat="69.6431500" lon="18.5364550">
    <ele>612.8</ele>
    <time>2026-05-09T16:31:24Z</time>
   </trkpt>
   <trkpt lat="69.6431300" lon="18.5364510">
    <ele>614.8</ele>
    <time>2026-05-09T16:31:25Z</time>
   </trkpt>
   <trkpt lat="69.6431300" lon="18.5364510">
    <ele>614.8</ele>
    <time>2026-05-09T16:31:26Z</time>
   </trkpt>
   <trkpt lat="69.6431300" lon="18.5364510">
    <ele>614.8</ele>
    <time>2026-05-09T16:31:27Z</time>
   </trkpt>
   <trkpt lat="69.6431300" lon="18.5364510">
    <ele>614.8</ele>
    <time>2026-05-09T16:31:28Z</time>
   </trkpt>
   <trkpt lat="69.6431300" lon="18.5364510">
    <ele>614.8</ele>
    <time>2026-05-09T16:31:29Z</time>
   </trkpt>
   <trkpt lat="69.6431300" lon="18.5364510">
    <ele>614.8</ele>
    <time>2026-05-09T16:31:30Z</time>
   </trkpt>
   <trkpt lat="69.6431110" lon="18.5364390">
    <ele>615.8</ele>
    <time>2026-05-09T16:31:31Z</time>
   </trkpt>
   <trkpt lat="69.6431110" lon="18.5364390">
    <ele>615.8</ele>
    <time>2026-05-09T16:31:32Z</time>
   </trkpt>
   <trkpt lat="69.6431110" lon="18.5364390">
    <ele>615.8</ele>
    <time>2026-05-09T16:31:33Z</time>
   </trkpt>
   <trkpt lat="69.6431110" lon="18.5364390">
    <ele>615.8</ele>
    <time>2026-05-09T16:31:34Z</time>
   </trkpt>
   <trkpt lat="69.6431110" lon="18.5364390">
    <ele>615.8</ele>
    <time>2026-05-09T16:31:35Z</time>
   </trkpt>
   <trkpt lat="69.6431110" lon="18.5364390">
    <ele>615.8</ele>
    <time>2026-05-09T16:31:36Z</time>
   </trkpt>
   <trkpt lat="69.6431110" lon="18.5364390">
    <ele>615.8</ele>
    <time>2026-05-09T16:31:37Z</time>
   </trkpt>
   <trkpt lat="69.6431110" lon="18.5364390">
    <ele>615.8</ele>
    <time>2026-05-09T16:31:38Z</time>
   </trkpt>
   <trkpt lat="69.6431110" lon="18.5364390">
    <ele>615.8</ele>
    <time>2026-05-09T16:31:39Z</time>
   </trkpt>
   <trkpt lat="69.6431110" lon="18.5364390">
    <ele>615.8</ele>
    <time>2026-05-09T16:31:40Z</time>
   </trkpt>
   <trkpt lat="69.6431110" lon="18.5364390">
    <ele>615.8</ele>
    <time>2026-05-09T16:31:41Z</time>
   </trkpt>
   <trkpt lat="69.6430910" lon="18.5364270">
    <ele>616.7</ele>
    <time>2026-05-09T16:31:42Z</time>
   </trkpt>
   <trkpt lat="69.6430910" lon="18.5364270">
    <ele>616.8</ele>
    <time>2026-05-09T16:31:43Z</time>
   </trkpt>
   <trkpt lat="69.6430910" lon="18.5364270">
    <ele>616.8</ele>
    <time>2026-05-09T16:31:44Z</time>
   </trkpt>
   <trkpt lat="69.6430910" lon="18.5364270">
    <ele>616.8</ele>
    <time>2026-05-09T16:31:45Z</time>
   </trkpt>
   <trkpt lat="69.6430910" lon="18.5364270">
    <ele>616.8</ele>
    <time>2026-05-09T16:31:46Z</time>
   </trkpt>
   <trkpt lat="69.6430690" lon="18.5364170">
    <ele>617.8</ele>
    <time>2026-05-09T16:31:47Z</time>
   </trkpt>
   <trkpt lat="69.6430690" lon="18.5364170">
    <ele>617.8</ele>
    <time>2026-05-09T16:31:48Z</time>
   </trkpt>
   <trkpt lat="69.6430690" lon="18.5364170">
    <ele>617.8</ele>
    <time>2026-05-09T16:31:49Z</time>
   </trkpt>
   <trkpt lat="69.6430690" lon="18.5364170">
    <ele>617.8</ele>
    <time>2026-05-09T16:31:50Z</time>
   </trkpt>
   <trkpt lat="69.6430480" lon="18.5364090">
    <ele>618.7</ele>
    <time>2026-05-09T16:31:51Z</time>
   </trkpt>
   <trkpt lat="69.6430480" lon="18.5364090">
    <ele>618.7</ele>
    <time>2026-05-09T16:31:52Z</time>
   </trkpt>
   <trkpt lat="69.6430480" lon="18.5364090">
    <ele>618.7</ele>
    <time>2026-05-09T16:31:53Z</time>
   </trkpt>
   <trkpt lat="69.6430480" lon="18.5364090">
    <ele>618.7</ele>
    <time>2026-05-09T16:31:54Z</time>
   </trkpt>
   <trkpt lat="69.6430480" lon="18.5364090">
    <ele>618.7</ele>
    <time>2026-05-09T16:31:55Z</time>
   </trkpt>
   <trkpt lat="69.6430480" lon="18.5364090">
    <ele>618.7</ele>
    <time>2026-05-09T16:31:56Z</time>
   </trkpt>
   <trkpt lat="69.6430280" lon="18.5363880">
    <ele>619.6</ele>
    <time>2026-05-09T16:31:57Z</time>
   </trkpt>
   <trkpt lat="69.6430280" lon="18.5363880">
    <ele>619.6</ele>
    <time>2026-05-09T16:31:58Z</time>
   </trkpt>
   <trkpt lat="69.6430280" lon="18.5363880">
    <ele>619.6</ele>
    <time>2026-05-09T16:31:59Z</time>
   </trkpt>
   <trkpt lat="69.6430280" lon="18.5363880">
    <ele>619.6</ele>
    <time>2026-05-09T16:32:00Z</time>
   </trkpt>
   <trkpt lat="69.6430080" lon="18.5363740">
    <ele>620.7</ele>
    <time>2026-05-09T16:32:01Z</time>
   </trkpt>
   <trkpt lat="69.6430080" lon="18.5363740">
    <ele>620.7</ele>
    <time>2026-05-09T16:32:02Z</time>
   </trkpt>
   <trkpt lat="69.6430080" lon="18.5363740">
    <ele>620.7</ele>
    <time>2026-05-09T16:32:03Z</time>
   </trkpt>
   <trkpt lat="69.6430080" lon="18.5363740">
    <ele>620.7</ele>
    <time>2026-05-09T16:32:04Z</time>
   </trkpt>
   <trkpt lat="69.6429880" lon="18.5363580">
    <ele>621.6</ele>
    <time>2026-05-09T16:32:05Z</time>
   </trkpt>
   <trkpt lat="69.6429880" lon="18.5363580">
    <ele>621.6</ele>
    <time>2026-05-09T16:32:06Z</time>
   </trkpt>
   <trkpt lat="69.6429880" lon="18.5363580">
    <ele>621.6</ele>
    <time>2026-05-09T16:32:07Z</time>
   </trkpt>
   <trkpt lat="69.6429880" lon="18.5363580">
    <ele>621.6</ele>
    <time>2026-05-09T16:32:08Z</time>
   </trkpt>
   <trkpt lat="69.6429710" lon="18.5363450">
    <ele>622.5</ele>
    <time>2026-05-09T16:32:09Z</time>
   </trkpt>
   <trkpt lat="69.6429710" lon="18.5363450">
    <ele>622.5</ele>
    <time>2026-05-09T16:32:10Z</time>
   </trkpt>
   <trkpt lat="69.6429710" lon="18.5363450">
    <ele>622.5</ele>
    <time>2026-05-09T16:32:11Z</time>
   </trkpt>
   <trkpt lat="69.6429710" lon="18.5363450">
    <ele>622.5</ele>
    <time>2026-05-09T16:32:12Z</time>
   </trkpt>
   <trkpt lat="69.6429710" lon="18.5363450">
    <ele>622.5</ele>
    <time>2026-05-09T16:32:13Z</time>
   </trkpt>
   <trkpt lat="69.6429710" lon="18.5363450">
    <ele>622.5</ele>
    <time>2026-05-09T16:32:14Z</time>
   </trkpt>
   <trkpt lat="69.6429710" lon="18.5363450">
    <ele>622.5</ele>
    <time>2026-05-09T16:32:15Z</time>
   </trkpt>
   <trkpt lat="69.6429710" lon="18.5363450">
    <ele>622.5</ele>
    <time>2026-05-09T16:32:16Z</time>
   </trkpt>
   <trkpt lat="69.6429520" lon="18.5363390">
    <ele>624.3</ele>
    <time>2026-05-09T16:32:17Z</time>
   </trkpt>
   <trkpt lat="69.6429520" lon="18.5363390">
    <ele>624.3</ele>
    <time>2026-05-09T16:32:18Z</time>
   </trkpt>
   <trkpt lat="69.6429520" lon="18.5363390">
    <ele>624.3</ele>
    <time>2026-05-09T16:32:19Z</time>
   </trkpt>
   <trkpt lat="69.6429520" lon="18.5363390">
    <ele>624.3</ele>
    <time>2026-05-09T16:32:20Z</time>
   </trkpt>
   <trkpt lat="69.6429520" lon="18.5363390">
    <ele>624.3</ele>
    <time>2026-05-09T16:32:21Z</time>
   </trkpt>
   <trkpt lat="69.6429350" lon="18.5363200">
    <ele>624.4</ele>
    <time>2026-05-09T16:32:22Z</time>
   </trkpt>
   <trkpt lat="69.6429350" lon="18.5363200">
    <ele>624.4</ele>
    <time>2026-05-09T16:32:23Z</time>
   </trkpt>
   <trkpt lat="69.6429350" lon="18.5363200">
    <ele>624.4</ele>
    <time>2026-05-09T16:32:24Z</time>
   </trkpt>
   <trkpt lat="69.6429350" lon="18.5363200">
    <ele>624.4</ele>
    <time>2026-05-09T16:32:25Z</time>
   </trkpt>
   <trkpt lat="69.6429350" lon="18.5363200">
    <ele>624.4</ele>
    <time>2026-05-09T16:32:26Z</time>
   </trkpt>
   <trkpt lat="69.6429160" lon="18.5363070">
    <ele>625.3</ele>
    <time>2026-05-09T16:32:27Z</time>
   </trkpt>
   <trkpt lat="69.6429160" lon="18.5363070">
    <ele>625.3</ele>
    <time>2026-05-09T16:32:28Z</time>
   </trkpt>
   <trkpt lat="69.6429160" lon="18.5363070">
    <ele>625.3</ele>
    <time>2026-05-09T16:32:29Z</time>
   </trkpt>
   <trkpt lat="69.6429160" lon="18.5363070">
    <ele>625.3</ele>
    <time>2026-05-09T16:32:30Z</time>
   </trkpt>
   <trkpt lat="69.6429160" lon="18.5363070">
    <ele>625.3</ele>
    <time>2026-05-09T16:32:31Z</time>
   </trkpt>
   <trkpt lat="69.6429160" lon="18.5363070">
    <ele>625.3</ele>
    <time>2026-05-09T16:32:32Z</time>
   </trkpt>
   <trkpt lat="69.6428950" lon="18.5362900">
    <ele>625.4</ele>
    <time>2026-05-09T16:32:33Z</time>
   </trkpt>
   <trkpt lat="69.6428950" lon="18.5362900">
    <ele>625.4</ele>
    <time>2026-05-09T16:32:34Z</time>
   </trkpt>
   <trkpt lat="69.6428950" lon="18.5362900">
    <ele>625.4</ele>
    <time>2026-05-09T16:32:35Z</time>
   </trkpt>
   <trkpt lat="69.6428950" lon="18.5362900">
    <ele>625.4</ele>
    <time>2026-05-09T16:32:36Z</time>
   </trkpt>
   <trkpt lat="69.6428950" lon="18.5362900">
    <ele>625.4</ele>
    <time>2026-05-09T16:32:37Z</time>
   </trkpt>
   <trkpt lat="69.6428780" lon="18.5362710">
    <ele>627.2</ele>
    <time>2026-05-09T16:32:38Z</time>
   </trkpt>
   <trkpt lat="69.6428780" lon="18.5362710">
    <ele>627.2</ele>
    <time>2026-05-09T16:32:39Z</time>
   </trkpt>
   <trkpt lat="69.6428780" lon="18.5362710">
    <ele>627.2</ele>
    <time>2026-05-09T16:32:40Z</time>
   </trkpt>
   <trkpt lat="69.6428780" lon="18.5362710">
    <ele>627.2</ele>
    <time>2026-05-09T16:32:41Z</time>
   </trkpt>
   <trkpt lat="69.6428780" lon="18.5362710">
    <ele>627.2</ele>
    <time>2026-05-09T16:32:42Z</time>
   </trkpt>
   <trkpt lat="69.6428610" lon="18.5362500">
    <ele>627.3</ele>
    <time>2026-05-09T16:32:43Z</time>
   </trkpt>
   <trkpt lat="69.6428610" lon="18.5362500">
    <ele>627.3</ele>
    <time>2026-05-09T16:32:44Z</time>
   </trkpt>
   <trkpt lat="69.6428610" lon="18.5362500">
    <ele>627.3</ele>
    <time>2026-05-09T16:32:45Z</time>
   </trkpt>
   <trkpt lat="69.6428610" lon="18.5362500">
    <ele>627.3</ele>
    <time>2026-05-09T16:32:46Z</time>
   </trkpt>
   <trkpt lat="69.6428610" lon="18.5362500">
    <ele>627.3</ele>
    <time>2026-05-09T16:32:47Z</time>
   </trkpt>
   <trkpt lat="69.6428610" lon="18.5362500">
    <ele>627.3</ele>
    <time>2026-05-09T16:32:48Z</time>
   </trkpt>
   <trkpt lat="69.6428610" lon="18.5362500">
    <ele>627.4</ele>
    <time>2026-05-09T16:32:49Z</time>
   </trkpt>
   <trkpt lat="69.6428610" lon="18.5362500">
    <ele>627.4</ele>
    <time>2026-05-09T16:32:50Z</time>
   </trkpt>
   <trkpt lat="69.6428610" lon="18.5362500">
    <ele>627.4</ele>
    <time>2026-05-09T16:32:51Z</time>
   </trkpt>
   <trkpt lat="69.6428400" lon="18.5362490">
    <ele>628.2</ele>
    <time>2026-05-09T16:32:52Z</time>
   </trkpt>
   <trkpt lat="69.6428400" lon="18.5362490">
    <ele>628.2</ele>
    <time>2026-05-09T16:32:53Z</time>
   </trkpt>
   <trkpt lat="69.6428400" lon="18.5362490">
    <ele>628.2</ele>
    <time>2026-05-09T16:32:54Z</time>
   </trkpt>
   <trkpt lat="69.6428400" lon="18.5362490">
    <ele>628.2</ele>
    <time>2026-05-09T16:32:55Z</time>
   </trkpt>
   <trkpt lat="69.6428400" lon="18.5362490">
    <ele>628.2</ele>
    <time>2026-05-09T16:32:56Z</time>
   </trkpt>
   <trkpt lat="69.6428400" lon="18.5362490">
    <ele>628.2</ele>
    <time>2026-05-09T16:32:57Z</time>
   </trkpt>
   <trkpt lat="69.6428400" lon="18.5362490">
    <ele>628.2</ele>
    <time>2026-05-09T16:32:58Z</time>
   </trkpt>
   <trkpt lat="69.6428330" lon="18.5363120">
    <ele>630.3</ele>
    <time>2026-05-09T16:32:59Z</time>
   </trkpt>
   <trkpt lat="69.6428330" lon="18.5363120">
    <ele>630.3</ele>
    <time>2026-05-09T16:33:00Z</time>
   </trkpt>
   <trkpt lat="69.6428330" lon="18.5363120">
    <ele>630.3</ele>
    <time>2026-05-09T16:33:01Z</time>
   </trkpt>
   <trkpt lat="69.6428330" lon="18.5363120">
    <ele>630.3</ele>
    <time>2026-05-09T16:33:02Z</time>
   </trkpt>
   <trkpt lat="69.6428270" lon="18.5363730">
    <ele>630.9</ele>
    <time>2026-05-09T16:33:03Z</time>
   </trkpt>
   <trkpt lat="69.6428270" lon="18.5363730">
    <ele>630.9</ele>
    <time>2026-05-09T16:33:04Z</time>
   </trkpt>
   <trkpt lat="69.6428270" lon="18.5363730">
    <ele>630.9</ele>
    <time>2026-05-09T16:33:05Z</time>
   </trkpt>
   <trkpt lat="69.6428270" lon="18.5363730">
    <ele>630.9</ele>
    <time>2026-05-09T16:33:06Z</time>
   </trkpt>
   <trkpt lat="69.6428210" lon="18.5364310">
    <ele>632.3</ele>
    <time>2026-05-09T16:33:07Z</time>
   </trkpt>
   <trkpt lat="69.6428210" lon="18.5364310">
    <ele>632.3</ele>
    <time>2026-05-09T16:33:08Z</time>
   </trkpt>
   <trkpt lat="69.6428210" lon="18.5364310">
    <ele>632.3</ele>
    <time>2026-05-09T16:33:09Z</time>
   </trkpt>
   <trkpt lat="69.6428210" lon="18.5364310">
    <ele>632.3</ele>
    <time>2026-05-09T16:33:10Z</time>
   </trkpt>
   <trkpt lat="69.6428150" lon="18.5364940">
    <ele>633.7</ele>
    <time>2026-05-09T16:33:11Z</time>
   </trkpt>
   <trkpt lat="69.6428150" lon="18.5364940">
    <ele>633.7</ele>
    <time>2026-05-09T16:33:12Z</time>
   </trkpt>
   <trkpt lat="69.6428150" lon="18.5364940">
    <ele>633.7</ele>
    <time>2026-05-09T16:33:13Z</time>
   </trkpt>
   <trkpt lat="69.6428150" lon="18.5364940">
    <ele>633.7</ele>
    <time>2026-05-09T16:33:14Z</time>
   </trkpt>
   <trkpt lat="69.6428150" lon="18.5364940">
    <ele>633.7</ele>
    <time>2026-05-09T16:33:15Z</time>
   </trkpt>
   <trkpt lat="69.6428060" lon="18.5365510">
    <ele>634.4</ele>
    <time>2026-05-09T16:33:16Z</time>
   </trkpt>
   <trkpt lat="69.6428060" lon="18.5365510">
    <ele>634.4</ele>
    <time>2026-05-09T16:33:17Z</time>
   </trkpt>
   <trkpt lat="69.6428060" lon="18.5365510">
    <ele>634.4</ele>
    <time>2026-05-09T16:33:18Z</time>
   </trkpt>
   <trkpt lat="69.6428060" lon="18.5365510">
    <ele>634.4</ele>
    <time>2026-05-09T16:33:19Z</time>
   </trkpt>
   <trkpt lat="69.6427860" lon="18.5365320">
    <ele>635.6</ele>
    <time>2026-05-09T16:33:20Z</time>
   </trkpt>
   <trkpt lat="69.6427860" lon="18.5365320">
    <ele>635.6</ele>
    <time>2026-05-09T16:33:21Z</time>
   </trkpt>
   <trkpt lat="69.6427860" lon="18.5365320">
    <ele>635.6</ele>
    <time>2026-05-09T16:33:22Z</time>
   </trkpt>
   <trkpt lat="69.6427860" lon="18.5365320">
    <ele>635.6</ele>
    <time>2026-05-09T16:33:23Z</time>
   </trkpt>
   <trkpt lat="69.6427660" lon="18.5364980">
    <ele>635.5</ele>
    <time>2026-05-09T16:33:24Z</time>
   </trkpt>
   <trkpt lat="69.6427660" lon="18.5364980">
    <ele>635.5</ele>
    <time>2026-05-09T16:33:25Z</time>
   </trkpt>
   <trkpt lat="69.6427660" lon="18.5364980">
    <ele>635.5</ele>
    <time>2026-05-09T16:33:26Z</time>
   </trkpt>
   <trkpt lat="69.6427660" lon="18.5364980">
    <ele>635.5</ele>
    <time>2026-05-09T16:33:27Z</time>
   </trkpt>
   <trkpt lat="69.6427460" lon="18.5364640">
    <ele>635.5</ele>
    <time>2026-05-09T16:33:28Z</time>
   </trkpt>
   <trkpt lat="69.6427460" lon="18.5364640">
    <ele>635.5</ele>
    <time>2026-05-09T16:33:29Z</time>
   </trkpt>
   <trkpt lat="69.6427460" lon="18.5364640">
    <ele>635.5</ele>
    <time>2026-05-09T16:33:30Z</time>
   </trkpt>
   <trkpt lat="69.6427460" lon="18.5364640">
    <ele>635.5</ele>
    <time>2026-05-09T16:33:31Z</time>
   </trkpt>
   <trkpt lat="69.6427280" lon="18.5364250">
    <ele>636.8</ele>
    <time>2026-05-09T16:33:32Z</time>
   </trkpt>
   <trkpt lat="69.6427280" lon="18.5364250">
    <ele>636.8</ele>
    <time>2026-05-09T16:33:33Z</time>
   </trkpt>
   <trkpt lat="69.6427280" lon="18.5364250">
    <ele>636.8</ele>
    <time>2026-05-09T16:33:34Z</time>
   </trkpt>
   <trkpt lat="69.6427280" lon="18.5364250">
    <ele>636.8</ele>
    <time>2026-05-09T16:33:35Z</time>
   </trkpt>
   <trkpt lat="69.6427100" lon="18.5363830">
    <ele>636.9</ele>
    <time>2026-05-09T16:33:36Z</time>
   </trkpt>
   <trkpt lat="69.6427100" lon="18.5363830">
    <ele>636.9</ele>
    <time>2026-05-09T16:33:37Z</time>
   </trkpt>
   <trkpt lat="69.6427100" lon="18.5363830">
    <ele>636.9</ele>
    <time>2026-05-09T16:33:38Z</time>
   </trkpt>
   <trkpt lat="69.6427100" lon="18.5363830">
    <ele>636.9</ele>
    <time>2026-05-09T16:33:39Z</time>
   </trkpt>
   <trkpt lat="69.6426930" lon="18.5363490">
    <ele>637.2</ele>
    <time>2026-05-09T16:33:40Z</time>
   </trkpt>
   <trkpt lat="69.6426930" lon="18.5363490">
    <ele>637.2</ele>
    <time>2026-05-09T16:33:41Z</time>
   </trkpt>
   <trkpt lat="69.6426930" lon="18.5363490">
    <ele>637.2</ele>
    <time>2026-05-09T16:33:42Z</time>
   </trkpt>
   <trkpt lat="69.6426930" lon="18.5363490">
    <ele>637.2</ele>
    <time>2026-05-09T16:33:43Z</time>
   </trkpt>
   <trkpt lat="69.6426770" lon="18.5363110">
    <ele>637.6</ele>
    <time>2026-05-09T16:33:44Z</time>
   </trkpt>
   <trkpt lat="69.6426770" lon="18.5363110">
    <ele>637.6</ele>
    <time>2026-05-09T16:33:45Z</time>
   </trkpt>
   <trkpt lat="69.6426770" lon="18.5363110">
    <ele>637.6</ele>
    <time>2026-05-09T16:33:46Z</time>
   </trkpt>
   <trkpt lat="69.6426770" lon="18.5363110">
    <ele>637.6</ele>
    <time>2026-05-09T16:33:47Z</time>
   </trkpt>
   <trkpt lat="69.6426590" lon="18.5362740">
    <ele>638.1</ele>
    <time>2026-05-09T16:33:48Z</time>
   </trkpt>
   <trkpt lat="69.6426590" lon="18.5362740">
    <ele>638.1</ele>
    <time>2026-05-09T16:33:49Z</time>
   </trkpt>
   <trkpt lat="69.6426590" lon="18.5362740">
    <ele>638.1</ele>
    <time>2026-05-09T16:33:50Z</time>
   </trkpt>
   <trkpt lat="69.6426590" lon="18.5362740">
    <ele>638.1</ele>
    <time>2026-05-09T16:33:51Z</time>
   </trkpt>
   <trkpt lat="69.6426400" lon="18.5362320">
    <ele>638.6</ele>
    <time>2026-05-09T16:33:52Z</time>
   </trkpt>
   <trkpt lat="69.6426400" lon="18.5362320">
    <ele>638.6</ele>
    <time>2026-05-09T16:33:53Z</time>
   </trkpt>
   <trkpt lat="69.6426400" lon="18.5362320">
    <ele>638.6</ele>
    <time>2026-05-09T16:33:54Z</time>
   </trkpt>
   <trkpt lat="69.6426270" lon="18.5361960">
    <ele>639.1</ele>
    <time>2026-05-09T16:33:55Z</time>
   </trkpt>
   <trkpt lat="69.6426270" lon="18.5361960">
    <ele>639.1</ele>
    <time>2026-05-09T16:33:56Z</time>
   </trkpt>
   <trkpt lat="69.6426270" lon="18.5361960">
    <ele>639.1</ele>
    <time>2026-05-09T16:33:57Z</time>
   </trkpt>
   <trkpt lat="69.6426270" lon="18.5361960">
    <ele>639.1</ele>
    <time>2026-05-09T16:33:58Z</time>
   </trkpt>
   <trkpt lat="69.6426100" lon="18.5361510">
    <ele>639.7</ele>
    <time>2026-05-09T16:33:59Z</time>
   </trkpt>
   <trkpt lat="69.6426100" lon="18.5361510">
    <ele>639.7</ele>
    <time>2026-05-09T16:34:00Z</time>
   </trkpt>
   <trkpt lat="69.6426100" lon="18.5361510">
    <ele>639.7</ele>
    <time>2026-05-09T16:34:01Z</time>
   </trkpt>
   <trkpt lat="69.6426100" lon="18.5361510">
    <ele>639.7</ele>
    <time>2026-05-09T16:34:02Z</time>
   </trkpt>
   <trkpt lat="69.6425930" lon="18.5361220">
    <ele>641.3</ele>
    <time>2026-05-09T16:34:03Z</time>
   </trkpt>
   <trkpt lat="69.6425930" lon="18.5361220">
    <ele>641.3</ele>
    <time>2026-05-09T16:34:04Z</time>
   </trkpt>
   <trkpt lat="69.6425930" lon="18.5361220">
    <ele>641.3</ele>
    <time>2026-05-09T16:34:05Z</time>
   </trkpt>
   <trkpt lat="69.6425930" lon="18.5361220">
    <ele>641.3</ele>
    <time>2026-05-09T16:34:06Z</time>
   </trkpt>
   <trkpt lat="69.6425930" lon="18.5361220">
    <ele>641.3</ele>
    <time>2026-05-09T16:34:07Z</time>
   </trkpt>
   <trkpt lat="69.6425930" lon="18.5361220">
    <ele>641.3</ele>
    <time>2026-05-09T16:34:08Z</time>
   </trkpt>
   <trkpt lat="69.6425930" lon="18.5361220">
    <ele>641.3</ele>
    <time>2026-05-09T16:34:09Z</time>
   </trkpt>
   <trkpt lat="69.6425930" lon="18.5361220">
    <ele>641.3</ele>
    <time>2026-05-09T16:34:10Z</time>
   </trkpt>
   <trkpt lat="69.6425930" lon="18.5361220">
    <ele>641.3</ele>
    <time>2026-05-09T16:34:11Z</time>
   </trkpt>
   <trkpt lat="69.6425930" lon="18.5361220">
    <ele>641.3</ele>
    <time>2026-05-09T16:34:12Z</time>
   </trkpt>
   <trkpt lat="69.6425930" lon="18.5361220">
    <ele>641.3</ele>
    <time>2026-05-09T16:34:13Z</time>
   </trkpt>
   <trkpt lat="69.6425930" lon="18.5361220">
    <ele>641.3</ele>
    <time>2026-05-09T16:34:14Z</time>
   </trkpt>
   <trkpt lat="69.6425930" lon="18.5361220">
    <ele>641.3</ele>
    <time>2026-05-09T16:34:15Z</time>
   </trkpt>
   <trkpt lat="69.6425930" lon="18.5361220">
    <ele>641.3</ele>
    <time>2026-05-09T16:34:16Z</time>
   </trkpt>
   <trkpt lat="69.6425930" lon="18.5361220">
    <ele>641.3</ele>
    <time>2026-05-09T16:34:17Z</time>
   </trkpt>
   <trkpt lat="69.6425930" lon="18.5361220">
    <ele>641.3</ele>
    <time>2026-05-09T16:34:18Z</time>
   </trkpt>
   <trkpt lat="69.6425930" lon="18.5361220">
    <ele>641.3</ele>
    <time>2026-05-09T16:34:19Z</time>
   </trkpt>
   <trkpt lat="69.6425930" lon="18.5361220">
    <ele>641.3</ele>
    <time>2026-05-09T16:34:20Z</time>
   </trkpt>
   <trkpt lat="69.6425930" lon="18.5361220">
    <ele>641.3</ele>
    <time>2026-05-09T16:34:21Z</time>
   </trkpt>
   <trkpt lat="69.6425930" lon="18.5361220">
    <ele>641.3</ele>
    <time>2026-05-09T16:34:22Z</time>
   </trkpt>
   <trkpt lat="69.6425930" lon="18.5361220">
    <ele>641.3</ele>
    <time>2026-05-09T16:34:23Z</time>
   </trkpt>
   <trkpt lat="69.6425930" lon="18.5361220">
    <ele>641.3</ele>
    <time>2026-05-09T16:34:24Z</time>
   </trkpt>
   <trkpt lat="69.6425930" lon="18.5361220">
    <ele>641.3</ele>
    <time>2026-05-09T16:34:25Z</time>
   </trkpt>
   <trkpt lat="69.6425930" lon="18.5361220">
    <ele>641.3</ele>
    <time>2026-05-09T16:34:26Z</time>
   </trkpt>
   <trkpt lat="69.6425930" lon="18.5361220">
    <ele>641.3</ele>
    <time>2026-05-09T16:34:27Z</time>
   </trkpt>
   <trkpt lat="69.6425930" lon="18.5361220">
    <ele>641.3</ele>
    <time>2026-05-09T16:34:28Z</time>
   </trkpt>
   <trkpt lat="69.6425930" lon="18.5361220">
    <ele>641.3</ele>
    <time>2026-05-09T16:34:29Z</time>
   </trkpt>
   <trkpt lat="69.6425930" lon="18.5361220">
    <ele>641.3</ele>
    <time>2026-05-09T16:34:30Z</time>
   </trkpt>
   <trkpt lat="69.6425930" lon="18.5361220">
    <ele>641.3</ele>
    <time>2026-05-09T16:34:31Z</time>
   </trkpt>
   <trkpt lat="69.6425930" lon="18.5361220">
    <ele>641.3</ele>
    <time>2026-05-09T16:34:32Z</time>
   </trkpt>
   <trkpt lat="69.6425930" lon="18.5361220">
    <ele>641.3</ele>
    <time>2026-05-09T16:34:33Z</time>
   </trkpt>
   <trkpt lat="69.6425930" lon="18.5361220">
    <ele>641.3</ele>
    <time>2026-05-09T16:34:34Z</time>
   </trkpt>
   <trkpt lat="69.6425930" lon="18.5361220">
    <ele>641.3</ele>
    <time>2026-05-09T16:34:35Z</time>
   </trkpt>
   <trkpt lat="69.6425930" lon="18.5361220">
    <ele>641.3</ele>
    <time>2026-05-09T16:34:36Z</time>
   </trkpt>
   <trkpt lat="69.6425930" lon="18.5361220">
    <ele>641.3</ele>
    <time>2026-05-09T16:34:37Z</time>
   </trkpt>
   <trkpt lat="69.6425930" lon="18.5361220">
    <ele>641.3</ele>
    <time>2026-05-09T16:34:38Z</time>
   </trkpt>
   <trkpt lat="69.6425930" lon="18.5361220">
    <ele>641.3</ele>
    <time>2026-05-09T16:34:39Z</time>
   </trkpt>
   <trkpt lat="69.6425930" lon="18.5361220">
    <ele>641.3</ele>
    <time>2026-05-09T16:34:40Z</time>
   </trkpt>
   <trkpt lat="69.6425930" lon="18.5361220">
    <ele>641.3</ele>
    <time>2026-05-09T16:34:41Z</time>
   </trkpt>
   <trkpt lat="69.6425930" lon="18.5361220">
    <ele>641.3</ele>
    <time>2026-05-09T16:34:42Z</time>
   </trkpt>
   <trkpt lat="69.6425930" lon="18.5361220">
    <ele>641.3</ele>
    <time>2026-05-09T16:34:43Z</time>
   </trkpt>
   <trkpt lat="69.6425930" lon="18.5361220">
    <ele>641.3</ele>
    <time>2026-05-09T16:34:44Z</time>
   </trkpt>
   <trkpt lat="69.6425930" lon="18.5361220">
    <ele>641.3</ele>
    <time>2026-05-09T16:34:45Z</time>
   </trkpt>
   <trkpt lat="69.6425930" lon="18.5361220">
    <ele>641.3</ele>
    <time>2026-05-09T16:34:46Z</time>
   </trkpt>
   <trkpt lat="69.6425930" lon="18.5361220">
    <ele>641.3</ele>
    <time>2026-05-09T16:34:47Z</time>
   </trkpt>
   <trkpt lat="69.6425930" lon="18.5361220">
    <ele>641.3</ele>
    <time>2026-05-09T16:34:48Z</time>
   </trkpt>
   <trkpt lat="69.6425930" lon="18.5361220">
    <ele>641.3</ele>
    <time>2026-05-09T16:34:49Z</time>
   </trkpt>
   <trkpt lat="69.6425930" lon="18.5361220">
    <ele>641.3</ele>
    <time>2026-05-09T16:34:50Z</time>
   </trkpt>
   <trkpt lat="69.6425930" lon="18.5361220">
    <ele>641.3</ele>
    <time>2026-05-09T16:34:51Z</time>
   </trkpt>
   <trkpt lat="69.6425930" lon="18.5361220">
    <ele>641.3</ele>
    <time>2026-05-09T16:34:52Z</time>
   </trkpt>
   <trkpt lat="69.6425930" lon="18.5361220">
    <ele>641.3</ele>
    <time>2026-05-09T16:34:53Z</time>
   </trkpt>
   <trkpt lat="69.6425930" lon="18.5361220">
    <ele>641.3</ele>
    <time>2026-05-09T16:34:54Z</time>
   </trkpt>
   <trkpt lat="69.6425930" lon="18.5361220">
    <ele>641.3</ele>
    <time>2026-05-09T16:34:55Z</time>
   </trkpt>
   <trkpt lat="69.6425930" lon="18.5361220">
    <ele>641.3</ele>
    <time>2026-05-09T16:34:56Z</time>
   </trkpt>
   <trkpt lat="69.6425930" lon="18.5361220">
    <ele>641.3</ele>
    <time>2026-05-09T16:34:57Z</time>
   </trkpt>
   <trkpt lat="69.6425930" lon="18.5361220">
    <ele>641.3</ele>
    <time>2026-05-09T16:34:58Z</time>
   </trkpt>
   <trkpt lat="69.6425930" lon="18.5361220">
    <ele>641.3</ele>
    <time>2026-05-09T16:34:59Z</time>
   </trkpt>
   <trkpt lat="69.6425930" lon="18.5361220">
    <ele>641.3</ele>
    <time>2026-05-09T16:35:00Z</time>
   </trkpt>
   <trkpt lat="69.6425930" lon="18.5361220">
    <ele>641.3</ele>
    <time>2026-05-09T16:35:01Z</time>
   </trkpt>
   <trkpt lat="69.6425930" lon="18.5361220">
    <ele>641.3</ele>
    <time>2026-05-09T16:35:02Z</time>
   </trkpt>
   <trkpt lat="69.6425930" lon="18.5361220">
    <ele>641.3</ele>
    <time>2026-05-09T16:35:03Z</time>
   </trkpt>
   <trkpt lat="69.6425930" lon="18.5361220">
    <ele>641.3</ele>
    <time>2026-05-09T16:35:04Z</time>
   </trkpt>
   <trkpt lat="69.6425930" lon="18.5361220">
    <ele>641.3</ele>
    <time>2026-05-09T16:35:05Z</time>
   </trkpt>
   <trkpt lat="69.6425930" lon="18.5361220">
    <ele>641.3</ele>
    <time>2026-05-09T16:35:06Z</time>
   </trkpt>
   <trkpt lat="69.6425930" lon="18.5361220">
    <ele>641.3</ele>
    <time>2026-05-09T16:35:07Z</time>
   </trkpt>
   <trkpt lat="69.6425930" lon="18.5361220">
    <ele>641.3</ele>
    <time>2026-05-09T16:35:08Z</time>
   </trkpt>
   <trkpt lat="69.6425930" lon="18.5361220">
    <ele>641.3</ele>
    <time>2026-05-09T16:35:09Z</time>
   </trkpt>
   <trkpt lat="69.6425930" lon="18.5361220">
    <ele>641.3</ele>
    <time>2026-05-09T16:35:10Z</time>
   </trkpt>
   <trkpt lat="69.6425930" lon="18.5361220">
    <ele>641.3</ele>
    <time>2026-05-09T16:35:11Z</time>
   </trkpt>
   <trkpt lat="69.6425930" lon="18.5361220">
    <ele>641.3</ele>
    <time>2026-05-09T16:35:12Z</time>
   </trkpt>
   <trkpt lat="69.6425930" lon="18.5361220">
    <ele>641.3</ele>
    <time>2026-05-09T16:35:13Z</time>
   </trkpt>
   <trkpt lat="69.6425930" lon="18.5361220">
    <ele>641.3</ele>
    <time>2026-05-09T16:35:14Z</time>
   </trkpt>
   <trkpt lat="69.6425930" lon="18.5361220">
    <ele>641.3</ele>
    <time>2026-05-09T16:35:15Z</time>
   </trkpt>
   <trkpt lat="69.6425930" lon="18.5361220">
    <ele>641.3</ele>
    <time>2026-05-09T16:35:16Z</time>
   </trkpt>
   <trkpt lat="69.6425780" lon="18.5360860">
    <ele>642.3</ele>
    <time>2026-05-09T16:35:17Z</time>
   </trkpt>
   <trkpt lat="69.6425780" lon="18.5360860">
    <ele>642.3</ele>
    <time>2026-05-09T16:35:18Z</time>
   </trkpt>
   <trkpt lat="69.6425630" lon="18.5360560">
    <ele>643.0</ele>
    <time>2026-05-09T16:35:19Z</time>
   </trkpt>
   <trkpt lat="69.6425630" lon="18.5360560">
    <ele>643.0</ele>
    <time>2026-05-09T16:35:20Z</time>
   </trkpt>
   <trkpt lat="69.6425630" lon="18.5360560">
    <ele>643.0</ele>
    <time>2026-05-09T16:35:21Z</time>
   </trkpt>
   <trkpt lat="69.6425400" lon="18.5360160">
    <ele>643.7</ele>
    <time>2026-05-09T16:35:22Z</time>
   </trkpt>
   <trkpt lat="69.6425400" lon="18.5360160">
    <ele>643.7</ele>
    <time>2026-05-09T16:35:23Z</time>
   </trkpt>
   <trkpt lat="69.6425200" lon="18.5359810">
    <ele>645.4</ele>
    <time>2026-05-09T16:35:24Z</time>
   </trkpt>
   <trkpt lat="69.6425200" lon="18.5359810">
    <ele>645.4</ele>
    <time>2026-05-09T16:35:25Z</time>
   </trkpt>
   <trkpt lat="69.6425200" lon="18.5359810">
    <ele>645.4</ele>
    <time>2026-05-09T16:35:26Z</time>
   </trkpt>
   <trkpt lat="69.6425200" lon="18.5359810">
    <ele>645.4</ele>
    <time>2026-05-09T16:35:27Z</time>
   </trkpt>
   <trkpt lat="69.6424990" lon="18.5359460">
    <ele>646.1</ele>
    <time>2026-05-09T16:35:28Z</time>
   </trkpt>
   <trkpt lat="69.6424990" lon="18.5359460">
    <ele>646.1</ele>
    <time>2026-05-09T16:35:29Z</time>
   </trkpt>
   <trkpt lat="69.6424990" lon="18.5359460">
    <ele>646.1</ele>
    <time>2026-05-09T16:35:30Z</time>
   </trkpt>
   <trkpt lat="69.6424810" lon="18.5359140">
    <ele>647.1</ele>
    <time>2026-05-09T16:35:31Z</time>
   </trkpt>
   <trkpt lat="69.6424810" lon="18.5359140">
    <ele>647.1</ele>
    <time>2026-05-09T16:35:32Z</time>
   </trkpt>
   <trkpt lat="69.6424810" lon="18.5359140">
    <ele>647.1</ele>
    <time>2026-05-09T16:35:33Z</time>
   </trkpt>
   <trkpt lat="69.6424620" lon="18.5358790">
    <ele>647.8</ele>
    <time>2026-05-09T16:35:34Z</time>
   </trkpt>
   <trkpt lat="69.6424620" lon="18.5358790">
    <ele>647.8</ele>
    <time>2026-05-09T16:35:35Z</time>
   </trkpt>
   <trkpt lat="69.6424620" lon="18.5358790">
    <ele>647.8</ele>
    <time>2026-05-09T16:35:36Z</time>
   </trkpt>
   <trkpt lat="69.6424420" lon="18.5358440">
    <ele>649.3</ele>
    <time>2026-05-09T16:35:37Z</time>
   </trkpt>
   <trkpt lat="69.6424420" lon="18.5358440">
    <ele>649.3</ele>
    <time>2026-05-09T16:35:38Z</time>
   </trkpt>
   <trkpt lat="69.6424230" lon="18.5358120">
    <ele>649.9</ele>
    <time>2026-05-09T16:35:39Z</time>
   </trkpt>
   <trkpt lat="69.6424230" lon="18.5358120">
    <ele>649.9</ele>
    <time>2026-05-09T16:35:40Z</time>
   </trkpt>
   <trkpt lat="69.6424230" lon="18.5358120">
    <ele>649.9</ele>
    <time>2026-05-09T16:35:41Z</time>
   </trkpt>
   <trkpt lat="69.6424230" lon="18.5358120">
    <ele>649.9</ele>
    <time>2026-05-09T16:35:42Z</time>
   </trkpt>
   <trkpt lat="69.6424070" lon="18.5357800">
    <ele>650.4</ele>
    <time>2026-05-09T16:35:43Z</time>
   </trkpt>
   <trkpt lat="69.6424070" lon="18.5357800">
    <ele>650.4</ele>
    <time>2026-05-09T16:35:44Z</time>
   </trkpt>
   <trkpt lat="69.6424070" lon="18.5357800">
    <ele>650.4</ele>
    <time>2026-05-09T16:35:45Z</time>
   </trkpt>
   <trkpt lat="69.6423880" lon="18.5357530">
    <ele>651.3</ele>
    <time>2026-05-09T16:35:46Z</time>
   </trkpt>
   <trkpt lat="69.6423880" lon="18.5357530">
    <ele>651.3</ele>
    <time>2026-05-09T16:35:47Z</time>
   </trkpt>
   <trkpt lat="69.6423880" lon="18.5357530">
    <ele>651.3</ele>
    <time>2026-05-09T16:35:48Z</time>
   </trkpt>
   <trkpt lat="69.6423700" lon="18.5357210">
    <ele>652.7</ele>
    <time>2026-05-09T16:35:49Z</time>
   </trkpt>
   <trkpt lat="69.6423700" lon="18.5357210">
    <ele>652.7</ele>
    <time>2026-05-09T16:35:50Z</time>
   </trkpt>
   <trkpt lat="69.6423700" lon="18.5357210">
    <ele>652.7</ele>
    <time>2026-05-09T16:35:51Z</time>
   </trkpt>
   <trkpt lat="69.6423540" lon="18.5356830">
    <ele>653.1</ele>
    <time>2026-05-09T16:35:52Z</time>
   </trkpt>
   <trkpt lat="69.6423540" lon="18.5356830">
    <ele>653.1</ele>
    <time>2026-05-09T16:35:53Z</time>
   </trkpt>
   <trkpt lat="69.6423540" lon="18.5356830">
    <ele>653.1</ele>
    <time>2026-05-09T16:35:54Z</time>
   </trkpt>
   <trkpt lat="69.6423540" lon="18.5356830">
    <ele>653.1</ele>
    <time>2026-05-09T16:35:55Z</time>
   </trkpt>
   <trkpt lat="69.6423370" lon="18.5356390">
    <ele>653.6</ele>
    <time>2026-05-09T16:35:56Z</time>
   </trkpt>
   <trkpt lat="69.6423370" lon="18.5356390">
    <ele>653.6</ele>
    <time>2026-05-09T16:35:57Z</time>
   </trkpt>
   <trkpt lat="69.6423370" lon="18.5356390">
    <ele>653.6</ele>
    <time>2026-05-09T16:35:58Z</time>
   </trkpt>
   <trkpt lat="69.6423180" lon="18.5355960">
    <ele>654.1</ele>
    <time>2026-05-09T16:35:59Z</time>
   </trkpt>
   <trkpt lat="69.6423180" lon="18.5355960">
    <ele>654.1</ele>
    <time>2026-05-09T16:36:00Z</time>
   </trkpt>
   <trkpt lat="69.6423180" lon="18.5355960">
    <ele>654.1</ele>
    <time>2026-05-09T16:36:01Z</time>
   </trkpt>
   <trkpt lat="69.6423180" lon="18.5355960">
    <ele>654.1</ele>
    <time>2026-05-09T16:36:02Z</time>
   </trkpt>
   <trkpt lat="69.6423180" lon="18.5355960">
    <ele>654.1</ele>
    <time>2026-05-09T16:36:03Z</time>
   </trkpt>
   <trkpt lat="69.6423020" lon="18.5355630">
    <ele>654.6</ele>
    <time>2026-05-09T16:36:04Z</time>
   </trkpt>
   <trkpt lat="69.6423020" lon="18.5355630">
    <ele>654.6</ele>
    <time>2026-05-09T16:36:05Z</time>
   </trkpt>
   <trkpt lat="69.6423020" lon="18.5355630">
    <ele>654.6</ele>
    <time>2026-05-09T16:36:06Z</time>
   </trkpt>
   <trkpt lat="69.6423020" lon="18.5355630">
    <ele>654.6</ele>
    <time>2026-05-09T16:36:07Z</time>
   </trkpt>
   <trkpt lat="69.6422840" lon="18.5355200">
    <ele>655.2</ele>
    <time>2026-05-09T16:36:08Z</time>
   </trkpt>
   <trkpt lat="69.6422840" lon="18.5355200">
    <ele>655.2</ele>
    <time>2026-05-09T16:36:09Z</time>
   </trkpt>
   <trkpt lat="69.6422840" lon="18.5355200">
    <ele>655.2</ele>
    <time>2026-05-09T16:36:10Z</time>
   </trkpt>
   <trkpt lat="69.6422690" lon="18.5354870">
    <ele>656.0</ele>
    <time>2026-05-09T16:36:11Z</time>
   </trkpt>
   <trkpt lat="69.6422690" lon="18.5354870">
    <ele>656.0</ele>
    <time>2026-05-09T16:36:12Z</time>
   </trkpt>
   <trkpt lat="69.6422690" lon="18.5354870">
    <ele>656.0</ele>
    <time>2026-05-09T16:36:13Z</time>
   </trkpt>
   <trkpt lat="69.6422540" lon="18.5354560">
    <ele>656.6</ele>
    <time>2026-05-09T16:36:14Z</time>
   </trkpt>
   <trkpt lat="69.6422540" lon="18.5354560">
    <ele>656.6</ele>
    <time>2026-05-09T16:36:15Z</time>
   </trkpt>
   <trkpt lat="69.6422540" lon="18.5354560">
    <ele>656.6</ele>
    <time>2026-05-09T16:36:16Z</time>
   </trkpt>
   <trkpt lat="69.6422540" lon="18.5354560">
    <ele>656.6</ele>
    <time>2026-05-09T16:36:17Z</time>
   </trkpt>
   <trkpt lat="69.6422540" lon="18.5354560">
    <ele>656.6</ele>
    <time>2026-05-09T16:36:18Z</time>
   </trkpt>
   <trkpt lat="69.6422540" lon="18.5354560">
    <ele>656.6</ele>
    <time>2026-05-09T16:36:19Z</time>
   </trkpt>
   <trkpt lat="69.6422540" lon="18.5354560">
    <ele>656.6</ele>
    <time>2026-05-09T16:36:20Z</time>
   </trkpt>
   <trkpt lat="69.6422540" lon="18.5354560">
    <ele>656.6</ele>
    <time>2026-05-09T16:36:21Z</time>
   </trkpt>
   <trkpt lat="69.6422540" lon="18.5354560">
    <ele>656.6</ele>
    <time>2026-05-09T16:36:22Z</time>
   </trkpt>
   <trkpt lat="69.6422540" lon="18.5354560">
    <ele>656.6</ele>
    <time>2026-05-09T16:36:23Z</time>
   </trkpt>
   <trkpt lat="69.6422540" lon="18.5354560">
    <ele>656.6</ele>
    <time>2026-05-09T16:36:24Z</time>
   </trkpt>
   <trkpt lat="69.6422540" lon="18.5354560">
    <ele>656.6</ele>
    <time>2026-05-09T16:36:25Z</time>
   </trkpt>
   <trkpt lat="69.6422540" lon="18.5354560">
    <ele>656.6</ele>
    <time>2026-05-09T16:36:26Z</time>
   </trkpt>
   <trkpt lat="69.6422540" lon="18.5354560">
    <ele>656.6</ele>
    <time>2026-05-09T16:36:27Z</time>
   </trkpt>
   <trkpt lat="69.6422540" lon="18.5354560">
    <ele>656.6</ele>
    <time>2026-05-09T16:36:28Z</time>
   </trkpt>
   <trkpt lat="69.6422540" lon="18.5354560">
    <ele>656.6</ele>
    <time>2026-05-09T16:36:29Z</time>
   </trkpt>
   <trkpt lat="69.6422540" lon="18.5354560">
    <ele>656.6</ele>
    <time>2026-05-09T16:36:30Z</time>
   </trkpt>
   <trkpt lat="69.6422410" lon="18.5354170">
    <ele>657.1</ele>
    <time>2026-05-09T16:36:31Z</time>
   </trkpt>
   <trkpt lat="69.6422410" lon="18.5354170">
    <ele>657.1</ele>
    <time>2026-05-09T16:36:32Z</time>
   </trkpt>
   <trkpt lat="69.6422410" lon="18.5354170">
    <ele>657.1</ele>
    <time>2026-05-09T16:36:33Z</time>
   </trkpt>
   <trkpt lat="69.6422230" lon="18.5353840">
    <ele>657.7</ele>
    <time>2026-05-09T16:36:34Z</time>
   </trkpt>
   <trkpt lat="69.6422230" lon="18.5353840">
    <ele>657.7</ele>
    <time>2026-05-09T16:36:35Z</time>
   </trkpt>
   <trkpt lat="69.6422060" lon="18.5353480">
    <ele>659.1</ele>
    <time>2026-05-09T16:36:36Z</time>
   </trkpt>
   <trkpt lat="69.6422060" lon="18.5353480">
    <ele>659.1</ele>
    <time>2026-05-09T16:36:37Z</time>
   </trkpt>
   <trkpt lat="69.6422060" lon="18.5353480">
    <ele>659.1</ele>
    <time>2026-05-09T16:36:38Z</time>
   </trkpt>
   <trkpt lat="69.6421910" lon="18.5353110">
    <ele>660.1</ele>
    <time>2026-05-09T16:36:39Z</time>
   </trkpt>
   <trkpt lat="69.6421910" lon="18.5353110">
    <ele>660.1</ele>
    <time>2026-05-09T16:36:40Z</time>
   </trkpt>
   <trkpt lat="69.6421910" lon="18.5353110">
    <ele>660.1</ele>
    <time>2026-05-09T16:36:41Z</time>
   </trkpt>
   <trkpt lat="69.6421910" lon="18.5353110">
    <ele>660.1</ele>
    <time>2026-05-09T16:36:42Z</time>
   </trkpt>
   <trkpt lat="69.6421760" lon="18.5352730">
    <ele>660.6</ele>
    <time>2026-05-09T16:36:43Z</time>
   </trkpt>
   <trkpt lat="69.6421760" lon="18.5352730">
    <ele>660.6</ele>
    <time>2026-05-09T16:36:44Z</time>
   </trkpt>
   <trkpt lat="69.6421760" lon="18.5352730">
    <ele>660.6</ele>
    <time>2026-05-09T16:36:45Z</time>
   </trkpt>
   <trkpt lat="69.6421600" lon="18.5352370">
    <ele>661.2</ele>
    <time>2026-05-09T16:36:46Z</time>
   </trkpt>
   <trkpt lat="69.6421600" lon="18.5352370">
    <ele>661.2</ele>
    <time>2026-05-09T16:36:47Z</time>
   </trkpt>
   <trkpt lat="69.6421600" lon="18.5352370">
    <ele>661.2</ele>
    <time>2026-05-09T16:36:48Z</time>
   </trkpt>
   <trkpt lat="69.6421430" lon="18.5352060">
    <ele>661.7</ele>
    <time>2026-05-09T16:36:49Z</time>
   </trkpt>
   <trkpt lat="69.6421430" lon="18.5352060">
    <ele>661.7</ele>
    <time>2026-05-09T16:36:50Z</time>
   </trkpt>
   <trkpt lat="69.6421430" lon="18.5352060">
    <ele>661.7</ele>
    <time>2026-05-09T16:36:51Z</time>
   </trkpt>
   <trkpt lat="69.6421260" lon="18.5351800">
    <ele>662.1</ele>
    <time>2026-05-09T16:36:52Z</time>
   </trkpt>
   <trkpt lat="69.6421260" lon="18.5351800">
    <ele>662.1</ele>
    <time>2026-05-09T16:36:53Z</time>
   </trkpt>
   <trkpt lat="69.6421260" lon="18.5351800">
    <ele>662.1</ele>
    <time>2026-05-09T16:36:54Z</time>
   </trkpt>
   <trkpt lat="69.6421040" lon="18.5351460">
    <ele>662.9</ele>
    <time>2026-05-09T16:36:55Z</time>
   </trkpt>
   <trkpt lat="69.6421040" lon="18.5351460">
    <ele>662.9</ele>
    <time>2026-05-09T16:36:56Z</time>
   </trkpt>
   <trkpt lat="69.6421040" lon="18.5351460">
    <ele>662.9</ele>
    <time>2026-05-09T16:36:57Z</time>
   </trkpt>
   <trkpt lat="69.6421040" lon="18.5351460">
    <ele>662.9</ele>
    <time>2026-05-09T16:36:58Z</time>
   </trkpt>
   <trkpt lat="69.6420880" lon="18.5351220">
    <ele>663.2</ele>
    <time>2026-05-09T16:36:59Z</time>
   </trkpt>
   <trkpt lat="69.6420880" lon="18.5351220">
    <ele>663.2</ele>
    <time>2026-05-09T16:37:00Z</time>
   </trkpt>
   <trkpt lat="69.6420880" lon="18.5351220">
    <ele>663.2</ele>
    <time>2026-05-09T16:37:01Z</time>
   </trkpt>
   <trkpt lat="69.6420880" lon="18.5351220">
    <ele>663.2</ele>
    <time>2026-05-09T16:37:02Z</time>
   </trkpt>
   <trkpt lat="69.6420690" lon="18.5350980">
    <ele>664.7</ele>
    <time>2026-05-09T16:37:03Z</time>
   </trkpt>
   <trkpt lat="69.6420690" lon="18.5350980">
    <ele>664.7</ele>
    <time>2026-05-09T16:37:04Z</time>
   </trkpt>
   <trkpt lat="69.6420690" lon="18.5350980">
    <ele>664.7</ele>
    <time>2026-05-09T16:37:05Z</time>
   </trkpt>
   <trkpt lat="69.6420690" lon="18.5350980">
    <ele>664.7</ele>
    <time>2026-05-09T16:37:06Z</time>
   </trkpt>
   <trkpt lat="69.6420690" lon="18.5350980">
    <ele>664.7</ele>
    <time>2026-05-09T16:37:07Z</time>
   </trkpt>
   <trkpt lat="69.6420490" lon="18.5350850">
    <ele>664.8</ele>
    <time>2026-05-09T16:37:08Z</time>
   </trkpt>
   <trkpt lat="69.6420490" lon="18.5350850">
    <ele>664.8</ele>
    <time>2026-05-09T16:37:09Z</time>
   </trkpt>
   <trkpt lat="69.6420490" lon="18.5350850">
    <ele>664.8</ele>
    <time>2026-05-09T16:37:10Z</time>
   </trkpt>
   <trkpt lat="69.6420490" lon="18.5350850">
    <ele>664.8</ele>
    <time>2026-05-09T16:37:11Z</time>
   </trkpt>
   <trkpt lat="69.6420340" lon="18.5351350">
    <ele>666.0</ele>
    <time>2026-05-09T16:37:12Z</time>
   </trkpt>
   <trkpt lat="69.6420340" lon="18.5351350">
    <ele>666.0</ele>
    <time>2026-05-09T16:37:13Z</time>
   </trkpt>
   <trkpt lat="69.6420340" lon="18.5351350">
    <ele>666.0</ele>
    <time>2026-05-09T16:37:14Z</time>
   </trkpt>
   <trkpt lat="69.6420340" lon="18.5351350">
    <ele>666.0</ele>
    <time>2026-05-09T16:37:15Z</time>
   </trkpt>
   <trkpt lat="69.6420240" lon="18.5351900">
    <ele>667.8</ele>
    <time>2026-05-09T16:37:16Z</time>
   </trkpt>
   <trkpt lat="69.6420240" lon="18.5351900">
    <ele>667.8</ele>
    <time>2026-05-09T16:37:17Z</time>
   </trkpt>
   <trkpt lat="69.6420240" lon="18.5351900">
    <ele>667.8</ele>
    <time>2026-05-09T16:37:18Z</time>
   </trkpt>
   <trkpt lat="69.6420170" lon="18.5352510">
    <ele>668.3</ele>
    <time>2026-05-09T16:37:19Z</time>
   </trkpt>
   <trkpt lat="69.6420170" lon="18.5352510">
    <ele>668.3</ele>
    <time>2026-05-09T16:37:20Z</time>
   </trkpt>
   <trkpt lat="69.6420170" lon="18.5352510">
    <ele>668.3</ele>
    <time>2026-05-09T16:37:21Z</time>
   </trkpt>
   <trkpt lat="69.6420170" lon="18.5352510">
    <ele>668.3</ele>
    <time>2026-05-09T16:37:22Z</time>
   </trkpt>
   <trkpt lat="69.6420170" lon="18.5352510">
    <ele>668.3</ele>
    <time>2026-05-09T16:37:23Z</time>
   </trkpt>
   <trkpt lat="69.6420070" lon="18.5353040">
    <ele>669.4</ele>
    <time>2026-05-09T16:37:24Z</time>
   </trkpt>
   <trkpt lat="69.6420070" lon="18.5353040">
    <ele>669.4</ele>
    <time>2026-05-09T16:37:25Z</time>
   </trkpt>
   <trkpt lat="69.6420070" lon="18.5353040">
    <ele>669.4</ele>
    <time>2026-05-09T16:37:26Z</time>
   </trkpt>
   <trkpt lat="69.6419980" lon="18.5353610">
    <ele>670.3</ele>
    <time>2026-05-09T16:37:27Z</time>
   </trkpt>
   <trkpt lat="69.6419980" lon="18.5353610">
    <ele>670.3</ele>
    <time>2026-05-09T16:37:28Z</time>
   </trkpt>
   <trkpt lat="69.6419980" lon="18.5353610">
    <ele>670.3</ele>
    <time>2026-05-09T16:37:29Z</time>
   </trkpt>
   <trkpt lat="69.6419980" lon="18.5353610">
    <ele>670.3</ele>
    <time>2026-05-09T16:37:30Z</time>
   </trkpt>
   <trkpt lat="69.6419980" lon="18.5353610">
    <ele>670.3</ele>
    <time>2026-05-09T16:37:31Z</time>
   </trkpt>
   <trkpt lat="69.6419980" lon="18.5353610">
    <ele>670.3</ele>
    <time>2026-05-09T16:37:32Z</time>
   </trkpt>
   <trkpt lat="69.6419880" lon="18.5354220">
    <ele>671.4</ele>
    <time>2026-05-09T16:37:33Z</time>
   </trkpt>
   <trkpt lat="69.6419880" lon="18.5354220">
    <ele>671.4</ele>
    <time>2026-05-09T16:37:34Z</time>
   </trkpt>
   <trkpt lat="69.6419880" lon="18.5354220">
    <ele>671.4</ele>
    <time>2026-05-09T16:37:35Z</time>
   </trkpt>
   <trkpt lat="69.6419880" lon="18.5354220">
    <ele>671.4</ele>
    <time>2026-05-09T16:37:36Z</time>
   </trkpt>
   <trkpt lat="69.6419810" lon="18.5354760">
    <ele>672.5</ele>
    <time>2026-05-09T16:37:37Z</time>
   </trkpt>
   <trkpt lat="69.6419810" lon="18.5354760">
    <ele>672.5</ele>
    <time>2026-05-09T16:37:38Z</time>
   </trkpt>
   <trkpt lat="69.6419810" lon="18.5354760">
    <ele>672.5</ele>
    <time>2026-05-09T16:37:39Z</time>
   </trkpt>
   <trkpt lat="69.6419810" lon="18.5354760">
    <ele>672.5</ele>
    <time>2026-05-09T16:37:40Z</time>
   </trkpt>
   <trkpt lat="69.6419730" lon="18.5355300">
    <ele>673.4</ele>
    <time>2026-05-09T16:37:41Z</time>
   </trkpt>
   <trkpt lat="69.6419730" lon="18.5355300">
    <ele>673.4</ele>
    <time>2026-05-09T16:37:42Z</time>
   </trkpt>
   <trkpt lat="69.6419730" lon="18.5355300">
    <ele>673.4</ele>
    <time>2026-05-09T16:37:43Z</time>
   </trkpt>
   <trkpt lat="69.6419680" lon="18.5355830">
    <ele>673.8</ele>
    <time>2026-05-09T16:37:44Z</time>
   </trkpt>
   <trkpt lat="69.6419680" lon="18.5355830">
    <ele>673.8</ele>
    <time>2026-05-09T16:37:45Z</time>
   </trkpt>
   <trkpt lat="69.6419680" lon="18.5355830">
    <ele>673.8</ele>
    <time>2026-05-09T16:37:46Z</time>
   </trkpt>
   <trkpt lat="69.6419680" lon="18.5355830">
    <ele>673.8</ele>
    <time>2026-05-09T16:37:47Z</time>
   </trkpt>
   <trkpt lat="69.6419680" lon="18.5355830">
    <ele>673.8</ele>
    <time>2026-05-09T16:37:48Z</time>
   </trkpt>
   <trkpt lat="69.6419580" lon="18.5356370">
    <ele>675.0</ele>
    <time>2026-05-09T16:37:49Z</time>
   </trkpt>
   <trkpt lat="69.6419580" lon="18.5356370">
    <ele>675.0</ele>
    <time>2026-05-09T16:37:50Z</time>
   </trkpt>
   <trkpt lat="69.6419580" lon="18.5356370">
    <ele>675.0</ele>
    <time>2026-05-09T16:37:51Z</time>
   </trkpt>
   <trkpt lat="69.6419580" lon="18.5356370">
    <ele>675.0</ele>
    <time>2026-05-09T16:37:52Z</time>
   </trkpt>
   <trkpt lat="69.6419580" lon="18.5356370">
    <ele>675.0</ele>
    <time>2026-05-09T16:37:53Z</time>
   </trkpt>
   <trkpt lat="69.6419490" lon="18.5356850">
    <ele>676.2</ele>
    <time>2026-05-09T16:37:54Z</time>
   </trkpt>
   <trkpt lat="69.6419490" lon="18.5356850">
    <ele>676.2</ele>
    <time>2026-05-09T16:37:55Z</time>
   </trkpt>
   <trkpt lat="69.6419490" lon="18.5356850">
    <ele>676.2</ele>
    <time>2026-05-09T16:37:56Z</time>
   </trkpt>
   <trkpt lat="69.6419490" lon="18.5356850">
    <ele>676.2</ele>
    <time>2026-05-09T16:37:57Z</time>
   </trkpt>
   <trkpt lat="69.6419420" lon="18.5357350">
    <ele>676.7</ele>
    <time>2026-05-09T16:37:58Z</time>
   </trkpt>
   <trkpt lat="69.6419420" lon="18.5357350">
    <ele>676.7</ele>
    <time>2026-05-09T16:37:59Z</time>
   </trkpt>
   <trkpt lat="69.6419420" lon="18.5357350">
    <ele>676.7</ele>
    <time>2026-05-09T16:38:00Z</time>
   </trkpt>
   <trkpt lat="69.6419420" lon="18.5357350">
    <ele>676.7</ele>
    <time>2026-05-09T16:38:01Z</time>
   </trkpt>
   <trkpt lat="69.6419330" lon="18.5357830">
    <ele>678.3</ele>
    <time>2026-05-09T16:38:02Z</time>
   </trkpt>
   <trkpt lat="69.6419330" lon="18.5357830">
    <ele>678.3</ele>
    <time>2026-05-09T16:38:03Z</time>
   </trkpt>
   <trkpt lat="69.6419330" lon="18.5357830">
    <ele>678.3</ele>
    <time>2026-05-09T16:38:04Z</time>
   </trkpt>
   <trkpt lat="69.6419330" lon="18.5357830">
    <ele>678.3</ele>
    <time>2026-05-09T16:38:05Z</time>
   </trkpt>
   <trkpt lat="69.6419230" lon="18.5358350">
    <ele>679.5</ele>
    <time>2026-05-09T16:38:06Z</time>
   </trkpt>
   <trkpt lat="69.6419230" lon="18.5358350">
    <ele>679.5</ele>
    <time>2026-05-09T16:38:07Z</time>
   </trkpt>
   <trkpt lat="69.6419230" lon="18.5358350">
    <ele>679.5</ele>
    <time>2026-05-09T16:38:08Z</time>
   </trkpt>
   <trkpt lat="69.6419150" lon="18.5358850">
    <ele>680.0</ele>
    <time>2026-05-09T16:38:09Z</time>
   </trkpt>
   <trkpt lat="69.6419150" lon="18.5358850">
    <ele>680.0</ele>
    <time>2026-05-09T16:38:10Z</time>
   </trkpt>
   <trkpt lat="69.6419150" lon="18.5358850">
    <ele>680.0</ele>
    <time>2026-05-09T16:38:11Z</time>
   </trkpt>
   <trkpt lat="69.6419150" lon="18.5358850">
    <ele>680.0</ele>
    <time>2026-05-09T16:38:12Z</time>
   </trkpt>
   <trkpt lat="69.6419150" lon="18.5358850">
    <ele>680.0</ele>
    <time>2026-05-09T16:38:13Z</time>
   </trkpt>
   <trkpt lat="69.6419150" lon="18.5358850">
    <ele>680.0</ele>
    <time>2026-05-09T16:38:14Z</time>
   </trkpt>
   <trkpt lat="69.6419150" lon="18.5358850">
    <ele>680.0</ele>
    <time>2026-05-09T16:38:15Z</time>
   </trkpt>
   <trkpt lat="69.6419150" lon="18.5358850">
    <ele>680.0</ele>
    <time>2026-05-09T16:38:16Z</time>
   </trkpt>
   <trkpt lat="69.6419150" lon="18.5358850">
    <ele>680.0</ele>
    <time>2026-05-09T16:38:17Z</time>
   </trkpt>
   <trkpt lat="69.6419150" lon="18.5358850">
    <ele>680.0</ele>
    <time>2026-05-09T16:38:18Z</time>
   </trkpt>
   <trkpt lat="69.6419150" lon="18.5358850">
    <ele>680.0</ele>
    <time>2026-05-09T16:38:19Z</time>
   </trkpt>
   <trkpt lat="69.6419150" lon="18.5358850">
    <ele>680.0</ele>
    <time>2026-05-09T16:38:20Z</time>
   </trkpt>
   <trkpt lat="69.6419150" lon="18.5358850">
    <ele>680.0</ele>
    <time>2026-05-09T16:38:21Z</time>
   </trkpt>
   <trkpt lat="69.6419150" lon="18.5358850">
    <ele>680.0</ele>
    <time>2026-05-09T16:38:22Z</time>
   </trkpt>
   <trkpt lat="69.6419070" lon="18.5359440">
    <ele>681.2</ele>
    <time>2026-05-09T16:38:23Z</time>
   </trkpt>
   <trkpt lat="69.6419070" lon="18.5359440">
    <ele>681.2</ele>
    <time>2026-05-09T16:38:24Z</time>
   </trkpt>
   <trkpt lat="69.6419070" lon="18.5359440">
    <ele>681.2</ele>
    <time>2026-05-09T16:38:25Z</time>
   </trkpt>
   <trkpt lat="69.6419070" lon="18.5359440">
    <ele>681.2</ele>
    <time>2026-05-09T16:38:26Z</time>
   </trkpt>
   <trkpt lat="69.6418980" lon="18.5359960">
    <ele>682.1</ele>
    <time>2026-05-09T16:38:27Z</time>
   </trkpt>
   <trkpt lat="69.6418980" lon="18.5359960">
    <ele>682.1</ele>
    <time>2026-05-09T16:38:28Z</time>
   </trkpt>
   <trkpt lat="69.6418980" lon="18.5359960">
    <ele>682.1</ele>
    <time>2026-05-09T16:38:29Z</time>
   </trkpt>
   <trkpt lat="69.6418890" lon="18.5360520">
    <ele>683.2</ele>
    <time>2026-05-09T16:38:30Z</time>
   </trkpt>
   <trkpt lat="69.6418890" lon="18.5360520">
    <ele>683.2</ele>
    <time>2026-05-09T16:38:31Z</time>
   </trkpt>
   <trkpt lat="69.6418890" lon="18.5360520">
    <ele>683.2</ele>
    <time>2026-05-09T16:38:32Z</time>
   </trkpt>
   <trkpt lat="69.6418890" lon="18.5360520">
    <ele>683.2</ele>
    <time>2026-05-09T16:38:33Z</time>
   </trkpt>
   <trkpt lat="69.6418780" lon="18.5361030">
    <ele>684.2</ele>
    <time>2026-05-09T16:38:34Z</time>
   </trkpt>
   <trkpt lat="69.6418780" lon="18.5361030">
    <ele>684.2</ele>
    <time>2026-05-09T16:38:35Z</time>
   </trkpt>
   <trkpt lat="69.6418780" lon="18.5361030">
    <ele>684.2</ele>
    <time>2026-05-09T16:38:36Z</time>
   </trkpt>
   <trkpt lat="69.6418780" lon="18.5361030">
    <ele>684.2</ele>
    <time>2026-05-09T16:38:37Z</time>
   </trkpt>
   <trkpt lat="69.6418780" lon="18.5361030">
    <ele>684.2</ele>
    <time>2026-05-09T16:38:38Z</time>
   </trkpt>
   <trkpt lat="69.6418670" lon="18.5361590">
    <ele>684.6</ele>
    <time>2026-05-09T16:38:39Z</time>
   </trkpt>
   <trkpt lat="69.6418670" lon="18.5361590">
    <ele>684.6</ele>
    <time>2026-05-09T16:38:40Z</time>
   </trkpt>
   <trkpt lat="69.6418670" lon="18.5361590">
    <ele>684.6</ele>
    <time>2026-05-09T16:38:41Z</time>
   </trkpt>
   <trkpt lat="69.6418670" lon="18.5361590">
    <ele>684.6</ele>
    <time>2026-05-09T16:38:42Z</time>
   </trkpt>
   <trkpt lat="69.6418560" lon="18.5362150">
    <ele>685.9</ele>
    <time>2026-05-09T16:38:43Z</time>
   </trkpt>
   <trkpt lat="69.6418560" lon="18.5362150">
    <ele>685.9</ele>
    <time>2026-05-09T16:38:44Z</time>
   </trkpt>
   <trkpt lat="69.6418560" lon="18.5362150">
    <ele>685.9</ele>
    <time>2026-05-09T16:38:45Z</time>
   </trkpt>
   <trkpt lat="69.6418560" lon="18.5362150">
    <ele>685.9</ele>
    <time>2026-05-09T16:38:46Z</time>
   </trkpt>
   <trkpt lat="69.6418440" lon="18.5362690">
    <ele>686.8</ele>
    <time>2026-05-09T16:38:47Z</time>
   </trkpt>
   <trkpt lat="69.6418440" lon="18.5362690">
    <ele>686.8</ele>
    <time>2026-05-09T16:38:48Z</time>
   </trkpt>
   <trkpt lat="69.6418440" lon="18.5362690">
    <ele>686.8</ele>
    <time>2026-05-09T16:38:49Z</time>
   </trkpt>
   <trkpt lat="69.6418350" lon="18.5363180">
    <ele>687.1</ele>
    <time>2026-05-09T16:38:50Z</time>
   </trkpt>
   <trkpt lat="69.6418350" lon="18.5363180">
    <ele>687.1</ele>
    <time>2026-05-09T16:38:51Z</time>
   </trkpt>
   <trkpt lat="69.6418350" lon="18.5363180">
    <ele>687.1</ele>
    <time>2026-05-09T16:38:52Z</time>
   </trkpt>
   <trkpt lat="69.6418350" lon="18.5363180">
    <ele>687.1</ele>
    <time>2026-05-09T16:38:53Z</time>
   </trkpt>
   <trkpt lat="69.6418350" lon="18.5363180">
    <ele>687.1</ele>
    <time>2026-05-09T16:38:54Z</time>
   </trkpt>
   <trkpt lat="69.6418260" lon="18.5363670">
    <ele>687.9</ele>
    <time>2026-05-09T16:38:55Z</time>
   </trkpt>
   <trkpt lat="69.6418260" lon="18.5363670">
    <ele>687.9</ele>
    <time>2026-05-09T16:38:56Z</time>
   </trkpt>
   <trkpt lat="69.6418260" lon="18.5363670">
    <ele>687.9</ele>
    <time>2026-05-09T16:38:57Z</time>
   </trkpt>
   <trkpt lat="69.6418260" lon="18.5363670">
    <ele>687.9</ele>
    <time>2026-05-09T16:38:58Z</time>
   </trkpt>
   <trkpt lat="69.6418150" lon="18.5364170">
    <ele>688.6</ele>
    <time>2026-05-09T16:38:59Z</time>
   </trkpt>
   <trkpt lat="69.6418150" lon="18.5364170">
    <ele>688.6</ele>
    <time>2026-05-09T16:39:00Z</time>
   </trkpt>
   <trkpt lat="69.6418150" lon="18.5364170">
    <ele>688.6</ele>
    <time>2026-05-09T16:39:01Z</time>
   </trkpt>
   <trkpt lat="69.6418150" lon="18.5364170">
    <ele>688.6</ele>
    <time>2026-05-09T16:39:02Z</time>
   </trkpt>
   <trkpt lat="69.6418150" lon="18.5364170">
    <ele>688.6</ele>
    <time>2026-05-09T16:39:03Z</time>
   </trkpt>
   <trkpt lat="69.6418150" lon="18.5364170">
    <ele>688.6</ele>
    <time>2026-05-09T16:39:04Z</time>
   </trkpt>
   <trkpt lat="69.6418150" lon="18.5364170">
    <ele>688.6</ele>
    <time>2026-05-09T16:39:05Z</time>
   </trkpt>
   <trkpt lat="69.6418150" lon="18.5364170">
    <ele>688.6</ele>
    <time>2026-05-09T16:39:06Z</time>
   </trkpt>
   <trkpt lat="69.6418150" lon="18.5364170">
    <ele>688.6</ele>
    <time>2026-05-09T16:39:07Z</time>
   </trkpt>
   <trkpt lat="69.6418150" lon="18.5364170">
    <ele>688.6</ele>
    <time>2026-05-09T16:39:08Z</time>
   </trkpt>
   <trkpt lat="69.6418150" lon="18.5364170">
    <ele>688.6</ele>
    <time>2026-05-09T16:39:09Z</time>
   </trkpt>
   <trkpt lat="69.6418150" lon="18.5364170">
    <ele>688.6</ele>
    <time>2026-05-09T16:39:10Z</time>
   </trkpt>
   <trkpt lat="69.6418150" lon="18.5364170">
    <ele>688.6</ele>
    <time>2026-05-09T16:39:11Z</time>
   </trkpt>
   <trkpt lat="69.6418060" lon="18.5364720">
    <ele>689.2</ele>
    <time>2026-05-09T16:39:12Z</time>
   </trkpt>
   <trkpt lat="69.6418060" lon="18.5364720">
    <ele>689.2</ele>
    <time>2026-05-09T16:39:13Z</time>
   </trkpt>
   <trkpt lat="69.6418060" lon="18.5364720">
    <ele>689.2</ele>
    <time>2026-05-09T16:39:14Z</time>
   </trkpt>
   <trkpt lat="69.6417950" lon="18.5365150">
    <ele>690.1</ele>
    <time>2026-05-09T16:39:15Z</time>
   </trkpt>
   <trkpt lat="69.6417950" lon="18.5365150">
    <ele>690.1</ele>
    <time>2026-05-09T16:39:16Z</time>
   </trkpt>
   <trkpt lat="69.6417950" lon="18.5365150">
    <ele>690.1</ele>
    <time>2026-05-09T16:39:17Z</time>
   </trkpt>
   <trkpt lat="69.6417950" lon="18.5365150">
    <ele>690.1</ele>
    <time>2026-05-09T16:39:18Z</time>
   </trkpt>
   <trkpt lat="69.6417950" lon="18.5365150">
    <ele>690.1</ele>
    <time>2026-05-09T16:39:19Z</time>
   </trkpt>
   <trkpt lat="69.6417840" lon="18.5365700">
    <ele>690.9</ele>
    <time>2026-05-09T16:39:20Z</time>
   </trkpt>
   <trkpt lat="69.6417840" lon="18.5365700">
    <ele>690.9</ele>
    <time>2026-05-09T16:39:21Z</time>
   </trkpt>
   <trkpt lat="69.6417840" lon="18.5365700">
    <ele>690.9</ele>
    <time>2026-05-09T16:39:22Z</time>
   </trkpt>
   <trkpt lat="69.6417840" lon="18.5365700">
    <ele>690.9</ele>
    <time>2026-05-09T16:39:23Z</time>
   </trkpt>
   <trkpt lat="69.6417750" lon="18.5366170">
    <ele>691.2</ele>
    <time>2026-05-09T16:39:24Z</time>
   </trkpt>
   <trkpt lat="69.6417750" lon="18.5366170">
    <ele>691.2</ele>
    <time>2026-05-09T16:39:25Z</time>
   </trkpt>
   <trkpt lat="69.6417750" lon="18.5366170">
    <ele>691.2</ele>
    <time>2026-05-09T16:39:26Z</time>
   </trkpt>
   <trkpt lat="69.6417650" lon="18.5366630">
    <ele>692.0</ele>
    <time>2026-05-09T16:39:27Z</time>
   </trkpt>
   <trkpt lat="69.6417650" lon="18.5366630">
    <ele>692.0</ele>
    <time>2026-05-09T16:39:28Z</time>
   </trkpt>
   <trkpt lat="69.6417650" lon="18.5366630">
    <ele>692.0</ele>
    <time>2026-05-09T16:39:29Z</time>
   </trkpt>
   <trkpt lat="69.6417650" lon="18.5366630">
    <ele>692.0</ele>
    <time>2026-05-09T16:39:30Z</time>
   </trkpt>
   <trkpt lat="69.6417650" lon="18.5366630">
    <ele>692.0</ele>
    <time>2026-05-09T16:39:31Z</time>
   </trkpt>
   <trkpt lat="69.6417530" lon="18.5367120">
    <ele>692.9</ele>
    <time>2026-05-09T16:39:32Z</time>
   </trkpt>
   <trkpt lat="69.6417530" lon="18.5367120">
    <ele>692.9</ele>
    <time>2026-05-09T16:39:33Z</time>
   </trkpt>
   <trkpt lat="69.6417530" lon="18.5367120">
    <ele>692.9</ele>
    <time>2026-05-09T16:39:34Z</time>
   </trkpt>
   <trkpt lat="69.6417410" lon="18.5367600">
    <ele>693.9</ele>
    <time>2026-05-09T16:39:35Z</time>
   </trkpt>
   <trkpt lat="69.6417410" lon="18.5367600">
    <ele>693.9</ele>
    <time>2026-05-09T16:39:36Z</time>
   </trkpt>
   <trkpt lat="69.6417410" lon="18.5367600">
    <ele>693.9</ele>
    <time>2026-05-09T16:39:37Z</time>
   </trkpt>
   <trkpt lat="69.6417410" lon="18.5367600">
    <ele>693.9</ele>
    <time>2026-05-09T16:39:38Z</time>
   </trkpt>
   <trkpt lat="69.6417410" lon="18.5367600">
    <ele>693.9</ele>
    <time>2026-05-09T16:39:39Z</time>
   </trkpt>
   <trkpt lat="69.6417280" lon="18.5368070">
    <ele>694.9</ele>
    <time>2026-05-09T16:39:40Z</time>
   </trkpt>
   <trkpt lat="69.6417280" lon="18.5368070">
    <ele>694.9</ele>
    <time>2026-05-09T16:39:41Z</time>
   </trkpt>
   <trkpt lat="69.6417280" lon="18.5368070">
    <ele>694.9</ele>
    <time>2026-05-09T16:39:42Z</time>
   </trkpt>
   <trkpt lat="69.6417280" lon="18.5368070">
    <ele>694.9</ele>
    <time>2026-05-09T16:39:43Z</time>
   </trkpt>
   <trkpt lat="69.6417180" lon="18.5368520">
    <ele>695.5</ele>
    <time>2026-05-09T16:39:44Z</time>
   </trkpt>
   <trkpt lat="69.6417180" lon="18.5368520">
    <ele>695.5</ele>
    <time>2026-05-09T16:39:45Z</time>
   </trkpt>
   <trkpt lat="69.6417180" lon="18.5368520">
    <ele>695.5</ele>
    <time>2026-05-09T16:39:46Z</time>
   </trkpt>
   <trkpt lat="69.6417180" lon="18.5368520">
    <ele>695.5</ele>
    <time>2026-05-09T16:39:47Z</time>
   </trkpt>
   <trkpt lat="69.6417080" lon="18.5369000">
    <ele>697.3</ele>
    <time>2026-05-09T16:39:48Z</time>
   </trkpt>
   <trkpt lat="69.6417080" lon="18.5369000">
    <ele>697.3</ele>
    <time>2026-05-09T16:39:49Z</time>
   </trkpt>
   <trkpt lat="69.6417080" lon="18.5369000">
    <ele>697.3</ele>
    <time>2026-05-09T16:39:50Z</time>
   </trkpt>
   <trkpt lat="69.6417080" lon="18.5369000">
    <ele>697.3</ele>
    <time>2026-05-09T16:39:51Z</time>
   </trkpt>
   <trkpt lat="69.6416980" lon="18.5369440">
    <ele>698.6</ele>
    <time>2026-05-09T16:39:52Z</time>
   </trkpt>
   <trkpt lat="69.6416980" lon="18.5369440">
    <ele>698.6</ele>
    <time>2026-05-09T16:39:53Z</time>
   </trkpt>
   <trkpt lat="69.6416980" lon="18.5369440">
    <ele>698.6</ele>
    <time>2026-05-09T16:39:54Z</time>
   </trkpt>
   <trkpt lat="69.6416870" lon="18.5369880">
    <ele>699.2</ele>
    <time>2026-05-09T16:39:55Z</time>
   </trkpt>
   <trkpt lat="69.6416870" lon="18.5369880">
    <ele>699.2</ele>
    <time>2026-05-09T16:39:56Z</time>
   </trkpt>
   <trkpt lat="69.6416870" lon="18.5369880">
    <ele>699.2</ele>
    <time>2026-05-09T16:39:57Z</time>
   </trkpt>
   <trkpt lat="69.6416870" lon="18.5369880">
    <ele>699.2</ele>
    <time>2026-05-09T16:39:58Z</time>
   </trkpt>
   <trkpt lat="69.6416870" lon="18.5369880">
    <ele>699.2</ele>
    <time>2026-05-09T16:39:59Z</time>
   </trkpt>
   <trkpt lat="69.6416760" lon="18.5370330">
    <ele>700.5</ele>
    <time>2026-05-09T16:40:00Z</time>
   </trkpt>
   <trkpt lat="69.6416760" lon="18.5370330">
    <ele>700.5</ele>
    <time>2026-05-09T16:40:01Z</time>
   </trkpt>
   <trkpt lat="69.6416760" lon="18.5370330">
    <ele>700.5</ele>
    <time>2026-05-09T16:40:02Z</time>
   </trkpt>
   <trkpt lat="69.6416760" lon="18.5370330">
    <ele>700.5</ele>
    <time>2026-05-09T16:40:03Z</time>
   </trkpt>
   <trkpt lat="69.6416760" lon="18.5370330">
    <ele>700.5</ele>
    <time>2026-05-09T16:40:04Z</time>
   </trkpt>
   <trkpt lat="69.6416660" lon="18.5370850">
    <ele>701.7</ele>
    <time>2026-05-09T16:40:05Z</time>
   </trkpt>
   <trkpt lat="69.6416660" lon="18.5370850">
    <ele>701.7</ele>
    <time>2026-05-09T16:40:06Z</time>
   </trkpt>
   <trkpt lat="69.6416660" lon="18.5370850">
    <ele>701.7</ele>
    <time>2026-05-09T16:40:07Z</time>
   </trkpt>
   <trkpt lat="69.6416660" lon="18.5370850">
    <ele>701.7</ele>
    <time>2026-05-09T16:40:08Z</time>
   </trkpt>
   <trkpt lat="69.6416660" lon="18.5370850">
    <ele>701.7</ele>
    <time>2026-05-09T16:40:09Z</time>
   </trkpt>
   <trkpt lat="69.6416550" lon="18.5371330">
    <ele>702.3</ele>
    <time>2026-05-09T16:40:10Z</time>
   </trkpt>
   <trkpt lat="69.6416550" lon="18.5371330">
    <ele>702.3</ele>
    <time>2026-05-09T16:40:11Z</time>
   </trkpt>
   <trkpt lat="69.6416550" lon="18.5371330">
    <ele>702.3</ele>
    <time>2026-05-09T16:40:12Z</time>
   </trkpt>
   <trkpt lat="69.6416550" lon="18.5371330">
    <ele>702.3</ele>
    <time>2026-05-09T16:40:13Z</time>
   </trkpt>
   <trkpt lat="69.6416550" lon="18.5371330">
    <ele>702.3</ele>
    <time>2026-05-09T16:40:14Z</time>
   </trkpt>
   <trkpt lat="69.6416550" lon="18.5371330">
    <ele>702.3</ele>
    <time>2026-05-09T16:40:15Z</time>
   </trkpt>
   <trkpt lat="69.6416550" lon="18.5371330">
    <ele>702.3</ele>
    <time>2026-05-09T16:40:16Z</time>
   </trkpt>
   <trkpt lat="69.6416550" lon="18.5371330">
    <ele>702.3</ele>
    <time>2026-05-09T16:40:17Z</time>
   </trkpt>
   <trkpt lat="69.6416550" lon="18.5371330">
    <ele>702.3</ele>
    <time>2026-05-09T16:40:18Z</time>
   </trkpt>
   <trkpt lat="69.6416550" lon="18.5371330">
    <ele>702.3</ele>
    <time>2026-05-09T16:40:19Z</time>
   </trkpt>
   <trkpt lat="69.6416550" lon="18.5371330">
    <ele>702.3</ele>
    <time>2026-05-09T16:40:20Z</time>
   </trkpt>
   <trkpt lat="69.6416550" lon="18.5371330">
    <ele>702.3</ele>
    <time>2026-05-09T16:40:21Z</time>
   </trkpt>
   <trkpt lat="69.6416420" lon="18.5371860">
    <ele>703.5</ele>
    <time>2026-05-09T16:40:22Z</time>
   </trkpt>
   <trkpt lat="69.6416420" lon="18.5371860">
    <ele>703.5</ele>
    <time>2026-05-09T16:40:23Z</time>
   </trkpt>
   <trkpt lat="69.6416420" lon="18.5371860">
    <ele>703.5</ele>
    <time>2026-05-09T16:40:24Z</time>
   </trkpt>
   <trkpt lat="69.6416330" lon="18.5372360">
    <ele>704.6</ele>
    <time>2026-05-09T16:40:25Z</time>
   </trkpt>
   <trkpt lat="69.6416330" lon="18.5372360">
    <ele>704.6</ele>
    <time>2026-05-09T16:40:26Z</time>
   </trkpt>
   <trkpt lat="69.6416330" lon="18.5372360">
    <ele>704.6</ele>
    <time>2026-05-09T16:40:27Z</time>
   </trkpt>
   <trkpt lat="69.6416330" lon="18.5372360">
    <ele>704.6</ele>
    <time>2026-05-09T16:40:28Z</time>
   </trkpt>
   <trkpt lat="69.6416330" lon="18.5372360">
    <ele>704.6</ele>
    <time>2026-05-09T16:40:29Z</time>
   </trkpt>
   <trkpt lat="69.6416230" lon="18.5372890">
    <ele>706.3</ele>
    <time>2026-05-09T16:40:30Z</time>
   </trkpt>
   <trkpt lat="69.6416230" lon="18.5372890">
    <ele>706.3</ele>
    <time>2026-05-09T16:40:31Z</time>
   </trkpt>
   <trkpt lat="69.6416230" lon="18.5372890">
    <ele>706.3</ele>
    <time>2026-05-09T16:40:32Z</time>
   </trkpt>
   <trkpt lat="69.6416230" lon="18.5372890">
    <ele>706.3</ele>
    <time>2026-05-09T16:40:33Z</time>
   </trkpt>
   <trkpt lat="69.6416190" lon="18.5373460">
    <ele>706.9</ele>
    <time>2026-05-09T16:40:34Z</time>
   </trkpt>
   <trkpt lat="69.6416190" lon="18.5373460">
    <ele>706.9</ele>
    <time>2026-05-09T16:40:35Z</time>
   </trkpt>
   <trkpt lat="69.6416190" lon="18.5373460">
    <ele>706.9</ele>
    <time>2026-05-09T16:40:36Z</time>
   </trkpt>
   <trkpt lat="69.6416190" lon="18.5373460">
    <ele>706.9</ele>
    <time>2026-05-09T16:40:37Z</time>
   </trkpt>
   <trkpt lat="69.6416130" lon="18.5374030">
    <ele>707.4</ele>
    <time>2026-05-09T16:40:38Z</time>
   </trkpt>
   <trkpt lat="69.6416130" lon="18.5374030">
    <ele>707.4</ele>
    <time>2026-05-09T16:40:39Z</time>
   </trkpt>
   <trkpt lat="69.6416130" lon="18.5374030">
    <ele>707.4</ele>
    <time>2026-05-09T16:40:40Z</time>
   </trkpt>
   <trkpt lat="69.6416130" lon="18.5374030">
    <ele>707.4</ele>
    <time>2026-05-09T16:40:41Z</time>
   </trkpt>
   <trkpt lat="69.6416060" lon="18.5374600">
    <ele>709.0</ele>
    <time>2026-05-09T16:40:42Z</time>
   </trkpt>
   <trkpt lat="69.6416060" lon="18.5374600">
    <ele>709.0</ele>
    <time>2026-05-09T16:40:43Z</time>
   </trkpt>
   <trkpt lat="69.6416060" lon="18.5374600">
    <ele>709.0</ele>
    <time>2026-05-09T16:40:44Z</time>
   </trkpt>
   <trkpt lat="69.6416000" lon="18.5375140">
    <ele>709.5</ele>
    <time>2026-05-09T16:40:45Z</time>
   </trkpt>
   <trkpt lat="69.6416000" lon="18.5375140">
    <ele>709.5</ele>
    <time>2026-05-09T16:40:46Z</time>
   </trkpt>
   <trkpt lat="69.6416000" lon="18.5375140">
    <ele>709.6</ele>
    <time>2026-05-09T16:40:47Z</time>
   </trkpt>
   <trkpt lat="69.6416000" lon="18.5375140">
    <ele>709.6</ele>
    <time>2026-05-09T16:40:48Z</time>
   </trkpt>
   <trkpt lat="69.6416000" lon="18.5375140">
    <ele>709.6</ele>
    <time>2026-05-09T16:40:49Z</time>
   </trkpt>
   <trkpt lat="69.6415930" lon="18.5375700">
    <ele>710.5</ele>
    <time>2026-05-09T16:40:50Z</time>
   </trkpt>
   <trkpt lat="69.6415930" lon="18.5375700">
    <ele>710.5</ele>
    <time>2026-05-09T16:40:51Z</time>
   </trkpt>
   <trkpt lat="69.6415930" lon="18.5375700">
    <ele>710.5</ele>
    <time>2026-05-09T16:40:52Z</time>
   </trkpt>
   <trkpt lat="69.6415930" lon="18.5375700">
    <ele>710.5</ele>
    <time>2026-05-09T16:40:53Z</time>
   </trkpt>
   <trkpt lat="69.6415850" lon="18.5376290">
    <ele>711.6</ele>
    <time>2026-05-09T16:40:54Z</time>
   </trkpt>
   <trkpt lat="69.6415850" lon="18.5376290">
    <ele>711.6</ele>
    <time>2026-05-09T16:40:55Z</time>
   </trkpt>
   <trkpt lat="69.6415850" lon="18.5376290">
    <ele>711.6</ele>
    <time>2026-05-09T16:40:56Z</time>
   </trkpt>
   <trkpt lat="69.6415850" lon="18.5376290">
    <ele>711.6</ele>
    <time>2026-05-09T16:40:57Z</time>
   </trkpt>
   <trkpt lat="69.6415800" lon="18.5376840">
    <ele>712.1</ele>
    <time>2026-05-09T16:40:58Z</time>
   </trkpt>
   <trkpt lat="69.6415800" lon="18.5376840">
    <ele>712.1</ele>
    <time>2026-05-09T16:40:59Z</time>
   </trkpt>
   <trkpt lat="69.6415800" lon="18.5376840">
    <ele>712.1</ele>
    <time>2026-05-09T16:41:00Z</time>
   </trkpt>
   <trkpt lat="69.6415800" lon="18.5376840">
    <ele>712.1</ele>
    <time>2026-05-09T16:41:01Z</time>
   </trkpt>
   <trkpt lat="69.6415740" lon="18.5377360">
    <ele>713.0</ele>
    <time>2026-05-09T16:41:02Z</time>
   </trkpt>
   <trkpt lat="69.6415740" lon="18.5377360">
    <ele>713.0</ele>
    <time>2026-05-09T16:41:03Z</time>
   </trkpt>
   <trkpt lat="69.6415740" lon="18.5377360">
    <ele>713.0</ele>
    <time>2026-05-09T16:41:04Z</time>
   </trkpt>
   <trkpt lat="69.6415680" lon="18.5377910">
    <ele>713.6</ele>
    <time>2026-05-09T16:41:05Z</time>
   </trkpt>
   <trkpt lat="69.6415680" lon="18.5377910">
    <ele>713.6</ele>
    <time>2026-05-09T16:41:06Z</time>
   </trkpt>
   <trkpt lat="69.6415680" lon="18.5377910">
    <ele>713.6</ele>
    <time>2026-05-09T16:41:07Z</time>
   </trkpt>
   <trkpt lat="69.6415680" lon="18.5377910">
    <ele>713.6</ele>
    <time>2026-05-09T16:41:08Z</time>
   </trkpt>
   <trkpt lat="69.6415680" lon="18.5377910">
    <ele>713.6</ele>
    <time>2026-05-09T16:41:09Z</time>
   </trkpt>
   <trkpt lat="69.6415620" lon="18.5378490">
    <ele>715.1</ele>
    <time>2026-05-09T16:41:10Z</time>
   </trkpt>
   <trkpt lat="69.6415620" lon="18.5378490">
    <ele>715.1</ele>
    <time>2026-05-09T16:41:11Z</time>
   </trkpt>
   <trkpt lat="69.6415620" lon="18.5378490">
    <ele>715.1</ele>
    <time>2026-05-09T16:41:12Z</time>
   </trkpt>
   <trkpt lat="69.6415620" lon="18.5378490">
    <ele>715.1</ele>
    <time>2026-05-09T16:41:13Z</time>
   </trkpt>
   <trkpt lat="69.6415550" lon="18.5379050">
    <ele>715.7</ele>
    <time>2026-05-09T16:41:14Z</time>
   </trkpt>
   <trkpt lat="69.6415550" lon="18.5379050">
    <ele>715.7</ele>
    <time>2026-05-09T16:41:15Z</time>
   </trkpt>
   <trkpt lat="69.6415550" lon="18.5379050">
    <ele>715.7</ele>
    <time>2026-05-09T16:41:16Z</time>
   </trkpt>
   <trkpt lat="69.6415550" lon="18.5379050">
    <ele>715.7</ele>
    <time>2026-05-09T16:41:17Z</time>
   </trkpt>
   <trkpt lat="69.6415510" lon="18.5379620">
    <ele>716.3</ele>
    <time>2026-05-09T16:41:18Z</time>
   </trkpt>
   <trkpt lat="69.6415510" lon="18.5379620">
    <ele>716.3</ele>
    <time>2026-05-09T16:41:19Z</time>
   </trkpt>
   <trkpt lat="69.6415510" lon="18.5379620">
    <ele>716.3</ele>
    <time>2026-05-09T16:41:20Z</time>
   </trkpt>
   <trkpt lat="69.6415460" lon="18.5380200">
    <ele>717.7</ele>
    <time>2026-05-09T16:41:21Z</time>
   </trkpt>
   <trkpt lat="69.6415460" lon="18.5380200">
    <ele>717.7</ele>
    <time>2026-05-09T16:41:22Z</time>
   </trkpt>
   <trkpt lat="69.6415460" lon="18.5380200">
    <ele>717.7</ele>
    <time>2026-05-09T16:41:23Z</time>
   </trkpt>
   <trkpt lat="69.6415460" lon="18.5380200">
    <ele>717.7</ele>
    <time>2026-05-09T16:41:24Z</time>
   </trkpt>
   <trkpt lat="69.6415430" lon="18.5380730">
    <ele>718.3</ele>
    <time>2026-05-09T16:41:25Z</time>
   </trkpt>
   <trkpt lat="69.6415430" lon="18.5380730">
    <ele>718.3</ele>
    <time>2026-05-09T16:41:26Z</time>
   </trkpt>
   <trkpt lat="69.6415430" lon="18.5380730">
    <ele>718.3</ele>
    <time>2026-05-09T16:41:27Z</time>
   </trkpt>
   <trkpt lat="69.6415430" lon="18.5380730">
    <ele>718.3</ele>
    <time>2026-05-09T16:41:28Z</time>
   </trkpt>
   <trkpt lat="69.6415430" lon="18.5380730">
    <ele>718.3</ele>
    <time>2026-05-09T16:41:29Z</time>
   </trkpt>
   <trkpt lat="69.6415420" lon="18.5381270">
    <ele>718.9</ele>
    <time>2026-05-09T16:41:30Z</time>
   </trkpt>
   <trkpt lat="69.6415420" lon="18.5381270">
    <ele>718.9</ele>
    <time>2026-05-09T16:41:31Z</time>
   </trkpt>
   <trkpt lat="69.6415420" lon="18.5381270">
    <ele>718.9</ele>
    <time>2026-05-09T16:41:32Z</time>
   </trkpt>
   <trkpt lat="69.6415420" lon="18.5381270">
    <ele>718.9</ele>
    <time>2026-05-09T16:41:33Z</time>
   </trkpt>
   <trkpt lat="69.6415450" lon="18.5381800">
    <ele>719.4</ele>
    <time>2026-05-09T16:41:34Z</time>
   </trkpt>
   <trkpt lat="69.6415450" lon="18.5381800">
    <ele>719.4</ele>
    <time>2026-05-09T16:41:35Z</time>
   </trkpt>
   <trkpt lat="69.6415450" lon="18.5381800">
    <ele>719.4</ele>
    <time>2026-05-09T16:41:36Z</time>
   </trkpt>
   <trkpt lat="69.6415450" lon="18.5381800">
    <ele>719.4</ele>
    <time>2026-05-09T16:41:37Z</time>
   </trkpt>
   <trkpt lat="69.6415460" lon="18.5382310">
    <ele>720.3</ele>
    <time>2026-05-09T16:41:38Z</time>
   </trkpt>
   <trkpt lat="69.6415460" lon="18.5382310">
    <ele>720.3</ele>
    <time>2026-05-09T16:41:39Z</time>
   </trkpt>
   <trkpt lat="69.6415460" lon="18.5382310">
    <ele>720.3</ele>
    <time>2026-05-09T16:41:40Z</time>
   </trkpt>
   <trkpt lat="69.6415460" lon="18.5382310">
    <ele>720.3</ele>
    <time>2026-05-09T16:41:41Z</time>
   </trkpt>
   <trkpt lat="69.6415460" lon="18.5382310">
    <ele>720.3</ele>
    <time>2026-05-09T16:41:42Z</time>
   </trkpt>
   <trkpt lat="69.6415480" lon="18.5382910">
    <ele>720.7</ele>
    <time>2026-05-09T16:41:43Z</time>
   </trkpt>
   <trkpt lat="69.6415480" lon="18.5382910">
    <ele>720.7</ele>
    <time>2026-05-09T16:41:44Z</time>
   </trkpt>
   <trkpt lat="69.6415480" lon="18.5382910">
    <ele>720.7</ele>
    <time>2026-05-09T16:41:45Z</time>
   </trkpt>
   <trkpt lat="69.6415480" lon="18.5382910">
    <ele>720.7</ele>
    <time>2026-05-09T16:41:46Z</time>
   </trkpt>
   <trkpt lat="69.6415480" lon="18.5382910">
    <ele>720.7</ele>
    <time>2026-05-09T16:41:47Z</time>
   </trkpt>
   <trkpt lat="69.6415510" lon="18.5383500">
    <ele>721.0</ele>
    <time>2026-05-09T16:41:48Z</time>
   </trkpt>
   <trkpt lat="69.6415510" lon="18.5383500">
    <ele>721.0</ele>
    <time>2026-05-09T16:41:49Z</time>
   </trkpt>
   <trkpt lat="69.6415510" lon="18.5383500">
    <ele>721.0</ele>
    <time>2026-05-09T16:41:50Z</time>
   </trkpt>
   <trkpt lat="69.6415510" lon="18.5383500">
    <ele>721.0</ele>
    <time>2026-05-09T16:41:51Z</time>
   </trkpt>
   <trkpt lat="69.6415510" lon="18.5383500">
    <ele>721.0</ele>
    <time>2026-05-09T16:41:52Z</time>
   </trkpt>
   <trkpt lat="69.6415550" lon="18.5384060">
    <ele>721.5</ele>
    <time>2026-05-09T16:41:53Z</time>
   </trkpt>
   <trkpt lat="69.6415550" lon="18.5384060">
    <ele>721.5</ele>
    <time>2026-05-09T16:41:54Z</time>
   </trkpt>
   <trkpt lat="69.6415550" lon="18.5384060">
    <ele>721.5</ele>
    <time>2026-05-09T16:41:55Z</time>
   </trkpt>
   <trkpt lat="69.6415550" lon="18.5384060">
    <ele>721.5</ele>
    <time>2026-05-09T16:41:56Z</time>
   </trkpt>
   <trkpt lat="69.6415610" lon="18.5384600">
    <ele>721.6</ele>
    <time>2026-05-09T16:41:57Z</time>
   </trkpt>
   <trkpt lat="69.6415610" lon="18.5384600">
    <ele>721.6</ele>
    <time>2026-05-09T16:41:58Z</time>
   </trkpt>
   <trkpt lat="69.6415610" lon="18.5384600">
    <ele>721.6</ele>
    <time>2026-05-09T16:41:59Z</time>
   </trkpt>
   <trkpt lat="69.6415610" lon="18.5384600">
    <ele>721.6</ele>
    <time>2026-05-09T16:42:00Z</time>
   </trkpt>
   <trkpt lat="69.6415690" lon="18.5385160">
    <ele>721.7</ele>
    <time>2026-05-09T16:42:01Z</time>
   </trkpt>
   <trkpt lat="69.6415690" lon="18.5385160">
    <ele>721.7</ele>
    <time>2026-05-09T16:42:02Z</time>
   </trkpt>
   <trkpt lat="69.6415690" lon="18.5385160">
    <ele>721.7</ele>
    <time>2026-05-09T16:42:03Z</time>
   </trkpt>
   <trkpt lat="69.6415760" lon="18.5385640">
    <ele>721.7</ele>
    <time>2026-05-09T16:42:04Z</time>
   </trkpt>
   <trkpt lat="69.6415760" lon="18.5385640">
    <ele>721.7</ele>
    <time>2026-05-09T16:42:05Z</time>
   </trkpt>
   <trkpt lat="69.6415760" lon="18.5385640">
    <ele>721.7</ele>
    <time>2026-05-09T16:42:06Z</time>
   </trkpt>
   <trkpt lat="69.6415850" lon="18.5386170">
    <ele>721.6</ele>
    <time>2026-05-09T16:42:07Z</time>
   </trkpt>
   <trkpt lat="69.6415850" lon="18.5386170">
    <ele>721.6</ele>
    <time>2026-05-09T16:42:08Z</time>
   </trkpt>
   <trkpt lat="69.6415850" lon="18.5386170">
    <ele>721.6</ele>
    <time>2026-05-09T16:42:09Z</time>
   </trkpt>
   <trkpt lat="69.6415910" lon="18.5386730">
    <ele>721.5</ele>
    <time>2026-05-09T16:42:10Z</time>
   </trkpt>
   <trkpt lat="69.6415910" lon="18.5386730">
    <ele>721.5</ele>
    <time>2026-05-09T16:42:11Z</time>
   </trkpt>
   <trkpt lat="69.6415910" lon="18.5386730">
    <ele>721.5</ele>
    <time>2026-05-09T16:42:12Z</time>
   </trkpt>
   <trkpt lat="69.6416010" lon="18.5387280">
    <ele>721.5</ele>
    <time>2026-05-09T16:42:13Z</time>
   </trkpt>
   <trkpt lat="69.6416010" lon="18.5387280">
    <ele>721.5</ele>
    <time>2026-05-09T16:42:14Z</time>
   </trkpt>
   <trkpt lat="69.6416090" lon="18.5387840">
    <ele>721.4</ele>
    <time>2026-05-09T16:42:15Z</time>
   </trkpt>
   <trkpt lat="69.6416090" lon="18.5387840">
    <ele>721.4</ele>
    <time>2026-05-09T16:42:16Z</time>
   </trkpt>
   <trkpt lat="69.6416090" lon="18.5387840">
    <ele>721.4</ele>
    <time>2026-05-09T16:42:17Z</time>
   </trkpt>
   <trkpt lat="69.6416190" lon="18.5388370">
    <ele>721.4</ele>
    <time>2026-05-09T16:42:18Z</time>
   </trkpt>
   <trkpt lat="69.6416190" lon="18.5388370">
    <ele>721.4</ele>
    <time>2026-05-09T16:42:19Z</time>
   </trkpt>
   <trkpt lat="69.6416190" lon="18.5388370">
    <ele>721.4</ele>
    <time>2026-05-09T16:42:20Z</time>
   </trkpt>
   <trkpt lat="69.6416190" lon="18.5388370">
    <ele>721.4</ele>
    <time>2026-05-09T16:42:21Z</time>
   </trkpt>
   <trkpt lat="69.6416320" lon="18.5388820">
    <ele>721.6</ele>
    <time>2026-05-09T16:42:22Z</time>
   </trkpt>
   <trkpt lat="69.6416320" lon="18.5388820">
    <ele>721.6</ele>
    <time>2026-05-09T16:42:23Z</time>
   </trkpt>
   <trkpt lat="69.6416320" lon="18.5388820">
    <ele>721.6</ele>
    <time>2026-05-09T16:42:24Z</time>
   </trkpt>
   <trkpt lat="69.6416440" lon="18.5389290">
    <ele>722.0</ele>
    <time>2026-05-09T16:42:25Z</time>
   </trkpt>
   <trkpt lat="69.6416440" lon="18.5389290">
    <ele>722.0</ele>
    <time>2026-05-09T16:42:26Z</time>
   </trkpt>
   <trkpt lat="69.6416440" lon="18.5389290">
    <ele>722.0</ele>
    <time>2026-05-09T16:42:27Z</time>
   </trkpt>
   <trkpt lat="69.6416560" lon="18.5389710">
    <ele>722.5</ele>
    <time>2026-05-09T16:42:28Z</time>
   </trkpt>
   <trkpt lat="69.6416560" lon="18.5389710">
    <ele>722.5</ele>
    <time>2026-05-09T16:42:29Z</time>
   </trkpt>
   <trkpt lat="69.6416700" lon="18.5390120">
    <ele>723.0</ele>
    <time>2026-05-09T16:42:30Z</time>
   </trkpt>
   <trkpt lat="69.6416700" lon="18.5390120">
    <ele>723.0</ele>
    <time>2026-05-09T16:42:31Z</time>
   </trkpt>
   <trkpt lat="69.6416700" lon="18.5390120">
    <ele>723.0</ele>
    <time>2026-05-09T16:42:32Z</time>
   </trkpt>
   <trkpt lat="69.6416700" lon="18.5390120">
    <ele>723.0</ele>
    <time>2026-05-09T16:42:33Z</time>
   </trkpt>
   <trkpt lat="69.6416820" lon="18.5390600">
    <ele>723.1</ele>
    <time>2026-05-09T16:42:34Z</time>
   </trkpt>
   <trkpt lat="69.6416820" lon="18.5390600">
    <ele>723.1</ele>
    <time>2026-05-09T16:42:35Z</time>
   </trkpt>
   <trkpt lat="69.6416820" lon="18.5390600">
    <ele>723.1</ele>
    <time>2026-05-09T16:42:36Z</time>
   </trkpt>
   <trkpt lat="69.6416910" lon="18.5391150">
    <ele>723.6</ele>
    <time>2026-05-09T16:42:37Z</time>
   </trkpt>
   <trkpt lat="69.6416910" lon="18.5391150">
    <ele>723.6</ele>
    <time>2026-05-09T16:42:38Z</time>
   </trkpt>
   <trkpt lat="69.6416910" lon="18.5391150">
    <ele>723.6</ele>
    <time>2026-05-09T16:42:39Z</time>
   </trkpt>
   <trkpt lat="69.6416970" lon="18.5391740">
    <ele>723.9</ele>
    <time>2026-05-09T16:42:40Z</time>
   </trkpt>
   <trkpt lat="69.6416970" lon="18.5391740">
    <ele>723.9</ele>
    <time>2026-05-09T16:42:41Z</time>
   </trkpt>
   <trkpt lat="69.6416970" lon="18.5391740">
    <ele>723.9</ele>
    <time>2026-05-09T16:42:42Z</time>
   </trkpt>
   <trkpt lat="69.6417000" lon="18.5392310">
    <ele>724.4</ele>
    <time>2026-05-09T16:42:43Z</time>
   </trkpt>
   <trkpt lat="69.6417000" lon="18.5392310">
    <ele>724.4</ele>
    <time>2026-05-09T16:42:44Z</time>
   </trkpt>
   <trkpt lat="69.6417030" lon="18.5392880">
    <ele>724.6</ele>
    <time>2026-05-09T16:42:45Z</time>
   </trkpt>
   <trkpt lat="69.6417030" lon="18.5392880">
    <ele>724.6</ele>
    <time>2026-05-09T16:42:46Z</time>
   </trkpt>
   <trkpt lat="69.6417030" lon="18.5392880">
    <ele>724.6</ele>
    <time>2026-05-09T16:42:47Z</time>
   </trkpt>
   <trkpt lat="69.6417030" lon="18.5392880">
    <ele>724.6</ele>
    <time>2026-05-09T16:42:48Z</time>
   </trkpt>
   <trkpt lat="69.6417050" lon="18.5393460">
    <ele>724.9</ele>
    <time>2026-05-09T16:42:49Z</time>
   </trkpt>
   <trkpt lat="69.6417050" lon="18.5393460">
    <ele>724.9</ele>
    <time>2026-05-09T16:42:50Z</time>
   </trkpt>
   <trkpt lat="69.6417050" lon="18.5393460">
    <ele>724.9</ele>
    <time>2026-05-09T16:42:51Z</time>
   </trkpt>
   <trkpt lat="69.6417050" lon="18.5393460">
    <ele>724.9</ele>
    <time>2026-05-09T16:42:52Z</time>
   </trkpt>
   <trkpt lat="69.6417050" lon="18.5393460">
    <ele>724.9</ele>
    <time>2026-05-09T16:42:53Z</time>
   </trkpt>
   <trkpt lat="69.6417050" lon="18.5393460">
    <ele>724.9</ele>
    <time>2026-05-09T16:42:54Z</time>
   </trkpt>
   <trkpt lat="69.6417050" lon="18.5393460">
    <ele>724.9</ele>
    <time>2026-05-09T16:42:55Z</time>
   </trkpt>
   <trkpt lat="69.6417050" lon="18.5393460">
    <ele>724.9</ele>
    <time>2026-05-09T16:42:56Z</time>
   </trkpt>
   <trkpt lat="69.6417050" lon="18.5393460">
    <ele>724.9</ele>
    <time>2026-05-09T16:42:57Z</time>
   </trkpt>
   <trkpt lat="69.6417050" lon="18.5393460">
    <ele>724.9</ele>
    <time>2026-05-09T16:42:58Z</time>
   </trkpt>
   <trkpt lat="69.6417050" lon="18.5393460">
    <ele>724.9</ele>
    <time>2026-05-09T16:42:59Z</time>
   </trkpt>
   <trkpt lat="69.6417050" lon="18.5393460">
    <ele>724.9</ele>
    <time>2026-05-09T16:43:00Z</time>
   </trkpt>
   <trkpt lat="69.6417050" lon="18.5393460">
    <ele>724.9</ele>
    <time>2026-05-09T16:43:01Z</time>
   </trkpt>
   <trkpt lat="69.6417050" lon="18.5393460">
    <ele>724.9</ele>
    <time>2026-05-09T16:43:02Z</time>
   </trkpt>
   <trkpt lat="69.6417050" lon="18.5393460">
    <ele>724.9</ele>
    <time>2026-05-09T16:43:03Z</time>
   </trkpt>
   <trkpt lat="69.6417050" lon="18.5393460">
    <ele>724.9</ele>
    <time>2026-05-09T16:43:04Z</time>
   </trkpt>
   <trkpt lat="69.6417050" lon="18.5393460">
    <ele>724.9</ele>
    <time>2026-05-09T16:43:05Z</time>
   </trkpt>
   <trkpt lat="69.6417050" lon="18.5393460">
    <ele>724.9</ele>
    <time>2026-05-09T16:43:06Z</time>
   </trkpt>
   <trkpt lat="69.6417050" lon="18.5393460">
    <ele>724.9</ele>
    <time>2026-05-09T16:43:07Z</time>
   </trkpt>
   <trkpt lat="69.6417050" lon="18.5393460">
    <ele>724.9</ele>
    <time>2026-05-09T16:43:08Z</time>
   </trkpt>
   <trkpt lat="69.6417050" lon="18.5393460">
    <ele>724.9</ele>
    <time>2026-05-09T16:43:09Z</time>
   </trkpt>
   <trkpt lat="69.6417050" lon="18.5393460">
    <ele>724.9</ele>
    <time>2026-05-09T16:43:10Z</time>
   </trkpt>
   <trkpt lat="69.6417050" lon="18.5393460">
    <ele>724.9</ele>
    <time>2026-05-09T16:43:11Z</time>
   </trkpt>
   <trkpt lat="69.6417050" lon="18.5393460">
    <ele>724.9</ele>
    <time>2026-05-09T16:43:12Z</time>
   </trkpt>
   <trkpt lat="69.6417050" lon="18.5393460">
    <ele>724.9</ele>
    <time>2026-05-09T16:43:13Z</time>
   </trkpt>
   <trkpt lat="69.6417050" lon="18.5393460">
    <ele>724.9</ele>
    <time>2026-05-09T16:43:14Z</time>
   </trkpt>
   <trkpt lat="69.6417050" lon="18.5393460">
    <ele>724.9</ele>
    <time>2026-05-09T16:43:15Z</time>
   </trkpt>
   <trkpt lat="69.6417050" lon="18.5393460">
    <ele>724.9</ele>
    <time>2026-05-09T16:43:16Z</time>
   </trkpt>
   <trkpt lat="69.6417050" lon="18.5393460">
    <ele>724.9</ele>
    <time>2026-05-09T16:43:17Z</time>
   </trkpt>
   <trkpt lat="69.6417050" lon="18.5393460">
    <ele>724.9</ele>
    <time>2026-05-09T16:43:18Z</time>
   </trkpt>
   <trkpt lat="69.6417050" lon="18.5393460">
    <ele>724.9</ele>
    <time>2026-05-09T16:43:19Z</time>
   </trkpt>
   <trkpt lat="69.6417050" lon="18.5393460">
    <ele>724.9</ele>
    <time>2026-05-09T16:43:20Z</time>
   </trkpt>
   <trkpt lat="69.6417050" lon="18.5393460">
    <ele>724.9</ele>
    <time>2026-05-09T16:43:21Z</time>
   </trkpt>
   <trkpt lat="69.6417050" lon="18.5393460">
    <ele>724.9</ele>
    <time>2026-05-09T16:43:22Z</time>
   </trkpt>
   <trkpt lat="69.6417050" lon="18.5393460">
    <ele>724.9</ele>
    <time>2026-05-09T16:43:23Z</time>
   </trkpt>
   <trkpt lat="69.6417050" lon="18.5393460">
    <ele>724.9</ele>
    <time>2026-05-09T16:43:24Z</time>
   </trkpt>
   <trkpt lat="69.6417050" lon="18.5393460">
    <ele>724.9</ele>
    <time>2026-05-09T16:43:25Z</time>
   </trkpt>
   <trkpt lat="69.6417050" lon="18.5393460">
    <ele>724.9</ele>
    <time>2026-05-09T16:43:26Z</time>
   </trkpt>
   <trkpt lat="69.6417050" lon="18.5393460">
    <ele>724.9</ele>
    <time>2026-05-09T16:43:27Z</time>
   </trkpt>
   <trkpt lat="69.6417050" lon="18.5393460">
    <ele>724.9</ele>
    <time>2026-05-09T16:43:28Z</time>
   </trkpt>
   <trkpt lat="69.6417050" lon="18.5393460">
    <ele>724.9</ele>
    <time>2026-05-09T16:43:29Z</time>
   </trkpt>
   <trkpt lat="69.6417050" lon="18.5393460">
    <ele>724.9</ele>
    <time>2026-05-09T16:43:30Z</time>
   </trkpt>
   <trkpt lat="69.6417050" lon="18.5393460">
    <ele>724.9</ele>
    <time>2026-05-09T16:43:31Z</time>
   </trkpt>
   <trkpt lat="69.6417050" lon="18.5393460">
    <ele>724.9</ele>
    <time>2026-05-09T16:43:32Z</time>
   </trkpt>
   <trkpt lat="69.6417100" lon="18.5394230">
    <ele>725.0</ele>
    <time>2026-05-09T16:43:33Z</time>
   </trkpt>
   <trkpt lat="69.6417140" lon="18.5394970">
    <ele>725.4</ele>
    <time>2026-05-09T16:43:34Z</time>
   </trkpt>
   <trkpt lat="69.6417140" lon="18.5394970">
    <ele>725.4</ele>
    <time>2026-05-09T16:43:35Z</time>
   </trkpt>
   <trkpt lat="69.6417170" lon="18.5395620">
    <ele>726.2</ele>
    <time>2026-05-09T16:43:36Z</time>
   </trkpt>
   <trkpt lat="69.6417170" lon="18.5395620">
    <ele>726.2</ele>
    <time>2026-05-09T16:43:37Z</time>
   </trkpt>
   <trkpt lat="69.6417170" lon="18.5395620">
    <ele>726.2</ele>
    <time>2026-05-09T16:43:38Z</time>
   </trkpt>
   <trkpt lat="69.6417200" lon="18.5396270">
    <ele>726.4</ele>
    <time>2026-05-09T16:43:39Z</time>
   </trkpt>
   <trkpt lat="69.6417200" lon="18.5396270">
    <ele>726.4</ele>
    <time>2026-05-09T16:43:40Z</time>
   </trkpt>
   <trkpt lat="69.6417220" lon="18.5396860">
    <ele>726.7</ele>
    <time>2026-05-09T16:43:41Z</time>
   </trkpt>
   <trkpt lat="69.6417220" lon="18.5396860">
    <ele>726.7</ele>
    <time>2026-05-09T16:43:42Z</time>
   </trkpt>
   <trkpt lat="69.6417220" lon="18.5396860">
    <ele>726.7</ele>
    <time>2026-05-09T16:43:43Z</time>
   </trkpt>
   <trkpt lat="69.6417250" lon="18.5397610">
    <ele>727.2</ele>
    <time>2026-05-09T16:43:44Z</time>
   </trkpt>
   <trkpt lat="69.6417250" lon="18.5397610">
    <ele>727.2</ele>
    <time>2026-05-09T16:43:45Z</time>
   </trkpt>
   <trkpt lat="69.6417280" lon="18.5398210">
    <ele>727.7</ele>
    <time>2026-05-09T16:43:46Z</time>
   </trkpt>
   <trkpt lat="69.6417280" lon="18.5398210">
    <ele>727.7</ele>
    <time>2026-05-09T16:43:47Z</time>
   </trkpt>
   <trkpt lat="69.6417280" lon="18.5398210">
    <ele>727.7</ele>
    <time>2026-05-09T16:43:48Z</time>
   </trkpt>
   <trkpt lat="69.6417280" lon="18.5398210">
    <ele>727.7</ele>
    <time>2026-05-09T16:43:49Z</time>
   </trkpt>
   <trkpt lat="69.6417300" lon="18.5398880">
    <ele>728.2</ele>
    <time>2026-05-09T16:43:50Z</time>
   </trkpt>
   <trkpt lat="69.6417310" lon="18.5399470">
    <ele>728.7</ele>
    <time>2026-05-09T16:43:51Z</time>
   </trkpt>
   <trkpt lat="69.6417310" lon="18.5399470">
    <ele>728.7</ele>
    <time>2026-05-09T16:43:52Z</time>
   </trkpt>
   <trkpt lat="69.6417320" lon="18.5400040">
    <ele>729.0</ele>
    <time>2026-05-09T16:43:53Z</time>
   </trkpt>
   <trkpt lat="69.6417320" lon="18.5400040">
    <ele>729.0</ele>
    <time>2026-05-09T16:43:54Z</time>
   </trkpt>
   <trkpt lat="69.6417320" lon="18.5400040">
    <ele>729.0</ele>
    <time>2026-05-09T16:43:55Z</time>
   </trkpt>
   <trkpt lat="69.6417340" lon="18.5400760">
    <ele>729.5</ele>
    <time>2026-05-09T16:43:56Z</time>
   </trkpt>
   <trkpt lat="69.6417340" lon="18.5400760">
    <ele>729.5</ele>
    <time>2026-05-09T16:43:57Z</time>
   </trkpt>
   <trkpt lat="69.6417340" lon="18.5400760">
    <ele>729.5</ele>
    <time>2026-05-09T16:43:58Z</time>
   </trkpt>
   <trkpt lat="69.6417340" lon="18.5400760">
    <ele>729.5</ele>
    <time>2026-05-09T16:43:59Z</time>
   </trkpt>
   <trkpt lat="69.6417390" lon="18.5401530">
    <ele>729.8</ele>
    <time>2026-05-09T16:44:00Z</time>
   </trkpt>
   <trkpt lat="69.6417390" lon="18.5401530">
    <ele>729.8</ele>
    <time>2026-05-09T16:44:01Z</time>
   </trkpt>
   <trkpt lat="69.6417390" lon="18.5401530">
    <ele>729.8</ele>
    <time>2026-05-09T16:44:02Z</time>
   </trkpt>
   <trkpt lat="69.6417450" lon="18.5402220">
    <ele>730.6</ele>
    <time>2026-05-09T16:44:03Z</time>
   </trkpt>
   <trkpt lat="69.6417450" lon="18.5402220">
    <ele>730.6</ele>
    <time>2026-05-09T16:44:04Z</time>
   </trkpt>
   <trkpt lat="69.6417450" lon="18.5402220">
    <ele>730.6</ele>
    <time>2026-05-09T16:44:05Z</time>
   </trkpt>
   <trkpt lat="69.6417510" lon="18.5402910">
    <ele>731.2</ele>
    <time>2026-05-09T16:44:06Z</time>
   </trkpt>
   <trkpt lat="69.6417510" lon="18.5402910">
    <ele>731.2</ele>
    <time>2026-05-09T16:44:07Z</time>
   </trkpt>
   <trkpt lat="69.6417510" lon="18.5402910">
    <ele>731.2</ele>
    <time>2026-05-09T16:44:08Z</time>
   </trkpt>
   <trkpt lat="69.6417540" lon="18.5403730">
    <ele>731.9</ele>
    <time>2026-05-09T16:44:09Z</time>
   </trkpt>
   <trkpt lat="69.6417540" lon="18.5403730">
    <ele>731.9</ele>
    <time>2026-05-09T16:44:10Z</time>
   </trkpt>
   <trkpt lat="69.6417550" lon="18.5404240">
    <ele>732.2</ele>
    <time>2026-05-09T16:44:11Z</time>
   </trkpt>
   <trkpt lat="69.6417590" lon="18.5404810">
    <ele>732.5</ele>
    <time>2026-05-09T16:44:12Z</time>
   </trkpt>
   <trkpt lat="69.6417590" lon="18.5404810">
    <ele>732.5</ele>
    <time>2026-05-09T16:44:13Z</time>
   </trkpt>
   <trkpt lat="69.6417590" lon="18.5404810">
    <ele>732.5</ele>
    <time>2026-05-09T16:44:14Z</time>
   </trkpt>
   <trkpt lat="69.6417630" lon="18.5405440">
    <ele>732.8</ele>
    <time>2026-05-09T16:44:15Z</time>
   </trkpt>
   <trkpt lat="69.6417670" lon="18.5405990">
    <ele>733.3</ele>
    <time>2026-05-09T16:44:16Z</time>
   </trkpt>
   <trkpt lat="69.6417670" lon="18.5405990">
    <ele>733.3</ele>
    <time>2026-05-09T16:44:17Z</time>
   </trkpt>
   <trkpt lat="69.6417670" lon="18.5405990">
    <ele>733.3</ele>
    <time>2026-05-09T16:44:18Z</time>
   </trkpt>
   <trkpt lat="69.6417710" lon="18.5406560">
    <ele>733.5</ele>
    <time>2026-05-09T16:44:19Z</time>
   </trkpt>
   <trkpt lat="69.6417710" lon="18.5406560">
    <ele>733.5</ele>
    <time>2026-05-09T16:44:20Z</time>
   </trkpt>
   <trkpt lat="69.6417740" lon="18.5407110">
    <ele>733.6</ele>
    <time>2026-05-09T16:44:21Z</time>
   </trkpt>
   <trkpt lat="69.6417740" lon="18.5407110">
    <ele>733.6</ele>
    <time>2026-05-09T16:44:22Z</time>
   </trkpt>
   <trkpt lat="69.6417740" lon="18.5407110">
    <ele>733.6</ele>
    <time>2026-05-09T16:44:23Z</time>
   </trkpt>
   <trkpt lat="69.6417800" lon="18.5407920">
    <ele>733.9</ele>
    <time>2026-05-09T16:44:24Z</time>
   </trkpt>
   <trkpt lat="69.6417800" lon="18.5407920">
    <ele>733.9</ele>
    <time>2026-05-09T16:44:25Z</time>
   </trkpt>
   <trkpt lat="69.6417840" lon="18.5408510">
    <ele>734.2</ele>
    <time>2026-05-09T16:44:26Z</time>
   </trkpt>
   <trkpt lat="69.6417840" lon="18.5408510">
    <ele>734.2</ele>
    <time>2026-05-09T16:44:27Z</time>
   </trkpt>
   <trkpt lat="69.6417880" lon="18.5409130">
    <ele>734.3</ele>
    <time>2026-05-09T16:44:28Z</time>
   </trkpt>
   <trkpt lat="69.6417880" lon="18.5409130">
    <ele>734.3</ele>
    <time>2026-05-09T16:44:29Z</time>
   </trkpt>
   <trkpt lat="69.6417910" lon="18.5409710">
    <ele>734.5</ele>
    <time>2026-05-09T16:44:30Z</time>
   </trkpt>
   <trkpt lat="69.6417930" lon="18.5410330">
    <ele>734.7</ele>
    <time>2026-05-09T16:44:31Z</time>
   </trkpt>
   <trkpt lat="69.6417930" lon="18.5410330">
    <ele>734.7</ele>
    <time>2026-05-09T16:44:32Z</time>
   </trkpt>
   <trkpt lat="69.6417930" lon="18.5410330">
    <ele>734.7</ele>
    <time>2026-05-09T16:44:33Z</time>
   </trkpt>
   <trkpt lat="69.6417960" lon="18.5410960">
    <ele>734.8</ele>
    <time>2026-05-09T16:44:34Z</time>
   </trkpt>
   <trkpt lat="69.6417960" lon="18.5410960">
    <ele>734.8</ele>
    <time>2026-05-09T16:44:35Z</time>
   </trkpt>
   <trkpt lat="69.6417980" lon="18.5411580">
    <ele>735.0</ele>
    <time>2026-05-09T16:44:36Z</time>
   </trkpt>
   <trkpt lat="69.6417980" lon="18.5411580">
    <ele>735.0</ele>
    <time>2026-05-09T16:44:37Z</time>
   </trkpt>
   <trkpt lat="69.6418010" lon="18.5412140">
    <ele>735.0</ele>
    <time>2026-05-09T16:44:38Z</time>
   </trkpt>
   <trkpt lat="69.6418010" lon="18.5412140">
    <ele>735.0</ele>
    <time>2026-05-09T16:44:39Z</time>
   </trkpt>
   <trkpt lat="69.6418040" lon="18.5412740">
    <ele>735.2</ele>
    <time>2026-05-09T16:44:40Z</time>
   </trkpt>
   <trkpt lat="69.6418060" lon="18.5413300">
    <ele>735.3</ele>
    <time>2026-05-09T16:44:41Z</time>
   </trkpt>
   <trkpt lat="69.6418060" lon="18.5413300">
    <ele>735.3</ele>
    <time>2026-05-09T16:44:42Z</time>
   </trkpt>
   <trkpt lat="69.6418060" lon="18.5413300">
    <ele>735.3</ele>
    <time>2026-05-09T16:44:43Z</time>
   </trkpt>
   <trkpt lat="69.6418090" lon="18.5413830">
    <ele>735.3</ele>
    <time>2026-05-09T16:44:44Z</time>
   </trkpt>
   <trkpt lat="69.6418090" lon="18.5413830">
    <ele>735.3</ele>
    <time>2026-05-09T16:44:45Z</time>
   </trkpt>
   <trkpt lat="69.6418130" lon="18.5414400">
    <ele>735.3</ele>
    <time>2026-05-09T16:44:46Z</time>
   </trkpt>
   <trkpt lat="69.6418130" lon="18.5414400">
    <ele>735.3</ele>
    <time>2026-05-09T16:44:47Z</time>
   </trkpt>
   <trkpt lat="69.6418170" lon="18.5415000">
    <ele>735.2</ele>
    <time>2026-05-09T16:44:48Z</time>
   </trkpt>
   <trkpt lat="69.6418170" lon="18.5415000">
    <ele>735.2</ele>
    <time>2026-05-09T16:44:49Z</time>
   </trkpt>
   <trkpt lat="69.6418210" lon="18.5415560">
    <ele>735.3</ele>
    <time>2026-05-09T16:44:50Z</time>
   </trkpt>
   <trkpt lat="69.6418250" lon="18.5416090">
    <ele>735.3</ele>
    <time>2026-05-09T16:44:51Z</time>
   </trkpt>
   <trkpt lat="69.6418250" lon="18.5416090">
    <ele>735.3</ele>
    <time>2026-05-09T16:44:52Z</time>
   </trkpt>
   <trkpt lat="69.6418250" lon="18.5416090">
    <ele>735.3</ele>
    <time>2026-05-09T16:44:53Z</time>
   </trkpt>
   <trkpt lat="69.6418300" lon="18.5416680">
    <ele>735.2</ele>
    <time>2026-05-09T16:44:54Z</time>
   </trkpt>
   <trkpt lat="69.6418300" lon="18.5416680">
    <ele>735.2</ele>
    <time>2026-05-09T16:44:55Z</time>
   </trkpt>
   <trkpt lat="69.6418350" lon="18.5417320">
    <ele>735.3</ele>
    <time>2026-05-09T16:44:56Z</time>
   </trkpt>
   <trkpt lat="69.6418350" lon="18.5417320">
    <ele>735.3</ele>
    <time>2026-05-09T16:44:57Z</time>
   </trkpt>
   <trkpt lat="69.6418380" lon="18.5417920">
    <ele>735.1</ele>
    <time>2026-05-09T16:44:58Z</time>
   </trkpt>
   <trkpt lat="69.6418380" lon="18.5417920">
    <ele>735.1</ele>
    <time>2026-05-09T16:44:59Z</time>
   </trkpt>
   <trkpt lat="69.6418420" lon="18.5418590">
    <ele>735.1</ele>
    <time>2026-05-09T16:45:00Z</time>
   </trkpt>
   <trkpt lat="69.6418460" lon="18.5419330">
    <ele>734.9</ele>
    <time>2026-05-09T16:45:01Z</time>
   </trkpt>
   <trkpt lat="69.6418460" lon="18.5419330">
    <ele>734.9</ele>
    <time>2026-05-09T16:45:02Z</time>
   </trkpt>
   <trkpt lat="69.6418460" lon="18.5419330">
    <ele>734.9</ele>
    <time>2026-05-09T16:45:03Z</time>
   </trkpt>
   <trkpt lat="69.6418490" lon="18.5420040">
    <ele>734.9</ele>
    <time>2026-05-09T16:45:04Z</time>
   </trkpt>
   <trkpt lat="69.6418490" lon="18.5420040">
    <ele>734.9</ele>
    <time>2026-05-09T16:45:05Z</time>
   </trkpt>
   <trkpt lat="69.6418520" lon="18.5420720">
    <ele>734.9</ele>
    <time>2026-05-09T16:45:06Z</time>
   </trkpt>
   <trkpt lat="69.6418520" lon="18.5420720">
    <ele>734.9</ele>
    <time>2026-05-09T16:45:07Z</time>
   </trkpt>
   <trkpt lat="69.6418550" lon="18.5421370">
    <ele>734.8</ele>
    <time>2026-05-09T16:45:08Z</time>
   </trkpt>
   <trkpt lat="69.6418580" lon="18.5422010">
    <ele>734.9</ele>
    <time>2026-05-09T16:45:09Z</time>
   </trkpt>
   <trkpt lat="69.6418580" lon="18.5422010">
    <ele>734.9</ele>
    <time>2026-05-09T16:45:10Z</time>
   </trkpt>
   <trkpt lat="69.6418630" lon="18.5422700">
    <ele>735.0</ele>
    <time>2026-05-09T16:45:11Z</time>
   </trkpt>
   <trkpt lat="69.6418630" lon="18.5422700">
    <ele>735.0</ele>
    <time>2026-05-09T16:45:12Z</time>
   </trkpt>
   <trkpt lat="69.6418630" lon="18.5422700">
    <ele>735.0</ele>
    <time>2026-05-09T16:45:13Z</time>
   </trkpt>
   <trkpt lat="69.6418680" lon="18.5423450">
    <ele>735.2</ele>
    <time>2026-05-09T16:45:14Z</time>
   </trkpt>
   <trkpt lat="69.6418680" lon="18.5423450">
    <ele>735.2</ele>
    <time>2026-05-09T16:45:15Z</time>
   </trkpt>
   <trkpt lat="69.6418730" lon="18.5424100">
    <ele>735.3</ele>
    <time>2026-05-09T16:45:16Z</time>
   </trkpt>
   <trkpt lat="69.6418730" lon="18.5424100">
    <ele>735.3</ele>
    <time>2026-05-09T16:45:17Z</time>
   </trkpt>
   <trkpt lat="69.6418760" lon="18.5424720">
    <ele>735.4</ele>
    <time>2026-05-09T16:45:18Z</time>
   </trkpt>
   <trkpt lat="69.6418760" lon="18.5424720">
    <ele>735.4</ele>
    <time>2026-05-09T16:45:19Z</time>
   </trkpt>
   <trkpt lat="69.6418800" lon="18.5425400">
    <ele>735.6</ele>
    <time>2026-05-09T16:45:20Z</time>
   </trkpt>
   <trkpt lat="69.6418840" lon="18.5426090">
    <ele>735.8</ele>
    <time>2026-05-09T16:45:21Z</time>
   </trkpt>
   <trkpt lat="69.6418840" lon="18.5426090">
    <ele>735.8</ele>
    <time>2026-05-09T16:45:22Z</time>
   </trkpt>
   <trkpt lat="69.6418840" lon="18.5426090">
    <ele>735.8</ele>
    <time>2026-05-09T16:45:23Z</time>
   </trkpt>
   <trkpt lat="69.6418870" lon="18.5426750">
    <ele>735.8</ele>
    <time>2026-05-09T16:45:24Z</time>
   </trkpt>
   <trkpt lat="69.6418870" lon="18.5426750">
    <ele>735.8</ele>
    <time>2026-05-09T16:45:25Z</time>
   </trkpt>
   <trkpt lat="69.6418910" lon="18.5427370">
    <ele>736.0</ele>
    <time>2026-05-09T16:45:26Z</time>
   </trkpt>
   <trkpt lat="69.6418910" lon="18.5427370">
    <ele>736.0</ele>
    <time>2026-05-09T16:45:27Z</time>
   </trkpt>
   <trkpt lat="69.6418940" lon="18.5428050">
    <ele>736.1</ele>
    <time>2026-05-09T16:45:28Z</time>
   </trkpt>
   <trkpt lat="69.6418940" lon="18.5428050">
    <ele>736.1</ele>
    <time>2026-05-09T16:45:29Z</time>
   </trkpt>
   <trkpt lat="69.6418960" lon="18.5428670">
    <ele>736.2</ele>
    <time>2026-05-09T16:45:30Z</time>
   </trkpt>
   <trkpt lat="69.6418990" lon="18.5429250">
    <ele>736.3</ele>
    <time>2026-05-09T16:45:31Z</time>
   </trkpt>
   <trkpt lat="69.6418990" lon="18.5429250">
    <ele>736.3</ele>
    <time>2026-05-09T16:45:32Z</time>
   </trkpt>
   <trkpt lat="69.6418990" lon="18.5429250">
    <ele>736.3</ele>
    <time>2026-05-09T16:45:33Z</time>
   </trkpt>
   <trkpt lat="69.6419030" lon="18.5429860">
    <ele>736.3</ele>
    <time>2026-05-09T16:45:34Z</time>
   </trkpt>
   <trkpt lat="69.6419030" lon="18.5429860">
    <ele>736.3</ele>
    <time>2026-05-09T16:45:35Z</time>
   </trkpt>
   <trkpt lat="69.6419040" lon="18.5430500">
    <ele>736.4</ele>
    <time>2026-05-09T16:45:36Z</time>
   </trkpt>
   <trkpt lat="69.6419040" lon="18.5430500">
    <ele>736.4</ele>
    <time>2026-05-09T16:45:37Z</time>
   </trkpt>
   <trkpt lat="69.6419060" lon="18.5431140">
    <ele>736.5</ele>
    <time>2026-05-09T16:45:38Z</time>
   </trkpt>
   <trkpt lat="69.6419060" lon="18.5431140">
    <ele>736.5</ele>
    <time>2026-05-09T16:45:39Z</time>
   </trkpt>
   <trkpt lat="69.6419080" lon="18.5431730">
    <ele>736.7</ele>
    <time>2026-05-09T16:45:40Z</time>
   </trkpt>
   <trkpt lat="69.6419110" lon="18.5432280">
    <ele>736.7</ele>
    <time>2026-05-09T16:45:41Z</time>
   </trkpt>
   <trkpt lat="69.6419110" lon="18.5432280">
    <ele>736.7</ele>
    <time>2026-05-09T16:45:42Z</time>
   </trkpt>
   <trkpt lat="69.6419110" lon="18.5432280">
    <ele>736.7</ele>
    <time>2026-05-09T16:45:43Z</time>
   </trkpt>
   <trkpt lat="69.6419120" lon="18.5432810">
    <ele>736.8</ele>
    <time>2026-05-09T16:45:44Z</time>
   </trkpt>
   <trkpt lat="69.6419120" lon="18.5432810">
    <ele>736.8</ele>
    <time>2026-05-09T16:45:45Z</time>
   </trkpt>
   <trkpt lat="69.6419120" lon="18.5433330">
    <ele>736.9</ele>
    <time>2026-05-09T16:45:46Z</time>
   </trkpt>
   <trkpt lat="69.6419140" lon="18.5433850">
    <ele>737.1</ele>
    <time>2026-05-09T16:45:47Z</time>
   </trkpt>
   <trkpt lat="69.6419140" lon="18.5433850">
    <ele>737.1</ele>
    <time>2026-05-09T16:45:48Z</time>
   </trkpt>
   <trkpt lat="69.6419140" lon="18.5433850">
    <ele>737.1</ele>
    <time>2026-05-09T16:45:49Z</time>
   </trkpt>
   <trkpt lat="69.6419140" lon="18.5434370">
    <ele>737.2</ele>
    <time>2026-05-09T16:45:50Z</time>
   </trkpt>
   <trkpt lat="69.6419160" lon="18.5434940">
    <ele>737.4</ele>
    <time>2026-05-09T16:45:51Z</time>
   </trkpt>
   <trkpt lat="69.6419160" lon="18.5434940">
    <ele>737.4</ele>
    <time>2026-05-09T16:45:52Z</time>
   </trkpt>
   <trkpt lat="69.6419160" lon="18.5434940">
    <ele>737.4</ele>
    <time>2026-05-09T16:45:53Z</time>
   </trkpt>
   <trkpt lat="69.6419180" lon="18.5435580">
    <ele>737.6</ele>
    <time>2026-05-09T16:45:54Z</time>
   </trkpt>
   <trkpt lat="69.6419180" lon="18.5435580">
    <ele>737.6</ele>
    <time>2026-05-09T16:45:55Z</time>
   </trkpt>
   <trkpt lat="69.6419190" lon="18.5436250">
    <ele>737.7</ele>
    <time>2026-05-09T16:45:56Z</time>
   </trkpt>
   <trkpt lat="69.6419190" lon="18.5436250">
    <ele>737.7</ele>
    <time>2026-05-09T16:45:57Z</time>
   </trkpt>
   <trkpt lat="69.6419200" lon="18.5436890">
    <ele>738.0</ele>
    <time>2026-05-09T16:45:58Z</time>
   </trkpt>
   <trkpt lat="69.6419200" lon="18.5436890">
    <ele>738.0</ele>
    <time>2026-05-09T16:45:59Z</time>
   </trkpt>
   <trkpt lat="69.6419200" lon="18.5437540">
    <ele>738.2</ele>
    <time>2026-05-09T16:46:00Z</time>
   </trkpt>
   <trkpt lat="69.6419200" lon="18.5438250">
    <ele>738.6</ele>
    <time>2026-05-09T16:46:01Z</time>
   </trkpt>
   <trkpt lat="69.6419200" lon="18.5438250">
    <ele>738.6</ele>
    <time>2026-05-09T16:46:02Z</time>
   </trkpt>
   <trkpt lat="69.6419200" lon="18.5438250">
    <ele>738.6</ele>
    <time>2026-05-09T16:46:03Z</time>
   </trkpt>
   <trkpt lat="69.6419220" lon="18.5438890">
    <ele>738.8</ele>
    <time>2026-05-09T16:46:04Z</time>
   </trkpt>
   <trkpt lat="69.6419220" lon="18.5438890">
    <ele>738.8</ele>
    <time>2026-05-09T16:46:05Z</time>
   </trkpt>
   <trkpt lat="69.6419240" lon="18.5439850">
    <ele>739.3</ele>
    <time>2026-05-09T16:46:06Z</time>
   </trkpt>
   <trkpt lat="69.6419240" lon="18.5439850">
    <ele>739.3</ele>
    <time>2026-05-09T16:46:07Z</time>
   </trkpt>
   <trkpt lat="69.6419240" lon="18.5439850">
    <ele>739.3</ele>
    <time>2026-05-09T16:46:08Z</time>
   </trkpt>
   <trkpt lat="69.6419270" lon="18.5440410">
    <ele>739.5</ele>
    <time>2026-05-09T16:46:09Z</time>
   </trkpt>
   <trkpt lat="69.6419270" lon="18.5440410">
    <ele>739.5</ele>
    <time>2026-05-09T16:46:10Z</time>
   </trkpt>
   <trkpt lat="69.6419290" lon="18.5441020">
    <ele>739.7</ele>
    <time>2026-05-09T16:46:11Z</time>
   </trkpt>
   <trkpt lat="69.6419290" lon="18.5441020">
    <ele>739.7</ele>
    <time>2026-05-09T16:46:12Z</time>
   </trkpt>
   <trkpt lat="69.6419310" lon="18.5441640">
    <ele>740.1</ele>
    <time>2026-05-09T16:46:13Z</time>
   </trkpt>
   <trkpt lat="69.6419310" lon="18.5441640">
    <ele>740.1</ele>
    <time>2026-05-09T16:46:14Z</time>
   </trkpt>
   <trkpt lat="69.6419330" lon="18.5442190">
    <ele>740.3</ele>
    <time>2026-05-09T16:46:15Z</time>
   </trkpt>
   <trkpt lat="69.6419360" lon="18.5442730">
    <ele>740.5</ele>
    <time>2026-05-09T16:46:16Z</time>
   </trkpt>
   <trkpt lat="69.6419360" lon="18.5442730">
    <ele>740.5</ele>
    <time>2026-05-09T16:46:17Z</time>
   </trkpt>
   <trkpt lat="69.6419360" lon="18.5442730">
    <ele>740.5</ele>
    <time>2026-05-09T16:46:18Z</time>
   </trkpt>
   <trkpt lat="69.6419380" lon="18.5443280">
    <ele>740.9</ele>
    <time>2026-05-09T16:46:19Z</time>
   </trkpt>
   <trkpt lat="69.6419380" lon="18.5443280">
    <ele>740.9</ele>
    <time>2026-05-09T16:46:20Z</time>
   </trkpt>
   <trkpt lat="69.6419400" lon="18.5443990">
    <ele>741.1</ele>
    <time>2026-05-09T16:46:21Z</time>
   </trkpt>
   <trkpt lat="69.6419400" lon="18.5443990">
    <ele>741.1</ele>
    <time>2026-05-09T16:46:22Z</time>
   </trkpt>
   <trkpt lat="69.6419400" lon="18.5443990">
    <ele>741.1</ele>
    <time>2026-05-09T16:46:23Z</time>
   </trkpt>
   <trkpt lat="69.6419400" lon="18.5443990">
    <ele>741.1</ele>
    <time>2026-05-09T16:46:24Z</time>
   </trkpt>
   <trkpt lat="69.6419420" lon="18.5444680">
    <ele>741.5</ele>
    <time>2026-05-09T16:46:25Z</time>
   </trkpt>
   <trkpt lat="69.6419430" lon="18.5445220">
    <ele>741.7</ele>
    <time>2026-05-09T16:46:26Z</time>
   </trkpt>
   <trkpt lat="69.6419430" lon="18.5445220">
    <ele>741.7</ele>
    <time>2026-05-09T16:46:27Z</time>
   </trkpt>
   <trkpt lat="69.6419430" lon="18.5445220">
    <ele>741.7</ele>
    <time>2026-05-09T16:46:28Z</time>
   </trkpt>
   <trkpt lat="69.6419430" lon="18.5445220">
    <ele>741.7</ele>
    <time>2026-05-09T16:46:29Z</time>
   </trkpt>
   <trkpt lat="69.6419480" lon="18.5445950">
    <ele>742.1</ele>
    <time>2026-05-09T16:46:30Z</time>
   </trkpt>
   <trkpt lat="69.6419480" lon="18.5445950">
    <ele>742.1</ele>
    <time>2026-05-09T16:46:31Z</time>
   </trkpt>
   <trkpt lat="69.6419480" lon="18.5445950">
    <ele>742.1</ele>
    <time>2026-05-09T16:46:32Z</time>
   </trkpt>
   <trkpt lat="69.6419520" lon="18.5446710">
    <ele>742.6</ele>
    <time>2026-05-09T16:46:33Z</time>
   </trkpt>
   <trkpt lat="69.6419520" lon="18.5446710">
    <ele>742.6</ele>
    <time>2026-05-09T16:46:34Z</time>
   </trkpt>
   <trkpt lat="69.6419550" lon="18.5447250">
    <ele>742.7</ele>
    <time>2026-05-09T16:46:35Z</time>
   </trkpt>
   <trkpt lat="69.6419560" lon="18.5447810">
    <ele>743.0</ele>
    <time>2026-05-09T16:46:36Z</time>
   </trkpt>
   <trkpt lat="69.6419560" lon="18.5447810">
    <ele>743.0</ele>
    <time>2026-05-09T16:46:37Z</time>
   </trkpt>
   <trkpt lat="69.6419560" lon="18.5447810">
    <ele>743.0</ele>
    <time>2026-05-09T16:46:38Z</time>
   </trkpt>
   <trkpt lat="69.6419580" lon="18.5448390">
    <ele>743.5</ele>
    <time>2026-05-09T16:46:39Z</time>
   </trkpt>
   <trkpt lat="69.6419580" lon="18.5448390">
    <ele>743.5</ele>
    <time>2026-05-09T16:46:40Z</time>
   </trkpt>
   <trkpt lat="69.6419610" lon="18.5448940">
    <ele>743.7</ele>
    <time>2026-05-09T16:46:41Z</time>
   </trkpt>
   <trkpt lat="69.6419610" lon="18.5448940">
    <ele>743.7</ele>
    <time>2026-05-09T16:46:42Z</time>
   </trkpt>
   <trkpt lat="69.6419640" lon="18.5449480">
    <ele>744.1</ele>
    <time>2026-05-09T16:46:43Z</time>
   </trkpt>
   <trkpt lat="69.6419670" lon="18.5450040">
    <ele>744.4</ele>
    <time>2026-05-09T16:46:44Z</time>
   </trkpt>
   <trkpt lat="69.6419670" lon="18.5450040">
    <ele>744.4</ele>
    <time>2026-05-09T16:46:45Z</time>
   </trkpt>
   <trkpt lat="69.6419690" lon="18.5450620">
    <ele>744.9</ele>
    <time>2026-05-09T16:46:46Z</time>
   </trkpt>
   <trkpt lat="69.6419690" lon="18.5450620">
    <ele>744.9</ele>
    <time>2026-05-09T16:46:47Z</time>
   </trkpt>
   <trkpt lat="69.6419690" lon="18.5450620">
    <ele>744.9</ele>
    <time>2026-05-09T16:46:48Z</time>
   </trkpt>
   <trkpt lat="69.6419690" lon="18.5450620">
    <ele>744.9</ele>
    <time>2026-05-09T16:46:49Z</time>
   </trkpt>
   <trkpt lat="69.6419730" lon="18.5451350">
    <ele>745.2</ele>
    <time>2026-05-09T16:46:50Z</time>
   </trkpt>
   <trkpt lat="69.6419730" lon="18.5451350">
    <ele>745.2</ele>
    <time>2026-05-09T16:46:51Z</time>
   </trkpt>
   <trkpt lat="69.6419730" lon="18.5451350">
    <ele>745.2</ele>
    <time>2026-05-09T16:46:52Z</time>
   </trkpt>
   <trkpt lat="69.6419750" lon="18.5451930">
    <ele>745.8</ele>
    <time>2026-05-09T16:46:53Z</time>
   </trkpt>
   <trkpt lat="69.6419750" lon="18.5451930">
    <ele>745.8</ele>
    <time>2026-05-09T16:46:54Z</time>
   </trkpt>
   <trkpt lat="69.6419750" lon="18.5451930">
    <ele>745.8</ele>
    <time>2026-05-09T16:46:55Z</time>
   </trkpt>
   <trkpt lat="69.6419770" lon="18.5452580">
    <ele>746.1</ele>
    <time>2026-05-09T16:46:56Z</time>
   </trkpt>
   <trkpt lat="69.6419770" lon="18.5452580">
    <ele>746.1</ele>
    <time>2026-05-09T16:46:57Z</time>
   </trkpt>
   <trkpt lat="69.6419770" lon="18.5452580">
    <ele>746.1</ele>
    <time>2026-05-09T16:46:58Z</time>
   </trkpt>
   <trkpt lat="69.6419810" lon="18.5453240">
    <ele>746.7</ele>
    <time>2026-05-09T16:46:59Z</time>
   </trkpt>
   <trkpt lat="69.6419810" lon="18.5453240">
    <ele>746.7</ele>
    <time>2026-05-09T16:47:00Z</time>
   </trkpt>
   <trkpt lat="69.6419840" lon="18.5453880">
    <ele>746.6</ele>
    <time>2026-05-09T16:47:01Z</time>
   </trkpt>
   <trkpt lat="69.6419840" lon="18.5453880">
    <ele>746.6</ele>
    <time>2026-05-09T16:47:02Z</time>
   </trkpt>
   <trkpt lat="69.6419840" lon="18.5453880">
    <ele>746.6</ele>
    <time>2026-05-09T16:47:03Z</time>
   </trkpt>
   <trkpt lat="69.6419840" lon="18.5453880">
    <ele>746.6</ele>
    <time>2026-05-09T16:47:04Z</time>
   </trkpt>
   <trkpt lat="69.6419850" lon="18.5454500">
    <ele>747.1</ele>
    <time>2026-05-09T16:47:05Z</time>
   </trkpt>
   <trkpt lat="69.6419850" lon="18.5454500">
    <ele>747.1</ele>
    <time>2026-05-09T16:47:06Z</time>
   </trkpt>
   <trkpt lat="69.6419850" lon="18.5454500">
    <ele>747.1</ele>
    <time>2026-05-09T16:47:07Z</time>
   </trkpt>
   <trkpt lat="69.6419800" lon="18.5455050">
    <ele>747.8</ele>
    <time>2026-05-09T16:47:08Z</time>
   </trkpt>
   <trkpt lat="69.6419800" lon="18.5455050">
    <ele>747.8</ele>
    <time>2026-05-09T16:47:09Z</time>
   </trkpt>
   <trkpt lat="69.6419800" lon="18.5455050">
    <ele>747.8</ele>
    <time>2026-05-09T16:47:10Z</time>
   </trkpt>
   <trkpt lat="69.6419740" lon="18.5455540">
    <ele>748.0</ele>
    <time>2026-05-09T16:47:11Z</time>
   </trkpt>
   <trkpt lat="69.6419740" lon="18.5455540">
    <ele>748.0</ele>
    <time>2026-05-09T16:47:12Z</time>
   </trkpt>
   <trkpt lat="69.6419740" lon="18.5455540">
    <ele>748.0</ele>
    <time>2026-05-09T16:47:13Z</time>
   </trkpt>
   <trkpt lat="69.6419740" lon="18.5455540">
    <ele>748.0</ele>
    <time>2026-05-09T16:47:14Z</time>
   </trkpt>
   <trkpt lat="69.6419630" lon="18.5456070">
    <ele>748.8</ele>
    <time>2026-05-09T16:47:15Z</time>
   </trkpt>
   <trkpt lat="69.6419630" lon="18.5456070">
    <ele>748.8</ele>
    <time>2026-05-09T16:47:16Z</time>
   </trkpt>
   <trkpt lat="69.6419630" lon="18.5456070">
    <ele>748.8</ele>
    <time>2026-05-09T16:47:17Z</time>
   </trkpt>
   <trkpt lat="69.6419510" lon="18.5456510">
    <ele>749.5</ele>
    <time>2026-05-09T16:47:18Z</time>
   </trkpt>
   <trkpt lat="69.6419510" lon="18.5456510">
    <ele>749.5</ele>
    <time>2026-05-09T16:47:19Z</time>
   </trkpt>
   <trkpt lat="69.6419510" lon="18.5456510">
    <ele>749.5</ele>
    <time>2026-05-09T16:47:20Z</time>
   </trkpt>
   <trkpt lat="69.6419390" lon="18.5456950">
    <ele>750.1</ele>
    <time>2026-05-09T16:47:21Z</time>
   </trkpt>
   <trkpt lat="69.6419390" lon="18.5456950">
    <ele>750.1</ele>
    <time>2026-05-09T16:47:22Z</time>
   </trkpt>
   <trkpt lat="69.6419390" lon="18.5456950">
    <ele>750.1</ele>
    <time>2026-05-09T16:47:23Z</time>
   </trkpt>
   <trkpt lat="69.6419260" lon="18.5457390">
    <ele>750.9</ele>
    <time>2026-05-09T16:47:24Z</time>
   </trkpt>
   <trkpt lat="69.6419260" lon="18.5457390">
    <ele>750.9</ele>
    <time>2026-05-09T16:47:25Z</time>
   </trkpt>
   <trkpt lat="69.6419260" lon="18.5457390">
    <ele>750.9</ele>
    <time>2026-05-09T16:47:26Z</time>
   </trkpt>
   <trkpt lat="69.6419150" lon="18.5457870">
    <ele>751.7</ele>
    <time>2026-05-09T16:47:27Z</time>
   </trkpt>
   <trkpt lat="69.6419150" lon="18.5457870">
    <ele>751.7</ele>
    <time>2026-05-09T16:47:28Z</time>
   </trkpt>
   <trkpt lat="69.6419150" lon="18.5457870">
    <ele>751.7</ele>
    <time>2026-05-09T16:47:29Z</time>
   </trkpt>
   <trkpt lat="69.6419030" lon="18.5458310">
    <ele>752.5</ele>
    <time>2026-05-09T16:47:30Z</time>
   </trkpt>
   <trkpt lat="69.6419030" lon="18.5458310">
    <ele>752.5</ele>
    <time>2026-05-09T16:47:31Z</time>
   </trkpt>
   <trkpt lat="69.6418930" lon="18.5458760">
    <ele>753.1</ele>
    <time>2026-05-09T16:47:32Z</time>
   </trkpt>
   <trkpt lat="69.6418930" lon="18.5458760">
    <ele>753.1</ele>
    <time>2026-05-09T16:47:33Z</time>
   </trkpt>
   <trkpt lat="69.6418930" lon="18.5458760">
    <ele>753.1</ele>
    <time>2026-05-09T16:47:34Z</time>
   </trkpt>
   <trkpt lat="69.6418930" lon="18.5458760">
    <ele>753.1</ele>
    <time>2026-05-09T16:47:35Z</time>
   </trkpt>
   <trkpt lat="69.6418850" lon="18.5459260">
    <ele>753.5</ele>
    <time>2026-05-09T16:47:36Z</time>
   </trkpt>
   <trkpt lat="69.6418850" lon="18.5459260">
    <ele>753.5</ele>
    <time>2026-05-09T16:47:37Z</time>
   </trkpt>
   <trkpt lat="69.6418850" lon="18.5459260">
    <ele>753.5</ele>
    <time>2026-05-09T16:47:38Z</time>
   </trkpt>
   <trkpt lat="69.6418770" lon="18.5459730">
    <ele>753.9</ele>
    <time>2026-05-09T16:47:39Z</time>
   </trkpt>
   <trkpt lat="69.6418770" lon="18.5459730">
    <ele>753.9</ele>
    <time>2026-05-09T16:47:40Z</time>
   </trkpt>
   <trkpt lat="69.6418770" lon="18.5459730">
    <ele>753.9</ele>
    <time>2026-05-09T16:47:41Z</time>
   </trkpt>
   <trkpt lat="69.6418680" lon="18.5460240">
    <ele>754.3</ele>
    <time>2026-05-09T16:47:42Z</time>
   </trkpt>
   <trkpt lat="69.6418680" lon="18.5460240">
    <ele>754.3</ele>
    <time>2026-05-09T16:47:43Z</time>
   </trkpt>
   <trkpt lat="69.6418680" lon="18.5460240">
    <ele>754.3</ele>
    <time>2026-05-09T16:47:44Z</time>
   </trkpt>
   <trkpt lat="69.6418680" lon="18.5460240">
    <ele>754.3</ele>
    <time>2026-05-09T16:47:45Z</time>
   </trkpt>
   <trkpt lat="69.6418570" lon="18.5460780">
    <ele>754.7</ele>
    <time>2026-05-09T16:47:46Z</time>
   </trkpt>
   <trkpt lat="69.6418570" lon="18.5460780">
    <ele>754.7</ele>
    <time>2026-05-09T16:47:47Z</time>
   </trkpt>
   <trkpt lat="69.6418570" lon="18.5460780">
    <ele>754.7</ele>
    <time>2026-05-09T16:47:48Z</time>
   </trkpt>
   <trkpt lat="69.6418570" lon="18.5460780">
    <ele>754.7</ele>
    <time>2026-05-09T16:47:49Z</time>
   </trkpt>
   <trkpt lat="69.6418450" lon="18.5461420">
    <ele>755.4</ele>
    <time>2026-05-09T16:47:50Z</time>
   </trkpt>
   <trkpt lat="69.6418450" lon="18.5461420">
    <ele>755.5</ele>
    <time>2026-05-09T16:47:51Z</time>
   </trkpt>
   <trkpt lat="69.6418360" lon="18.5461970">
    <ele>756.0</ele>
    <time>2026-05-09T16:47:52Z</time>
   </trkpt>
   <trkpt lat="69.6418360" lon="18.5461970">
    <ele>756.0</ele>
    <time>2026-05-09T16:47:53Z</time>
   </trkpt>
   <trkpt lat="69.6418360" lon="18.5461970">
    <ele>756.0</ele>
    <time>2026-05-09T16:47:54Z</time>
   </trkpt>
   <trkpt lat="69.6418360" lon="18.5461970">
    <ele>756.0</ele>
    <time>2026-05-09T16:47:55Z</time>
   </trkpt>
   <trkpt lat="69.6418240" lon="18.5462450">
    <ele>756.3</ele>
    <time>2026-05-09T16:47:56Z</time>
   </trkpt>
   <trkpt lat="69.6418240" lon="18.5462450">
    <ele>756.3</ele>
    <time>2026-05-09T16:47:57Z</time>
   </trkpt>
   <trkpt lat="69.6418240" lon="18.5462450">
    <ele>756.3</ele>
    <time>2026-05-09T16:47:58Z</time>
   </trkpt>
   <trkpt lat="69.6418150" lon="18.5463000">
    <ele>757.3</ele>
    <time>2026-05-09T16:47:59Z</time>
   </trkpt>
   <trkpt lat="69.6418150" lon="18.5463000">
    <ele>757.3</ele>
    <time>2026-05-09T16:48:00Z</time>
   </trkpt>
   <trkpt lat="69.6418150" lon="18.5463000">
    <ele>757.3</ele>
    <time>2026-05-09T16:48:01Z</time>
   </trkpt>
   <trkpt lat="69.6418060" lon="18.5463520">
    <ele>757.8</ele>
    <time>2026-05-09T16:48:02Z</time>
   </trkpt>
   <trkpt lat="69.6418060" lon="18.5463520">
    <ele>757.8</ele>
    <time>2026-05-09T16:48:03Z</time>
   </trkpt>
   <trkpt lat="69.6418060" lon="18.5463520">
    <ele>757.8</ele>
    <time>2026-05-09T16:48:04Z</time>
   </trkpt>
   <trkpt lat="69.6418020" lon="18.5464110">
    <ele>758.1</ele>
    <time>2026-05-09T16:48:05Z</time>
   </trkpt>
   <trkpt lat="69.6418020" lon="18.5464110">
    <ele>758.1</ele>
    <time>2026-05-09T16:48:06Z</time>
   </trkpt>
   <trkpt lat="69.6417960" lon="18.5464700">
    <ele>759.1</ele>
    <time>2026-05-09T16:48:07Z</time>
   </trkpt>
   <trkpt lat="69.6417960" lon="18.5464700">
    <ele>759.1</ele>
    <time>2026-05-09T16:48:08Z</time>
   </trkpt>
   <trkpt lat="69.6417960" lon="18.5464700">
    <ele>759.1</ele>
    <time>2026-05-09T16:48:09Z</time>
   </trkpt>
   <trkpt lat="69.6417960" lon="18.5464700">
    <ele>759.1</ele>
    <time>2026-05-09T16:48:10Z</time>
   </trkpt>
   <trkpt lat="69.6417900" lon="18.5465220">
    <ele>759.5</ele>
    <time>2026-05-09T16:48:11Z</time>
   </trkpt>
   <trkpt lat="69.6417900" lon="18.5465220">
    <ele>759.5</ele>
    <time>2026-05-09T16:48:12Z</time>
   </trkpt>
   <trkpt lat="69.6417900" lon="18.5465220">
    <ele>759.5</ele>
    <time>2026-05-09T16:48:13Z</time>
   </trkpt>
   <trkpt lat="69.6417840" lon="18.5465800">
    <ele>759.8</ele>
    <time>2026-05-09T16:48:14Z</time>
   </trkpt>
   <trkpt lat="69.6417840" lon="18.5465800">
    <ele>759.8</ele>
    <time>2026-05-09T16:48:15Z</time>
   </trkpt>
   <trkpt lat="69.6417840" lon="18.5465800">
    <ele>759.8</ele>
    <time>2026-05-09T16:48:16Z</time>
   </trkpt>
   <trkpt lat="69.6417800" lon="18.5466360">
    <ele>760.1</ele>
    <time>2026-05-09T16:48:17Z</time>
   </trkpt>
   <trkpt lat="69.6417800" lon="18.5466360">
    <ele>760.1</ele>
    <time>2026-05-09T16:48:18Z</time>
   </trkpt>
   <trkpt lat="69.6417750" lon="18.5466930">
    <ele>760.7</ele>
    <time>2026-05-09T16:48:19Z</time>
   </trkpt>
   <trkpt lat="69.6417750" lon="18.5466930">
    <ele>760.7</ele>
    <time>2026-05-09T16:48:20Z</time>
   </trkpt>
   <trkpt lat="69.6417750" lon="18.5466930">
    <ele>760.7</ele>
    <time>2026-05-09T16:48:21Z</time>
   </trkpt>
   <trkpt lat="69.6417710" lon="18.5467500">
    <ele>760.8</ele>
    <time>2026-05-09T16:48:22Z</time>
   </trkpt>
   <trkpt lat="69.6417710" lon="18.5467500">
    <ele>760.8</ele>
    <time>2026-05-09T16:48:23Z</time>
   </trkpt>
   <trkpt lat="69.6417710" lon="18.5467500">
    <ele>760.8</ele>
    <time>2026-05-09T16:48:24Z</time>
   </trkpt>
   <trkpt lat="69.6417710" lon="18.5467500">
    <ele>760.8</ele>
    <time>2026-05-09T16:48:25Z</time>
   </trkpt>
   <trkpt lat="69.6417680" lon="18.5468070">
    <ele>761.1</ele>
    <time>2026-05-09T16:48:26Z</time>
   </trkpt>
   <trkpt lat="69.6417680" lon="18.5468070">
    <ele>761.1</ele>
    <time>2026-05-09T16:48:27Z</time>
   </trkpt>
   <trkpt lat="69.6417680" lon="18.5468070">
    <ele>761.1</ele>
    <time>2026-05-09T16:48:28Z</time>
   </trkpt>
   <trkpt lat="69.6417660" lon="18.5468610">
    <ele>761.6</ele>
    <time>2026-05-09T16:48:29Z</time>
   </trkpt>
   <trkpt lat="69.6417660" lon="18.5468610">
    <ele>761.6</ele>
    <time>2026-05-09T16:48:30Z</time>
   </trkpt>
   <trkpt lat="69.6417660" lon="18.5468610">
    <ele>761.6</ele>
    <time>2026-05-09T16:48:31Z</time>
   </trkpt>
   <trkpt lat="69.6417600" lon="18.5469220">
    <ele>761.9</ele>
    <time>2026-05-09T16:48:32Z</time>
   </trkpt>
   <trkpt lat="69.6417600" lon="18.5469220">
    <ele>761.9</ele>
    <time>2026-05-09T16:48:33Z</time>
   </trkpt>
   <trkpt lat="69.6417600" lon="18.5469220">
    <ele>761.9</ele>
    <time>2026-05-09T16:48:34Z</time>
   </trkpt>
   <trkpt lat="69.6417560" lon="18.5469780">
    <ele>762.0</ele>
    <time>2026-05-09T16:48:35Z</time>
   </trkpt>
   <trkpt lat="69.6417560" lon="18.5469780">
    <ele>762.0</ele>
    <time>2026-05-09T16:48:36Z</time>
   </trkpt>
   <trkpt lat="69.6417510" lon="18.5470350">
    <ele>762.5</ele>
    <time>2026-05-09T16:48:37Z</time>
   </trkpt>
   <trkpt lat="69.6417510" lon="18.5470350">
    <ele>762.5</ele>
    <time>2026-05-09T16:48:38Z</time>
   </trkpt>
   <trkpt lat="69.6417510" lon="18.5470350">
    <ele>762.5</ele>
    <time>2026-05-09T16:48:39Z</time>
   </trkpt>
   <trkpt lat="69.6417510" lon="18.5470350">
    <ele>762.5</ele>
    <time>2026-05-09T16:48:40Z</time>
   </trkpt>
   <trkpt lat="69.6417470" lon="18.5470920">
    <ele>762.7</ele>
    <time>2026-05-09T16:48:41Z</time>
   </trkpt>
   <trkpt lat="69.6417470" lon="18.5470920">
    <ele>762.7</ele>
    <time>2026-05-09T16:48:42Z</time>
   </trkpt>
   <trkpt lat="69.6417470" lon="18.5470920">
    <ele>762.7</ele>
    <time>2026-05-09T16:48:43Z</time>
   </trkpt>
   <trkpt lat="69.6417410" lon="18.5471450">
    <ele>762.7</ele>
    <time>2026-05-09T16:48:44Z</time>
   </trkpt>
   <trkpt lat="69.6417410" lon="18.5471450">
    <ele>762.7</ele>
    <time>2026-05-09T16:48:45Z</time>
   </trkpt>
   <trkpt lat="69.6417410" lon="18.5471450">
    <ele>762.7</ele>
    <time>2026-05-09T16:48:46Z</time>
   </trkpt>
   <trkpt lat="69.6417370" lon="18.5471950">
    <ele>762.9</ele>
    <time>2026-05-09T16:48:47Z</time>
   </trkpt>
   <trkpt lat="69.6417370" lon="18.5471950">
    <ele>762.9</ele>
    <time>2026-05-09T16:48:48Z</time>
   </trkpt>
   <trkpt lat="69.6417370" lon="18.5471950">
    <ele>762.9</ele>
    <time>2026-05-09T16:48:49Z</time>
   </trkpt>
   <trkpt lat="69.6417300" lon="18.5472530">
    <ele>763.3</ele>
    <time>2026-05-09T16:48:50Z</time>
   </trkpt>
   <trkpt lat="69.6417300" lon="18.5472530">
    <ele>763.3</ele>
    <time>2026-05-09T16:48:51Z</time>
   </trkpt>
   <trkpt lat="69.6417270" lon="18.5473100">
    <ele>763.1</ele>
    <time>2026-05-09T16:48:52Z</time>
   </trkpt>
   <trkpt lat="69.6417270" lon="18.5473100">
    <ele>763.1</ele>
    <time>2026-05-09T16:48:53Z</time>
   </trkpt>
   <trkpt lat="69.6417270" lon="18.5473100">
    <ele>763.1</ele>
    <time>2026-05-09T16:48:54Z</time>
   </trkpt>
   <trkpt lat="69.6417270" lon="18.5473100">
    <ele>763.1</ele>
    <time>2026-05-09T16:48:55Z</time>
   </trkpt>
   <trkpt lat="69.6417240" lon="18.5473670">
    <ele>763.2</ele>
    <time>2026-05-09T16:48:56Z</time>
   </trkpt>
   <trkpt lat="69.6417240" lon="18.5473670">
    <ele>763.2</ele>
    <time>2026-05-09T16:48:57Z</time>
   </trkpt>
   <trkpt lat="69.6417240" lon="18.5473670">
    <ele>763.2</ele>
    <time>2026-05-09T16:48:58Z</time>
   </trkpt>
   <trkpt lat="69.6417240" lon="18.5473670">
    <ele>763.2</ele>
    <time>2026-05-09T16:48:59Z</time>
   </trkpt>
   <trkpt lat="69.6417190" lon="18.5474300">
    <ele>763.6</ele>
    <time>2026-05-09T16:49:00Z</time>
   </trkpt>
   <trkpt lat="69.6417190" lon="18.5474300">
    <ele>763.6</ele>
    <time>2026-05-09T16:49:01Z</time>
   </trkpt>
   <trkpt lat="69.6417190" lon="18.5474300">
    <ele>763.6</ele>
    <time>2026-05-09T16:49:02Z</time>
   </trkpt>
   <trkpt lat="69.6417190" lon="18.5474300">
    <ele>763.6</ele>
    <time>2026-05-09T16:49:03Z</time>
   </trkpt>
   <trkpt lat="69.6417190" lon="18.5474300">
    <ele>763.6</ele>
    <time>2026-05-09T16:49:04Z</time>
   </trkpt>
   <trkpt lat="69.6417190" lon="18.5474300">
    <ele>763.6</ele>
    <time>2026-05-09T16:49:05Z</time>
   </trkpt>
   <trkpt lat="69.6417190" lon="18.5474300">
    <ele>763.6</ele>
    <time>2026-05-09T16:49:06Z</time>
   </trkpt>
   <trkpt lat="69.6417190" lon="18.5474300">
    <ele>763.6</ele>
    <time>2026-05-09T16:49:07Z</time>
   </trkpt>
   <trkpt lat="69.6417190" lon="18.5474300">
    <ele>763.6</ele>
    <time>2026-05-09T16:49:08Z</time>
   </trkpt>
   <trkpt lat="69.6417190" lon="18.5474300">
    <ele>763.6</ele>
    <time>2026-05-09T16:49:09Z</time>
   </trkpt>
   <trkpt lat="69.6417190" lon="18.5474300">
    <ele>763.6</ele>
    <time>2026-05-09T16:49:10Z</time>
   </trkpt>
   <trkpt lat="69.6417190" lon="18.5474300">
    <ele>763.6</ele>
    <time>2026-05-09T16:49:11Z</time>
   </trkpt>
   <trkpt lat="69.6417190" lon="18.5474300">
    <ele>763.6</ele>
    <time>2026-05-09T16:49:12Z</time>
   </trkpt>
   <trkpt lat="69.6417190" lon="18.5474300">
    <ele>763.6</ele>
    <time>2026-05-09T16:49:13Z</time>
   </trkpt>
   <trkpt lat="69.6417190" lon="18.5474300">
    <ele>763.6</ele>
    <time>2026-05-09T16:49:14Z</time>
   </trkpt>
   <trkpt lat="69.6417190" lon="18.5474300">
    <ele>763.6</ele>
    <time>2026-05-09T16:49:15Z</time>
   </trkpt>
   <trkpt lat="69.6417190" lon="18.5474300">
    <ele>763.6</ele>
    <time>2026-05-09T16:49:16Z</time>
   </trkpt>
   <trkpt lat="69.6417190" lon="18.5474300">
    <ele>763.6</ele>
    <time>2026-05-09T16:49:17Z</time>
   </trkpt>
   <trkpt lat="69.6417190" lon="18.5474300">
    <ele>763.6</ele>
    <time>2026-05-09T16:49:18Z</time>
   </trkpt>
   <trkpt lat="69.6417190" lon="18.5474300">
    <ele>763.6</ele>
    <time>2026-05-09T16:49:19Z</time>
   </trkpt>
   <trkpt lat="69.6417190" lon="18.5474300">
    <ele>763.6</ele>
    <time>2026-05-09T16:49:20Z</time>
   </trkpt>
   <trkpt lat="69.6417190" lon="18.5474300">
    <ele>763.6</ele>
    <time>2026-05-09T16:49:21Z</time>
   </trkpt>
   <trkpt lat="69.6417190" lon="18.5474300">
    <ele>763.6</ele>
    <time>2026-05-09T16:49:22Z</time>
   </trkpt>
   <trkpt lat="69.6417190" lon="18.5474300">
    <ele>763.6</ele>
    <time>2026-05-09T16:49:23Z</time>
   </trkpt>
   <trkpt lat="69.6417190" lon="18.5474300">
    <ele>763.6</ele>
    <time>2026-05-09T16:49:24Z</time>
   </trkpt>
   <trkpt lat="69.6417190" lon="18.5474300">
    <ele>763.6</ele>
    <time>2026-05-09T16:49:25Z</time>
   </trkpt>
   <trkpt lat="69.6417190" lon="18.5474300">
    <ele>763.6</ele>
    <time>2026-05-09T16:49:26Z</time>
   </trkpt>
   <trkpt lat="69.6417190" lon="18.5474300">
    <ele>763.6</ele>
    <time>2026-05-09T16:49:27Z</time>
   </trkpt>
   <trkpt lat="69.6417190" lon="18.5474300">
    <ele>763.6</ele>
    <time>2026-05-09T16:49:28Z</time>
   </trkpt>
   <trkpt lat="69.6417190" lon="18.5474300">
    <ele>763.6</ele>
    <time>2026-05-09T16:49:29Z</time>
   </trkpt>
   <trkpt lat="69.6417190" lon="18.5474300">
    <ele>763.6</ele>
    <time>2026-05-09T16:49:30Z</time>
   </trkpt>
   <trkpt lat="69.6417230" lon="18.5474810">
    <ele>763.8</ele>
    <time>2026-05-09T16:49:31Z</time>
   </trkpt>
   <trkpt lat="69.6417230" lon="18.5474810">
    <ele>763.8</ele>
    <time>2026-05-09T16:49:32Z</time>
   </trkpt>
   <trkpt lat="69.6417230" lon="18.5474810">
    <ele>763.8</ele>
    <time>2026-05-09T16:49:33Z</time>
   </trkpt>
   <trkpt lat="69.6417230" lon="18.5474810">
    <ele>763.8</ele>
    <time>2026-05-09T16:49:34Z</time>
   </trkpt>
   <trkpt lat="69.6417230" lon="18.5474810">
    <ele>763.8</ele>
    <time>2026-05-09T16:49:35Z</time>
   </trkpt>
   <trkpt lat="69.6417230" lon="18.5474810">
    <ele>763.8</ele>
    <time>2026-05-09T16:49:36Z</time>
   </trkpt>
   <trkpt lat="69.6417230" lon="18.5474810">
    <ele>763.8</ele>
    <time>2026-05-09T16:49:37Z</time>
   </trkpt>
   <trkpt lat="69.6417230" lon="18.5474810">
    <ele>763.8</ele>
    <time>2026-05-09T16:49:38Z</time>
   </trkpt>
   <trkpt lat="69.6417230" lon="18.5474810">
    <ele>763.8</ele>
    <time>2026-05-09T16:49:39Z</time>
   </trkpt>
   <trkpt lat="69.6417230" lon="18.5474810">
    <ele>763.8</ele>
    <time>2026-05-09T16:49:40Z</time>
   </trkpt>
   <trkpt lat="69.6417230" lon="18.5474810">
    <ele>763.8</ele>
    <time>2026-05-09T16:49:41Z</time>
   </trkpt>
   <trkpt lat="69.6417230" lon="18.5474810">
    <ele>763.8</ele>
    <time>2026-05-09T16:49:42Z</time>
   </trkpt>
   <trkpt lat="69.6417230" lon="18.5474810">
    <ele>763.8</ele>
    <time>2026-05-09T16:49:43Z</time>
   </trkpt>
   <trkpt lat="69.6417230" lon="18.5474810">
    <ele>763.8</ele>
    <time>2026-05-09T16:49:44Z</time>
   </trkpt>
   <trkpt lat="69.6417230" lon="18.5474810">
    <ele>763.8</ele>
    <time>2026-05-09T16:49:45Z</time>
   </trkpt>
   <trkpt lat="69.6417230" lon="18.5474810">
    <ele>763.8</ele>
    <time>2026-05-09T16:49:46Z</time>
   </trkpt>
   <trkpt lat="69.6417230" lon="18.5474810">
    <ele>763.8</ele>
    <time>2026-05-09T16:49:47Z</time>
   </trkpt>
   <trkpt lat="69.6417230" lon="18.5474810">
    <ele>763.8</ele>
    <time>2026-05-09T16:49:48Z</time>
   </trkpt>
   <trkpt lat="69.6417230" lon="18.5474810">
    <ele>763.8</ele>
    <time>2026-05-09T16:49:49Z</time>
   </trkpt>
   <trkpt lat="69.6417230" lon="18.5474810">
    <ele>763.8</ele>
    <time>2026-05-09T16:49:50Z</time>
   </trkpt>
   <trkpt lat="69.6417230" lon="18.5474810">
    <ele>763.8</ele>
    <time>2026-05-09T16:49:51Z</time>
   </trkpt>
   <trkpt lat="69.6417230" lon="18.5474810">
    <ele>763.8</ele>
    <time>2026-05-09T16:49:52Z</time>
   </trkpt>
   <trkpt lat="69.6417230" lon="18.5474810">
    <ele>763.8</ele>
    <time>2026-05-09T16:49:53Z</time>
   </trkpt>
   <trkpt lat="69.6417230" lon="18.5474810">
    <ele>763.8</ele>
    <time>2026-05-09T16:49:54Z</time>
   </trkpt>
   <trkpt lat="69.6417230" lon="18.5474810">
    <ele>763.8</ele>
    <time>2026-05-09T16:49:55Z</time>
   </trkpt>
   <trkpt lat="69.6417230" lon="18.5474810">
    <ele>763.8</ele>
    <time>2026-05-09T16:49:56Z</time>
   </trkpt>
   <trkpt lat="69.6417230" lon="18.5474810">
    <ele>763.8</ele>
    <time>2026-05-09T16:49:57Z</time>
   </trkpt>
   <trkpt lat="69.6417230" lon="18.5474810">
    <ele>763.8</ele>
    <time>2026-05-09T16:49:58Z</time>
   </trkpt>
   <trkpt lat="69.6417230" lon="18.5474810">
    <ele>763.8</ele>
    <time>2026-05-09T16:49:59Z</time>
   </trkpt>
   <trkpt lat="69.6417230" lon="18.5474810">
    <ele>763.8</ele>
    <time>2026-05-09T16:50:00Z</time>
   </trkpt>
   <trkpt lat="69.6417230" lon="18.5474810">
    <ele>763.8</ele>
    <time>2026-05-09T16:50:01Z</time>
   </trkpt>
   <trkpt lat="69.6417230" lon="18.5474810">
    <ele>763.8</ele>
    <time>2026-05-09T16:50:02Z</time>
   </trkpt>
   <trkpt lat="69.6417230" lon="18.5474810">
    <ele>763.8</ele>
    <time>2026-05-09T16:50:03Z</time>
   </trkpt>
   <trkpt lat="69.6417230" lon="18.5474810">
    <ele>763.8</ele>
    <time>2026-05-09T16:50:04Z</time>
   </trkpt>
   <trkpt lat="69.6417230" lon="18.5474810">
    <ele>763.8</ele>
    <time>2026-05-09T16:50:05Z</time>
   </trkpt>
   <trkpt lat="69.6417230" lon="18.5474810">
    <ele>763.8</ele>
    <time>2026-05-09T16:50:06Z</time>
   </trkpt>
   <trkpt lat="69.6417230" lon="18.5474810">
    <ele>763.8</ele>
    <time>2026-05-09T16:50:07Z</time>
   </trkpt>
   <trkpt lat="69.6417230" lon="18.5474810">
    <ele>763.8</ele>
    <time>2026-05-09T16:50:08Z</time>
   </trkpt>
   <trkpt lat="69.6417230" lon="18.5474810">
    <ele>763.8</ele>
    <time>2026-05-09T16:50:09Z</time>
   </trkpt>
   <trkpt lat="69.6417230" lon="18.5474810">
    <ele>763.8</ele>
    <time>2026-05-09T16:50:10Z</time>
   </trkpt>
   <trkpt lat="69.6417230" lon="18.5474810">
    <ele>763.8</ele>
    <time>2026-05-09T16:50:11Z</time>
   </trkpt>
   <trkpt lat="69.6417230" lon="18.5474810">
    <ele>763.8</ele>
    <time>2026-05-09T16:50:12Z</time>
   </trkpt>
   <trkpt lat="69.6417230" lon="18.5474810">
    <ele>763.8</ele>
    <time>2026-05-09T16:50:13Z</time>
   </trkpt>
   <trkpt lat="69.6417230" lon="18.5474810">
    <ele>763.8</ele>
    <time>2026-05-09T16:50:14Z</time>
   </trkpt>
   <trkpt lat="69.6417230" lon="18.5474810">
    <ele>763.8</ele>
    <time>2026-05-09T16:50:15Z</time>
   </trkpt>
   <trkpt lat="69.6417230" lon="18.5474810">
    <ele>763.8</ele>
    <time>2026-05-09T16:50:16Z</time>
   </trkpt>
   <trkpt lat="69.6417230" lon="18.5474810">
    <ele>763.8</ele>
    <time>2026-05-09T16:50:17Z</time>
   </trkpt>
   <trkpt lat="69.6417230" lon="18.5474810">
    <ele>763.8</ele>
    <time>2026-05-09T16:50:18Z</time>
   </trkpt>
   <trkpt lat="69.6417230" lon="18.5474810">
    <ele>763.8</ele>
    <time>2026-05-09T16:50:19Z</time>
   </trkpt>
   <trkpt lat="69.6417230" lon="18.5474810">
    <ele>763.8</ele>
    <time>2026-05-09T16:50:20Z</time>
   </trkpt>
   <trkpt lat="69.6417230" lon="18.5474810">
    <ele>763.8</ele>
    <time>2026-05-09T16:50:21Z</time>
   </trkpt>
   <trkpt lat="69.6417230" lon="18.5474810">
    <ele>763.8</ele>
    <time>2026-05-09T16:50:22Z</time>
   </trkpt>
   <trkpt lat="69.6417230" lon="18.5474810">
    <ele>763.8</ele>
    <time>2026-05-09T16:50:23Z</time>
   </trkpt>
   <trkpt lat="69.6417230" lon="18.5474810">
    <ele>763.8</ele>
    <time>2026-05-09T16:50:24Z</time>
   </trkpt>
   <trkpt lat="69.6417230" lon="18.5474810">
    <ele>763.8</ele>
    <time>2026-05-09T16:50:25Z</time>
   </trkpt>
   <trkpt lat="69.6417230" lon="18.5474810">
    <ele>763.8</ele>
    <time>2026-05-09T16:50:26Z</time>
   </trkpt>
   <trkpt lat="69.6417230" lon="18.5474810">
    <ele>763.8</ele>
    <time>2026-05-09T16:50:27Z</time>
   </trkpt>
   <trkpt lat="69.6417230" lon="18.5474810">
    <ele>763.8</ele>
    <time>2026-05-09T16:50:28Z</time>
   </trkpt>
   <trkpt lat="69.6417230" lon="18.5474810">
    <ele>763.8</ele>
    <time>2026-05-09T16:50:29Z</time>
   </trkpt>
   <trkpt lat="69.6417230" lon="18.5474810">
    <ele>763.8</ele>
    <time>2026-05-09T16:50:30Z</time>
   </trkpt>
   <trkpt lat="69.6417230" lon="18.5474810">
    <ele>763.8</ele>
    <time>2026-05-09T16:50:31Z</time>
   </trkpt>
   <trkpt lat="69.6417230" lon="18.5474810">
    <ele>763.8</ele>
    <time>2026-05-09T16:50:32Z</time>
   </trkpt>
   <trkpt lat="69.6417230" lon="18.5474810">
    <ele>763.8</ele>
    <time>2026-05-09T16:50:33Z</time>
   </trkpt>
   <trkpt lat="69.6417230" lon="18.5474810">
    <ele>763.8</ele>
    <time>2026-05-09T16:50:34Z</time>
   </trkpt>
   <trkpt lat="69.6417230" lon="18.5474810">
    <ele>763.8</ele>
    <time>2026-05-09T16:50:35Z</time>
   </trkpt>
   <trkpt lat="69.6417230" lon="18.5474810">
    <ele>763.8</ele>
    <time>2026-05-09T16:50:36Z</time>
   </trkpt>
   <trkpt lat="69.6417230" lon="18.5474810">
    <ele>763.8</ele>
    <time>2026-05-09T16:50:37Z</time>
   </trkpt>
   <trkpt lat="69.6417230" lon="18.5474810">
    <ele>763.8</ele>
    <time>2026-05-09T16:50:38Z</time>
   </trkpt>
   <trkpt lat="69.6417230" lon="18.5474810">
    <ele>763.8</ele>
    <time>2026-05-09T16:50:39Z</time>
   </trkpt>
   <trkpt lat="69.6417230" lon="18.5474810">
    <ele>763.8</ele>
    <time>2026-05-09T16:50:40Z</time>
   </trkpt>
   <trkpt lat="69.6417230" lon="18.5474810">
    <ele>763.8</ele>
    <time>2026-05-09T16:50:41Z</time>
   </trkpt>
   <trkpt lat="69.6417230" lon="18.5474810">
    <ele>763.8</ele>
    <time>2026-05-09T16:50:42Z</time>
   </trkpt>
   <trkpt lat="69.6417230" lon="18.5474810">
    <ele>763.8</ele>
    <time>2026-05-09T16:50:43Z</time>
   </trkpt>
   <trkpt lat="69.6417230" lon="18.5474810">
    <ele>763.8</ele>
    <time>2026-05-09T16:50:44Z</time>
   </trkpt>
   <trkpt lat="69.6417230" lon="18.5474810">
    <ele>763.8</ele>
    <time>2026-05-09T16:50:45Z</time>
   </trkpt>
   <trkpt lat="69.6417230" lon="18.5474810">
    <ele>763.8</ele>
    <time>2026-05-09T16:50:46Z</time>
   </trkpt>
   <trkpt lat="69.6417230" lon="18.5474810">
    <ele>763.8</ele>
    <time>2026-05-09T16:50:47Z</time>
   </trkpt>
   <trkpt lat="69.6417230" lon="18.5474810">
    <ele>763.8</ele>
    <time>2026-05-09T16:50:48Z</time>
   </trkpt>
   <trkpt lat="69.6417230" lon="18.5474810">
    <ele>763.8</ele>
    <time>2026-05-09T16:50:49Z</time>
   </trkpt>
   <trkpt lat="69.6417230" lon="18.5474810">
    <ele>763.8</ele>
    <time>2026-05-09T16:50:50Z</time>
   </trkpt>
   <trkpt lat="69.6417230" lon="18.5474810">
    <ele>763.8</ele>
    <time>2026-05-09T16:50:51Z</time>
   </trkpt>
   <trkpt lat="69.6417230" lon="18.5474810">
    <ele>763.8</ele>
    <time>2026-05-09T16:50:52Z</time>
   </trkpt>
   <trkpt lat="69.6417230" lon="18.5474810">
    <ele>763.8</ele>
    <time>2026-05-09T16:50:53Z</time>
   </trkpt>
   <trkpt lat="69.6417230" lon="18.5474810">
    <ele>763.8</ele>
    <time>2026-05-09T16:50:54Z</time>
   </trkpt>
   <trkpt lat="69.6417230" lon="18.5474810">
    <ele>763.8</ele>
    <time>2026-05-09T16:50:55Z</time>
   </trkpt>
   <trkpt lat="69.6417230" lon="18.5474810">
    <ele>763.8</ele>
    <time>2026-05-09T16:50:56Z</time>
   </trkpt>
   <trkpt lat="69.6417230" lon="18.5474810">
    <ele>763.8</ele>
    <time>2026-05-09T16:50:57Z</time>
   </trkpt>
   <trkpt lat="69.6417230" lon="18.5474810">
    <ele>763.8</ele>
    <time>2026-05-09T16:50:58Z</time>
   </trkpt>
   <trkpt lat="69.6417230" lon="18.5474810">
    <ele>763.8</ele>
    <time>2026-05-09T16:50:59Z</time>
   </trkpt>
   <trkpt lat="69.6417230" lon="18.5474810">
    <ele>763.8</ele>
    <time>2026-05-09T16:51:00Z</time>
   </trkpt>
   <trkpt lat="69.6417230" lon="18.5474810">
    <ele>763.8</ele>
    <time>2026-05-09T16:51:01Z</time>
   </trkpt>
   <trkpt lat="69.6417230" lon="18.5474810">
    <ele>763.8</ele>
    <time>2026-05-09T16:51:02Z</time>
   </trkpt>
   <trkpt lat="69.6417230" lon="18.5474810">
    <ele>763.8</ele>
    <time>2026-05-09T16:51:03Z</time>
   </trkpt>
   <trkpt lat="69.6417230" lon="18.5474810">
    <ele>763.8</ele>
    <time>2026-05-09T16:51:04Z</time>
   </trkpt>
   <trkpt lat="69.6417230" lon="18.5474810">
    <ele>763.8</ele>
    <time>2026-05-09T16:51:05Z</time>
   </trkpt>
   <trkpt lat="69.6417230" lon="18.5474810">
    <ele>763.8</ele>
    <time>2026-05-09T16:51:06Z</time>
   </trkpt>
   <trkpt lat="69.6417230" lon="18.5474810">
    <ele>763.8</ele>
    <time>2026-05-09T16:51:07Z</time>
   </trkpt>
   <trkpt lat="69.6417230" lon="18.5474810">
    <ele>763.8</ele>
    <time>2026-05-09T16:51:08Z</time>
   </trkpt>
   <trkpt lat="69.6417230" lon="18.5474810">
    <ele>763.8</ele>
    <time>2026-05-09T16:51:09Z</time>
   </trkpt>
   <trkpt lat="69.6417230" lon="18.5474810">
    <ele>763.8</ele>
    <time>2026-05-09T16:51:10Z</time>
   </trkpt>
   <trkpt lat="69.6417230" lon="18.5474810">
    <ele>763.8</ele>
    <time>2026-05-09T16:51:11Z</time>
   </trkpt>
   <trkpt lat="69.6417230" lon="18.5474810">
    <ele>763.8</ele>
    <time>2026-05-09T16:51:12Z</time>
   </trkpt>
   <trkpt lat="69.6417230" lon="18.5474810">
    <ele>763.8</ele>
    <time>2026-05-09T16:51:13Z</time>
   </trkpt>
   <trkpt lat="69.6417230" lon="18.5474810">
    <ele>763.8</ele>
    <time>2026-05-09T16:51:14Z</time>
   </trkpt>
   <trkpt lat="69.6417230" lon="18.5474810">
    <ele>763.8</ele>
    <time>2026-05-09T16:51:15Z</time>
   </trkpt>
   <trkpt lat="69.6417230" lon="18.5474810">
    <ele>763.8</ele>
    <time>2026-05-09T16:51:16Z</time>
   </trkpt>
   <trkpt lat="69.6417230" lon="18.5474810">
    <ele>763.8</ele>
    <time>2026-05-09T16:51:17Z</time>
   </trkpt>
   <trkpt lat="69.6417230" lon="18.5474810">
    <ele>763.8</ele>
    <time>2026-05-09T16:51:18Z</time>
   </trkpt>
   <trkpt lat="69.6417230" lon="18.5474810">
    <ele>763.8</ele>
    <time>2026-05-09T16:51:19Z</time>
   </trkpt>
   <trkpt lat="69.6417230" lon="18.5474810">
    <ele>763.8</ele>
    <time>2026-05-09T16:51:20Z</time>
   </trkpt>
   <trkpt lat="69.6417230" lon="18.5474810">
    <ele>763.8</ele>
    <time>2026-05-09T16:51:21Z</time>
   </trkpt>
   <trkpt lat="69.6417230" lon="18.5474810">
    <ele>763.8</ele>
    <time>2026-05-09T16:51:22Z</time>
   </trkpt>
   <trkpt lat="69.6417230" lon="18.5474810">
    <ele>763.8</ele>
    <time>2026-05-09T16:51:23Z</time>
   </trkpt>
   <trkpt lat="69.6417230" lon="18.5474810">
    <ele>763.8</ele>
    <time>2026-05-09T16:51:24Z</time>
   </trkpt>
   <trkpt lat="69.6417230" lon="18.5474810">
    <ele>763.8</ele>
    <time>2026-05-09T16:51:25Z</time>
   </trkpt>
   <trkpt lat="69.6417230" lon="18.5474810">
    <ele>763.8</ele>
    <time>2026-05-09T16:51:26Z</time>
   </trkpt>
   <trkpt lat="69.6417230" lon="18.5474810">
    <ele>763.8</ele>
    <time>2026-05-09T16:51:27Z</time>
   </trkpt>
   <trkpt lat="69.6417230" lon="18.5474810">
    <ele>763.8</ele>
    <time>2026-05-09T16:51:28Z</time>
   </trkpt>
   <trkpt lat="69.6417230" lon="18.5474810">
    <ele>763.8</ele>
    <time>2026-05-09T16:51:29Z</time>
   </trkpt>
   <trkpt lat="69.6417230" lon="18.5474810">
    <ele>763.8</ele>
    <time>2026-05-09T16:51:30Z</time>
   </trkpt>
   <trkpt lat="69.6417230" lon="18.5474810">
    <ele>763.8</ele>
    <time>2026-05-09T16:51:31Z</time>
   </trkpt>
   <trkpt lat="69.6417230" lon="18.5474810">
    <ele>763.8</ele>
    <time>2026-05-09T16:51:32Z</time>
   </trkpt>
   <trkpt lat="69.6417230" lon="18.5474810">
    <ele>763.8</ele>
    <time>2026-05-09T16:51:33Z</time>
   </trkpt>
   <trkpt lat="69.6417230" lon="18.5474810">
    <ele>763.8</ele>
    <time>2026-05-09T16:51:34Z</time>
   </trkpt>
   <trkpt lat="69.6417230" lon="18.5474810">
    <ele>763.8</ele>
    <time>2026-05-09T16:51:35Z</time>
   </trkpt>
   <trkpt lat="69.6417230" lon="18.5474810">
    <ele>763.8</ele>
    <time>2026-05-09T16:51:36Z</time>
   </trkpt>
   <trkpt lat="69.6417230" lon="18.5474810">
    <ele>763.8</ele>
    <time>2026-05-09T16:51:37Z</time>
   </trkpt>
   <trkpt lat="69.6417230" lon="18.5474810">
    <ele>763.8</ele>
    <time>2026-05-09T16:51:38Z</time>
   </trkpt>
   <trkpt lat="69.6417230" lon="18.5474810">
    <ele>763.8</ele>
    <time>2026-05-09T16:51:39Z</time>
   </trkpt>
   <trkpt lat="69.6417230" lon="18.5474810">
    <ele>763.8</ele>
    <time>2026-05-09T16:51:40Z</time>
   </trkpt>
   <trkpt lat="69.6417230" lon="18.5474810">
    <ele>763.8</ele>
    <time>2026-05-09T16:51:41Z</time>
   </trkpt>
   <trkpt lat="69.6417230" lon="18.5474810">
    <ele>763.8</ele>
    <time>2026-05-09T16:51:42Z</time>
   </trkpt>
   <trkpt lat="69.6417230" lon="18.5474810">
    <ele>763.8</ele>
    <time>2026-05-09T16:51:43Z</time>
   </trkpt>
   <trkpt lat="69.6417230" lon="18.5474810">
    <ele>763.8</ele>
    <time>2026-05-09T16:51:44Z</time>
   </trkpt>
   <trkpt lat="69.6417230" lon="18.5474810">
    <ele>763.8</ele>
    <time>2026-05-09T16:51:45Z</time>
   </trkpt>
   <trkpt lat="69.6417230" lon="18.5474810">
    <ele>763.8</ele>
    <time>2026-05-09T16:51:46Z</time>
   </trkpt>
   <trkpt lat="69.6417230" lon="18.5474810">
    <ele>763.8</ele>
    <time>2026-05-09T16:51:47Z</time>
   </trkpt>
   <trkpt lat="69.6417230" lon="18.5474810">
    <ele>763.8</ele>
    <time>2026-05-09T16:51:48Z</time>
   </trkpt>
   <trkpt lat="69.6417230" lon="18.5474810">
    <ele>763.8</ele>
    <time>2026-05-09T16:51:49Z</time>
   </trkpt>
   <trkpt lat="69.6417230" lon="18.5474810">
    <ele>763.8</ele>
    <time>2026-05-09T16:51:50Z</time>
   </trkpt>
   <trkpt lat="69.6417230" lon="18.5474810">
    <ele>763.8</ele>
    <time>2026-05-09T16:51:51Z</time>
   </trkpt>
   <trkpt lat="69.6417230" lon="18.5474810">
    <ele>763.8</ele>
    <time>2026-05-09T16:51:52Z</time>
   </trkpt>
   <trkpt lat="69.6417230" lon="18.5474810">
    <ele>763.8</ele>
    <time>2026-05-09T16:51:53Z</time>
   </trkpt>
   <trkpt lat="69.6417230" lon="18.5474810">
    <ele>763.8</ele>
    <time>2026-05-09T16:51:54Z</time>
   </trkpt>
   <trkpt lat="69.6417230" lon="18.5474810">
    <ele>763.8</ele>
    <time>2026-05-09T16:51:55Z</time>
   </trkpt>
   <trkpt lat="69.6417230" lon="18.5474810">
    <ele>763.8</ele>
    <time>2026-05-09T16:51:56Z</time>
   </trkpt>
   <trkpt lat="69.6417230" lon="18.5474810">
    <ele>763.8</ele>
    <time>2026-05-09T16:51:57Z</time>
   </trkpt>
   <trkpt lat="69.6417230" lon="18.5474810">
    <ele>763.8</ele>
    <time>2026-05-09T16:51:58Z</time>
   </trkpt>
   <trkpt lat="69.6417230" lon="18.5474810">
    <ele>763.8</ele>
    <time>2026-05-09T16:51:59Z</time>
   </trkpt>
   <trkpt lat="69.6417230" lon="18.5474810">
    <ele>763.8</ele>
    <time>2026-05-09T16:52:00Z</time>
   </trkpt>
   <trkpt lat="69.6417230" lon="18.5474810">
    <ele>763.8</ele>
    <time>2026-05-09T16:52:01Z</time>
   </trkpt>
   <trkpt lat="69.6417230" lon="18.5474810">
    <ele>763.8</ele>
    <time>2026-05-09T16:52:02Z</time>
   </trkpt>
   <trkpt lat="69.6417230" lon="18.5474810">
    <ele>763.8</ele>
    <time>2026-05-09T16:52:03Z</time>
   </trkpt>
   <trkpt lat="69.6417230" lon="18.5474810">
    <ele>763.8</ele>
    <time>2026-05-09T16:52:04Z</time>
   </trkpt>
   <trkpt lat="69.6417230" lon="18.5474810">
    <ele>763.8</ele>
    <time>2026-05-09T16:52:05Z</time>
   </trkpt>
   <trkpt lat="69.6417230" lon="18.5474810">
    <ele>763.8</ele>
    <time>2026-05-09T16:52:06Z</time>
   </trkpt>
   <trkpt lat="69.6417230" lon="18.5474810">
    <ele>763.8</ele>
    <time>2026-05-09T16:52:07Z</time>
   </trkpt>
   <trkpt lat="69.6417230" lon="18.5474810">
    <ele>763.8</ele>
    <time>2026-05-09T16:52:08Z</time>
   </trkpt>
   <trkpt lat="69.6417230" lon="18.5474810">
    <ele>763.8</ele>
    <time>2026-05-09T16:52:09Z</time>
   </trkpt>
   <trkpt lat="69.6417230" lon="18.5474810">
    <ele>763.8</ele>
    <time>2026-05-09T16:52:10Z</time>
   </trkpt>
   <trkpt lat="69.6417230" lon="18.5474810">
    <ele>763.8</ele>
    <time>2026-05-09T16:52:11Z</time>
   </trkpt>
   <trkpt lat="69.6417230" lon="18.5474810">
    <ele>763.8</ele>
    <time>2026-05-09T16:52:12Z</time>
   </trkpt>
   <trkpt lat="69.6417230" lon="18.5474810">
    <ele>763.8</ele>
    <time>2026-05-09T16:52:13Z</time>
   </trkpt>
   <trkpt lat="69.6417230" lon="18.5474810">
    <ele>763.8</ele>
    <time>2026-05-09T16:52:14Z</time>
   </trkpt>
   <trkpt lat="69.6417230" lon="18.5474810">
    <ele>763.8</ele>
    <time>2026-05-09T16:52:15Z</time>
   </trkpt>
   <trkpt lat="69.6417230" lon="18.5474810">
    <ele>763.8</ele>
    <time>2026-05-09T16:52:16Z</time>
   </trkpt>
   <trkpt lat="69.6417230" lon="18.5474810">
    <ele>763.8</ele>
    <time>2026-05-09T16:52:17Z</time>
   </trkpt>
   <trkpt lat="69.6417230" lon="18.5474810">
    <ele>763.8</ele>
    <time>2026-05-09T16:52:18Z</time>
   </trkpt>
   <trkpt lat="69.6417230" lon="18.5474810">
    <ele>763.8</ele>
    <time>2026-05-09T16:52:19Z</time>
   </trkpt>
   <trkpt lat="69.6417230" lon="18.5474810">
    <ele>763.8</ele>
    <time>2026-05-09T16:52:20Z</time>
   </trkpt>
   <trkpt lat="69.6417230" lon="18.5474810">
    <ele>763.8</ele>
    <time>2026-05-09T16:52:21Z</time>
   </trkpt>
   <trkpt lat="69.6417230" lon="18.5474810">
    <ele>763.8</ele>
    <time>2026-05-09T16:52:22Z</time>
   </trkpt>
   <trkpt lat="69.6417230" lon="18.5474810">
    <ele>763.8</ele>
    <time>2026-05-09T16:52:23Z</time>
   </trkpt>
   <trkpt lat="69.6417230" lon="18.5474810">
    <ele>763.8</ele>
    <time>2026-05-09T16:52:24Z</time>
   </trkpt>
   <trkpt lat="69.6417230" lon="18.5474810">
    <ele>763.8</ele>
    <time>2026-05-09T16:52:25Z</time>
   </trkpt>
   <trkpt lat="69.6417230" lon="18.5474810">
    <ele>763.8</ele>
    <time>2026-05-09T16:52:26Z</time>
   </trkpt>
   <trkpt lat="69.6417230" lon="18.5474810">
    <ele>763.8</ele>
    <time>2026-05-09T16:52:27Z</time>
   </trkpt>
   <trkpt lat="69.6417230" lon="18.5474810">
    <ele>763.8</ele>
    <time>2026-05-09T16:52:28Z</time>
   </trkpt>
   <trkpt lat="69.6417230" lon="18.5474810">
    <ele>763.8</ele>
    <time>2026-05-09T16:52:29Z</time>
   </trkpt>
   <trkpt lat="69.6417230" lon="18.5474810">
    <ele>763.8</ele>
    <time>2026-05-09T16:52:30Z</time>
   </trkpt>
   <trkpt lat="69.6417230" lon="18.5474810">
    <ele>763.8</ele>
    <time>2026-05-09T16:52:31Z</time>
   </trkpt>
   <trkpt lat="69.6417230" lon="18.5474810">
    <ele>763.8</ele>
    <time>2026-05-09T16:52:32Z</time>
   </trkpt>
   <trkpt lat="69.6417230" lon="18.5474810">
    <ele>763.8</ele>
    <time>2026-05-09T16:52:33Z</time>
   </trkpt>
   <trkpt lat="69.6417230" lon="18.5474810">
    <ele>763.8</ele>
    <time>2026-05-09T16:52:34Z</time>
   </trkpt>
   <trkpt lat="69.6417230" lon="18.5474810">
    <ele>763.8</ele>
    <time>2026-05-09T16:52:35Z</time>
   </trkpt>
   <trkpt lat="69.6417230" lon="18.5474810">
    <ele>763.8</ele>
    <time>2026-05-09T16:52:36Z</time>
   </trkpt>
   <trkpt lat="69.6417230" lon="18.5474810">
    <ele>763.8</ele>
    <time>2026-05-09T16:52:37Z</time>
   </trkpt>
   <trkpt lat="69.6417230" lon="18.5474810">
    <ele>763.8</ele>
    <time>2026-05-09T16:52:38Z</time>
   </trkpt>
   <trkpt lat="69.6417230" lon="18.5474810">
    <ele>763.8</ele>
    <time>2026-05-09T16:52:39Z</time>
   </trkpt>
   <trkpt lat="69.6417230" lon="18.5474810">
    <ele>763.8</ele>
    <time>2026-05-09T16:52:40Z</time>
   </trkpt>
   <trkpt lat="69.6417230" lon="18.5474810">
    <ele>763.8</ele>
    <time>2026-05-09T16:52:41Z</time>
   </trkpt>
   <trkpt lat="69.6417230" lon="18.5474810">
    <ele>763.8</ele>
    <time>2026-05-09T16:52:42Z</time>
   </trkpt>
   <trkpt lat="69.6417230" lon="18.5474810">
    <ele>763.8</ele>
    <time>2026-05-09T16:52:43Z</time>
   </trkpt>
   <trkpt lat="69.6417230" lon="18.5474810">
    <ele>763.8</ele>
    <time>2026-05-09T16:52:44Z</time>
   </trkpt>
   <trkpt lat="69.6417230" lon="18.5474810">
    <ele>763.8</ele>
    <time>2026-05-09T16:52:45Z</time>
   </trkpt>
   <trkpt lat="69.6417230" lon="18.5474810">
    <ele>763.8</ele>
    <time>2026-05-09T16:52:46Z</time>
   </trkpt>
   <trkpt lat="69.6417230" lon="18.5474810">
    <ele>763.8</ele>
    <time>2026-05-09T16:52:47Z</time>
   </trkpt>
   <trkpt lat="69.6417230" lon="18.5474810">
    <ele>763.8</ele>
    <time>2026-05-09T16:52:48Z</time>
   </trkpt>
   <trkpt lat="69.6417230" lon="18.5474810">
    <ele>763.8</ele>
    <time>2026-05-09T16:52:49Z</time>
   </trkpt>
   <trkpt lat="69.6417230" lon="18.5474810">
    <ele>763.8</ele>
    <time>2026-05-09T16:52:50Z</time>
   </trkpt>
   <trkpt lat="69.6417230" lon="18.5474810">
    <ele>763.8</ele>
    <time>2026-05-09T16:52:51Z</time>
   </trkpt>
   <trkpt lat="69.6417230" lon="18.5474810">
    <ele>763.8</ele>
    <time>2026-05-09T16:52:52Z</time>
   </trkpt>
   <trkpt lat="69.6417230" lon="18.5474810">
    <ele>763.8</ele>
    <time>2026-05-09T16:52:53Z</time>
   </trkpt>
   <trkpt lat="69.6417230" lon="18.5474810">
    <ele>763.8</ele>
    <time>2026-05-09T16:52:54Z</time>
   </trkpt>
   <trkpt lat="69.6417230" lon="18.5474810">
    <ele>763.8</ele>
    <time>2026-05-09T16:52:55Z</time>
   </trkpt>
   <trkpt lat="69.6417230" lon="18.5474810">
    <ele>763.8</ele>
    <time>2026-05-09T16:52:56Z</time>
   </trkpt>
   <trkpt lat="69.6417230" lon="18.5474810">
    <ele>763.8</ele>
    <time>2026-05-09T16:52:57Z</time>
   </trkpt>
   <trkpt lat="69.6417230" lon="18.5474810">
    <ele>763.8</ele>
    <time>2026-05-09T16:52:58Z</time>
   </trkpt>
   <trkpt lat="69.6417230" lon="18.5474810">
    <ele>763.8</ele>
    <time>2026-05-09T16:52:59Z</time>
   </trkpt>
   <trkpt lat="69.6417230" lon="18.5474810">
    <ele>763.8</ele>
    <time>2026-05-09T16:53:00Z</time>
   </trkpt>
   <trkpt lat="69.6417230" lon="18.5474810">
    <ele>763.8</ele>
    <time>2026-05-09T16:53:01Z</time>
   </trkpt>
   <trkpt lat="69.6417230" lon="18.5474810">
    <ele>763.8</ele>
    <time>2026-05-09T16:53:02Z</time>
   </trkpt>
   <trkpt lat="69.6417230" lon="18.5474810">
    <ele>763.8</ele>
    <time>2026-05-09T16:53:03Z</time>
   </trkpt>
   <trkpt lat="69.6417230" lon="18.5474810">
    <ele>763.8</ele>
    <time>2026-05-09T16:53:04Z</time>
   </trkpt>
   <trkpt lat="69.6417230" lon="18.5474810">
    <ele>763.8</ele>
    <time>2026-05-09T16:53:05Z</time>
   </trkpt>
   <trkpt lat="69.6417230" lon="18.5474810">
    <ele>763.8</ele>
    <time>2026-05-09T16:53:06Z</time>
   </trkpt>
   <trkpt lat="69.6417230" lon="18.5474810">
    <ele>763.8</ele>
    <time>2026-05-09T16:53:07Z</time>
   </trkpt>
   <trkpt lat="69.6417230" lon="18.5474810">
    <ele>763.8</ele>
    <time>2026-05-09T16:53:08Z</time>
   </trkpt>
   <trkpt lat="69.6417230" lon="18.5474810">
    <ele>763.8</ele>
    <time>2026-05-09T16:53:09Z</time>
   </trkpt>
   <trkpt lat="69.6417230" lon="18.5474810">
    <ele>763.8</ele>
    <time>2026-05-09T16:53:10Z</time>
   </trkpt>
   <trkpt lat="69.6417230" lon="18.5474810">
    <ele>763.8</ele>
    <time>2026-05-09T16:53:11Z</time>
   </trkpt>
   <trkpt lat="69.6417230" lon="18.5474810">
    <ele>763.8</ele>
    <time>2026-05-09T16:53:12Z</time>
   </trkpt>
   <trkpt lat="69.6417230" lon="18.5474810">
    <ele>763.8</ele>
    <time>2026-05-09T16:53:13Z</time>
   </trkpt>
   <trkpt lat="69.6417230" lon="18.5474810">
    <ele>763.8</ele>
    <time>2026-05-09T16:53:14Z</time>
   </trkpt>
   <trkpt lat="69.6417230" lon="18.5474810">
    <ele>763.8</ele>
    <time>2026-05-09T16:53:15Z</time>
   </trkpt>
   <trkpt lat="69.6417230" lon="18.5474810">
    <ele>763.8</ele>
    <time>2026-05-09T16:53:16Z</time>
   </trkpt>
   <trkpt lat="69.6417230" lon="18.5474810">
    <ele>763.8</ele>
    <time>2026-05-09T16:53:17Z</time>
   </trkpt>
   <trkpt lat="69.6417230" lon="18.5474810">
    <ele>763.8</ele>
    <time>2026-05-09T16:53:18Z</time>
   </trkpt>
   <trkpt lat="69.6417230" lon="18.5474810">
    <ele>763.8</ele>
    <time>2026-05-09T16:53:19Z</time>
   </trkpt>
   <trkpt lat="69.6417230" lon="18.5474810">
    <ele>763.8</ele>
    <time>2026-05-09T16:53:20Z</time>
   </trkpt>
   <trkpt lat="69.6417230" lon="18.5474810">
    <ele>763.8</ele>
    <time>2026-05-09T16:53:21Z</time>
   </trkpt>
   <trkpt lat="69.6417230" lon="18.5474810">
    <ele>763.8</ele>
    <time>2026-05-09T16:53:22Z</time>
   </trkpt>
   <trkpt lat="69.6417230" lon="18.5474810">
    <ele>763.8</ele>
    <time>2026-05-09T16:53:23Z</time>
   </trkpt>
   <trkpt lat="69.6417230" lon="18.5474810">
    <ele>763.8</ele>
    <time>2026-05-09T16:53:24Z</time>
   </trkpt>
   <trkpt lat="69.6417230" lon="18.5474810">
    <ele>763.8</ele>
    <time>2026-05-09T16:53:25Z</time>
   </trkpt>
   <trkpt lat="69.6417230" lon="18.5474810">
    <ele>763.8</ele>
    <time>2026-05-09T16:53:26Z</time>
   </trkpt>
   <trkpt lat="69.6417230" lon="18.5474810">
    <ele>763.8</ele>
    <time>2026-05-09T16:53:27Z</time>
   </trkpt>
   <trkpt lat="69.6417230" lon="18.5474810">
    <ele>763.9</ele>
    <time>2026-05-09T16:53:28Z</time>
   </trkpt>
   <trkpt lat="69.6417230" lon="18.5474810">
    <ele>763.9</ele>
    <time>2026-05-09T16:53:29Z</time>
   </trkpt>
   <trkpt lat="69.6417230" lon="18.5474810">
    <ele>763.9</ele>
    <time>2026-05-09T16:53:30Z</time>
   </trkpt>
   <trkpt lat="69.6417230" lon="18.5474810">
    <ele>763.9</ele>
    <time>2026-05-09T16:53:31Z</time>
   </trkpt>
   <trkpt lat="69.6417230" lon="18.5474810">
    <ele>763.9</ele>
    <time>2026-05-09T16:53:32Z</time>
   </trkpt>
   <trkpt lat="69.6417230" lon="18.5474810">
    <ele>763.9</ele>
    <time>2026-05-09T16:53:33Z</time>
   </trkpt>
   <trkpt lat="69.6417230" lon="18.5474810">
    <ele>763.9</ele>
    <time>2026-05-09T16:53:34Z</time>
   </trkpt>
   <trkpt lat="69.6417230" lon="18.5474810">
    <ele>763.9</ele>
    <time>2026-05-09T16:53:35Z</time>
   </trkpt>
   <trkpt lat="69.6417230" lon="18.5474810">
    <ele>763.9</ele>
    <time>2026-05-09T16:53:36Z</time>
   </trkpt>
   <trkpt lat="69.6417230" lon="18.5474810">
    <ele>763.9</ele>
    <time>2026-05-09T16:53:37Z</time>
   </trkpt>
   <trkpt lat="69.6417230" lon="18.5474810">
    <ele>763.9</ele>
    <time>2026-05-09T16:53:38Z</time>
   </trkpt>
   <trkpt lat="69.6417230" lon="18.5474810">
    <ele>763.9</ele>
    <time>2026-05-09T16:53:39Z</time>
   </trkpt>
   <trkpt lat="69.6417230" lon="18.5474810">
    <ele>763.9</ele>
    <time>2026-05-09T16:53:40Z</time>
   </trkpt>
   <trkpt lat="69.6417230" lon="18.5474810">
    <ele>763.9</ele>
    <time>2026-05-09T16:53:41Z</time>
   </trkpt>
   <trkpt lat="69.6417230" lon="18.5474810">
    <ele>763.9</ele>
    <time>2026-05-09T16:53:42Z</time>
   </trkpt>
   <trkpt lat="69.6417230" lon="18.5474810">
    <ele>763.9</ele>
    <time>2026-05-09T16:53:43Z</time>
   </trkpt>
   <trkpt lat="69.6417230" lon="18.5474810">
    <ele>763.9</ele>
    <time>2026-05-09T16:53:44Z</time>
   </trkpt>
   <trkpt lat="69.6417230" lon="18.5474810">
    <ele>763.9</ele>
    <time>2026-05-09T16:53:45Z</time>
   </trkpt>
   <trkpt lat="69.6417230" lon="18.5474810">
    <ele>763.9</ele>
    <time>2026-05-09T16:53:46Z</time>
   </trkpt>
   <trkpt lat="69.6417230" lon="18.5474810">
    <ele>763.9</ele>
    <time>2026-05-09T16:53:47Z</time>
   </trkpt>
   <trkpt lat="69.6417230" lon="18.5474810">
    <ele>763.9</ele>
    <time>2026-05-09T16:53:48Z</time>
   </trkpt>
   <trkpt lat="69.6417230" lon="18.5474810">
    <ele>763.9</ele>
    <time>2026-05-09T16:53:49Z</time>
   </trkpt>
   <trkpt lat="69.6417230" lon="18.5474810">
    <ele>763.9</ele>
    <time>2026-05-09T16:53:50Z</time>
   </trkpt>
   <trkpt lat="69.6417230" lon="18.5474810">
    <ele>763.9</ele>
    <time>2026-05-09T16:53:51Z</time>
   </trkpt>
   <trkpt lat="69.6417230" lon="18.5474810">
    <ele>763.9</ele>
    <time>2026-05-09T16:53:52Z</time>
   </trkpt>
   <trkpt lat="69.6417230" lon="18.5474810">
    <ele>763.9</ele>
    <time>2026-05-09T16:53:53Z</time>
   </trkpt>
   <trkpt lat="69.6417230" lon="18.5474810">
    <ele>763.9</ele>
    <time>2026-05-09T16:53:54Z</time>
   </trkpt>
   <trkpt lat="69.6417230" lon="18.5474810">
    <ele>763.9</ele>
    <time>2026-05-09T16:53:55Z</time>
   </trkpt>
   <trkpt lat="69.6417230" lon="18.5474810">
    <ele>763.9</ele>
    <time>2026-05-09T16:53:56Z</time>
   </trkpt>
   <trkpt lat="69.6417230" lon="18.5474810">
    <ele>763.9</ele>
    <time>2026-05-09T16:53:57Z</time>
   </trkpt>
   <trkpt lat="69.6417230" lon="18.5474810">
    <ele>763.9</ele>
    <time>2026-05-09T16:53:58Z</time>
   </trkpt>
   <trkpt lat="69.6417230" lon="18.5474810">
    <ele>763.9</ele>
    <time>2026-05-09T16:53:59Z</time>
   </trkpt>
   <trkpt lat="69.6417230" lon="18.5474810">
    <ele>763.9</ele>
    <time>2026-05-09T16:54:00Z</time>
   </trkpt>
   <trkpt lat="69.6417230" lon="18.5474810">
    <ele>763.9</ele>
    <time>2026-05-09T16:54:01Z</time>
   </trkpt>
   <trkpt lat="69.6417230" lon="18.5474810">
    <ele>763.9</ele>
    <time>2026-05-09T16:54:02Z</time>
   </trkpt>
   <trkpt lat="69.6417230" lon="18.5474810">
    <ele>763.9</ele>
    <time>2026-05-09T16:54:03Z</time>
   </trkpt>
   <trkpt lat="69.6417230" lon="18.5474810">
    <ele>763.9</ele>
    <time>2026-05-09T16:54:04Z</time>
   </trkpt>
   <trkpt lat="69.6417230" lon="18.5474810">
    <ele>763.9</ele>
    <time>2026-05-09T16:54:05Z</time>
   </trkpt>
   <trkpt lat="69.6417230" lon="18.5474810">
    <ele>763.9</ele>
    <time>2026-05-09T16:54:06Z</time>
   </trkpt>
   <trkpt lat="69.6417230" lon="18.5474810">
    <ele>763.9</ele>
    <time>2026-05-09T16:54:07Z</time>
   </trkpt>
   <trkpt lat="69.6417230" lon="18.5474810">
    <ele>763.9</ele>
    <time>2026-05-09T16:54:08Z</time>
   </trkpt>
   <trkpt lat="69.6417230" lon="18.5474810">
    <ele>763.9</ele>
    <time>2026-05-09T16:54:09Z</time>
   </trkpt>
   <trkpt lat="69.6417230" lon="18.5474810">
    <ele>763.9</ele>
    <time>2026-05-09T16:54:10Z</time>
   </trkpt>
   <trkpt lat="69.6417230" lon="18.5474810">
    <ele>763.9</ele>
    <time>2026-05-09T16:54:11Z</time>
   </trkpt>
   <trkpt lat="69.6417230" lon="18.5474810">
    <ele>763.9</ele>
    <time>2026-05-09T16:54:12Z</time>
   </trkpt>
   <trkpt lat="69.6417230" lon="18.5474810">
    <ele>763.9</ele>
    <time>2026-05-09T16:54:13Z</time>
   </trkpt>
   <trkpt lat="69.6417230" lon="18.5474810">
    <ele>763.9</ele>
    <time>2026-05-09T16:54:14Z</time>
   </trkpt>
   <trkpt lat="69.6417230" lon="18.5474810">
    <ele>763.9</ele>
    <time>2026-05-09T16:54:15Z</time>
   </trkpt>
   <trkpt lat="69.6417230" lon="18.5474810">
    <ele>763.9</ele>
    <time>2026-05-09T16:54:16Z</time>
   </trkpt>
   <trkpt lat="69.6417230" lon="18.5474810">
    <ele>763.9</ele>
    <time>2026-05-09T16:54:17Z</time>
   </trkpt>
   <trkpt lat="69.6417230" lon="18.5474810">
    <ele>763.9</ele>
    <time>2026-05-09T16:54:18Z</time>
   </trkpt>
   <trkpt lat="69.6417230" lon="18.5474810">
    <ele>763.9</ele>
    <time>2026-05-09T16:54:19Z</time>
   </trkpt>
   <trkpt lat="69.6417230" lon="18.5474810">
    <ele>763.9</ele>
    <time>2026-05-09T16:54:20Z</time>
   </trkpt>
   <trkpt lat="69.6417230" lon="18.5474810">
    <ele>763.9</ele>
    <time>2026-05-09T16:54:21Z</time>
   </trkpt>
   <trkpt lat="69.6417230" lon="18.5474810">
    <ele>763.9</ele>
    <time>2026-05-09T16:54:22Z</time>
   </trkpt>
   <trkpt lat="69.6417230" lon="18.5474810">
    <ele>763.9</ele>
    <time>2026-05-09T16:54:23Z</time>
   </trkpt>
   <trkpt lat="69.6417230" lon="18.5474810">
    <ele>763.9</ele>
    <time>2026-05-09T16:54:24Z</time>
   </trkpt>
   <trkpt lat="69.6417230" lon="18.5474810">
    <ele>763.9</ele>
    <time>2026-05-09T16:54:25Z</time>
   </trkpt>
   <trkpt lat="69.6417230" lon="18.5474810">
    <ele>763.9</ele>
    <time>2026-05-09T16:54:26Z</time>
   </trkpt>
   <trkpt lat="69.6417230" lon="18.5474810">
    <ele>763.9</ele>
    <time>2026-05-09T16:54:27Z</time>
   </trkpt>
   <trkpt lat="69.6417230" lon="18.5474810">
    <ele>763.9</ele>
    <time>2026-05-09T16:54:28Z</time>
   </trkpt>
   <trkpt lat="69.6417230" lon="18.5474810">
    <ele>763.9</ele>
    <time>2026-05-09T16:54:29Z</time>
   </trkpt>
   <trkpt lat="69.6417230" lon="18.5474810">
    <ele>763.9</ele>
    <time>2026-05-09T16:54:30Z</time>
   </trkpt>
   <trkpt lat="69.6417230" lon="18.5474810">
    <ele>763.9</ele>
    <time>2026-05-09T16:54:31Z</time>
   </trkpt>
   <trkpt lat="69.6417230" lon="18.5474810">
    <ele>763.9</ele>
    <time>2026-05-09T16:54:32Z</time>
   </trkpt>
   <trkpt lat="69.6417230" lon="18.5474810">
    <ele>763.9</ele>
    <time>2026-05-09T16:54:33Z</time>
   </trkpt>
   <trkpt lat="69.6417230" lon="18.5474810">
    <ele>763.9</ele>
    <time>2026-05-09T16:54:34Z</time>
   </trkpt>
   <trkpt lat="69.6417230" lon="18.5474810">
    <ele>763.9</ele>
    <time>2026-05-09T16:54:35Z</time>
   </trkpt>
   <trkpt lat="69.6417230" lon="18.5474810">
    <ele>763.9</ele>
    <time>2026-05-09T16:54:36Z</time>
   </trkpt>
   <trkpt lat="69.6417230" lon="18.5474810">
    <ele>763.9</ele>
    <time>2026-05-09T16:54:37Z</time>
   </trkpt>
   <trkpt lat="69.6417230" lon="18.5474810">
    <ele>763.9</ele>
    <time>2026-05-09T16:54:38Z</time>
   </trkpt>
   <trkpt lat="69.6417230" lon="18.5474810">
    <ele>763.9</ele>
    <time>2026-05-09T16:54:39Z</time>
   </trkpt>
   <trkpt lat="69.6417230" lon="18.5474810">
    <ele>763.9</ele>
    <time>2026-05-09T16:54:40Z</time>
   </trkpt>
   <trkpt lat="69.6417230" lon="18.5474810">
    <ele>763.9</ele>
    <time>2026-05-09T16:54:41Z</time>
   </trkpt>
   <trkpt lat="69.6417230" lon="18.5474810">
    <ele>763.9</ele>
    <time>2026-05-09T16:54:42Z</time>
   </trkpt>
   <trkpt lat="69.6417230" lon="18.5474810">
    <ele>763.9</ele>
    <time>2026-05-09T16:54:43Z</time>
   </trkpt>
   <trkpt lat="69.6417230" lon="18.5474810">
    <ele>763.9</ele>
    <time>2026-05-09T16:54:44Z</time>
   </trkpt>
   <trkpt lat="69.6417230" lon="18.5474810">
    <ele>763.9</ele>
    <time>2026-05-09T16:54:45Z</time>
   </trkpt>
   <trkpt lat="69.6417230" lon="18.5474810">
    <ele>763.9</ele>
    <time>2026-05-09T16:54:46Z</time>
   </trkpt>
   <trkpt lat="69.6417230" lon="18.5474810">
    <ele>763.9</ele>
    <time>2026-05-09T16:54:47Z</time>
   </trkpt>
   <trkpt lat="69.6417230" lon="18.5474810">
    <ele>763.9</ele>
    <time>2026-05-09T16:54:48Z</time>
   </trkpt>
   <trkpt lat="69.6417230" lon="18.5474810">
    <ele>763.9</ele>
    <time>2026-05-09T16:54:49Z</time>
   </trkpt>
   <trkpt lat="69.6417230" lon="18.5474810">
    <ele>763.9</ele>
    <time>2026-05-09T16:54:50Z</time>
   </trkpt>
   <trkpt lat="69.6417230" lon="18.5474810">
    <ele>763.9</ele>
    <time>2026-05-09T16:54:51Z</time>
   </trkpt>
   <trkpt lat="69.6417230" lon="18.5474810">
    <ele>763.9</ele>
    <time>2026-05-09T16:54:52Z</time>
   </trkpt>
   <trkpt lat="69.6417230" lon="18.5474810">
    <ele>763.9</ele>
    <time>2026-05-09T16:54:53Z</time>
   </trkpt>
   <trkpt lat="69.6417230" lon="18.5474810">
    <ele>763.9</ele>
    <time>2026-05-09T16:54:54Z</time>
   </trkpt>
   <trkpt lat="69.6417230" lon="18.5474810">
    <ele>763.9</ele>
    <time>2026-05-09T16:54:55Z</time>
   </trkpt>
   <trkpt lat="69.6417230" lon="18.5474810">
    <ele>763.9</ele>
    <time>2026-05-09T16:54:56Z</time>
   </trkpt>
   <trkpt lat="69.6417230" lon="18.5474810">
    <ele>763.9</ele>
    <time>2026-05-09T16:54:57Z</time>
   </trkpt>
   <trkpt lat="69.6417230" lon="18.5474810">
    <ele>763.9</ele>
    <time>2026-05-09T16:54:58Z</time>
   </trkpt>
   <trkpt lat="69.6417230" lon="18.5474810">
    <ele>763.9</ele>
    <time>2026-05-09T16:54:59Z</time>
   </trkpt>
   <trkpt lat="69.6417230" lon="18.5474810">
    <ele>763.9</ele>
    <time>2026-05-09T16:55:00Z</time>
   </trkpt>
   <trkpt lat="69.6417230" lon="18.5474810">
    <ele>763.9</ele>
    <time>2026-05-09T16:55:01Z</time>
   </trkpt>
   <trkpt lat="69.6417230" lon="18.5474810">
    <ele>763.9</ele>
    <time>2026-05-09T16:55:02Z</time>
   </trkpt>
   <trkpt lat="69.6417230" lon="18.5474810">
    <ele>763.9</ele>
    <time>2026-05-09T16:55:03Z</time>
   </trkpt>
   <trkpt lat="69.6417230" lon="18.5474810">
    <ele>763.9</ele>
    <time>2026-05-09T16:55:04Z</time>
   </trkpt>
   <trkpt lat="69.6417230" lon="18.5474810">
    <ele>763.9</ele>
    <time>2026-05-09T16:55:05Z</time>
   </trkpt>
   <trkpt lat="69.6417230" lon="18.5474810">
    <ele>763.9</ele>
    <time>2026-05-09T16:55:06Z</time>
   </trkpt>
   <trkpt lat="69.6417230" lon="18.5474810">
    <ele>763.9</ele>
    <time>2026-05-09T16:55:07Z</time>
   </trkpt>
   <trkpt lat="69.6417230" lon="18.5474810">
    <ele>763.9</ele>
    <time>2026-05-09T16:55:08Z</time>
   </trkpt>
   <trkpt lat="69.6417230" lon="18.5474810">
    <ele>763.9</ele>
    <time>2026-05-09T16:55:09Z</time>
   </trkpt>
   <trkpt lat="69.6417230" lon="18.5474810">
    <ele>763.9</ele>
    <time>2026-05-09T16:55:10Z</time>
   </trkpt>
   <trkpt lat="69.6417230" lon="18.5474810">
    <ele>763.9</ele>
    <time>2026-05-09T16:55:11Z</time>
   </trkpt>
   <trkpt lat="69.6417230" lon="18.5474810">
    <ele>763.9</ele>
    <time>2026-05-09T16:55:12Z</time>
   </trkpt>
   <trkpt lat="69.6417230" lon="18.5474810">
    <ele>763.9</ele>
    <time>2026-05-09T16:55:13Z</time>
   </trkpt>
   <trkpt lat="69.6417230" lon="18.5474810">
    <ele>763.9</ele>
    <time>2026-05-09T16:55:14Z</time>
   </trkpt>
   <trkpt lat="69.6417230" lon="18.5474810">
    <ele>763.9</ele>
    <time>2026-05-09T16:55:15Z</time>
   </trkpt>
   <trkpt lat="69.6417230" lon="18.5474810">
    <ele>763.9</ele>
    <time>2026-05-09T16:55:16Z</time>
   </trkpt>
   <trkpt lat="69.6417230" lon="18.5474810">
    <ele>763.9</ele>
    <time>2026-05-09T16:55:17Z</time>
   </trkpt>
   <trkpt lat="69.6417230" lon="18.5474810">
    <ele>763.9</ele>
    <time>2026-05-09T16:55:18Z</time>
   </trkpt>
   <trkpt lat="69.6417230" lon="18.5474810">
    <ele>763.9</ele>
    <time>2026-05-09T16:55:19Z</time>
   </trkpt>
   <trkpt lat="69.6417230" lon="18.5474810">
    <ele>763.9</ele>
    <time>2026-05-09T16:55:20Z</time>
   </trkpt>
   <trkpt lat="69.6417230" lon="18.5474810">
    <ele>763.9</ele>
    <time>2026-05-09T16:55:21Z</time>
   </trkpt>
   <trkpt lat="69.6417230" lon="18.5474810">
    <ele>763.9</ele>
    <time>2026-05-09T16:55:22Z</time>
   </trkpt>
   <trkpt lat="69.6417230" lon="18.5474810">
    <ele>763.9</ele>
    <time>2026-05-09T16:55:23Z</time>
   </trkpt>
   <trkpt lat="69.6417230" lon="18.5474810">
    <ele>763.9</ele>
    <time>2026-05-09T16:55:24Z</time>
   </trkpt>
   <trkpt lat="69.6417230" lon="18.5474810">
    <ele>763.9</ele>
    <time>2026-05-09T16:55:25Z</time>
   </trkpt>
   <trkpt lat="69.6417230" lon="18.5474810">
    <ele>763.9</ele>
    <time>2026-05-09T16:55:26Z</time>
   </trkpt>
   <trkpt lat="69.6417230" lon="18.5474810">
    <ele>763.9</ele>
    <time>2026-05-09T16:55:27Z</time>
   </trkpt>
   <trkpt lat="69.6417230" lon="18.5474810">
    <ele>763.9</ele>
    <time>2026-05-09T16:55:28Z</time>
   </trkpt>
   <trkpt lat="69.6417230" lon="18.5474810">
    <ele>763.9</ele>
    <time>2026-05-09T16:55:29Z</time>
   </trkpt>
   <trkpt lat="69.6417230" lon="18.5474810">
    <ele>763.9</ele>
    <time>2026-05-09T16:55:30Z</time>
   </trkpt>
   <trkpt lat="69.6417230" lon="18.5474810">
    <ele>763.9</ele>
    <time>2026-05-09T16:55:31Z</time>
   </trkpt>
   <trkpt lat="69.6417230" lon="18.5474810">
    <ele>763.9</ele>
    <time>2026-05-09T16:55:32Z</time>
   </trkpt>
   <trkpt lat="69.6417230" lon="18.5474810">
    <ele>763.9</ele>
    <time>2026-05-09T16:55:33Z</time>
   </trkpt>
   <trkpt lat="69.6417230" lon="18.5474810">
    <ele>763.9</ele>
    <time>2026-05-09T16:55:34Z</time>
   </trkpt>
   <trkpt lat="69.6417230" lon="18.5474810">
    <ele>763.9</ele>
    <time>2026-05-09T16:55:35Z</time>
   </trkpt>
   <trkpt lat="69.6417230" lon="18.5474810">
    <ele>763.9</ele>
    <time>2026-05-09T16:55:36Z</time>
   </trkpt>
   <trkpt lat="69.6417230" lon="18.5474810">
    <ele>763.9</ele>
    <time>2026-05-09T16:55:37Z</time>
   </trkpt>
   <trkpt lat="69.6417230" lon="18.5474810">
    <ele>763.9</ele>
    <time>2026-05-09T16:55:38Z</time>
   </trkpt>
   <trkpt lat="69.6417230" lon="18.5474810">
    <ele>763.9</ele>
    <time>2026-05-09T16:55:39Z</time>
   </trkpt>
   <trkpt lat="69.6417230" lon="18.5474810">
    <ele>763.9</ele>
    <time>2026-05-09T16:55:40Z</time>
   </trkpt>
   <trkpt lat="69.6417230" lon="18.5474810">
    <ele>763.9</ele>
    <time>2026-05-09T16:55:41Z</time>
   </trkpt>
   <trkpt lat="69.6417230" lon="18.5474810">
    <ele>763.9</ele>
    <time>2026-05-09T16:55:42Z</time>
   </trkpt>
   <trkpt lat="69.6417230" lon="18.5474810">
    <ele>763.9</ele>
    <time>2026-05-09T16:55:43Z</time>
   </trkpt>
   <trkpt lat="69.6417230" lon="18.5474810">
    <ele>763.9</ele>
    <time>2026-05-09T16:55:44Z</time>
   </trkpt>
   <trkpt lat="69.6417230" lon="18.5474810">
    <ele>763.9</ele>
    <time>2026-05-09T16:55:45Z</time>
   </trkpt>
   <trkpt lat="69.6417230" lon="18.5474810">
    <ele>763.9</ele>
    <time>2026-05-09T16:55:46Z</time>
   </trkpt>
   <trkpt lat="69.6417230" lon="18.5474810">
    <ele>763.9</ele>
    <time>2026-05-09T16:55:47Z</time>
   </trkpt>
   <trkpt lat="69.6417230" lon="18.5474810">
    <ele>763.9</ele>
    <time>2026-05-09T16:55:48Z</time>
   </trkpt>
   <trkpt lat="69.6417230" lon="18.5474810">
    <ele>763.9</ele>
    <time>2026-05-09T16:55:49Z</time>
   </trkpt>
   <trkpt lat="69.6417230" lon="18.5474810">
    <ele>763.9</ele>
    <time>2026-05-09T16:55:50Z</time>
   </trkpt>
   <trkpt lat="69.6417230" lon="18.5474810">
    <ele>763.9</ele>
    <time>2026-05-09T16:55:51Z</time>
   </trkpt>
   <trkpt lat="69.6417230" lon="18.5474810">
    <ele>763.9</ele>
    <time>2026-05-09T16:55:52Z</time>
   </trkpt>
   <trkpt lat="69.6417230" lon="18.5474810">
    <ele>763.9</ele>
    <time>2026-05-09T16:55:53Z</time>
   </trkpt>
   <trkpt lat="69.6417230" lon="18.5474810">
    <ele>763.9</ele>
    <time>2026-05-09T16:55:54Z</time>
   </trkpt>
   <trkpt lat="69.6417230" lon="18.5474810">
    <ele>763.9</ele>
    <time>2026-05-09T16:55:55Z</time>
   </trkpt>
   <trkpt lat="69.6417230" lon="18.5474810">
    <ele>763.9</ele>
    <time>2026-05-09T16:55:56Z</time>
   </trkpt>
   <trkpt lat="69.6417230" lon="18.5474810">
    <ele>763.9</ele>
    <time>2026-05-09T16:55:57Z</time>
   </trkpt>
   <trkpt lat="69.6417230" lon="18.5474810">
    <ele>763.9</ele>
    <time>2026-05-09T16:55:58Z</time>
   </trkpt>
   <trkpt lat="69.6417230" lon="18.5474810">
    <ele>763.9</ele>
    <time>2026-05-09T16:55:59Z</time>
   </trkpt>
   <trkpt lat="69.6417230" lon="18.5474810">
    <ele>763.9</ele>
    <time>2026-05-09T16:56:00Z</time>
   </trkpt>
   <trkpt lat="69.6417230" lon="18.5474810">
    <ele>763.9</ele>
    <time>2026-05-09T16:56:01Z</time>
   </trkpt>
   <trkpt lat="69.6417230" lon="18.5474810">
    <ele>763.9</ele>
    <time>2026-05-09T16:56:02Z</time>
   </trkpt>
   <trkpt lat="69.6417230" lon="18.5474810">
    <ele>763.9</ele>
    <time>2026-05-09T16:56:03Z</time>
   </trkpt>
   <trkpt lat="69.6417230" lon="18.5474810">
    <ele>763.9</ele>
    <time>2026-05-09T16:56:04Z</time>
   </trkpt>
   <trkpt lat="69.6417230" lon="18.5474810">
    <ele>763.9</ele>
    <time>2026-05-09T16:56:05Z</time>
   </trkpt>
   <trkpt lat="69.6417230" lon="18.5474810">
    <ele>763.9</ele>
    <time>2026-05-09T16:56:06Z</time>
   </trkpt>
   <trkpt lat="69.6417230" lon="18.5474810">
    <ele>763.9</ele>
    <time>2026-05-09T16:56:07Z</time>
   </trkpt>
   <trkpt lat="69.6417230" lon="18.5474810">
    <ele>763.9</ele>
    <time>2026-05-09T16:56:08Z</time>
   </trkpt>
   <trkpt lat="69.6417230" lon="18.5474810">
    <ele>763.9</ele>
    <time>2026-05-09T16:56:09Z</time>
   </trkpt>
   <trkpt lat="69.6417230" lon="18.5474810">
    <ele>763.9</ele>
    <time>2026-05-09T16:56:10Z</time>
   </trkpt>
   <trkpt lat="69.6417230" lon="18.5474810">
    <ele>763.9</ele>
    <time>2026-05-09T16:56:11Z</time>
   </trkpt>
   <trkpt lat="69.6417230" lon="18.5474810">
    <ele>763.9</ele>
    <time>2026-05-09T16:56:12Z</time>
   </trkpt>
   <trkpt lat="69.6417230" lon="18.5474810">
    <ele>763.9</ele>
    <time>2026-05-09T16:56:13Z</time>
   </trkpt>
   <trkpt lat="69.6417230" lon="18.5474810">
    <ele>763.9</ele>
    <time>2026-05-09T16:56:14Z</time>
   </trkpt>
   <trkpt lat="69.6417230" lon="18.5474810">
    <ele>763.9</ele>
    <time>2026-05-09T16:56:15Z</time>
   </trkpt>
   <trkpt lat="69.6417230" lon="18.5474810">
    <ele>763.9</ele>
    <time>2026-05-09T16:56:16Z</time>
   </trkpt>
   <trkpt lat="69.6417230" lon="18.5474810">
    <ele>763.9</ele>
    <time>2026-05-09T16:56:17Z</time>
   </trkpt>
   <trkpt lat="69.6417230" lon="18.5474810">
    <ele>763.9</ele>
    <time>2026-05-09T16:56:18Z</time>
   </trkpt>
   <trkpt lat="69.6417230" lon="18.5474810">
    <ele>763.9</ele>
    <time>2026-05-09T16:56:19Z</time>
   </trkpt>
   <trkpt lat="69.6417230" lon="18.5474810">
    <ele>763.9</ele>
    <time>2026-05-09T16:56:20Z</time>
   </trkpt>
   <trkpt lat="69.6417230" lon="18.5474810">
    <ele>763.9</ele>
    <time>2026-05-09T16:56:21Z</time>
   </trkpt>
   <trkpt lat="69.6417230" lon="18.5474810">
    <ele>763.9</ele>
    <time>2026-05-09T16:56:22Z</time>
   </trkpt>
   <trkpt lat="69.6417230" lon="18.5474810">
    <ele>763.9</ele>
    <time>2026-05-09T16:56:23Z</time>
   </trkpt>
   <trkpt lat="69.6417230" lon="18.5474810">
    <ele>763.9</ele>
    <time>2026-05-09T16:56:24Z</time>
   </trkpt>
   <trkpt lat="69.6417230" lon="18.5474810">
    <ele>763.9</ele>
    <time>2026-05-09T16:56:25Z</time>
   </trkpt>
   <trkpt lat="69.6417230" lon="18.5474810">
    <ele>763.9</ele>
    <time>2026-05-09T16:56:26Z</time>
   </trkpt>
   <trkpt lat="69.6417230" lon="18.5474810">
    <ele>763.9</ele>
    <time>2026-05-09T16:56:27Z</time>
   </trkpt>
   <trkpt lat="69.6417230" lon="18.5474810">
    <ele>763.9</ele>
    <time>2026-05-09T16:56:28Z</time>
   </trkpt>
   <trkpt lat="69.6417230" lon="18.5474810">
    <ele>763.9</ele>
    <time>2026-05-09T16:56:29Z</time>
   </trkpt>
   <trkpt lat="69.6417230" lon="18.5474810">
    <ele>763.9</ele>
    <time>2026-05-09T16:56:30Z</time>
   </trkpt>
   <trkpt lat="69.6417230" lon="18.5474810">
    <ele>763.9</ele>
    <time>2026-05-09T16:56:31Z</time>
   </trkpt>
   <trkpt lat="69.6417230" lon="18.5474810">
    <ele>763.9</ele>
    <time>2026-05-09T16:56:32Z</time>
   </trkpt>
   <trkpt lat="69.6417230" lon="18.5474810">
    <ele>763.9</ele>
    <time>2026-05-09T16:56:33Z</time>
   </trkpt>
   <trkpt lat="69.6417230" lon="18.5474810">
    <ele>763.9</ele>
    <time>2026-05-09T16:56:34Z</time>
   </trkpt>
   <trkpt lat="69.6417230" lon="18.5474810">
    <ele>763.9</ele>
    <time>2026-05-09T16:56:35Z</time>
   </trkpt>
   <trkpt lat="69.6417230" lon="18.5474810">
    <ele>763.9</ele>
    <time>2026-05-09T16:56:36Z</time>
   </trkpt>
   <trkpt lat="69.6417230" lon="18.5474810">
    <ele>763.9</ele>
    <time>2026-05-09T16:56:37Z</time>
   </trkpt>
   <trkpt lat="69.6417230" lon="18.5474810">
    <ele>763.9</ele>
    <time>2026-05-09T16:56:38Z</time>
   </trkpt>
   <trkpt lat="69.6417230" lon="18.5474810">
    <ele>763.9</ele>
    <time>2026-05-09T16:56:39Z</time>
   </trkpt>
   <trkpt lat="69.6417230" lon="18.5474810">
    <ele>763.9</ele>
    <time>2026-05-09T16:56:40Z</time>
   </trkpt>
   <trkpt lat="69.6417230" lon="18.5474810">
    <ele>763.9</ele>
    <time>2026-05-09T16:56:41Z</time>
   </trkpt>
   <trkpt lat="69.6417230" lon="18.5474810">
    <ele>763.9</ele>
    <time>2026-05-09T16:56:42Z</time>
   </trkpt>
   <trkpt lat="69.6417230" lon="18.5474810">
    <ele>763.9</ele>
    <time>2026-05-09T16:56:43Z</time>
   </trkpt>
   <trkpt lat="69.6417230" lon="18.5474810">
    <ele>763.9</ele>
    <time>2026-05-09T16:56:44Z</time>
   </trkpt>
   <trkpt lat="69.6417230" lon="18.5474810">
    <ele>763.9</ele>
    <time>2026-05-09T16:56:45Z</time>
   </trkpt>
   <trkpt lat="69.6417230" lon="18.5474810">
    <ele>763.9</ele>
    <time>2026-05-09T16:56:46Z</time>
   </trkpt>
   <trkpt lat="69.6417230" lon="18.5474810">
    <ele>763.9</ele>
    <time>2026-05-09T16:56:47Z</time>
   </trkpt>
   <trkpt lat="69.6417230" lon="18.5474810">
    <ele>763.9</ele>
    <time>2026-05-09T16:56:48Z</time>
   </trkpt>
   <trkpt lat="69.6417230" lon="18.5474810">
    <ele>763.9</ele>
    <time>2026-05-09T16:56:49Z</time>
   </trkpt>
   <trkpt lat="69.6417230" lon="18.5474810">
    <ele>763.9</ele>
    <time>2026-05-09T16:56:50Z</time>
   </trkpt>
   <trkpt lat="69.6417230" lon="18.5474810">
    <ele>763.9</ele>
    <time>2026-05-09T16:56:51Z</time>
   </trkpt>
   <trkpt lat="69.6417230" lon="18.5474810">
    <ele>763.9</ele>
    <time>2026-05-09T16:56:52Z</time>
   </trkpt>
   <trkpt lat="69.6417230" lon="18.5474810">
    <ele>763.9</ele>
    <time>2026-05-09T16:56:53Z</time>
   </trkpt>
   <trkpt lat="69.6417230" lon="18.5474810">
    <ele>763.9</ele>
    <time>2026-05-09T16:56:54Z</time>
   </trkpt>
   <trkpt lat="69.6417230" lon="18.5474810">
    <ele>763.9</ele>
    <time>2026-05-09T16:56:55Z</time>
   </trkpt>
   <trkpt lat="69.6417230" lon="18.5474810">
    <ele>763.9</ele>
    <time>2026-05-09T16:56:56Z</time>
   </trkpt>
   <trkpt lat="69.6417230" lon="18.5474810">
    <ele>763.9</ele>
    <time>2026-05-09T16:56:57Z</time>
   </trkpt>
   <trkpt lat="69.6417230" lon="18.5474810">
    <ele>763.9</ele>
    <time>2026-05-09T16:56:58Z</time>
   </trkpt>
   <trkpt lat="69.6417230" lon="18.5474810">
    <ele>763.9</ele>
    <time>2026-05-09T16:56:59Z</time>
   </trkpt>
   <trkpt lat="69.6417230" lon="18.5474810">
    <ele>763.9</ele>
    <time>2026-05-09T16:57:00Z</time>
   </trkpt>
   <trkpt lat="69.6417230" lon="18.5474810">
    <ele>763.9</ele>
    <time>2026-05-09T16:57:01Z</time>
   </trkpt>
   <trkpt lat="69.6417230" lon="18.5474810">
    <ele>763.9</ele>
    <time>2026-05-09T16:57:02Z</time>
   </trkpt>
   <trkpt lat="69.6417230" lon="18.5474810">
    <ele>763.9</ele>
    <time>2026-05-09T16:57:03Z</time>
   </trkpt>
   <trkpt lat="69.6417230" lon="18.5474810">
    <ele>763.9</ele>
    <time>2026-05-09T16:57:04Z</time>
   </trkpt>
   <trkpt lat="69.6417230" lon="18.5474810">
    <ele>763.9</ele>
    <time>2026-05-09T16:57:05Z</time>
   </trkpt>
   <trkpt lat="69.6417230" lon="18.5474810">
    <ele>763.9</ele>
    <time>2026-05-09T16:57:06Z</time>
   </trkpt>
   <trkpt lat="69.6417230" lon="18.5474810">
    <ele>763.9</ele>
    <time>2026-05-09T16:57:07Z</time>
   </trkpt>
   <trkpt lat="69.6417230" lon="18.5474810">
    <ele>763.9</ele>
    <time>2026-05-09T16:57:08Z</time>
   </trkpt>
   <trkpt lat="69.6417230" lon="18.5474810">
    <ele>763.9</ele>
    <time>2026-05-09T16:57:09Z</time>
   </trkpt>
   <trkpt lat="69.6417230" lon="18.5474810">
    <ele>763.9</ele>
    <time>2026-05-09T16:57:10Z</time>
   </trkpt>
   <trkpt lat="69.6417230" lon="18.5474810">
    <ele>763.9</ele>
    <time>2026-05-09T16:57:11Z</time>
   </trkpt>
   <trkpt lat="69.6417230" lon="18.5474810">
    <ele>763.9</ele>
    <time>2026-05-09T16:57:12Z</time>
   </trkpt>
   <trkpt lat="69.6417230" lon="18.5474810">
    <ele>763.9</ele>
    <time>2026-05-09T16:57:13Z</time>
   </trkpt>
   <trkpt lat="69.6417230" lon="18.5474810">
    <ele>763.9</ele>
    <time>2026-05-09T16:57:14Z</time>
   </trkpt>
   <trkpt lat="69.6417230" lon="18.5474810">
    <ele>763.9</ele>
    <time>2026-05-09T16:57:15Z</time>
   </trkpt>
   <trkpt lat="69.6417230" lon="18.5474810">
    <ele>763.9</ele>
    <time>2026-05-09T16:57:16Z</time>
   </trkpt>
   <trkpt lat="69.6417230" lon="18.5474810">
    <ele>763.9</ele>
    <time>2026-05-09T16:57:17Z</time>
   </trkpt>
   <trkpt lat="69.6417230" lon="18.5474810">
    <ele>763.9</ele>
    <time>2026-05-09T16:57:18Z</time>
   </trkpt>
   <trkpt lat="69.6417230" lon="18.5474810">
    <ele>763.9</ele>
    <time>2026-05-09T16:57:19Z</time>
   </trkpt>
   <trkpt lat="69.6417230" lon="18.5474810">
    <ele>763.9</ele>
    <time>2026-05-09T16:57:20Z</time>
   </trkpt>
   <trkpt lat="69.6417230" lon="18.5474810">
    <ele>763.9</ele>
    <time>2026-05-09T16:57:21Z</time>
   </trkpt>
   <trkpt lat="69.6417230" lon="18.5474810">
    <ele>763.9</ele>
    <time>2026-05-09T16:57:22Z</time>
   </trkpt>
   <trkpt lat="69.6417230" lon="18.5474810">
    <ele>763.9</ele>
    <time>2026-05-09T16:57:23Z</time>
   </trkpt>
   <trkpt lat="69.6417230" lon="18.5474810">
    <ele>763.9</ele>
    <time>2026-05-09T16:57:24Z</time>
   </trkpt>
   <trkpt lat="69.6417230" lon="18.5474810">
    <ele>763.9</ele>
    <time>2026-05-09T16:57:25Z</time>
   </trkpt>
   <trkpt lat="69.6417230" lon="18.5474810">
    <ele>763.9</ele>
    <time>2026-05-09T16:57:26Z</time>
   </trkpt>
   <trkpt lat="69.6417230" lon="18.5474810">
    <ele>763.9</ele>
    <time>2026-05-09T16:57:27Z</time>
   </trkpt>
   <trkpt lat="69.6417230" lon="18.5474810">
    <ele>763.9</ele>
    <time>2026-05-09T16:57:28Z</time>
   </trkpt>
   <trkpt lat="69.6417230" lon="18.5474810">
    <ele>763.9</ele>
    <time>2026-05-09T16:57:29Z</time>
   </trkpt>
   <trkpt lat="69.6417230" lon="18.5474810">
    <ele>763.9</ele>
    <time>2026-05-09T16:57:30Z</time>
   </trkpt>
   <trkpt lat="69.6417230" lon="18.5474810">
    <ele>763.9</ele>
    <time>2026-05-09T16:57:31Z</time>
   </trkpt>
   <trkpt lat="69.6417230" lon="18.5474810">
    <ele>763.9</ele>
    <time>2026-05-09T16:57:32Z</time>
   </trkpt>
   <trkpt lat="69.6417230" lon="18.5474810">
    <ele>763.9</ele>
    <time>2026-05-09T16:57:33Z</time>
   </trkpt>
   <trkpt lat="69.6417230" lon="18.5474810">
    <ele>763.9</ele>
    <time>2026-05-09T16:57:34Z</time>
   </trkpt>
   <trkpt lat="69.6417230" lon="18.5474810">
    <ele>763.9</ele>
    <time>2026-05-09T16:57:35Z</time>
   </trkpt>
   <trkpt lat="69.6417230" lon="18.5474810">
    <ele>763.9</ele>
    <time>2026-05-09T16:57:36Z</time>
   </trkpt>
   <trkpt lat="69.6417230" lon="18.5474810">
    <ele>763.9</ele>
    <time>2026-05-09T16:57:37Z</time>
   </trkpt>
   <trkpt lat="69.6417230" lon="18.5474810">
    <ele>763.9</ele>
    <time>2026-05-09T16:57:38Z</time>
   </trkpt>
   <trkpt lat="69.6417230" lon="18.5474810">
    <ele>763.9</ele>
    <time>2026-05-09T16:57:39Z</time>
   </trkpt>
   <trkpt lat="69.6417230" lon="18.5474810">
    <ele>763.9</ele>
    <time>2026-05-09T16:57:40Z</time>
   </trkpt>
   <trkpt lat="69.6417230" lon="18.5474810">
    <ele>763.9</ele>
    <time>2026-05-09T16:57:41Z</time>
   </trkpt>
   <trkpt lat="69.6417230" lon="18.5474810">
    <ele>763.9</ele>
    <time>2026-05-09T16:57:42Z</time>
   </trkpt>
   <trkpt lat="69.6417230" lon="18.5474810">
    <ele>763.9</ele>
    <time>2026-05-09T16:57:43Z</time>
   </trkpt>
   <trkpt lat="69.6417230" lon="18.5474810">
    <ele>763.9</ele>
    <time>2026-05-09T16:57:44Z</time>
   </trkpt>
   <trkpt lat="69.6417230" lon="18.5474810">
    <ele>763.9</ele>
    <time>2026-05-09T16:57:45Z</time>
   </trkpt>
   <trkpt lat="69.6417230" lon="18.5474810">
    <ele>763.9</ele>
    <time>2026-05-09T16:57:46Z</time>
   </trkpt>
   <trkpt lat="69.6417230" lon="18.5474810">
    <ele>763.9</ele>
    <time>2026-05-09T16:57:47Z</time>
   </trkpt>
   <trkpt lat="69.6417230" lon="18.5474810">
    <ele>763.9</ele>
    <time>2026-05-09T16:57:48Z</time>
   </trkpt>
   <trkpt lat="69.6417230" lon="18.5474810">
    <ele>763.9</ele>
    <time>2026-05-09T16:57:49Z</time>
   </trkpt>
   <trkpt lat="69.6417230" lon="18.5474810">
    <ele>763.9</ele>
    <time>2026-05-09T16:57:50Z</time>
   </trkpt>
   <trkpt lat="69.6417230" lon="18.5474810">
    <ele>763.9</ele>
    <time>2026-05-09T16:57:51Z</time>
   </trkpt>
   <trkpt lat="69.6417230" lon="18.5474810">
    <ele>763.9</ele>
    <time>2026-05-09T16:57:52Z</time>
   </trkpt>
   <trkpt lat="69.6417230" lon="18.5474810">
    <ele>763.9</ele>
    <time>2026-05-09T16:57:53Z</time>
   </trkpt>
   <trkpt lat="69.6417230" lon="18.5474810">
    <ele>763.9</ele>
    <time>2026-05-09T16:57:54Z</time>
   </trkpt>
   <trkpt lat="69.6417230" lon="18.5474810">
    <ele>763.9</ele>
    <time>2026-05-09T16:57:55Z</time>
   </trkpt>
   <trkpt lat="69.6417230" lon="18.5474810">
    <ele>763.9</ele>
    <time>2026-05-09T16:57:56Z</time>
   </trkpt>
   <trkpt lat="69.6417230" lon="18.5474810">
    <ele>763.9</ele>
    <time>2026-05-09T16:57:57Z</time>
   </trkpt>
   <trkpt lat="69.6417230" lon="18.5474810">
    <ele>763.9</ele>
    <time>2026-05-09T16:57:58Z</time>
   </trkpt>
   <trkpt lat="69.6417230" lon="18.5474810">
    <ele>763.9</ele>
    <time>2026-05-09T16:57:59Z</time>
   </trkpt>
   <trkpt lat="69.6417230" lon="18.5474810">
    <ele>763.9</ele>
    <time>2026-05-09T16:58:00Z</time>
   </trkpt>
   <trkpt lat="69.6417230" lon="18.5474810">
    <ele>763.9</ele>
    <time>2026-05-09T16:58:01Z</time>
   </trkpt>
   <trkpt lat="69.6417230" lon="18.5474810">
    <ele>763.9</ele>
    <time>2026-05-09T16:58:02Z</time>
   </trkpt>
   <trkpt lat="69.6417230" lon="18.5474810">
    <ele>763.9</ele>
    <time>2026-05-09T16:58:03Z</time>
   </trkpt>
   <trkpt lat="69.6417230" lon="18.5474810">
    <ele>763.9</ele>
    <time>2026-05-09T16:58:04Z</time>
   </trkpt>
   <trkpt lat="69.6417230" lon="18.5474810">
    <ele>763.9</ele>
    <time>2026-05-09T16:58:05Z</time>
   </trkpt>
   <trkpt lat="69.6417230" lon="18.5474810">
    <ele>763.9</ele>
    <time>2026-05-09T16:58:06Z</time>
   </trkpt>
   <trkpt lat="69.6417230" lon="18.5474810">
    <ele>763.9</ele>
    <time>2026-05-09T16:58:07Z</time>
   </trkpt>
   <trkpt lat="69.6417230" lon="18.5474810">
    <ele>763.9</ele>
    <time>2026-05-09T16:58:08Z</time>
   </trkpt>
   <trkpt lat="69.6417230" lon="18.5474810">
    <ele>763.9</ele>
    <time>2026-05-09T16:58:09Z</time>
   </trkpt>
   <trkpt lat="69.6417230" lon="18.5474810">
    <ele>763.9</ele>
    <time>2026-05-09T16:58:10Z</time>
   </trkpt>
   <trkpt lat="69.6417230" lon="18.5474810">
    <ele>763.9</ele>
    <time>2026-05-09T16:58:11Z</time>
   </trkpt>
   <trkpt lat="69.6417230" lon="18.5474810">
    <ele>763.9</ele>
    <time>2026-05-09T16:58:12Z</time>
   </trkpt>
   <trkpt lat="69.6417230" lon="18.5474810">
    <ele>763.9</ele>
    <time>2026-05-09T16:58:13Z</time>
   </trkpt>
   <trkpt lat="69.6417230" lon="18.5474810">
    <ele>763.9</ele>
    <time>2026-05-09T16:58:14Z</time>
   </trkpt>
   <trkpt lat="69.6417230" lon="18.5474810">
    <ele>763.9</ele>
    <time>2026-05-09T16:58:15Z</time>
   </trkpt>
   <trkpt lat="69.6417230" lon="18.5474810">
    <ele>763.9</ele>
    <time>2026-05-09T16:58:16Z</time>
   </trkpt>
   <trkpt lat="69.6417230" lon="18.5474810">
    <ele>763.9</ele>
    <time>2026-05-09T16:58:17Z</time>
   </trkpt>
   <trkpt lat="69.6417230" lon="18.5474810">
    <ele>763.9</ele>
    <time>2026-05-09T16:58:18Z</time>
   </trkpt>
   <trkpt lat="69.6417230" lon="18.5474810">
    <ele>763.9</ele>
    <time>2026-05-09T16:58:19Z</time>
   </trkpt>
   <trkpt lat="69.6417230" lon="18.5474810">
    <ele>763.9</ele>
    <time>2026-05-09T16:58:20Z</time>
   </trkpt>
   <trkpt lat="69.6417230" lon="18.5474810">
    <ele>763.9</ele>
    <time>2026-05-09T16:58:21Z</time>
   </trkpt>
   <trkpt lat="69.6417230" lon="18.5474810">
    <ele>763.9</ele>
    <time>2026-05-09T16:58:22Z</time>
   </trkpt>
   <trkpt lat="69.6417230" lon="18.5474810">
    <ele>763.9</ele>
    <time>2026-05-09T16:58:23Z</time>
   </trkpt>
   <trkpt lat="69.6417230" lon="18.5474810">
    <ele>763.9</ele>
    <time>2026-05-09T16:58:24Z</time>
   </trkpt>
   <trkpt lat="69.6417230" lon="18.5474810">
    <ele>763.9</ele>
    <time>2026-05-09T16:58:25Z</time>
   </trkpt>
   <trkpt lat="69.6417230" lon="18.5474810">
    <ele>763.9</ele>
    <time>2026-05-09T16:58:26Z</time>
   </trkpt>
   <trkpt lat="69.6417230" lon="18.5474810">
    <ele>763.9</ele>
    <time>2026-05-09T16:58:27Z</time>
   </trkpt>
   <trkpt lat="69.6417230" lon="18.5474810">
    <ele>763.9</ele>
    <time>2026-05-09T16:58:28Z</time>
   </trkpt>
   <trkpt lat="69.6417230" lon="18.5474810">
    <ele>763.9</ele>
    <time>2026-05-09T16:58:29Z</time>
   </trkpt>
   <trkpt lat="69.6417230" lon="18.5474810">
    <ele>763.9</ele>
    <time>2026-05-09T16:58:30Z</time>
   </trkpt>
   <trkpt lat="69.6417230" lon="18.5474810">
    <ele>763.9</ele>
    <time>2026-05-09T16:58:31Z</time>
   </trkpt>
   <trkpt lat="69.6417230" lon="18.5474810">
    <ele>763.9</ele>
    <time>2026-05-09T16:58:32Z</time>
   </trkpt>
   <trkpt lat="69.6417230" lon="18.5474810">
    <ele>763.9</ele>
    <time>2026-05-09T16:58:33Z</time>
   </trkpt>
   <trkpt lat="69.6417230" lon="18.5474810">
    <ele>763.9</ele>
    <time>2026-05-09T16:58:34Z</time>
   </trkpt>
   <trkpt lat="69.6417230" lon="18.5474810">
    <ele>763.9</ele>
    <time>2026-05-09T16:58:35Z</time>
   </trkpt>
   <trkpt lat="69.6417230" lon="18.5474810">
    <ele>763.9</ele>
    <time>2026-05-09T16:58:36Z</time>
   </trkpt>
   <trkpt lat="69.6417230" lon="18.5474810">
    <ele>763.9</ele>
    <time>2026-05-09T16:58:37Z</time>
   </trkpt>
   <trkpt lat="69.6417230" lon="18.5474810">
    <ele>763.9</ele>
    <time>2026-05-09T16:58:38Z</time>
   </trkpt>
   <trkpt lat="69.6417230" lon="18.5474810">
    <ele>763.9</ele>
    <time>2026-05-09T16:58:39Z</time>
   </trkpt>
   <trkpt lat="69.6417230" lon="18.5474810">
    <ele>763.9</ele>
    <time>2026-05-09T16:58:40Z</time>
   </trkpt>
   <trkpt lat="69.6417230" lon="18.5474810">
    <ele>763.9</ele>
    <time>2026-05-09T16:58:41Z</time>
   </trkpt>
   <trkpt lat="69.6417230" lon="18.5474810">
    <ele>763.9</ele>
    <time>2026-05-09T16:58:42Z</time>
   </trkpt>
   <trkpt lat="69.6417230" lon="18.5474810">
    <ele>763.9</ele>
    <time>2026-05-09T16:58:43Z</time>
   </trkpt>
   <trkpt lat="69.6417230" lon="18.5474810">
    <ele>763.9</ele>
    <time>2026-05-09T16:58:44Z</time>
   </trkpt>
   <trkpt lat="69.6417230" lon="18.5474810">
    <ele>763.9</ele>
    <time>2026-05-09T16:58:45Z</time>
   </trkpt>
   <trkpt lat="69.6417230" lon="18.5474810">
    <ele>763.9</ele>
    <time>2026-05-09T16:58:46Z</time>
   </trkpt>
   <trkpt lat="69.6417230" lon="18.5474810">
    <ele>763.9</ele>
    <time>2026-05-09T16:58:47Z</time>
   </trkpt>
   <trkpt lat="69.6417230" lon="18.5474810">
    <ele>763.9</ele>
    <time>2026-05-09T16:58:48Z</time>
   </trkpt>
   <trkpt lat="69.6417230" lon="18.5474810">
    <ele>763.9</ele>
    <time>2026-05-09T16:58:49Z</time>
   </trkpt>
   <trkpt lat="69.6417230" lon="18.5474810">
    <ele>763.9</ele>
    <time>2026-05-09T16:58:50Z</time>
   </trkpt>
   <trkpt lat="69.6417230" lon="18.5474810">
    <ele>763.9</ele>
    <time>2026-05-09T16:58:51Z</time>
   </trkpt>
   <trkpt lat="69.6417230" lon="18.5474810">
    <ele>763.9</ele>
    <time>2026-05-09T16:58:52Z</time>
   </trkpt>
   <trkpt lat="69.6417230" lon="18.5474810">
    <ele>763.9</ele>
    <time>2026-05-09T16:58:53Z</time>
   </trkpt>
   <trkpt lat="69.6417230" lon="18.5474810">
    <ele>763.9</ele>
    <time>2026-05-09T16:58:54Z</time>
   </trkpt>
   <trkpt lat="69.6417230" lon="18.5474810">
    <ele>763.9</ele>
    <time>2026-05-09T16:58:55Z</time>
   </trkpt>
   <trkpt lat="69.6417230" lon="18.5474810">
    <ele>763.9</ele>
    <time>2026-05-09T16:58:56Z</time>
   </trkpt>
   <trkpt lat="69.6417230" lon="18.5474810">
    <ele>763.9</ele>
    <time>2026-05-09T16:58:57Z</time>
   </trkpt>
   <trkpt lat="69.6417230" lon="18.5474810">
    <ele>763.9</ele>
    <time>2026-05-09T16:58:58Z</time>
   </trkpt>
   <trkpt lat="69.6417230" lon="18.5474810">
    <ele>763.9</ele>
    <time>2026-05-09T16:58:59Z</time>
   </trkpt>
   <trkpt lat="69.6417230" lon="18.5474810">
    <ele>763.9</ele>
    <time>2026-05-09T16:59:00Z</time>
   </trkpt>
   <trkpt lat="69.6417230" lon="18.5474810">
    <ele>763.9</ele>
    <time>2026-05-09T16:59:01Z</time>
   </trkpt>
   <trkpt lat="69.6417230" lon="18.5474810">
    <ele>763.9</ele>
    <time>2026-05-09T16:59:02Z</time>
   </trkpt>
   <trkpt lat="69.6417230" lon="18.5474810">
    <ele>763.9</ele>
    <time>2026-05-09T16:59:03Z</time>
   </trkpt>
   <trkpt lat="69.6417230" lon="18.5474810">
    <ele>763.9</ele>
    <time>2026-05-09T16:59:04Z</time>
   </trkpt>
   <trkpt lat="69.6417230" lon="18.5474810">
    <ele>763.9</ele>
    <time>2026-05-09T16:59:05Z</time>
   </trkpt>
   <trkpt lat="69.6417230" lon="18.5474810">
    <ele>763.9</ele>
    <time>2026-05-09T16:59:06Z</time>
   </trkpt>
   <trkpt lat="69.6417230" lon="18.5474810">
    <ele>763.9</ele>
    <time>2026-05-09T16:59:07Z</time>
   </trkpt>
   <trkpt lat="69.6417230" lon="18.5474810">
    <ele>763.9</ele>
    <time>2026-05-09T16:59:08Z</time>
   </trkpt>
   <trkpt lat="69.6417230" lon="18.5474810">
    <ele>763.9</ele>
    <time>2026-05-09T16:59:09Z</time>
   </trkpt>
   <trkpt lat="69.6417230" lon="18.5474810">
    <ele>763.9</ele>
    <time>2026-05-09T16:59:10Z</time>
   </trkpt>
   <trkpt lat="69.6417230" lon="18.5474810">
    <ele>763.9</ele>
    <time>2026-05-09T16:59:11Z</time>
   </trkpt>
   <trkpt lat="69.6417230" lon="18.5474810">
    <ele>763.9</ele>
    <time>2026-05-09T16:59:12Z</time>
   </trkpt>
   <trkpt lat="69.6417230" lon="18.5474810">
    <ele>763.9</ele>
    <time>2026-05-09T16:59:13Z</time>
   </trkpt>
   <trkpt lat="69.6417230" lon="18.5474810">
    <ele>763.9</ele>
    <time>2026-05-09T16:59:14Z</time>
   </trkpt>
   <trkpt lat="69.6417230" lon="18.5474810">
    <ele>763.9</ele>
    <time>2026-05-09T16:59:15Z</time>
   </trkpt>
   <trkpt lat="69.6417230" lon="18.5474810">
    <ele>763.9</ele>
    <time>2026-05-09T16:59:16Z</time>
   </trkpt>
   <trkpt lat="69.6417230" lon="18.5474810">
    <ele>763.9</ele>
    <time>2026-05-09T16:59:17Z</time>
   </trkpt>
   <trkpt lat="69.6417230" lon="18.5474810">
    <ele>763.9</ele>
    <time>2026-05-09T16:59:18Z</time>
   </trkpt>
   <trkpt lat="69.6417230" lon="18.5474810">
    <ele>763.9</ele>
    <time>2026-05-09T16:59:19Z</time>
   </trkpt>
   <trkpt lat="69.6417230" lon="18.5474810">
    <ele>763.9</ele>
    <time>2026-05-09T16:59:20Z</time>
   </trkpt>
   <trkpt lat="69.6417230" lon="18.5474810">
    <ele>763.9</ele>
    <time>2026-05-09T16:59:21Z</time>
   </trkpt>
   <trkpt lat="69.6417230" lon="18.5474810">
    <ele>763.9</ele>
    <time>2026-05-09T16:59:22Z</time>
   </trkpt>
   <trkpt lat="69.6417230" lon="18.5474810">
    <ele>763.9</ele>
    <time>2026-05-09T16:59:23Z</time>
   </trkpt>
   <trkpt lat="69.6417230" lon="18.5474810">
    <ele>763.9</ele>
    <time>2026-05-09T16:59:24Z</time>
   </trkpt>
   <trkpt lat="69.6417230" lon="18.5474810">
    <ele>763.9</ele>
    <time>2026-05-09T16:59:25Z</time>
   </trkpt>
   <trkpt lat="69.6417230" lon="18.5474810">
    <ele>763.9</ele>
    <time>2026-05-09T16:59:26Z</time>
   </trkpt>
   <trkpt lat="69.6417230" lon="18.5474810">
    <ele>763.9</ele>
    <time>2026-05-09T16:59:27Z</time>
   </trkpt>
   <trkpt lat="69.6417230" lon="18.5474810">
    <ele>763.9</ele>
    <time>2026-05-09T16:59:28Z</time>
   </trkpt>
   <trkpt lat="69.6417230" lon="18.5474810">
    <ele>763.9</ele>
    <time>2026-05-09T16:59:29Z</time>
   </trkpt>
   <trkpt lat="69.6417230" lon="18.5474810">
    <ele>763.9</ele>
    <time>2026-05-09T16:59:30Z</time>
   </trkpt>
   <trkpt lat="69.6417230" lon="18.5474810">
    <ele>763.9</ele>
    <time>2026-05-09T16:59:31Z</time>
   </trkpt>
   <trkpt lat="69.6417230" lon="18.5474810">
    <ele>763.9</ele>
    <time>2026-05-09T16:59:32Z</time>
   </trkpt>
   <trkpt lat="69.6417230" lon="18.5474810">
    <ele>763.9</ele>
    <time>2026-05-09T16:59:33Z</time>
   </trkpt>
   <trkpt lat="69.6417230" lon="18.5474810">
    <ele>763.9</ele>
    <time>2026-05-09T16:59:34Z</time>
   </trkpt>
   <trkpt lat="69.6417230" lon="18.5474810">
    <ele>763.9</ele>
    <time>2026-05-09T16:59:35Z</time>
   </trkpt>
   <trkpt lat="69.6417230" lon="18.5474810">
    <ele>764.0</ele>
    <time>2026-05-09T16:59:36Z</time>
   </trkpt>
   <trkpt lat="69.6417230" lon="18.5474810">
    <ele>764.0</ele>
    <time>2026-05-09T16:59:37Z</time>
   </trkpt>
   <trkpt lat="69.6417230" lon="18.5474810">
    <ele>764.0</ele>
    <time>2026-05-09T16:59:38Z</time>
   </trkpt>
   <trkpt lat="69.6417230" lon="18.5474810">
    <ele>764.0</ele>
    <time>2026-05-09T16:59:39Z</time>
   </trkpt>
   <trkpt lat="69.6417230" lon="18.5474810">
    <ele>764.0</ele>
    <time>2026-05-09T16:59:40Z</time>
   </trkpt>
   <trkpt lat="69.6417230" lon="18.5474810">
    <ele>764.0</ele>
    <time>2026-05-09T16:59:41Z</time>
   </trkpt>
   <trkpt lat="69.6417230" lon="18.5474810">
    <ele>764.0</ele>
    <time>2026-05-09T16:59:42Z</time>
   </trkpt>
   <trkpt lat="69.6417230" lon="18.5474810">
    <ele>764.0</ele>
    <time>2026-05-09T16:59:43Z</time>
   </trkpt>
   <trkpt lat="69.6417230" lon="18.5474810">
    <ele>764.0</ele>
    <time>2026-05-09T16:59:44Z</time>
   </trkpt>
   <trkpt lat="69.6417230" lon="18.5474810">
    <ele>764.0</ele>
    <time>2026-05-09T16:59:45Z</time>
   </trkpt>
   <trkpt lat="69.6417230" lon="18.5474810">
    <ele>764.0</ele>
    <time>2026-05-09T16:59:46Z</time>
   </trkpt>
   <trkpt lat="69.6417230" lon="18.5474810">
    <ele>764.0</ele>
    <time>2026-05-09T16:59:47Z</time>
   </trkpt>
   <trkpt lat="69.6417230" lon="18.5474810">
    <ele>764.0</ele>
    <time>2026-05-09T16:59:48Z</time>
   </trkpt>
   <trkpt lat="69.6417230" lon="18.5474810">
    <ele>764.0</ele>
    <time>2026-05-09T16:59:49Z</time>
   </trkpt>
   <trkpt lat="69.6417230" lon="18.5474810">
    <ele>764.0</ele>
    <time>2026-05-09T16:59:50Z</time>
   </trkpt>
   <trkpt lat="69.6417230" lon="18.5474810">
    <ele>764.0</ele>
    <time>2026-05-09T16:59:51Z</time>
   </trkpt>
   <trkpt lat="69.6417230" lon="18.5474810">
    <ele>764.0</ele>
    <time>2026-05-09T16:59:52Z</time>
   </trkpt>
   <trkpt lat="69.6417230" lon="18.5474810">
    <ele>764.0</ele>
    <time>2026-05-09T16:59:53Z</time>
   </trkpt>
   <trkpt lat="69.6417230" lon="18.5474810">
    <ele>764.0</ele>
    <time>2026-05-09T16:59:54Z</time>
   </trkpt>
   <trkpt lat="69.6417230" lon="18.5474810">
    <ele>764.0</ele>
    <time>2026-05-09T16:59:55Z</time>
   </trkpt>
   <trkpt lat="69.6417230" lon="18.5474810">
    <ele>764.0</ele>
    <time>2026-05-09T16:59:56Z</time>
   </trkpt>
   <trkpt lat="69.6417230" lon="18.5474810">
    <ele>764.0</ele>
    <time>2026-05-09T16:59:57Z</time>
   </trkpt>
   <trkpt lat="69.6417230" lon="18.5474810">
    <ele>764.0</ele>
    <time>2026-05-09T16:59:58Z</time>
   </trkpt>
   <trkpt lat="69.6417230" lon="18.5474810">
    <ele>764.0</ele>
    <time>2026-05-09T16:59:59Z</time>
   </trkpt>
   <trkpt lat="69.6417230" lon="18.5474810">
    <ele>764.0</ele>
    <time>2026-05-09T17:00:00Z</time>
   </trkpt>
   <trkpt lat="69.6417230" lon="18.5474810">
    <ele>764.0</ele>
    <time>2026-05-09T17:00:01Z</time>
   </trkpt>
   <trkpt lat="69.6417230" lon="18.5474810">
    <ele>764.0</ele>
    <time>2026-05-09T17:00:02Z</time>
   </trkpt>
   <trkpt lat="69.6417230" lon="18.5474810">
    <ele>764.0</ele>
    <time>2026-05-09T17:00:03Z</time>
   </trkpt>
   <trkpt lat="69.6417230" lon="18.5474810">
    <ele>764.0</ele>
    <time>2026-05-09T17:00:04Z</time>
   </trkpt>
   <trkpt lat="69.6417230" lon="18.5474810">
    <ele>764.0</ele>
    <time>2026-05-09T17:00:05Z</time>
   </trkpt>
   <trkpt lat="69.6417230" lon="18.5474810">
    <ele>764.0</ele>
    <time>2026-05-09T17:00:06Z</time>
   </trkpt>
   <trkpt lat="69.6417230" lon="18.5474810">
    <ele>764.0</ele>
    <time>2026-05-09T17:00:07Z</time>
   </trkpt>
   <trkpt lat="69.6417230" lon="18.5474810">
    <ele>764.0</ele>
    <time>2026-05-09T17:00:08Z</time>
   </trkpt>
   <trkpt lat="69.6417230" lon="18.5474810">
    <ele>764.0</ele>
    <time>2026-05-09T17:00:09Z</time>
   </trkpt>
   <trkpt lat="69.6417230" lon="18.5474810">
    <ele>764.0</ele>
    <time>2026-05-09T17:00:10Z</time>
   </trkpt>
   <trkpt lat="69.6417230" lon="18.5474810">
    <ele>764.0</ele>
    <time>2026-05-09T17:00:11Z</time>
   </trkpt>
   <trkpt lat="69.6417230" lon="18.5474810">
    <ele>764.0</ele>
    <time>2026-05-09T17:00:12Z</time>
   </trkpt>
   <trkpt lat="69.6417230" lon="18.5474810">
    <ele>764.0</ele>
    <time>2026-05-09T17:00:13Z</time>
   </trkpt>
   <trkpt lat="69.6417230" lon="18.5474810">
    <ele>764.0</ele>
    <time>2026-05-09T17:00:14Z</time>
   </trkpt>
   <trkpt lat="69.6417230" lon="18.5474810">
    <ele>764.0</ele>
    <time>2026-05-09T17:00:15Z</time>
   </trkpt>
   <trkpt lat="69.6417230" lon="18.5474810">
    <ele>764.0</ele>
    <time>2026-05-09T17:00:16Z</time>
   </trkpt>
   <trkpt lat="69.6417230" lon="18.5474810">
    <ele>764.0</ele>
    <time>2026-05-09T17:00:17Z</time>
   </trkpt>
   <trkpt lat="69.6417230" lon="18.5474810">
    <ele>764.0</ele>
    <time>2026-05-09T17:00:18Z</time>
   </trkpt>
   <trkpt lat="69.6417230" lon="18.5474810">
    <ele>764.0</ele>
    <time>2026-05-09T17:00:19Z</time>
   </trkpt>
   <trkpt lat="69.6417230" lon="18.5474810">
    <ele>764.0</ele>
    <time>2026-05-09T17:00:20Z</time>
   </trkpt>
   <trkpt lat="69.6417230" lon="18.5474810">
    <ele>764.0</ele>
    <time>2026-05-09T17:00:21Z</time>
   </trkpt>
   <trkpt lat="69.6417230" lon="18.5474810">
    <ele>764.0</ele>
    <time>2026-05-09T17:00:22Z</time>
   </trkpt>
   <trkpt lat="69.6417230" lon="18.5474810">
    <ele>764.0</ele>
    <time>2026-05-09T17:00:23Z</time>
   </trkpt>
   <trkpt lat="69.6417230" lon="18.5474810">
    <ele>764.0</ele>
    <time>2026-05-09T17:00:24Z</time>
   </trkpt>
   <trkpt lat="69.6417230" lon="18.5474810">
    <ele>764.0</ele>
    <time>2026-05-09T17:00:25Z</time>
   </trkpt>
   <trkpt lat="69.6417230" lon="18.5474810">
    <ele>764.0</ele>
    <time>2026-05-09T17:00:26Z</time>
   </trkpt>
   <trkpt lat="69.6417230" lon="18.5474810">
    <ele>764.0</ele>
    <time>2026-05-09T17:00:27Z</time>
   </trkpt>
   <trkpt lat="69.6417230" lon="18.5474810">
    <ele>764.0</ele>
    <time>2026-05-09T17:00:28Z</time>
   </trkpt>
   <trkpt lat="69.6417230" lon="18.5474810">
    <ele>764.0</ele>
    <time>2026-05-09T17:00:29Z</time>
   </trkpt>
   <trkpt lat="69.6417230" lon="18.5474810">
    <ele>764.0</ele>
    <time>2026-05-09T17:00:30Z</time>
   </trkpt>
   <trkpt lat="69.6417230" lon="18.5474810">
    <ele>764.0</ele>
    <time>2026-05-09T17:00:31Z</time>
   </trkpt>
   <trkpt lat="69.6417230" lon="18.5474810">
    <ele>764.0</ele>
    <time>2026-05-09T17:00:32Z</time>
   </trkpt>
   <trkpt lat="69.6417230" lon="18.5474810">
    <ele>764.0</ele>
    <time>2026-05-09T17:00:33Z</time>
   </trkpt>
   <trkpt lat="69.6417230" lon="18.5474810">
    <ele>764.0</ele>
    <time>2026-05-09T17:00:34Z</time>
   </trkpt>
   <trkpt lat="69.6417230" lon="18.5474810">
    <ele>764.0</ele>
    <time>2026-05-09T17:00:35Z</time>
   </trkpt>
   <trkpt lat="69.6417230" lon="18.5474810">
    <ele>764.0</ele>
    <time>2026-05-09T17:00:36Z</time>
   </trkpt>
   <trkpt lat="69.6417230" lon="18.5474810">
    <ele>764.0</ele>
    <time>2026-05-09T17:00:37Z</time>
   </trkpt>
   <trkpt lat="69.6417230" lon="18.5474810">
    <ele>764.0</ele>
    <time>2026-05-09T17:00:38Z</time>
   </trkpt>
   <trkpt lat="69.6417230" lon="18.5474810">
    <ele>764.0</ele>
    <time>2026-05-09T17:00:39Z</time>
   </trkpt>
   <trkpt lat="69.6417230" lon="18.5474810">
    <ele>764.0</ele>
    <time>2026-05-09T17:00:40Z</time>
   </trkpt>
   <trkpt lat="69.6417230" lon="18.5474810">
    <ele>764.0</ele>
    <time>2026-05-09T17:00:41Z</time>
   </trkpt>
   <trkpt lat="69.6417230" lon="18.5474810">
    <ele>764.0</ele>
    <time>2026-05-09T17:00:42Z</time>
   </trkpt>
   <trkpt lat="69.6417230" lon="18.5474810">
    <ele>764.0</ele>
    <time>2026-05-09T17:00:43Z</time>
   </trkpt>
   <trkpt lat="69.6417230" lon="18.5474810">
    <ele>764.0</ele>
    <time>2026-05-09T17:00:44Z</time>
   </trkpt>
   <trkpt lat="69.6417230" lon="18.5474810">
    <ele>764.0</ele>
    <time>2026-05-09T17:00:45Z</time>
   </trkpt>
   <trkpt lat="69.6417230" lon="18.5474810">
    <ele>764.0</ele>
    <time>2026-05-09T17:00:46Z</time>
   </trkpt>
   <trkpt lat="69.6417230" lon="18.5474810">
    <ele>764.0</ele>
    <time>2026-05-09T17:00:47Z</time>
   </trkpt>
   <trkpt lat="69.6417230" lon="18.5474810">
    <ele>764.0</ele>
    <time>2026-05-09T17:00:48Z</time>
   </trkpt>
   <trkpt lat="69.6417230" lon="18.5474810">
    <ele>764.0</ele>
    <time>2026-05-09T17:00:49Z</time>
   </trkpt>
   <trkpt lat="69.6417230" lon="18.5474810">
    <ele>764.0</ele>
    <time>2026-05-09T17:00:50Z</time>
   </trkpt>
   <trkpt lat="69.6417230" lon="18.5474810">
    <ele>764.0</ele>
    <time>2026-05-09T17:00:51Z</time>
   </trkpt>
   <trkpt lat="69.6417230" lon="18.5474810">
    <ele>764.0</ele>
    <time>2026-05-09T17:00:52Z</time>
   </trkpt>
   <trkpt lat="69.6417230" lon="18.5474810">
    <ele>764.0</ele>
    <time>2026-05-09T17:00:53Z</time>
   </trkpt>
   <trkpt lat="69.6417230" lon="18.5474810">
    <ele>764.0</ele>
    <time>2026-05-09T17:00:54Z</time>
   </trkpt>
   <trkpt lat="69.6417230" lon="18.5474810">
    <ele>764.0</ele>
    <time>2026-05-09T17:00:55Z</time>
   </trkpt>
   <trkpt lat="69.6417230" lon="18.5474810">
    <ele>764.0</ele>
    <time>2026-05-09T17:00:56Z</time>
   </trkpt>
   <trkpt lat="69.6417230" lon="18.5474810">
    <ele>764.0</ele>
    <time>2026-05-09T17:00:57Z</time>
   </trkpt>
   <trkpt lat="69.6417230" lon="18.5474810">
    <ele>764.0</ele>
    <time>2026-05-09T17:00:58Z</time>
   </trkpt>
   <trkpt lat="69.6417230" lon="18.5474810">
    <ele>764.0</ele>
    <time>2026-05-09T17:00:59Z</time>
   </trkpt>
   <trkpt lat="69.6417230" lon="18.5474810">
    <ele>764.0</ele>
    <time>2026-05-09T17:01:00Z</time>
   </trkpt>
   <trkpt lat="69.6417230" lon="18.5474810">
    <ele>764.0</ele>
    <time>2026-05-09T17:01:01Z</time>
   </trkpt>
   <trkpt lat="69.6417230" lon="18.5474810">
    <ele>764.0</ele>
    <time>2026-05-09T17:01:02Z</time>
   </trkpt>
   <trkpt lat="69.6417230" lon="18.5474810">
    <ele>764.0</ele>
    <time>2026-05-09T17:01:03Z</time>
   </trkpt>
   <trkpt lat="69.6417230" lon="18.5474810">
    <ele>764.0</ele>
    <time>2026-05-09T17:01:04Z</time>
   </trkpt>
   <trkpt lat="69.6417230" lon="18.5474810">
    <ele>764.0</ele>
    <time>2026-05-09T17:01:05Z</time>
   </trkpt>
   <trkpt lat="69.6417230" lon="18.5474810">
    <ele>764.0</ele>
    <time>2026-05-09T17:01:06Z</time>
   </trkpt>
   <trkpt lat="69.6417230" lon="18.5474810">
    <ele>764.0</ele>
    <time>2026-05-09T17:01:07Z</time>
   </trkpt>
   <trkpt lat="69.6417230" lon="18.5474810">
    <ele>764.0</ele>
    <time>2026-05-09T17:01:08Z</time>
   </trkpt>
   <trkpt lat="69.6417230" lon="18.5474810">
    <ele>764.0</ele>
    <time>2026-05-09T17:01:09Z</time>
   </trkpt>
   <trkpt lat="69.6417230" lon="18.5474810">
    <ele>764.0</ele>
    <time>2026-05-09T17:01:10Z</time>
   </trkpt>
   <trkpt lat="69.6417230" lon="18.5474810">
    <ele>764.0</ele>
    <time>2026-05-09T17:01:11Z</time>
   </trkpt>
   <trkpt lat="69.6417230" lon="18.5474810">
    <ele>764.0</ele>
    <time>2026-05-09T17:01:12Z</time>
   </trkpt>
   <trkpt lat="69.6417230" lon="18.5474810">
    <ele>764.0</ele>
    <time>2026-05-09T17:01:13Z</time>
   </trkpt>
   <trkpt lat="69.6417230" lon="18.5474810">
    <ele>764.0</ele>
    <time>2026-05-09T17:01:14Z</time>
   </trkpt>
   <trkpt lat="69.6417230" lon="18.5474810">
    <ele>764.0</ele>
    <time>2026-05-09T17:01:15Z</time>
   </trkpt>
   <trkpt lat="69.6417230" lon="18.5474810">
    <ele>764.0</ele>
    <time>2026-05-09T17:01:16Z</time>
   </trkpt>
   <trkpt lat="69.6417230" lon="18.5474810">
    <ele>764.0</ele>
    <time>2026-05-09T17:01:17Z</time>
   </trkpt>
   <trkpt lat="69.6417230" lon="18.5474810">
    <ele>764.0</ele>
    <time>2026-05-09T17:01:18Z</time>
   </trkpt>
   <trkpt lat="69.6417230" lon="18.5474810">
    <ele>764.0</ele>
    <time>2026-05-09T17:01:19Z</time>
   </trkpt>
   <trkpt lat="69.6417230" lon="18.5474810">
    <ele>764.0</ele>
    <time>2026-05-09T17:01:20Z</time>
   </trkpt>
   <trkpt lat="69.6417230" lon="18.5474810">
    <ele>764.0</ele>
    <time>2026-05-09T17:01:21Z</time>
   </trkpt>
   <trkpt lat="69.6417230" lon="18.5474810">
    <ele>764.0</ele>
    <time>2026-05-09T17:01:22Z</time>
   </trkpt>
   <trkpt lat="69.6417230" lon="18.5474810">
    <ele>764.0</ele>
    <time>2026-05-09T17:01:23Z</time>
   </trkpt>
   <trkpt lat="69.6417230" lon="18.5474810">
    <ele>764.0</ele>
    <time>2026-05-09T17:01:24Z</time>
   </trkpt>
   <trkpt lat="69.6417230" lon="18.5474810">
    <ele>764.0</ele>
    <time>2026-05-09T17:01:25Z</time>
   </trkpt>
   <trkpt lat="69.6417230" lon="18.5474810">
    <ele>764.0</ele>
    <time>2026-05-09T17:01:26Z</time>
   </trkpt>
   <trkpt lat="69.6417230" lon="18.5474810">
    <ele>764.0</ele>
    <time>2026-05-09T17:01:27Z</time>
   </trkpt>
   <trkpt lat="69.6417230" lon="18.5474810">
    <ele>764.0</ele>
    <time>2026-05-09T17:01:28Z</time>
   </trkpt>
   <trkpt lat="69.6417230" lon="18.5474810">
    <ele>764.0</ele>
    <time>2026-05-09T17:01:29Z</time>
   </trkpt>
   <trkpt lat="69.6417230" lon="18.5474810">
    <ele>764.0</ele>
    <time>2026-05-09T17:01:30Z</time>
   </trkpt>
   <trkpt lat="69.6417230" lon="18.5474810">
    <ele>764.0</ele>
    <time>2026-05-09T17:01:31Z</time>
   </trkpt>
   <trkpt lat="69.6417230" lon="18.5474810">
    <ele>764.0</ele>
    <time>2026-05-09T17:01:32Z</time>
   </trkpt>
   <trkpt lat="69.6417230" lon="18.5474810">
    <ele>764.0</ele>
    <time>2026-05-09T17:01:33Z</time>
   </trkpt>
   <trkpt lat="69.6417230" lon="18.5474810">
    <ele>764.0</ele>
    <time>2026-05-09T17:01:34Z</time>
   </trkpt>
   <trkpt lat="69.6417230" lon="18.5474810">
    <ele>764.0</ele>
    <time>2026-05-09T17:01:35Z</time>
   </trkpt>
   <trkpt lat="69.6417230" lon="18.5474810">
    <ele>764.0</ele>
    <time>2026-05-09T17:01:36Z</time>
   </trkpt>
   <trkpt lat="69.6417230" lon="18.5474810">
    <ele>764.0</ele>
    <time>2026-05-09T17:01:37Z</time>
   </trkpt>
   <trkpt lat="69.6417230" lon="18.5474810">
    <ele>764.0</ele>
    <time>2026-05-09T17:01:38Z</time>
   </trkpt>
   <trkpt lat="69.6417230" lon="18.5474810">
    <ele>764.0</ele>
    <time>2026-05-09T17:01:39Z</time>
   </trkpt>
   <trkpt lat="69.6417230" lon="18.5474810">
    <ele>764.0</ele>
    <time>2026-05-09T17:01:40Z</time>
   </trkpt>
   <trkpt lat="69.6417230" lon="18.5474810">
    <ele>764.0</ele>
    <time>2026-05-09T17:01:41Z</time>
   </trkpt>
   <trkpt lat="69.6417230" lon="18.5474810">
    <ele>764.0</ele>
    <time>2026-05-09T17:01:42Z</time>
   </trkpt>
   <trkpt lat="69.6417230" lon="18.5474810">
    <ele>764.0</ele>
    <time>2026-05-09T17:01:43Z</time>
   </trkpt>
   <trkpt lat="69.6417230" lon="18.5474810">
    <ele>764.0</ele>
    <time>2026-05-09T17:01:44Z</time>
   </trkpt>
   <trkpt lat="69.6417230" lon="18.5474810">
    <ele>764.0</ele>
    <time>2026-05-09T17:01:45Z</time>
   </trkpt>
   <trkpt lat="69.6417230" lon="18.5474810">
    <ele>764.0</ele>
    <time>2026-05-09T17:01:46Z</time>
   </trkpt>
   <trkpt lat="69.6417230" lon="18.5474810">
    <ele>764.0</ele>
    <time>2026-05-09T17:01:47Z</time>
   </trkpt>
   <trkpt lat="69.6417230" lon="18.5474810">
    <ele>764.0</ele>
    <time>2026-05-09T17:01:48Z</time>
   </trkpt>
   <trkpt lat="69.6417230" lon="18.5474810">
    <ele>764.0</ele>
    <time>2026-05-09T17:01:49Z</time>
   </trkpt>
   <trkpt lat="69.6417230" lon="18.5474810">
    <ele>764.0</ele>
    <time>2026-05-09T17:01:50Z</time>
   </trkpt>
   <trkpt lat="69.6417230" lon="18.5474810">
    <ele>764.0</ele>
    <time>2026-05-09T17:01:51Z</time>
   </trkpt>
   <trkpt lat="69.6417230" lon="18.5474810">
    <ele>764.0</ele>
    <time>2026-05-09T17:01:52Z</time>
   </trkpt>
   <trkpt lat="69.6417230" lon="18.5474810">
    <ele>764.0</ele>
    <time>2026-05-09T17:01:53Z</time>
   </trkpt>
   <trkpt lat="69.6417230" lon="18.5474810">
    <ele>764.0</ele>
    <time>2026-05-09T17:01:54Z</time>
   </trkpt>
   <trkpt lat="69.6417230" lon="18.5474810">
    <ele>764.0</ele>
    <time>2026-05-09T17:01:55Z</time>
   </trkpt>
   <trkpt lat="69.6417230" lon="18.5474810">
    <ele>764.0</ele>
    <time>2026-05-09T17:01:56Z</time>
   </trkpt>
   <trkpt lat="69.6417230" lon="18.5474810">
    <ele>764.0</ele>
    <time>2026-05-09T17:01:57Z</time>
   </trkpt>
   <trkpt lat="69.6417230" lon="18.5474810">
    <ele>764.0</ele>
    <time>2026-05-09T17:01:58Z</time>
   </trkpt>
   <trkpt lat="69.6417230" lon="18.5474810">
    <ele>764.0</ele>
    <time>2026-05-09T17:01:59Z</time>
   </trkpt>
   <trkpt lat="69.6417230" lon="18.5474810">
    <ele>764.0</ele>
    <time>2026-05-09T17:02:00Z</time>
   </trkpt>
   <trkpt lat="69.6417230" lon="18.5474810">
    <ele>764.0</ele>
    <time>2026-05-09T17:02:01Z</time>
   </trkpt>
   <trkpt lat="69.6417230" lon="18.5474810">
    <ele>764.0</ele>
    <time>2026-05-09T17:02:02Z</time>
   </trkpt>
   <trkpt lat="69.6417230" lon="18.5474810">
    <ele>764.0</ele>
    <time>2026-05-09T17:02:03Z</time>
   </trkpt>
   <trkpt lat="69.6417230" lon="18.5474810">
    <ele>764.0</ele>
    <time>2026-05-09T17:02:04Z</time>
   </trkpt>
   <trkpt lat="69.6417230" lon="18.5474810">
    <ele>764.0</ele>
    <time>2026-05-09T17:02:05Z</time>
   </trkpt>
   <trkpt lat="69.6417230" lon="18.5474810">
    <ele>764.0</ele>
    <time>2026-05-09T17:02:06Z</time>
   </trkpt>
   <trkpt lat="69.6417230" lon="18.5474810">
    <ele>764.0</ele>
    <time>2026-05-09T17:02:07Z</time>
   </trkpt>
   <trkpt lat="69.6417230" lon="18.5474810">
    <ele>764.0</ele>
    <time>2026-05-09T17:02:08Z</time>
   </trkpt>
   <trkpt lat="69.6417230" lon="18.5474810">
    <ele>764.0</ele>
    <time>2026-05-09T17:02:09Z</time>
   </trkpt>
   <trkpt lat="69.6417230" lon="18.5474810">
    <ele>764.0</ele>
    <time>2026-05-09T17:02:10Z</time>
   </trkpt>
   <trkpt lat="69.6417230" lon="18.5474810">
    <ele>764.0</ele>
    <time>2026-05-09T17:02:11Z</time>
   </trkpt>
   <trkpt lat="69.6417230" lon="18.5474810">
    <ele>764.0</ele>
    <time>2026-05-09T17:02:12Z</time>
   </trkpt>
   <trkpt lat="69.6417230" lon="18.5474810">
    <ele>764.0</ele>
    <time>2026-05-09T17:02:13Z</time>
   </trkpt>
   <trkpt lat="69.6417230" lon="18.5474810">
    <ele>764.0</ele>
    <time>2026-05-09T17:02:14Z</time>
   </trkpt>
   <trkpt lat="69.6417230" lon="18.5474810">
    <ele>764.0</ele>
    <time>2026-05-09T17:02:15Z</time>
   </trkpt>
   <trkpt lat="69.6417230" lon="18.5474810">
    <ele>764.0</ele>
    <time>2026-05-09T17:02:16Z</time>
   </trkpt>
   <trkpt lat="69.6417230" lon="18.5474810">
    <ele>764.0</ele>
    <time>2026-05-09T17:02:17Z</time>
   </trkpt>
   <trkpt lat="69.6417230" lon="18.5474810">
    <ele>764.0</ele>
    <time>2026-05-09T17:02:18Z</time>
   </trkpt>
   <trkpt lat="69.6417230" lon="18.5474810">
    <ele>764.0</ele>
    <time>2026-05-09T17:02:19Z</time>
   </trkpt>
   <trkpt lat="69.6417230" lon="18.5474810">
    <ele>764.0</ele>
    <time>2026-05-09T17:02:20Z</time>
   </trkpt>
   <trkpt lat="69.6417230" lon="18.5474810">
    <ele>764.0</ele>
    <time>2026-05-09T17:02:21Z</time>
   </trkpt>
   <trkpt lat="69.6417230" lon="18.5474810">
    <ele>764.0</ele>
    <time>2026-05-09T17:02:22Z</time>
   </trkpt>
   <trkpt lat="69.6417230" lon="18.5474810">
    <ele>764.0</ele>
    <time>2026-05-09T17:02:23Z</time>
   </trkpt>
   <trkpt lat="69.6417230" lon="18.5474810">
    <ele>764.0</ele>
    <time>2026-05-09T17:02:24Z</time>
   </trkpt>
   <trkpt lat="69.6417230" lon="18.5474810">
    <ele>764.0</ele>
    <time>2026-05-09T17:02:25Z</time>
   </trkpt>
   <trkpt lat="69.6417230" lon="18.5474810">
    <ele>764.0</ele>
    <time>2026-05-09T17:02:26Z</time>
   </trkpt>
   <trkpt lat="69.6417230" lon="18.5474810">
    <ele>764.0</ele>
    <time>2026-05-09T17:02:27Z</time>
   </trkpt>
   <trkpt lat="69.6417230" lon="18.5474810">
    <ele>764.0</ele>
    <time>2026-05-09T17:02:28Z</time>
   </trkpt>
   <trkpt lat="69.6417230" lon="18.5474810">
    <ele>764.0</ele>
    <time>2026-05-09T17:02:29Z</time>
   </trkpt>
   <trkpt lat="69.6417230" lon="18.5474810">
    <ele>764.0</ele>
    <time>2026-05-09T17:02:30Z</time>
   </trkpt>
   <trkpt lat="69.6417230" lon="18.5474810">
    <ele>764.0</ele>
    <time>2026-05-09T17:02:31Z</time>
   </trkpt>
   <trkpt lat="69.6417230" lon="18.5474810">
    <ele>764.0</ele>
    <time>2026-05-09T17:02:32Z</time>
   </trkpt>
   <trkpt lat="69.6417230" lon="18.5474810">
    <ele>764.0</ele>
    <time>2026-05-09T17:02:33Z</time>
   </trkpt>
   <trkpt lat="69.6417230" lon="18.5474810">
    <ele>764.0</ele>
    <time>2026-05-09T17:02:34Z</time>
   </trkpt>
   <trkpt lat="69.6417230" lon="18.5474810">
    <ele>764.0</ele>
    <time>2026-05-09T17:02:35Z</time>
   </trkpt>
   <trkpt lat="69.6417230" lon="18.5474810">
    <ele>764.0</ele>
    <time>2026-05-09T17:02:36Z</time>
   </trkpt>
   <trkpt lat="69.6417230" lon="18.5474810">
    <ele>764.0</ele>
    <time>2026-05-09T17:02:37Z</time>
   </trkpt>
   <trkpt lat="69.6417230" lon="18.5474810">
    <ele>764.0</ele>
    <time>2026-05-09T17:02:38Z</time>
   </trkpt>
   <trkpt lat="69.6417230" lon="18.5474810">
    <ele>764.0</ele>
    <time>2026-05-09T17:02:39Z</time>
   </trkpt>
   <trkpt lat="69.6417230" lon="18.5474810">
    <ele>764.0</ele>
    <time>2026-05-09T17:02:40Z</time>
   </trkpt>
   <trkpt lat="69.6417230" lon="18.5474810">
    <ele>764.0</ele>
    <time>2026-05-09T17:02:41Z</time>
   </trkpt>
   <trkpt lat="69.6417230" lon="18.5474810">
    <ele>764.0</ele>
    <time>2026-05-09T17:02:42Z</time>
   </trkpt>
   <trkpt lat="69.6417230" lon="18.5474810">
    <ele>764.0</ele>
    <time>2026-05-09T17:02:43Z</time>
   </trkpt>
   <trkpt lat="69.6417230" lon="18.5474810">
    <ele>764.0</ele>
    <time>2026-05-09T17:02:44Z</time>
   </trkpt>
   <trkpt lat="69.6417230" lon="18.5474810">
    <ele>764.0</ele>
    <time>2026-05-09T17:02:45Z</time>
   </trkpt>
   <trkpt lat="69.6417230" lon="18.5474810">
    <ele>764.0</ele>
    <time>2026-05-09T17:02:46Z</time>
   </trkpt>
   <trkpt lat="69.6417230" lon="18.5474810">
    <ele>764.0</ele>
    <time>2026-05-09T17:02:47Z</time>
   </trkpt>
   <trkpt lat="69.6417230" lon="18.5474810">
    <ele>764.0</ele>
    <time>2026-05-09T17:02:48Z</time>
   </trkpt>
   <trkpt lat="69.6417230" lon="18.5474810">
    <ele>764.0</ele>
    <time>2026-05-09T17:02:49Z</time>
   </trkpt>
   <trkpt lat="69.6417230" lon="18.5474810">
    <ele>764.0</ele>
    <time>2026-05-09T17:02:50Z</time>
   </trkpt>
   <trkpt lat="69.6417230" lon="18.5474810">
    <ele>764.0</ele>
    <time>2026-05-09T17:02:51Z</time>
   </trkpt>
   <trkpt lat="69.6417230" lon="18.5474810">
    <ele>764.0</ele>
    <time>2026-05-09T17:02:52Z</time>
   </trkpt>
   <trkpt lat="69.6417230" lon="18.5474810">
    <ele>764.0</ele>
    <time>2026-05-09T17:02:53Z</time>
   </trkpt>
   <trkpt lat="69.6417230" lon="18.5474810">
    <ele>764.0</ele>
    <time>2026-05-09T17:02:54Z</time>
   </trkpt>
   <trkpt lat="69.6417230" lon="18.5474810">
    <ele>764.0</ele>
    <time>2026-05-09T17:02:55Z</time>
   </trkpt>
   <trkpt lat="69.6417230" lon="18.5474810">
    <ele>764.0</ele>
    <time>2026-05-09T17:02:56Z</time>
   </trkpt>
   <trkpt lat="69.6417230" lon="18.5474810">
    <ele>764.0</ele>
    <time>2026-05-09T17:02:57Z</time>
   </trkpt>
   <trkpt lat="69.6417230" lon="18.5474810">
    <ele>764.0</ele>
    <time>2026-05-09T17:02:58Z</time>
   </trkpt>
   <trkpt lat="69.6417230" lon="18.5474810">
    <ele>764.0</ele>
    <time>2026-05-09T17:02:59Z</time>
   </trkpt>
   <trkpt lat="69.6417230" lon="18.5474810">
    <ele>764.0</ele>
    <time>2026-05-09T17:03:00Z</time>
   </trkpt>
   <trkpt lat="69.6417230" lon="18.5474810">
    <ele>764.0</ele>
    <time>2026-05-09T17:03:01Z</time>
   </trkpt>
   <trkpt lat="69.6417230" lon="18.5474810">
    <ele>764.0</ele>
    <time>2026-05-09T17:03:02Z</time>
   </trkpt>
   <trkpt lat="69.6417230" lon="18.5474810">
    <ele>764.0</ele>
    <time>2026-05-09T17:03:03Z</time>
   </trkpt>
   <trkpt lat="69.6417230" lon="18.5474810">
    <ele>764.0</ele>
    <time>2026-05-09T17:03:04Z</time>
   </trkpt>
   <trkpt lat="69.6417230" lon="18.5474810">
    <ele>764.0</ele>
    <time>2026-05-09T17:03:05Z</time>
   </trkpt>
   <trkpt lat="69.6417230" lon="18.5474810">
    <ele>764.0</ele>
    <time>2026-05-09T17:03:06Z</time>
   </trkpt>
   <trkpt lat="69.6417230" lon="18.5474810">
    <ele>764.0</ele>
    <time>2026-05-09T17:03:07Z</time>
   </trkpt>
   <trkpt lat="69.6417230" lon="18.5474810">
    <ele>764.0</ele>
    <time>2026-05-09T17:03:08Z</time>
   </trkpt>
   <trkpt lat="69.6417230" lon="18.5474810">
    <ele>764.0</ele>
    <time>2026-05-09T17:03:09Z</time>
   </trkpt>
   <trkpt lat="69.6417230" lon="18.5474810">
    <ele>764.0</ele>
    <time>2026-05-09T17:03:10Z</time>
   </trkpt>
   <trkpt lat="69.6417230" lon="18.5474810">
    <ele>764.0</ele>
    <time>2026-05-09T17:03:11Z</time>
   </trkpt>
   <trkpt lat="69.6417230" lon="18.5474810">
    <ele>764.0</ele>
    <time>2026-05-09T17:03:12Z</time>
   </trkpt>
   <trkpt lat="69.6417230" lon="18.5474810">
    <ele>764.0</ele>
    <time>2026-05-09T17:03:13Z</time>
   </trkpt>
   <trkpt lat="69.6417230" lon="18.5474810">
    <ele>764.0</ele>
    <time>2026-05-09T17:03:14Z</time>
   </trkpt>
   <trkpt lat="69.6417230" lon="18.5474810">
    <ele>764.0</ele>
    <time>2026-05-09T17:03:15Z</time>
   </trkpt>
   <trkpt lat="69.6417230" lon="18.5474810">
    <ele>764.0</ele>
    <time>2026-05-09T17:03:16Z</time>
   </trkpt>
   <trkpt lat="69.6417230" lon="18.5474810">
    <ele>764.0</ele>
    <time>2026-05-09T17:03:17Z</time>
   </trkpt>
   <trkpt lat="69.6417230" lon="18.5474810">
    <ele>764.0</ele>
    <time>2026-05-09T17:03:18Z</time>
   </trkpt>
   <trkpt lat="69.6417230" lon="18.5474810">
    <ele>764.0</ele>
    <time>2026-05-09T17:03:19Z</time>
   </trkpt>
   <trkpt lat="69.6417230" lon="18.5474810">
    <ele>764.0</ele>
    <time>2026-05-09T17:03:20Z</time>
   </trkpt>
   <trkpt lat="69.6417230" lon="18.5474810">
    <ele>764.0</ele>
    <time>2026-05-09T17:03:21Z</time>
   </trkpt>
   <trkpt lat="69.6417230" lon="18.5474810">
    <ele>764.0</ele>
    <time>2026-05-09T17:03:22Z</time>
   </trkpt>
   <trkpt lat="69.6417230" lon="18.5474810">
    <ele>764.0</ele>
    <time>2026-05-09T17:03:23Z</time>
   </trkpt>
   <trkpt lat="69.6417230" lon="18.5474810">
    <ele>764.0</ele>
    <time>2026-05-09T17:03:24Z</time>
   </trkpt>
   <trkpt lat="69.6417230" lon="18.5474810">
    <ele>764.0</ele>
    <time>2026-05-09T17:03:25Z</time>
   </trkpt>
   <trkpt lat="69.6417230" lon="18.5474810">
    <ele>764.0</ele>
    <time>2026-05-09T17:03:26Z</time>
   </trkpt>
   <trkpt lat="69.6417230" lon="18.5474810">
    <ele>764.0</ele>
    <time>2026-05-09T17:03:27Z</time>
   </trkpt>
   <trkpt lat="69.6417230" lon="18.5474810">
    <ele>764.0</ele>
    <time>2026-05-09T17:03:28Z</time>
   </trkpt>
   <trkpt lat="69.6417230" lon="18.5474810">
    <ele>764.0</ele>
    <time>2026-05-09T17:03:29Z</time>
   </trkpt>
   <trkpt lat="69.6417230" lon="18.5474810">
    <ele>764.0</ele>
    <time>2026-05-09T17:03:30Z</time>
   </trkpt>
   <trkpt lat="69.6417230" lon="18.5474810">
    <ele>764.0</ele>
    <time>2026-05-09T17:03:31Z</time>
   </trkpt>
   <trkpt lat="69.6417230" lon="18.5474810">
    <ele>764.0</ele>
    <time>2026-05-09T17:03:32Z</time>
   </trkpt>
   <trkpt lat="69.6417230" lon="18.5474810">
    <ele>764.0</ele>
    <time>2026-05-09T17:03:33Z</time>
   </trkpt>
   <trkpt lat="69.6417230" lon="18.5474810">
    <ele>764.0</ele>
    <time>2026-05-09T17:03:34Z</time>
   </trkpt>
   <trkpt lat="69.6417230" lon="18.5474810">
    <ele>764.0</ele>
    <time>2026-05-09T17:03:35Z</time>
   </trkpt>
   <trkpt lat="69.6417230" lon="18.5474810">
    <ele>764.0</ele>
    <time>2026-05-09T17:03:36Z</time>
   </trkpt>
   <trkpt lat="69.6417230" lon="18.5474810">
    <ele>764.0</ele>
    <time>2026-05-09T17:03:37Z</time>
   </trkpt>
   <trkpt lat="69.6417230" lon="18.5474810">
    <ele>764.0</ele>
    <time>2026-05-09T17:03:38Z</time>
   </trkpt>
   <trkpt lat="69.6417230" lon="18.5474810">
    <ele>764.0</ele>
    <time>2026-05-09T17:03:39Z</time>
   </trkpt>
   <trkpt lat="69.6417230" lon="18.5474810">
    <ele>764.0</ele>
    <time>2026-05-09T17:03:40Z</time>
   </trkpt>
   <trkpt lat="69.6417230" lon="18.5474810">
    <ele>764.0</ele>
    <time>2026-05-09T17:03:41Z</time>
   </trkpt>
   <trkpt lat="69.6417230" lon="18.5474810">
    <ele>764.0</ele>
    <time>2026-05-09T17:03:42Z</time>
   </trkpt>
   <trkpt lat="69.6417230" lon="18.5474810">
    <ele>764.0</ele>
    <time>2026-05-09T17:03:43Z</time>
   </trkpt>
   <trkpt lat="69.6417230" lon="18.5474810">
    <ele>764.0</ele>
    <time>2026-05-09T17:03:44Z</time>
   </trkpt>
   <trkpt lat="69.6417230" lon="18.5474810">
    <ele>764.0</ele>
    <time>2026-05-09T17:03:45Z</time>
   </trkpt>
   <trkpt lat="69.6417230" lon="18.5474810">
    <ele>764.0</ele>
    <time>2026-05-09T17:03:46Z</time>
   </trkpt>
   <trkpt lat="69.6417230" lon="18.5474810">
    <ele>764.0</ele>
    <time>2026-05-09T17:03:47Z</time>
   </trkpt>
   <trkpt lat="69.6417230" lon="18.5474810">
    <ele>764.0</ele>
    <time>2026-05-09T17:03:48Z</time>
   </trkpt>
   <trkpt lat="69.6417230" lon="18.5474810">
    <ele>764.0</ele>
    <time>2026-05-09T17:03:49Z</time>
   </trkpt>
   <trkpt lat="69.6417230" lon="18.5474810">
    <ele>764.0</ele>
    <time>2026-05-09T17:03:50Z</time>
   </trkpt>
   <trkpt lat="69.6417230" lon="18.5474810">
    <ele>764.0</ele>
    <time>2026-05-09T17:03:51Z</time>
   </trkpt>
   <trkpt lat="69.6417230" lon="18.5474810">
    <ele>764.0</ele>
    <time>2026-05-09T17:03:52Z</time>
   </trkpt>
   <trkpt lat="69.6417230" lon="18.5474810">
    <ele>764.0</ele>
    <time>2026-05-09T17:03:53Z</time>
   </trkpt>
   <trkpt lat="69.6417230" lon="18.5474810">
    <ele>764.0</ele>
    <time>2026-05-09T17:03:54Z</time>
   </trkpt>
   <trkpt lat="69.6417230" lon="18.5474810">
    <ele>764.0</ele>
    <time>2026-05-09T17:03:55Z</time>
   </trkpt>
   <trkpt lat="69.6417230" lon="18.5474810">
    <ele>764.0</ele>
    <time>2026-05-09T17:03:56Z</time>
   </trkpt>
   <trkpt lat="69.6417230" lon="18.5474810">
    <ele>764.0</ele>
    <time>2026-05-09T17:03:57Z</time>
   </trkpt>
   <trkpt lat="69.6417230" lon="18.5474810">
    <ele>764.0</ele>
    <time>2026-05-09T17:03:58Z</time>
   </trkpt>
   <trkpt lat="69.6417230" lon="18.5474810">
    <ele>764.0</ele>
    <time>2026-05-09T17:03:59Z</time>
   </trkpt>
   <trkpt lat="69.6417230" lon="18.5474810">
    <ele>764.0</ele>
    <time>2026-05-09T17:04:00Z</time>
   </trkpt>
   <trkpt lat="69.6417230" lon="18.5474810">
    <ele>764.0</ele>
    <time>2026-05-09T17:04:01Z</time>
   </trkpt>
   <trkpt lat="69.6417230" lon="18.5474810">
    <ele>764.0</ele>
    <time>2026-05-09T17:04:02Z</time>
   </trkpt>
   <trkpt lat="69.6417310" lon="18.5474250">
    <ele>764.2</ele>
    <time>2026-05-09T17:04:03Z</time>
   </trkpt>
   <trkpt lat="69.6417360" lon="18.5473890">
    <ele>764.1</ele>
    <time>2026-05-09T17:04:04Z</time>
   </trkpt>
   <trkpt lat="69.6417410" lon="18.5473540">
    <ele>763.9</ele>
    <time>2026-05-09T17:04:05Z</time>
   </trkpt>
   <trkpt lat="69.6417460" lon="18.5473180">
    <ele>764.0</ele>
    <time>2026-05-09T17:04:06Z</time>
   </trkpt>
   <trkpt lat="69.6417590" lon="18.5472400">
    <ele>764.0</ele>
    <time>2026-05-09T17:04:07Z</time>
   </trkpt>
   <trkpt lat="69.6417770" lon="18.5471430">
    <ele>763.4</ele>
    <time>2026-05-09T17:04:08Z</time>
   </trkpt>
   <trkpt lat="69.6418030" lon="18.5470650">
    <ele>762.8</ele>
    <time>2026-05-09T17:04:09Z</time>
   </trkpt>
   <trkpt lat="69.6418740" lon="18.5469570">
    <ele>760.7</ele>
    <time>2026-05-09T17:04:10Z</time>
   </trkpt>
   <trkpt lat="69.6418740" lon="18.5469570">
    <ele>760.7</ele>
    <time>2026-05-09T17:04:11Z</time>
   </trkpt>
   <trkpt lat="69.6419010" lon="18.5468480">
    <ele>759.2</ele>
    <time>2026-05-09T17:04:12Z</time>
   </trkpt>
   <trkpt lat="69.6419200" lon="18.5467150">
    <ele>758.1</ele>
    <time>2026-05-09T17:04:13Z</time>
   </trkpt>
   <trkpt lat="69.6419530" lon="18.5465890">
    <ele>756.3</ele>
    <time>2026-05-09T17:04:14Z</time>
   </trkpt>
   <trkpt lat="69.6420450" lon="18.5462690">
    <ele>750.0</ele>
    <time>2026-05-09T17:04:15Z</time>
   </trkpt>
   <trkpt lat="69.6420610" lon="18.5462230">
    <ele>749.0</ele>
    <time>2026-05-09T17:04:16Z</time>
   </trkpt>
   <trkpt lat="69.6420910" lon="18.5461290">
    <ele>747.1</ele>
    <time>2026-05-09T17:04:17Z</time>
   </trkpt>
   <trkpt lat="69.6421700" lon="18.5460370">
    <ele>743.8</ele>
    <time>2026-05-09T17:04:18Z</time>
   </trkpt>
   <trkpt lat="69.6423250" lon="18.5458800">
    <ele>740.0</ele>
    <time>2026-05-09T17:04:19Z</time>
   </trkpt>
   <trkpt lat="69.6423990" lon="18.5457820">
    <ele>738.2</ele>
    <time>2026-05-09T17:04:20Z</time>
   </trkpt>
   <trkpt lat="69.6423990" lon="18.5457820">
    <ele>738.2</ele>
    <time>2026-05-09T17:04:21Z</time>
   </trkpt>
   <trkpt lat="69.6424710" lon="18.5457860">
    <ele>736.4</ele>
    <time>2026-05-09T17:04:22Z</time>
   </trkpt>
   <trkpt lat="69.6425230" lon="18.5457540">
    <ele>734.7</ele>
    <time>2026-05-09T17:04:23Z</time>
   </trkpt>
   <trkpt lat="69.6425420" lon="18.5456650">
    <ele>734.2</ele>
    <time>2026-05-09T17:04:24Z</time>
   </trkpt>
   <trkpt lat="69.6425310" lon="18.5454750">
    <ele>734.1</ele>
    <time>2026-05-09T17:04:25Z</time>
   </trkpt>
   <trkpt lat="69.6425310" lon="18.5454750">
    <ele>734.1</ele>
    <time>2026-05-09T17:04:26Z</time>
   </trkpt>
   <trkpt lat="69.6425160" lon="18.5454080">
    <ele>734.5</ele>
    <time>2026-05-09T17:04:27Z</time>
   </trkpt>
   <trkpt lat="69.6424910" lon="18.5453180">
    <ele>734.7</ele>
    <time>2026-05-09T17:04:28Z</time>
   </trkpt>
   <trkpt lat="69.6424910" lon="18.5453180">
    <ele>734.7</ele>
    <time>2026-05-09T17:04:29Z</time>
   </trkpt>
   <trkpt lat="69.6424760" lon="18.5452410">
    <ele>734.9</ele>
    <time>2026-05-09T17:04:30Z</time>
   </trkpt>
   <trkpt lat="69.6424760" lon="18.5452410">
    <ele>734.9</ele>
    <time>2026-05-09T17:04:31Z</time>
   </trkpt>
   <trkpt lat="69.6424810" lon="18.5451780">
    <ele>734.6</ele>
    <time>2026-05-09T17:04:32Z</time>
   </trkpt>
   <trkpt lat="69.6424980" lon="18.5450880">
    <ele>733.9</ele>
    <time>2026-05-09T17:04:33Z</time>
   </trkpt>
   <trkpt lat="69.6425160" lon="18.5449550">
    <ele>732.7</ele>
    <time>2026-05-09T17:04:34Z</time>
   </trkpt>
   <trkpt lat="69.6425160" lon="18.5445540">
    <ele>729.0</ele>
    <time>2026-05-09T17:04:35Z</time>
   </trkpt>
   <trkpt lat="69.6425160" lon="18.5445050">
    <ele>728.6</ele>
    <time>2026-05-09T17:04:36Z</time>
   </trkpt>
   <trkpt lat="69.6425160" lon="18.5444050">
    <ele>727.5</ele>
    <time>2026-05-09T17:04:37Z</time>
   </trkpt>
   <trkpt lat="69.6425390" lon="18.5442060">
    <ele>724.7</ele>
    <time>2026-05-09T17:04:38Z</time>
   </trkpt>
   <trkpt lat="69.6426420" lon="18.5441010">
    <ele>719.3</ele>
    <time>2026-05-09T17:04:39Z</time>
   </trkpt>
   <trkpt lat="69.6426900" lon="18.5441120">
    <ele>717.9</ele>
    <time>2026-05-09T17:04:40Z</time>
   </trkpt>
   <trkpt lat="69.6426900" lon="18.5441120">
    <ele>717.9</ele>
    <time>2026-05-09T17:04:41Z</time>
   </trkpt>
   <trkpt lat="69.6427230" lon="18.5440750">
    <ele>716.3</ele>
    <time>2026-05-09T17:04:42Z</time>
   </trkpt>
   <trkpt lat="69.6427450" lon="18.5439660">
    <ele>713.8</ele>
    <time>2026-05-09T17:04:43Z</time>
   </trkpt>
   <trkpt lat="69.6427680" lon="18.5438480">
    <ele>711.8</ele>
    <time>2026-05-09T17:04:44Z</time>
   </trkpt>
   <trkpt lat="69.6428280" lon="18.5438510">
    <ele>709.6</ele>
    <time>2026-05-09T17:04:45Z</time>
   </trkpt>
   <trkpt lat="69.6428280" lon="18.5438510">
    <ele>709.6</ele>
    <time>2026-05-09T17:04:46Z</time>
   </trkpt>
   <trkpt lat="69.6428830" lon="18.5436830">
    <ele>705.3</ele>
    <time>2026-05-09T17:04:47Z</time>
   </trkpt>
   <trkpt lat="69.6428830" lon="18.5436830">
    <ele>705.3</ele>
    <time>2026-05-09T17:04:48Z</time>
   </trkpt>
   <trkpt lat="69.6429130" lon="18.5434900">
    <ele>701.9</ele>
    <time>2026-05-09T17:04:49Z</time>
   </trkpt>
   <trkpt lat="69.6429210" lon="18.5434320">
    <ele>701.5</ele>
    <time>2026-05-09T17:04:50Z</time>
   </trkpt>
   <trkpt lat="69.6429510" lon="18.5433640">
    <ele>699.2</ele>
    <time>2026-05-09T17:04:51Z</time>
   </trkpt>
   <trkpt lat="69.6429750" lon="18.5433540">
    <ele>697.3</ele>
    <time>2026-05-09T17:04:52Z</time>
   </trkpt>
   <trkpt lat="69.6429750" lon="18.5433540">
    <ele>697.3</ele>
    <time>2026-05-09T17:04:53Z</time>
   </trkpt>
   <trkpt lat="69.6429750" lon="18.5433540">
    <ele>697.3</ele>
    <time>2026-05-09T17:04:54Z</time>
   </trkpt>
   <trkpt lat="69.6429750" lon="18.5433540">
    <ele>697.3</ele>
    <time>2026-05-09T17:04:55Z</time>
   </trkpt>
   <trkpt lat="69.6429750" lon="18.5433540">
    <ele>697.3</ele>
    <time>2026-05-09T17:04:56Z</time>
   </trkpt>
   <trkpt lat="69.6429750" lon="18.5433540">
    <ele>697.3</ele>
    <time>2026-05-09T17:04:57Z</time>
   </trkpt>
   <trkpt lat="69.6430040" lon="18.5433560">
    <ele>695.4</ele>
    <time>2026-05-09T17:04:58Z</time>
   </trkpt>
   <trkpt lat="69.6430290" lon="18.5432940">
    <ele>692.9</ele>
    <time>2026-05-09T17:04:59Z</time>
   </trkpt>
   <trkpt lat="69.6430690" lon="18.5432790">
    <ele>690.4</ele>
    <time>2026-05-09T17:05:00Z</time>
   </trkpt>
   <trkpt lat="69.6431080" lon="18.5433120">
    <ele>687.5</ele>
    <time>2026-05-09T17:05:01Z</time>
   </trkpt>
   <trkpt lat="69.6431320" lon="18.5433420">
    <ele>686.8</ele>
    <time>2026-05-09T17:05:02Z</time>
   </trkpt>
   <trkpt lat="69.6431660" lon="18.5433410">
    <ele>683.5</ele>
    <time>2026-05-09T17:05:03Z</time>
   </trkpt>
   <trkpt lat="69.6431950" lon="18.5432870">
    <ele>680.4</ele>
    <time>2026-05-09T17:05:04Z</time>
   </trkpt>
   <trkpt lat="69.6432250" lon="18.5432040">
    <ele>677.4</ele>
    <time>2026-05-09T17:05:05Z</time>
   </trkpt>
   <trkpt lat="69.6433040" lon="18.5432540">
    <ele>672.7</ele>
    <time>2026-05-09T17:05:06Z</time>
   </trkpt>
   <trkpt lat="69.6433040" lon="18.5432540">
    <ele>672.7</ele>
    <time>2026-05-09T17:05:07Z</time>
   </trkpt>
   <trkpt lat="69.6433350" lon="18.5432740">
    <ele>670.5</ele>
    <time>2026-05-09T17:05:08Z</time>
   </trkpt>
   <trkpt lat="69.6433620" lon="18.5431940">
    <ele>667.3</ele>
    <time>2026-05-09T17:05:09Z</time>
   </trkpt>
   <trkpt lat="69.6434010" lon="18.5430660">
    <ele>663.6</ele>
    <time>2026-05-09T17:05:10Z</time>
   </trkpt>
   <trkpt lat="69.6434580" lon="18.5430240">
    <ele>658.5</ele>
    <time>2026-05-09T17:05:11Z</time>
   </trkpt>
   <trkpt lat="69.6435080" lon="18.5430670">
    <ele>654.4</ele>
    <time>2026-05-09T17:05:12Z</time>
   </trkpt>
   <trkpt lat="69.6435320" lon="18.5431300">
    <ele>653.9</ele>
    <time>2026-05-09T17:05:13Z</time>
   </trkpt>
   <trkpt lat="69.6435590" lon="18.5431250">
    <ele>651.6</ele>
    <time>2026-05-09T17:05:14Z</time>
   </trkpt>
   <trkpt lat="69.6435800" lon="18.5430460">
    <ele>650.1</ele>
    <time>2026-05-09T17:05:15Z</time>
   </trkpt>
   <trkpt lat="69.6435930" lon="18.5429780">
    <ele>648.6</ele>
    <time>2026-05-09T17:05:16Z</time>
   </trkpt>
   <trkpt lat="69.6436040" lon="18.5429290">
    <ele>647.4</ele>
    <time>2026-05-09T17:05:17Z</time>
   </trkpt>
   <trkpt lat="69.6436360" lon="18.5429210">
    <ele>645.2</ele>
    <time>2026-05-09T17:05:18Z</time>
   </trkpt>
   <trkpt lat="69.6436690" lon="18.5429800">
    <ele>643.2</ele>
    <time>2026-05-09T17:05:19Z</time>
   </trkpt>
   <trkpt lat="69.6436840" lon="18.5430350">
    <ele>642.5</ele>
    <time>2026-05-09T17:05:20Z</time>
   </trkpt>
   <trkpt lat="69.6436840" lon="18.5430350">
    <ele>642.5</ele>
    <time>2026-05-09T17:05:21Z</time>
   </trkpt>
   <trkpt lat="69.6436840" lon="18.5430350">
    <ele>642.5</ele>
    <time>2026-05-09T17:05:22Z</time>
   </trkpt>
   <trkpt lat="69.6436840" lon="18.5430350">
    <ele>642.5</ele>
    <time>2026-05-09T17:05:23Z</time>
   </trkpt>
   <trkpt lat="69.6436840" lon="18.5430350">
    <ele>642.5</ele>
    <time>2026-05-09T17:05:24Z</time>
   </trkpt>
   <trkpt lat="69.6436840" lon="18.5430350">
    <ele>642.5</ele>
    <time>2026-05-09T17:05:25Z</time>
   </trkpt>
   <trkpt lat="69.6436840" lon="18.5430350">
    <ele>642.5</ele>
    <time>2026-05-09T17:05:26Z</time>
   </trkpt>
   <trkpt lat="69.6436840" lon="18.5430350">
    <ele>642.5</ele>
    <time>2026-05-09T17:05:27Z</time>
   </trkpt>
   <trkpt lat="69.6436840" lon="18.5430350">
    <ele>642.5</ele>
    <time>2026-05-09T17:05:28Z</time>
   </trkpt>
   <trkpt lat="69.6437030" lon="18.5430670">
    <ele>640.3</ele>
    <time>2026-05-09T17:05:29Z</time>
   </trkpt>
   <trkpt lat="69.6437270" lon="18.5430270">
    <ele>638.8</ele>
    <time>2026-05-09T17:05:30Z</time>
   </trkpt>
   <trkpt lat="69.6437590" lon="18.5429470">
    <ele>635.8</ele>
    <time>2026-05-09T17:05:31Z</time>
   </trkpt>
   <trkpt lat="69.6438090" lon="18.5429210">
    <ele>630.8</ele>
    <time>2026-05-09T17:05:32Z</time>
   </trkpt>
   <trkpt lat="69.6438580" lon="18.5429820">
    <ele>627.6</ele>
    <time>2026-05-09T17:05:33Z</time>
   </trkpt>
   <trkpt lat="69.6439060" lon="18.5430530">
    <ele>625.0</ele>
    <time>2026-05-09T17:05:34Z</time>
   </trkpt>
   <trkpt lat="69.6439480" lon="18.5430270">
    <ele>621.1</ele>
    <time>2026-05-09T17:05:35Z</time>
   </trkpt>
   <trkpt lat="69.6439910" lon="18.5428990">
    <ele>616.6</ele>
    <time>2026-05-09T17:05:36Z</time>
   </trkpt>
   <trkpt lat="69.6440430" lon="18.5428550">
    <ele>612.9</ele>
    <time>2026-05-09T17:05:37Z</time>
   </trkpt>
   <trkpt lat="69.6440940" lon="18.5429030">
    <ele>609.0</ele>
    <time>2026-05-09T17:05:38Z</time>
   </trkpt>
   <trkpt lat="69.6441420" lon="18.5428940">
    <ele>606.1</ele>
    <time>2026-05-09T17:05:39Z</time>
   </trkpt>
   <trkpt lat="69.6441760" lon="18.5427790">
    <ele>603.4</ele>
    <time>2026-05-09T17:05:40Z</time>
   </trkpt>
   <trkpt lat="69.6442120" lon="18.5426340">
    <ele>599.0</ele>
    <time>2026-05-09T17:05:41Z</time>
   </trkpt>
   <trkpt lat="69.6442670" lon="18.5425780">
    <ele>594.8</ele>
    <time>2026-05-09T17:05:42Z</time>
   </trkpt>
   <trkpt lat="69.6443220" lon="18.5426110">
    <ele>592.3</ele>
    <time>2026-05-09T17:05:43Z</time>
   </trkpt>
   <trkpt lat="69.6444060" lon="18.5425400">
    <ele>586.4</ele>
    <time>2026-05-09T17:05:44Z</time>
   </trkpt>
   <trkpt lat="69.6444060" lon="18.5425400">
    <ele>586.4</ele>
    <time>2026-05-09T17:05:45Z</time>
   </trkpt>
   <trkpt lat="69.6444200" lon="18.5423900">
    <ele>584.6</ele>
    <time>2026-05-09T17:05:46Z</time>
   </trkpt>
   <trkpt lat="69.6444260" lon="18.5422380">
    <ele>583.2</ele>
    <time>2026-05-09T17:05:47Z</time>
   </trkpt>
   <trkpt lat="69.6444570" lon="18.5421320">
    <ele>580.3</ele>
    <time>2026-05-09T17:05:48Z</time>
   </trkpt>
   <trkpt lat="69.6445030" lon="18.5421180">
    <ele>577.6</ele>
    <time>2026-05-09T17:05:49Z</time>
   </trkpt>
   <trkpt lat="69.6445370" lon="18.5421650">
    <ele>575.3</ele>
    <time>2026-05-09T17:05:50Z</time>
   </trkpt>
   <trkpt lat="69.6445710" lon="18.5422290">
    <ele>574.1</ele>
    <time>2026-05-09T17:05:51Z</time>
   </trkpt>
   <trkpt lat="69.6446020" lon="18.5422980">
    <ele>572.4</ele>
    <time>2026-05-09T17:05:52Z</time>
   </trkpt>
   <trkpt lat="69.6446310" lon="18.5423620">
    <ele>570.5</ele>
    <time>2026-05-09T17:05:53Z</time>
   </trkpt>
   <trkpt lat="69.6446560" lon="18.5424280">
    <ele>568.3</ele>
    <time>2026-05-09T17:05:54Z</time>
   </trkpt>
   <trkpt lat="69.6446730" lon="18.5424780">
    <ele>567.3</ele>
    <time>2026-05-09T17:05:55Z</time>
   </trkpt>
   <trkpt lat="69.6446910" lon="18.5425230">
    <ele>566.2</ele>
    <time>2026-05-09T17:05:56Z</time>
   </trkpt>
   <trkpt lat="69.6447240" lon="18.5425730">
    <ele>564.1</ele>
    <time>2026-05-09T17:05:57Z</time>
   </trkpt>
   <trkpt lat="69.6447650" lon="18.5425720">
    <ele>560.8</ele>
    <time>2026-05-09T17:05:58Z</time>
   </trkpt>
   <trkpt lat="69.6447920" lon="18.5424980">
    <ele>558.2</ele>
    <time>2026-05-09T17:05:59Z</time>
   </trkpt>
   <trkpt lat="69.6448190" lon="18.5424050">
    <ele>556.7</ele>
    <time>2026-05-09T17:06:00Z</time>
   </trkpt>
   <trkpt lat="69.6448620" lon="18.5423850">
    <ele>553.3</ele>
    <time>2026-05-09T17:06:01Z</time>
   </trkpt>
   <trkpt lat="69.6448900" lon="18.5424130">
    <ele>551.6</ele>
    <time>2026-05-09T17:06:02Z</time>
   </trkpt>
   <trkpt lat="69.6449090" lon="18.5424540">
    <ele>549.8</ele>
    <time>2026-05-09T17:06:03Z</time>
   </trkpt>
   <trkpt lat="69.6449450" lon="18.5425220">
    <ele>548.2</ele>
    <time>2026-05-09T17:06:04Z</time>
   </trkpt>
   <trkpt lat="69.6449710" lon="18.5425810">
    <ele>546.3</ele>
    <time>2026-05-09T17:06:05Z</time>
   </trkpt>
   <trkpt lat="69.6449710" lon="18.5425810">
    <ele>546.3</ele>
    <time>2026-05-09T17:06:06Z</time>
   </trkpt>
   <trkpt lat="69.6449710" lon="18.5425810">
    <ele>546.3</ele>
    <time>2026-05-09T17:06:07Z</time>
   </trkpt>
   <trkpt lat="69.6449710" lon="18.5425810">
    <ele>546.3</ele>
    <time>2026-05-09T17:06:08Z</time>
   </trkpt>
   <trkpt lat="69.6449710" lon="18.5425810">
    <ele>546.3</ele>
    <time>2026-05-09T17:06:09Z</time>
   </trkpt>
   <trkpt lat="69.6449710" lon="18.5425810">
    <ele>546.3</ele>
    <time>2026-05-09T17:06:10Z</time>
   </trkpt>
   <trkpt lat="69.6449990" lon="18.5425290">
    <ele>543.7</ele>
    <time>2026-05-09T17:06:11Z</time>
   </trkpt>
   <trkpt lat="69.6449990" lon="18.5425290">
    <ele>543.7</ele>
    <time>2026-05-09T17:06:12Z</time>
   </trkpt>
   <trkpt lat="69.6450250" lon="18.5424650">
    <ele>542.0</ele>
    <time>2026-05-09T17:06:13Z</time>
   </trkpt>
   <trkpt lat="69.6450590" lon="18.5424380">
    <ele>538.5</ele>
    <time>2026-05-09T17:06:14Z</time>
   </trkpt>
   <trkpt lat="69.6450960" lon="18.5424380">
    <ele>536.0</ele>
    <time>2026-05-09T17:06:15Z</time>
   </trkpt>
   <trkpt lat="69.6451230" lon="18.5423880">
    <ele>533.0</ele>
    <time>2026-05-09T17:06:16Z</time>
   </trkpt>
   <trkpt lat="69.6451370" lon="18.5422960">
    <ele>531.1</ele>
    <time>2026-05-09T17:06:17Z</time>
   </trkpt>
   <trkpt lat="69.6451470" lon="18.5421910">
    <ele>530.6</ele>
    <time>2026-05-09T17:06:18Z</time>
   </trkpt>
   <trkpt lat="69.6451730" lon="18.5421110">
    <ele>527.5</ele>
    <time>2026-05-09T17:06:19Z</time>
   </trkpt>
   <trkpt lat="69.6452130" lon="18.5420960">
    <ele>523.9</ele>
    <time>2026-05-09T17:06:20Z</time>
   </trkpt>
   <trkpt lat="69.6452500" lon="18.5421170">
    <ele>521.5</ele>
    <time>2026-05-09T17:06:21Z</time>
   </trkpt>
   <trkpt lat="69.6453030" lon="18.5419690">
    <ele>515.6</ele>
    <time>2026-05-09T17:06:22Z</time>
   </trkpt>
   <trkpt lat="69.6453030" lon="18.5419690">
    <ele>515.6</ele>
    <time>2026-05-09T17:06:23Z</time>
   </trkpt>
   <trkpt lat="69.6453340" lon="18.5418660">
    <ele>512.1</ele>
    <time>2026-05-09T17:06:24Z</time>
   </trkpt>
   <trkpt lat="69.6453800" lon="18.5418560">
    <ele>508.0</ele>
    <time>2026-05-09T17:06:25Z</time>
   </trkpt>
   <trkpt lat="69.6454190" lon="18.5419370">
    <ele>504.0</ele>
    <time>2026-05-09T17:06:26Z</time>
   </trkpt>
   <trkpt lat="69.6454550" lon="18.5420680">
    <ele>501.3</ele>
    <time>2026-05-09T17:06:27Z</time>
   </trkpt>
   <trkpt lat="69.6454820" lon="18.5422140">
    <ele>498.6</ele>
    <time>2026-05-09T17:06:28Z</time>
   </trkpt>
   <trkpt lat="69.6454990" lon="18.5423460">
    <ele>497.8</ele>
    <time>2026-05-09T17:06:29Z</time>
   </trkpt>
   <trkpt lat="69.6455150" lon="18.5424590">
    <ele>497.2</ele>
    <time>2026-05-09T17:06:30Z</time>
   </trkpt>
   <trkpt lat="69.6455370" lon="18.5425540">
    <ele>495.2</ele>
    <time>2026-05-09T17:06:31Z</time>
   </trkpt>
   <trkpt lat="69.6455740" lon="18.5425890">
    <ele>492.9</ele>
    <time>2026-05-09T17:06:32Z</time>
   </trkpt>
   <trkpt lat="69.6456220" lon="18.5425170">
    <ele>488.6</ele>
    <time>2026-05-09T17:06:33Z</time>
   </trkpt>
   <trkpt lat="69.6456900" lon="18.5424380">
    <ele>482.5</ele>
    <time>2026-05-09T17:06:34Z</time>
   </trkpt>
   <trkpt lat="69.6457590" lon="18.5424870">
    <ele>479.1</ele>
    <time>2026-05-09T17:06:35Z</time>
   </trkpt>
   <trkpt lat="69.6458230" lon="18.5425690">
    <ele>475.5</ele>
    <time>2026-05-09T17:06:36Z</time>
   </trkpt>
   <trkpt lat="69.6458750" lon="18.5425220">
    <ele>472.8</ele>
    <time>2026-05-09T17:06:37Z</time>
   </trkpt>
   <trkpt lat="69.6459100" lon="18.5423260">
    <ele>469.0</ele>
    <time>2026-05-09T17:06:38Z</time>
   </trkpt>
   <trkpt lat="69.6459410" lon="18.5420940">
    <ele>466.2</ele>
    <time>2026-05-09T17:06:39Z</time>
   </trkpt>
   <trkpt lat="69.6460020" lon="18.5419410">
    <ele>461.9</ele>
    <time>2026-05-09T17:06:40Z</time>
   </trkpt>
   <trkpt lat="69.6460860" lon="18.5419490">
    <ele>458.1</ele>
    <time>2026-05-09T17:06:41Z</time>
   </trkpt>
   <trkpt lat="69.6461940" lon="18.5420620">
    <ele>453.9</ele>
    <time>2026-05-09T17:06:42Z</time>
   </trkpt>
   <trkpt lat="69.6462290" lon="18.5420700">
    <ele>452.7</ele>
    <time>2026-05-09T17:06:43Z</time>
   </trkpt>
   <trkpt lat="69.6462980" lon="18.5420850">
    <ele>449.7</ele>
    <time>2026-05-09T17:06:44Z</time>
   </trkpt>
   <trkpt lat="69.6462980" lon="18.5420850">
    <ele>449.7</ele>
    <time>2026-05-09T17:06:45Z</time>
   </trkpt>
   <trkpt lat="69.6463190" lon="18.5419360">
    <ele>448.1</ele>
    <time>2026-05-09T17:06:46Z</time>
   </trkpt>
   <trkpt lat="69.6463520" lon="18.5417750">
    <ele>445.6</ele>
    <time>2026-05-09T17:06:47Z</time>
   </trkpt>
   <trkpt lat="69.6464070" lon="18.5416820">
    <ele>442.3</ele>
    <time>2026-05-09T17:06:48Z</time>
   </trkpt>
   <trkpt lat="69.6464730" lon="18.5416690">
    <ele>439.4</ele>
    <time>2026-05-09T17:06:49Z</time>
   </trkpt>
   <trkpt lat="69.6465280" lon="18.5415940">
    <ele>436.2</ele>
    <time>2026-05-09T17:06:50Z</time>
   </trkpt>
   <trkpt lat="69.6465700" lon="18.5414340">
    <ele>433.7</ele>
    <time>2026-05-09T17:06:51Z</time>
   </trkpt>
   <trkpt lat="69.6465870" lon="18.5412600">
    <ele>432.4</ele>
    <time>2026-05-09T17:06:52Z</time>
   </trkpt>
   <trkpt lat="69.6465990" lon="18.5411060">
    <ele>431.0</ele>
    <time>2026-05-09T17:06:53Z</time>
   </trkpt>
   <trkpt lat="69.6466210" lon="18.5409660">
    <ele>429.7</ele>
    <time>2026-05-09T17:06:54Z</time>
   </trkpt>
   <trkpt lat="69.6466530" lon="18.5408420">
    <ele>427.8</ele>
    <time>2026-05-09T17:06:55Z</time>
   </trkpt>
   <trkpt lat="69.6467100" lon="18.5407930">
    <ele>424.6</ele>
    <time>2026-05-09T17:06:56Z</time>
   </trkpt>
   <trkpt lat="69.6467580" lon="18.5408670">
    <ele>422.2</ele>
    <time>2026-05-09T17:06:57Z</time>
   </trkpt>
   <trkpt lat="69.6468040" lon="18.5409470">
    <ele>419.6</ele>
    <time>2026-05-09T17:06:58Z</time>
   </trkpt>
   <trkpt lat="69.6468520" lon="18.5409290">
    <ele>416.6</ele>
    <time>2026-05-09T17:06:59Z</time>
   </trkpt>
   <trkpt lat="69.6468840" lon="18.5408190">
    <ele>415.5</ele>
    <time>2026-05-09T17:07:00Z</time>
   </trkpt>
   <trkpt lat="69.6469210" lon="18.5405620">
    <ele>414.7</ele>
    <time>2026-05-09T17:07:01Z</time>
   </trkpt>
   <trkpt lat="69.6469210" lon="18.5405620">
    <ele>414.7</ele>
    <time>2026-05-09T17:07:02Z</time>
   </trkpt>
   <trkpt lat="69.6469420" lon="18.5404280">
    <ele>412.8</ele>
    <time>2026-05-09T17:07:03Z</time>
   </trkpt>
   <trkpt lat="69.6470080" lon="18.5403180">
    <ele>409.0</ele>
    <time>2026-05-09T17:07:04Z</time>
   </trkpt>
   <trkpt lat="69.6470450" lon="18.5403370">
    <ele>406.3</ele>
    <time>2026-05-09T17:07:05Z</time>
   </trkpt>
   <trkpt lat="69.6471300" lon="18.5404120">
    <ele>401.3</ele>
    <time>2026-05-09T17:07:06Z</time>
   </trkpt>
   <trkpt lat="69.6471410" lon="18.5404490">
    <ele>400.3</ele>
    <time>2026-05-09T17:07:07Z</time>
   </trkpt>
   <trkpt lat="69.6471620" lon="18.5405230">
    <ele>399.3</ele>
    <time>2026-05-09T17:07:08Z</time>
   </trkpt>
   <trkpt lat="69.6472010" lon="18.5406570">
    <ele>396.3</ele>
    <time>2026-05-09T17:07:09Z</time>
   </trkpt>
   <trkpt lat="69.6472530" lon="18.5406960">
    <ele>392.2</ele>
    <time>2026-05-09T17:07:10Z</time>
   </trkpt>
   <trkpt lat="69.6474090" lon="18.5406910">
    <ele>382.1</ele>
    <time>2026-05-09T17:07:11Z</time>
   </trkpt>
   <trkpt lat="69.6474250" lon="18.5407010">
    <ele>381.3</ele>
    <time>2026-05-09T17:07:12Z</time>
   </trkpt>
   <trkpt lat="69.6474570" lon="18.5407220">
    <ele>380.0</ele>
    <time>2026-05-09T17:07:13Z</time>
   </trkpt>
   <trkpt lat="69.6475140" lon="18.5406520">
    <ele>375.9</ele>
    <time>2026-05-09T17:07:14Z</time>
   </trkpt>
   <trkpt lat="69.6475490" lon="18.5404880">
    <ele>372.8</ele>
    <time>2026-05-09T17:07:15Z</time>
   </trkpt>
   <trkpt lat="69.6475900" lon="18.5400370">
    <ele>368.2</ele>
    <time>2026-05-09T17:07:16Z</time>
   </trkpt>
   <trkpt lat="69.6475940" lon="18.5399850">
    <ele>368.1</ele>
    <time>2026-05-09T17:07:17Z</time>
   </trkpt>
   <trkpt lat="69.6476010" lon="18.5398790">
    <ele>367.2</ele>
    <time>2026-05-09T17:07:18Z</time>
   </trkpt>
   <trkpt lat="69.6476330" lon="18.5394500">
    <ele>365.7</ele>
    <time>2026-05-09T17:07:19Z</time>
   </trkpt>
   <trkpt lat="69.6476330" lon="18.5394500">
    <ele>365.7</ele>
    <time>2026-05-09T17:07:20Z</time>
   </trkpt>
   <trkpt lat="69.6476490" lon="18.5392510">
    <ele>364.5</ele>
    <time>2026-05-09T17:07:21Z</time>
   </trkpt>
   <trkpt lat="69.6476590" lon="18.5390600">
    <ele>362.8</ele>
    <time>2026-05-09T17:07:22Z</time>
   </trkpt>
   <trkpt lat="69.6476690" lon="18.5388650">
    <ele>361.6</ele>
    <time>2026-05-09T17:07:23Z</time>
   </trkpt>
   <trkpt lat="69.6476780" lon="18.5386580">
    <ele>359.9</ele>
    <time>2026-05-09T17:07:24Z</time>
   </trkpt>
   <trkpt lat="69.6476870" lon="18.5384430">
    <ele>358.3</ele>
    <time>2026-05-09T17:07:25Z</time>
   </trkpt>
   <trkpt lat="69.6477300" lon="18.5380020">
    <ele>357.8</ele>
    <time>2026-05-09T17:07:26Z</time>
   </trkpt>
   <trkpt lat="69.6477380" lon="18.5379610">
    <ele>358.3</ele>
    <time>2026-05-09T17:07:27Z</time>
   </trkpt>
   <trkpt lat="69.6477520" lon="18.5378790">
    <ele>358.2</ele>
    <time>2026-05-09T17:07:28Z</time>
   </trkpt>
   <trkpt lat="69.6477830" lon="18.5377420">
    <ele>357.5</ele>
    <time>2026-05-09T17:07:29Z</time>
   </trkpt>
   <trkpt lat="69.6478120" lon="18.5376270">
    <ele>356.3</ele>
    <time>2026-05-09T17:07:30Z</time>
   </trkpt>
   <trkpt lat="69.6478510" lon="18.5374660">
    <ele>355.4</ele>
    <time>2026-05-09T17:07:31Z</time>
   </trkpt>
   <trkpt lat="69.6478510" lon="18.5374660">
    <ele>355.4</ele>
    <time>2026-05-09T17:07:32Z</time>
   </trkpt>
   <trkpt lat="69.6478650" lon="18.5374040">
    <ele>355.9</ele>
    <time>2026-05-09T17:07:33Z</time>
   </trkpt>
   <trkpt lat="69.6478760" lon="18.5373570">
    <ele>356.8</ele>
    <time>2026-05-09T17:07:34Z</time>
   </trkpt>
   <trkpt lat="69.6479000" lon="18.5373760">
    <ele>354.0</ele>
    <time>2026-05-09T17:07:35Z</time>
   </trkpt>
   <trkpt lat="69.6479240" lon="18.5373940">
    <ele>353.0</ele>
    <time>2026-05-09T17:07:36Z</time>
   </trkpt>
   <trkpt lat="69.6479480" lon="18.5374130">
    <ele>350.2</ele>
    <time>2026-05-09T17:07:37Z</time>
   </trkpt>
   <trkpt lat="69.6480120" lon="18.5374830">
    <ele>345.6</ele>
    <time>2026-05-09T17:07:38Z</time>
   </trkpt>
   <trkpt lat="69.6480120" lon="18.5374830">
    <ele>345.6</ele>
    <time>2026-05-09T17:07:39Z</time>
   </trkpt>
   <trkpt lat="69.6480590" lon="18.5374090">
    <ele>342.9</ele>
    <time>2026-05-09T17:07:40Z</time>
   </trkpt>
   <trkpt lat="69.6481180" lon="18.5372260">
    <ele>341.8</ele>
    <time>2026-05-09T17:07:41Z</time>
   </trkpt>
   <trkpt lat="69.6481180" lon="18.5372260">
    <ele>341.8</ele>
    <time>2026-05-09T17:07:42Z</time>
   </trkpt>
   <trkpt lat="69.6481320" lon="18.5371850">
    <ele>341.0</ele>
    <time>2026-05-09T17:07:43Z</time>
   </trkpt>
   <trkpt lat="69.6481320" lon="18.5371850">
    <ele>341.0</ele>
    <time>2026-05-09T17:07:44Z</time>
   </trkpt>
   <trkpt lat="69.6481520" lon="18.5371540">
    <ele>338.9</ele>
    <time>2026-05-09T17:07:45Z</time>
   </trkpt>
   <trkpt lat="69.6481960" lon="18.5370920">
    <ele>335.5</ele>
    <time>2026-05-09T17:07:46Z</time>
   </trkpt>
   <trkpt lat="69.6481960" lon="18.5370920">
    <ele>335.5</ele>
    <time>2026-05-09T17:07:47Z</time>
   </trkpt>
   <trkpt lat="69.6482170" lon="18.5370680">
    <ele>334.5</ele>
    <time>2026-05-09T17:07:48Z</time>
   </trkpt>
   <trkpt lat="69.6482390" lon="18.5370530">
    <ele>331.8</ele>
    <time>2026-05-09T17:07:49Z</time>
   </trkpt>
   <trkpt lat="69.6482690" lon="18.5370220">
    <ele>329.3</ele>
    <time>2026-05-09T17:07:50Z</time>
   </trkpt>
   <trkpt lat="69.6483030" lon="18.5369570">
    <ele>326.7</ele>
    <time>2026-05-09T17:07:51Z</time>
   </trkpt>
   <trkpt lat="69.6483330" lon="18.5368790">
    <ele>324.1</ele>
    <time>2026-05-09T17:07:52Z</time>
   </trkpt>
   <trkpt lat="69.6483500" lon="18.5368260">
    <ele>322.8</ele>
    <time>2026-05-09T17:07:53Z</time>
   </trkpt>
   <trkpt lat="69.6483700" lon="18.5368040">
    <ele>321.5</ele>
    <time>2026-05-09T17:07:54Z</time>
   </trkpt>
   <trkpt lat="69.6483900" lon="18.5367810">
    <ele>318.9</ele>
    <time>2026-05-09T17:07:55Z</time>
   </trkpt>
   <trkpt lat="69.6484680" lon="18.5368160">
    <ele>313.0</ele>
    <time>2026-05-09T17:07:56Z</time>
   </trkpt>
   <trkpt lat="69.6484860" lon="18.5367990">
    <ele>311.7</ele>
    <time>2026-05-09T17:07:57Z</time>
   </trkpt>
   <trkpt lat="69.6484860" lon="18.5367990">
    <ele>311.7</ele>
    <time>2026-05-09T17:07:58Z</time>
   </trkpt>
   <trkpt lat="69.6485140" lon="18.5367120">
    <ele>308.9</ele>
    <time>2026-05-09T17:07:59Z</time>
   </trkpt>
   <trkpt lat="69.6485290" lon="18.5366150">
    <ele>307.3</ele>
    <time>2026-05-09T17:08:00Z</time>
   </trkpt>
   <trkpt lat="69.6485420" lon="18.5364270">
    <ele>305.1</ele>
    <time>2026-05-09T17:08:01Z</time>
   </trkpt>
   <trkpt lat="69.6485420" lon="18.5364270">
    <ele>305.1</ele>
    <time>2026-05-09T17:08:02Z</time>
   </trkpt>
   <trkpt lat="69.6485360" lon="18.5363120">
    <ele>304.2</ele>
    <time>2026-05-09T17:08:03Z</time>
   </trkpt>
   <trkpt lat="69.6485260" lon="18.5362000">
    <ele>304.4</ele>
    <time>2026-05-09T17:08:04Z</time>
   </trkpt>
   <trkpt lat="69.6485160" lon="18.5360970">
    <ele>304.9</ele>
    <time>2026-05-09T17:08:05Z</time>
   </trkpt>
   <trkpt lat="69.6484970" lon="18.5359100">
    <ele>304.8</ele>
    <time>2026-05-09T17:08:06Z</time>
   </trkpt>
   <trkpt lat="69.6484970" lon="18.5359100">
    <ele>304.8</ele>
    <time>2026-05-09T17:08:07Z</time>
   </trkpt>
   <trkpt lat="69.6484910" lon="18.5358180">
    <ele>305.2</ele>
    <time>2026-05-09T17:08:08Z</time>
   </trkpt>
   <trkpt lat="69.6484840" lon="18.5357260">
    <ele>304.5</ele>
    <time>2026-05-09T17:08:09Z</time>
   </trkpt>
   <trkpt lat="69.6484790" lon="18.5356360">
    <ele>303.8</ele>
    <time>2026-05-09T17:08:10Z</time>
   </trkpt>
   <trkpt lat="69.6484500" lon="18.5354410">
    <ele>305.1</ele>
    <time>2026-05-09T17:08:11Z</time>
   </trkpt>
   <trkpt lat="69.6484500" lon="18.5354410">
    <ele>305.1</ele>
    <time>2026-05-09T17:08:12Z</time>
   </trkpt>
   <trkpt lat="69.6484340" lon="18.5353500">
    <ele>305.2</ele>
    <time>2026-05-09T17:08:13Z</time>
   </trkpt>
   <trkpt lat="69.6484210" lon="18.5352770">
    <ele>306.1</ele>
    <time>2026-05-09T17:08:14Z</time>
   </trkpt>
   <trkpt lat="69.6484120" lon="18.5352200">
    <ele>306.5</ele>
    <time>2026-05-09T17:08:15Z</time>
   </trkpt>
   <trkpt lat="69.6483960" lon="18.5351080">
    <ele>306.9</ele>
    <time>2026-05-09T17:08:16Z</time>
   </trkpt>
   <trkpt lat="69.6483960" lon="18.5351080">
    <ele>306.9</ele>
    <time>2026-05-09T17:08:17Z</time>
   </trkpt>
   <trkpt lat="69.6483860" lon="18.5350700">
    <ele>307.7</ele>
    <time>2026-05-09T17:08:18Z</time>
   </trkpt>
   <trkpt lat="69.6483770" lon="18.5350330">
    <ele>307.2</ele>
    <time>2026-05-09T17:08:19Z</time>
   </trkpt>
   <trkpt lat="69.6483670" lon="18.5349950">
    <ele>307.9</ele>
    <time>2026-05-09T17:08:20Z</time>
   </trkpt>
   <trkpt lat="69.6483480" lon="18.5348130">
    <ele>306.9</ele>
    <time>2026-05-09T17:08:21Z</time>
   </trkpt>
   <trkpt lat="69.6483480" lon="18.5348130">
    <ele>306.9</ele>
    <time>2026-05-09T17:08:22Z</time>
   </trkpt>
   <trkpt lat="69.6483330" lon="18.5346890">
    <ele>306.0</ele>
    <time>2026-05-09T17:08:23Z</time>
   </trkpt>
   <trkpt lat="69.6483150" lon="18.5345410">
    <ele>304.6</ele>
    <time>2026-05-09T17:08:24Z</time>
   </trkpt>
   <trkpt lat="69.6483010" lon="18.5343670">
    <ele>302.2</ele>
    <time>2026-05-09T17:08:25Z</time>
   </trkpt>
   <trkpt lat="69.6482750" lon="18.5339730">
    <ele>298.2</ele>
    <time>2026-05-09T17:08:26Z</time>
   </trkpt>
   <trkpt lat="69.6482730" lon="18.5339350">
    <ele>297.7</ele>
    <time>2026-05-09T17:08:27Z</time>
   </trkpt>
   <trkpt lat="69.6482680" lon="18.5338600">
    <ele>297.3</ele>
    <time>2026-05-09T17:08:28Z</time>
   </trkpt>
   <trkpt lat="69.6482590" lon="18.5337280">
    <ele>297.7</ele>
    <time>2026-05-09T17:08:29Z</time>
   </trkpt>
   <trkpt lat="69.6482550" lon="18.5336260">
    <ele>296.7</ele>
    <time>2026-05-09T17:08:30Z</time>
   </trkpt>
   <trkpt lat="69.6482490" lon="18.5334680">
    <ele>297.3</ele>
    <time>2026-05-09T17:08:31Z</time>
   </trkpt>
   <trkpt lat="69.6482490" lon="18.5334680">
    <ele>297.3</ele>
    <time>2026-05-09T17:08:32Z</time>
   </trkpt>
   <trkpt lat="69.6482460" lon="18.5334140">
    <ele>296.9</ele>
    <time>2026-05-09T17:08:33Z</time>
   </trkpt>
   <trkpt lat="69.6482460" lon="18.5334140">
    <ele>296.9</ele>
    <time>2026-05-09T17:08:34Z</time>
   </trkpt>
   <trkpt lat="69.6482430" lon="18.5333020">
    <ele>296.5</ele>
    <time>2026-05-09T17:08:35Z</time>
   </trkpt>
   <trkpt lat="69.6482750" lon="18.5331930">
    <ele>293.4</ele>
    <time>2026-05-09T17:08:36Z</time>
   </trkpt>
   <trkpt lat="69.6482750" lon="18.5331930">
    <ele>293.4</ele>
    <time>2026-05-09T17:08:37Z</time>
   </trkpt>
   <trkpt lat="69.6483100" lon="18.5332250">
    <ele>290.6</ele>
    <time>2026-05-09T17:08:38Z</time>
   </trkpt>
   <trkpt lat="69.6483460" lon="18.5333020">
    <ele>286.7</ele>
    <time>2026-05-09T17:08:39Z</time>
   </trkpt>
   <trkpt lat="69.6483940" lon="18.5332970">
    <ele>282.7</ele>
    <time>2026-05-09T17:08:40Z</time>
   </trkpt>
   <trkpt lat="69.6484510" lon="18.5329950">
    <ele>279.7</ele>
    <time>2026-05-09T17:08:41Z</time>
   </trkpt>
   <trkpt lat="69.6484590" lon="18.5329630">
    <ele>280.2</ele>
    <time>2026-05-09T17:08:42Z</time>
   </trkpt>
   <trkpt lat="69.6484730" lon="18.5328980">
    <ele>280.3</ele>
    <time>2026-05-09T17:08:43Z</time>
   </trkpt>
   <trkpt lat="69.6485220" lon="18.5328580">
    <ele>276.9</ele>
    <time>2026-05-09T17:08:44Z</time>
   </trkpt>
   <trkpt lat="69.6485650" lon="18.5329450">
    <ele>273.9</ele>
    <time>2026-05-09T17:08:45Z</time>
   </trkpt>
   <trkpt lat="69.6486650" lon="18.5331330">
    <ele>264.7</ele>
    <time>2026-05-09T17:08:46Z</time>
   </trkpt>
   <trkpt lat="69.6486770" lon="18.5331190">
    <ele>264.0</ele>
    <time>2026-05-09T17:08:47Z</time>
   </trkpt>
   <trkpt lat="69.6487000" lon="18.5330890">
    <ele>263.0</ele>
    <time>2026-05-09T17:08:48Z</time>
   </trkpt>
   <trkpt lat="69.6487460" lon="18.5329590">
    <ele>259.6</ele>
    <time>2026-05-09T17:08:49Z</time>
   </trkpt>
   <trkpt lat="69.6488000" lon="18.5329000">
    <ele>256.6</ele>
    <time>2026-05-09T17:08:50Z</time>
   </trkpt>
   <trkpt lat="69.6488870" lon="18.5330100">
    <ele>251.4</ele>
    <time>2026-05-09T17:08:51Z</time>
   </trkpt>
   <trkpt lat="69.6488870" lon="18.5330100">
    <ele>251.4</ele>
    <time>2026-05-09T17:08:52Z</time>
   </trkpt>
   <trkpt lat="69.6489350" lon="18.5329560">
    <ele>249.3</ele>
    <time>2026-05-09T17:08:53Z</time>
   </trkpt>
   <trkpt lat="69.6489680" lon="18.5328140">
    <ele>247.6</ele>
    <time>2026-05-09T17:08:54Z</time>
   </trkpt>
   <trkpt lat="69.6489870" lon="18.5326820">
    <ele>246.1</ele>
    <time>2026-05-09T17:08:55Z</time>
   </trkpt>
   <trkpt lat="69.6490160" lon="18.5325110">
    <ele>244.7</ele>
    <time>2026-05-09T17:08:56Z</time>
   </trkpt>
   <trkpt lat="69.6490160" lon="18.5325110">
    <ele>244.7</ele>
    <time>2026-05-09T17:08:57Z</time>
   </trkpt>
   <trkpt lat="69.6490350" lon="18.5324290">
    <ele>244.1</ele>
    <time>2026-05-09T17:08:58Z</time>
   </trkpt>
   <trkpt lat="69.6490510" lon="18.5323480">
    <ele>243.3</ele>
    <time>2026-05-09T17:08:59Z</time>
   </trkpt>
   <trkpt lat="69.6490610" lon="18.5322880">
    <ele>242.9</ele>
    <time>2026-05-09T17:09:00Z</time>
   </trkpt>
   <trkpt lat="69.6490710" lon="18.5321970">
    <ele>243.3</ele>
    <time>2026-05-09T17:09:01Z</time>
   </trkpt>
   <trkpt lat="69.6490710" lon="18.5321970">
    <ele>243.3</ele>
    <time>2026-05-09T17:09:02Z</time>
   </trkpt>
   <trkpt lat="69.6490890" lon="18.5321980">
    <ele>241.5</ele>
    <time>2026-05-09T17:09:03Z</time>
   </trkpt>
   <trkpt lat="69.6491070" lon="18.5322590">
    <ele>240.4</ele>
    <time>2026-05-09T17:09:04Z</time>
   </trkpt>
   <trkpt lat="69.6491200" lon="18.5323810">
    <ele>239.0</ele>
    <time>2026-05-09T17:09:05Z</time>
   </trkpt>
   <trkpt lat="69.6491500" lon="18.5326290">
    <ele>237.7</ele>
    <time>2026-05-09T17:09:06Z</time>
   </trkpt>
   <trkpt lat="69.6491500" lon="18.5326290">
    <ele>237.7</ele>
    <time>2026-05-09T17:09:07Z</time>
   </trkpt>
   <trkpt lat="69.6491950" lon="18.5326690">
    <ele>236.0</ele>
    <time>2026-05-09T17:09:08Z</time>
   </trkpt>
   <trkpt lat="69.6492410" lon="18.5326170">
    <ele>233.8</ele>
    <time>2026-05-09T17:09:09Z</time>
   </trkpt>
   <trkpt lat="69.6492670" lon="18.5325270">
    <ele>232.7</ele>
    <time>2026-05-09T17:09:10Z</time>
   </trkpt>
   <trkpt lat="69.6493000" lon="18.5324270">
    <ele>230.2</ele>
    <time>2026-05-09T17:09:11Z</time>
   </trkpt>
   <trkpt lat="69.6493400" lon="18.5323930">
    <ele>228.8</ele>
    <time>2026-05-09T17:09:12Z</time>
   </trkpt>
   <trkpt lat="69.6493620" lon="18.5324150">
    <ele>227.4</ele>
    <time>2026-05-09T17:09:13Z</time>
   </trkpt>
   <trkpt lat="69.6493840" lon="18.5324100">
    <ele>226.7</ele>
    <time>2026-05-09T17:09:14Z</time>
   </trkpt>
   <trkpt lat="69.6494050" lon="18.5324040">
    <ele>225.3</ele>
    <time>2026-05-09T17:09:15Z</time>
   </trkpt>
   <trkpt lat="69.6494350" lon="18.5323820">
    <ele>223.8</ele>
    <time>2026-05-09T17:09:16Z</time>
   </trkpt>
   <trkpt lat="69.6494350" lon="18.5323820">
    <ele>223.8</ele>
    <time>2026-05-09T17:09:17Z</time>
   </trkpt>
   <trkpt lat="69.6494350" lon="18.5323820">
    <ele>223.8</ele>
    <time>2026-05-09T17:09:18Z</time>
   </trkpt>
   <trkpt lat="69.6494350" lon="18.5323820">
    <ele>223.8</ele>
    <time>2026-05-09T17:09:19Z</time>
   </trkpt>
   <trkpt lat="69.6494350" lon="18.5323820">
    <ele>223.8</ele>
    <time>2026-05-09T17:09:20Z</time>
   </trkpt>
   <trkpt lat="69.6494380" lon="18.5324350">
    <ele>224.2</ele>
    <time>2026-05-09T17:09:21Z</time>
   </trkpt>
   <trkpt lat="69.6494760" lon="18.5324680">
    <ele>222.6</ele>
    <time>2026-05-09T17:09:22Z</time>
   </trkpt>
   <trkpt lat="69.6494760" lon="18.5324680">
    <ele>222.6</ele>
    <time>2026-05-09T17:09:23Z</time>
   </trkpt>
   <trkpt lat="69.6495080" lon="18.5324740">
    <ele>220.7</ele>
    <time>2026-05-09T17:09:24Z</time>
   </trkpt>
   <trkpt lat="69.6495290" lon="18.5324820">
    <ele>220.2</ele>
    <time>2026-05-09T17:09:25Z</time>
   </trkpt>
   <trkpt lat="69.6495460" lon="18.5324660">
    <ele>219.4</ele>
    <time>2026-05-09T17:09:26Z</time>
   </trkpt>
   <trkpt lat="69.6495590" lon="18.5324090">
    <ele>218.6</ele>
    <time>2026-05-09T17:09:27Z</time>
   </trkpt>
   <trkpt lat="69.6495700" lon="18.5323280">
    <ele>217.8</ele>
    <time>2026-05-09T17:09:28Z</time>
   </trkpt>
   <trkpt lat="69.6495970" lon="18.5322400">
    <ele>216.2</ele>
    <time>2026-05-09T17:09:29Z</time>
   </trkpt>
   <trkpt lat="69.6496340" lon="18.5321840">
    <ele>214.9</ele>
    <time>2026-05-09T17:09:30Z</time>
   </trkpt>
   <trkpt lat="69.6496670" lon="18.5321870">
    <ele>213.7</ele>
    <time>2026-05-09T17:09:31Z</time>
   </trkpt>
   <trkpt lat="69.6496880" lon="18.5322150">
    <ele>212.5</ele>
    <time>2026-05-09T17:09:32Z</time>
   </trkpt>
   <trkpt lat="69.6496880" lon="18.5322150">
    <ele>212.5</ele>
    <time>2026-05-09T17:09:33Z</time>
   </trkpt>
   <trkpt lat="69.6496880" lon="18.5322150">
    <ele>212.5</ele>
    <time>2026-05-09T17:09:34Z</time>
   </trkpt>
   <trkpt lat="69.6497200" lon="18.5322440">
    <ele>211.5</ele>
    <time>2026-05-09T17:09:35Z</time>
   </trkpt>
   <trkpt lat="69.6497410" lon="18.5322470">
    <ele>210.9</ele>
    <time>2026-05-09T17:09:36Z</time>
   </trkpt>
   <trkpt lat="69.6497770" lon="18.5322290">
    <ele>209.2</ele>
    <time>2026-05-09T17:09:37Z</time>
   </trkpt>
   <trkpt lat="69.6498090" lon="18.5322240">
    <ele>208.1</ele>
    <time>2026-05-09T17:09:38Z</time>
   </trkpt>
   <trkpt lat="69.6498090" lon="18.5322240">
    <ele>208.1</ele>
    <time>2026-05-09T17:09:39Z</time>
   </trkpt>
   <trkpt lat="69.6498090" lon="18.5322240">
    <ele>208.1</ele>
    <time>2026-05-09T17:09:40Z</time>
   </trkpt>
   <trkpt lat="69.6498220" lon="18.5322800">
    <ele>207.6</ele>
    <time>2026-05-09T17:09:41Z</time>
   </trkpt>
   <trkpt lat="69.6498640" lon="18.5322950">
    <ele>206.5</ele>
    <time>2026-05-09T17:09:42Z</time>
   </trkpt>
   <trkpt lat="69.6498640" lon="18.5322950">
    <ele>206.5</ele>
    <time>2026-05-09T17:09:43Z</time>
   </trkpt>
   <trkpt lat="69.6499040" lon="18.5323240">
    <ele>204.8</ele>
    <time>2026-05-09T17:09:44Z</time>
   </trkpt>
   <trkpt lat="69.6499450" lon="18.5323170">
    <ele>202.9</ele>
    <time>2026-05-09T17:09:45Z</time>
   </trkpt>
   <trkpt lat="69.6499610" lon="18.5322320">
    <ele>202.0</ele>
    <time>2026-05-09T17:09:46Z</time>
   </trkpt>
   <trkpt lat="69.6499780" lon="18.5321290">
    <ele>200.7</ele>
    <time>2026-05-09T17:09:47Z</time>
   </trkpt>
   <trkpt lat="69.6500050" lon="18.5320910">
    <ele>199.4</ele>
    <time>2026-05-09T17:09:48Z</time>
   </trkpt>
   <trkpt lat="69.6500330" lon="18.5321090">
    <ele>198.0</ele>
    <time>2026-05-09T17:09:49Z</time>
   </trkpt>
   <trkpt lat="69.6500670" lon="18.5321460">
    <ele>196.9</ele>
    <time>2026-05-09T17:09:50Z</time>
   </trkpt>
   <trkpt lat="69.6500960" lon="18.5322000">
    <ele>195.8</ele>
    <time>2026-05-09T17:09:51Z</time>
   </trkpt>
   <trkpt lat="69.6500960" lon="18.5322000">
    <ele>195.8</ele>
    <time>2026-05-09T17:09:52Z</time>
   </trkpt>
   <trkpt lat="69.6500960" lon="18.5322000">
    <ele>195.8</ele>
    <time>2026-05-09T17:09:53Z</time>
   </trkpt>
   <trkpt lat="69.6500960" lon="18.5322000">
    <ele>195.8</ele>
    <time>2026-05-09T17:09:54Z</time>
   </trkpt>
   <trkpt lat="69.6500960" lon="18.5322000">
    <ele>195.8</ele>
    <time>2026-05-09T17:09:55Z</time>
   </trkpt>
   <trkpt lat="69.6500960" lon="18.5322000">
    <ele>195.8</ele>
    <time>2026-05-09T17:09:56Z</time>
   </trkpt>
   <trkpt lat="69.6500960" lon="18.5322000">
    <ele>195.8</ele>
    <time>2026-05-09T17:09:57Z</time>
   </trkpt>
   <trkpt lat="69.6500960" lon="18.5322000">
    <ele>195.8</ele>
    <time>2026-05-09T17:09:58Z</time>
   </trkpt>
   <trkpt lat="69.6501150" lon="18.5322160">
    <ele>195.1</ele>
    <time>2026-05-09T17:09:59Z</time>
   </trkpt>
   <trkpt lat="69.6501350" lon="18.5321930">
    <ele>193.9</ele>
    <time>2026-05-09T17:10:00Z</time>
   </trkpt>
   <trkpt lat="69.6501560" lon="18.5321690">
    <ele>193.0</ele>
    <time>2026-05-09T17:10:01Z</time>
   </trkpt>
   <trkpt lat="69.6501760" lon="18.5321460">
    <ele>192.4</ele>
    <time>2026-05-09T17:10:02Z</time>
   </trkpt>
   <trkpt lat="69.6502140" lon="18.5321890">
    <ele>190.7</ele>
    <time>2026-05-09T17:10:03Z</time>
   </trkpt>
   <trkpt lat="69.6502500" lon="18.5322770">
    <ele>189.8</ele>
    <time>2026-05-09T17:10:04Z</time>
   </trkpt>
   <trkpt lat="69.6502680" lon="18.5323540">
    <ele>188.8</ele>
    <time>2026-05-09T17:10:05Z</time>
   </trkpt>
   <trkpt lat="69.6502680" lon="18.5323540">
    <ele>188.8</ele>
    <time>2026-05-09T17:10:06Z</time>
   </trkpt>
   <trkpt lat="69.6502890" lon="18.5324090">
    <ele>188.4</ele>
    <time>2026-05-09T17:10:07Z</time>
   </trkpt>
   <trkpt lat="69.6502890" lon="18.5324090">
    <ele>188.4</ele>
    <time>2026-05-09T17:10:08Z</time>
   </trkpt>
   <trkpt lat="69.6503200" lon="18.5324010">
    <ele>187.2</ele>
    <time>2026-05-09T17:10:09Z</time>
   </trkpt>
   <trkpt lat="69.6504020" lon="18.5324450">
    <ele>184.1</ele>
    <time>2026-05-09T17:10:10Z</time>
   </trkpt>
   <trkpt lat="69.6504020" lon="18.5324450">
    <ele>184.1</ele>
    <time>2026-05-09T17:10:11Z</time>
   </trkpt>
   <trkpt lat="69.6504150" lon="18.5324940">
    <ele>184.2</ele>
    <time>2026-05-09T17:10:12Z</time>
   </trkpt>
   <trkpt lat="69.6504150" lon="18.5324940">
    <ele>184.2</ele>
    <time>2026-05-09T17:10:13Z</time>
   </trkpt>
   <trkpt lat="69.6504260" lon="18.5325520">
    <ele>183.8</ele>
    <time>2026-05-09T17:10:14Z</time>
   </trkpt>
   <trkpt lat="69.6504460" lon="18.5325560">
    <ele>183.3</ele>
    <time>2026-05-09T17:10:15Z</time>
   </trkpt>
   <trkpt lat="69.6504790" lon="18.5325290">
    <ele>181.8</ele>
    <time>2026-05-09T17:10:16Z</time>
   </trkpt>
   <trkpt lat="69.6505200" lon="18.5325020">
    <ele>180.8</ele>
    <time>2026-05-09T17:10:17Z</time>
   </trkpt>
   <trkpt lat="69.6505660" lon="18.5325140">
    <ele>178.9</ele>
    <time>2026-05-09T17:10:18Z</time>
   </trkpt>
   <trkpt lat="69.6506070" lon="18.5325730">
    <ele>178.2</ele>
    <time>2026-05-09T17:10:19Z</time>
   </trkpt>
   <trkpt lat="69.6506490" lon="18.5326310">
    <ele>177.0</ele>
    <time>2026-05-09T17:10:20Z</time>
   </trkpt>
   <trkpt lat="69.6506880" lon="18.5326260">
    <ele>175.7</ele>
    <time>2026-05-09T17:10:21Z</time>
   </trkpt>
   <trkpt lat="69.6507120" lon="18.5325590">
    <ele>175.1</ele>
    <time>2026-05-09T17:10:22Z</time>
   </trkpt>
   <trkpt lat="69.6507340" lon="18.5324800">
    <ele>174.2</ele>
    <time>2026-05-09T17:10:23Z</time>
   </trkpt>
   <trkpt lat="69.6507740" lon="18.5324120">
    <ele>173.2</ele>
    <time>2026-05-09T17:10:24Z</time>
   </trkpt>
   <trkpt lat="69.6508300" lon="18.5323740">
    <ele>171.7</ele>
    <time>2026-05-09T17:10:25Z</time>
   </trkpt>
   <trkpt lat="69.6508840" lon="18.5323850">
    <ele>170.2</ele>
    <time>2026-05-09T17:10:26Z</time>
   </trkpt>
   <trkpt lat="69.6509130" lon="18.5324270">
    <ele>169.4</ele>
    <time>2026-05-09T17:10:27Z</time>
   </trkpt>
   <trkpt lat="69.6509300" lon="18.5324610">
    <ele>169.0</ele>
    <time>2026-05-09T17:10:28Z</time>
   </trkpt>
   <trkpt lat="69.6509650" lon="18.5324540">
    <ele>168.2</ele>
    <time>2026-05-09T17:10:29Z</time>
   </trkpt>
   <trkpt lat="69.6509650" lon="18.5324540">
    <ele>168.2</ele>
    <time>2026-05-09T17:10:30Z</time>
   </trkpt>
   <trkpt lat="69.6509870" lon="18.5324210">
    <ele>167.4</ele>
    <time>2026-05-09T17:10:31Z</time>
   </trkpt>
   <trkpt lat="69.6510160" lon="18.5324110">
    <ele>166.6</ele>
    <time>2026-05-09T17:10:32Z</time>
   </trkpt>
   <trkpt lat="69.6510470" lon="18.5324300">
    <ele>165.9</ele>
    <time>2026-05-09T17:10:33Z</time>
   </trkpt>
   <trkpt lat="69.6510730" lon="18.5324590">
    <ele>165.4</ele>
    <time>2026-05-09T17:10:34Z</time>
   </trkpt>
   <trkpt lat="69.6511020" lon="18.5324870">
    <ele>164.7</ele>
    <time>2026-05-09T17:10:35Z</time>
   </trkpt>
   <trkpt lat="69.6511340" lon="18.5325040">
    <ele>163.6</ele>
    <time>2026-05-09T17:10:36Z</time>
   </trkpt>
   <trkpt lat="69.6511650" lon="18.5325220">
    <ele>163.0</ele>
    <time>2026-05-09T17:10:37Z</time>
   </trkpt>
   <trkpt lat="69.6511870" lon="18.5325570">
    <ele>162.7</ele>
    <time>2026-05-09T17:10:38Z</time>
   </trkpt>
   <trkpt lat="69.6512030" lon="18.5326110">
    <ele>162.4</ele>
    <time>2026-05-09T17:10:39Z</time>
   </trkpt>
   <trkpt lat="69.6512150" lon="18.5326590">
    <ele>162.1</ele>
    <time>2026-05-09T17:10:40Z</time>
   </trkpt>
   <trkpt lat="69.6512280" lon="18.5327010">
    <ele>161.9</ele>
    <time>2026-05-09T17:10:41Z</time>
   </trkpt>
   <trkpt lat="69.6512470" lon="18.5327150">
    <ele>161.7</ele>
    <time>2026-05-09T17:10:42Z</time>
   </trkpt>
   <trkpt lat="69.6512660" lon="18.5326810">
    <ele>161.5</ele>
    <time>2026-05-09T17:10:43Z</time>
   </trkpt>
   <trkpt lat="69.6512880" lon="18.5326130">
    <ele>161.2</ele>
    <time>2026-05-09T17:10:44Z</time>
   </trkpt>
   <trkpt lat="69.6513190" lon="18.5325550">
    <ele>160.9</ele>
    <time>2026-05-09T17:10:45Z</time>
   </trkpt>
   <trkpt lat="69.6513550" lon="18.5325560">
    <ele>160.8</ele>
    <time>2026-05-09T17:10:46Z</time>
   </trkpt>
   <trkpt lat="69.6513870" lon="18.5326020">
    <ele>160.9</ele>
    <time>2026-05-09T17:10:47Z</time>
   </trkpt>
   <trkpt lat="69.6514310" lon="18.5327390">
    <ele>161.2</ele>
    <time>2026-05-09T17:10:48Z</time>
   </trkpt>
   <trkpt lat="69.6514310" lon="18.5327390">
    <ele>161.2</ele>
    <time>2026-05-09T17:10:49Z</time>
   </trkpt>
   <trkpt lat="69.6514430" lon="18.5328010">
    <ele>161.3</ele>
    <time>2026-05-09T17:10:50Z</time>
   </trkpt>
   <trkpt lat="69.6514430" lon="18.5328010">
    <ele>161.3</ele>
    <time>2026-05-09T17:10:51Z</time>
   </trkpt>
   <trkpt lat="69.6514430" lon="18.5328010">
    <ele>161.3</ele>
    <time>2026-05-09T17:10:52Z</time>
   </trkpt>
   <trkpt lat="69.6514430" lon="18.5328010">
    <ele>161.3</ele>
    <time>2026-05-09T17:10:53Z</time>
   </trkpt>
   <trkpt lat="69.6514430" lon="18.5328010">
    <ele>161.3</ele>
    <time>2026-05-09T17:10:54Z</time>
   </trkpt>
   <trkpt lat="69.6514430" lon="18.5328010">
    <ele>161.3</ele>
    <time>2026-05-09T17:10:55Z</time>
   </trkpt>
   <trkpt lat="69.6514430" lon="18.5328010">
    <ele>161.3</ele>
    <time>2026-05-09T17:10:56Z</time>
   </trkpt>
   <trkpt lat="69.6514430" lon="18.5328010">
    <ele>161.3</ele>
    <time>2026-05-09T17:10:57Z</time>
   </trkpt>
   <trkpt lat="69.6514430" lon="18.5328010">
    <ele>161.3</ele>
    <time>2026-05-09T17:10:58Z</time>
   </trkpt>
   <trkpt lat="69.6514430" lon="18.5328010">
    <ele>161.3</ele>
    <time>2026-05-09T17:10:59Z</time>
   </trkpt>
   <trkpt lat="69.6514430" lon="18.5328010">
    <ele>161.3</ele>
    <time>2026-05-09T17:11:00Z</time>
   </trkpt>
   <trkpt lat="69.6514430" lon="18.5328010">
    <ele>161.3</ele>
    <time>2026-05-09T17:11:01Z</time>
   </trkpt>
   <trkpt lat="69.6514430" lon="18.5328010">
    <ele>161.3</ele>
    <time>2026-05-09T17:11:02Z</time>
   </trkpt>
   <trkpt lat="69.6514430" lon="18.5328010">
    <ele>161.3</ele>
    <time>2026-05-09T17:11:03Z</time>
   </trkpt>
   <trkpt lat="69.6514430" lon="18.5328010">
    <ele>161.3</ele>
    <time>2026-05-09T17:11:04Z</time>
   </trkpt>
   <trkpt lat="69.6514430" lon="18.5328010">
    <ele>161.3</ele>
    <time>2026-05-09T17:11:05Z</time>
   </trkpt>
   <trkpt lat="69.6514430" lon="18.5328010">
    <ele>161.3</ele>
    <time>2026-05-09T17:11:06Z</time>
   </trkpt>
   <trkpt lat="69.6514430" lon="18.5328010">
    <ele>161.3</ele>
    <time>2026-05-09T17:11:07Z</time>
   </trkpt>
   <trkpt lat="69.6514430" lon="18.5328010">
    <ele>161.3</ele>
    <time>2026-05-09T17:11:08Z</time>
   </trkpt>
   <trkpt lat="69.6514430" lon="18.5328010">
    <ele>161.3</ele>
    <time>2026-05-09T17:11:09Z</time>
   </trkpt>
   <trkpt lat="69.6514430" lon="18.5328010">
    <ele>161.3</ele>
    <time>2026-05-09T17:11:10Z</time>
   </trkpt>
   <trkpt lat="69.6514430" lon="18.5328010">
    <ele>161.3</ele>
    <time>2026-05-09T17:11:11Z</time>
   </trkpt>
   <trkpt lat="69.6514300" lon="18.5328380">
    <ele>161.3</ele>
    <time>2026-05-09T17:11:12Z</time>
   </trkpt>
   <trkpt lat="69.6514300" lon="18.5328380">
    <ele>161.3</ele>
    <time>2026-05-09T17:11:13Z</time>
   </trkpt>
   <trkpt lat="69.6514300" lon="18.5328380">
    <ele>161.3</ele>
    <time>2026-05-09T17:11:14Z</time>
   </trkpt>
   <trkpt lat="69.6514300" lon="18.5328380">
    <ele>161.3</ele>
    <time>2026-05-09T17:11:15Z</time>
   </trkpt>
   <trkpt lat="69.6514300" lon="18.5328380">
    <ele>161.3</ele>
    <time>2026-05-09T17:11:16Z</time>
   </trkpt>
   <trkpt lat="69.6514300" lon="18.5328380">
    <ele>161.3</ele>
    <time>2026-05-09T17:11:17Z</time>
   </trkpt>
   <trkpt lat="69.6514300" lon="18.5328380">
    <ele>161.3</ele>
    <time>2026-05-09T17:11:18Z</time>
   </trkpt>
   <trkpt lat="69.6514300" lon="18.5328380">
    <ele>161.3</ele>
    <time>2026-05-09T17:11:19Z</time>
   </trkpt>
   <trkpt lat="69.6514300" lon="18.5328380">
    <ele>161.3</ele>
    <time>2026-05-09T17:11:20Z</time>
   </trkpt>
   <trkpt lat="69.6514300" lon="18.5328380">
    <ele>161.3</ele>
    <time>2026-05-09T17:11:21Z</time>
   </trkpt>
   <trkpt lat="69.6514300" lon="18.5328380">
    <ele>161.3</ele>
    <time>2026-05-09T17:11:22Z</time>
   </trkpt>
   <trkpt lat="69.6514300" lon="18.5328380">
    <ele>161.3</ele>
    <time>2026-05-09T17:11:23Z</time>
   </trkpt>
   <trkpt lat="69.6514300" lon="18.5328380">
    <ele>161.3</ele>
    <time>2026-05-09T17:11:24Z</time>
   </trkpt>
   <trkpt lat="69.6514300" lon="18.5328380">
    <ele>161.3</ele>
    <time>2026-05-09T17:11:25Z</time>
   </trkpt>
   <trkpt lat="69.6514300" lon="18.5328380">
    <ele>161.3</ele>
    <time>2026-05-09T17:11:26Z</time>
   </trkpt>
   <trkpt lat="69.6514300" lon="18.5328380">
    <ele>161.3</ele>
    <time>2026-05-09T17:11:27Z</time>
   </trkpt>
   <trkpt lat="69.6514300" lon="18.5328380">
    <ele>161.3</ele>
    <time>2026-05-09T17:11:28Z</time>
   </trkpt>
   <trkpt lat="69.6514300" lon="18.5328380">
    <ele>161.3</ele>
    <time>2026-05-09T17:11:29Z</time>
   </trkpt>
   <trkpt lat="69.6514300" lon="18.5328380">
    <ele>161.3</ele>
    <time>2026-05-09T17:11:30Z</time>
   </trkpt>
   <trkpt lat="69.6514300" lon="18.5328380">
    <ele>161.3</ele>
    <time>2026-05-09T17:11:31Z</time>
   </trkpt>
   <trkpt lat="69.6514490" lon="18.5328130">
    <ele>161.4</ele>
    <time>2026-05-09T17:11:32Z</time>
   </trkpt>
   <trkpt lat="69.6514490" lon="18.5328130">
    <ele>161.4</ele>
    <time>2026-05-09T17:11:33Z</time>
   </trkpt>
   <trkpt lat="69.6514490" lon="18.5328130">
    <ele>161.4</ele>
    <time>2026-05-09T17:11:34Z</time>
   </trkpt>
   <trkpt lat="69.6514490" lon="18.5328130">
    <ele>161.4</ele>
    <time>2026-05-09T17:11:35Z</time>
   </trkpt>
   <trkpt lat="69.6514490" lon="18.5328130">
    <ele>161.4</ele>
    <time>2026-05-09T17:11:36Z</time>
   </trkpt>
   <trkpt lat="69.6514770" lon="18.5328500">
    <ele>161.6</ele>
    <time>2026-05-09T17:11:37Z</time>
   </trkpt>
   <trkpt lat="69.6514770" lon="18.5328500">
    <ele>161.6</ele>
    <time>2026-05-09T17:11:38Z</time>
   </trkpt>
   <trkpt lat="69.6514770" lon="18.5328500">
    <ele>161.6</ele>
    <time>2026-05-09T17:11:39Z</time>
   </trkpt>
   <trkpt lat="69.6514980" lon="18.5329070">
    <ele>161.8</ele>
    <time>2026-05-09T17:11:40Z</time>
   </trkpt>
   <trkpt lat="69.6514980" lon="18.5329070">
    <ele>161.8</ele>
    <time>2026-05-09T17:11:41Z</time>
   </trkpt>
   <trkpt lat="69.6515150" lon="18.5329720">
    <ele>161.9</ele>
    <time>2026-05-09T17:11:42Z</time>
   </trkpt>
   <trkpt lat="69.6515150" lon="18.5329720">
    <ele>161.9</ele>
    <time>2026-05-09T17:11:43Z</time>
   </trkpt>
   <trkpt lat="69.6515250" lon="18.5330430">
    <ele>162.0</ele>
    <time>2026-05-09T17:11:44Z</time>
   </trkpt>
   <trkpt lat="69.6515350" lon="18.5331070">
    <ele>162.2</ele>
    <time>2026-05-09T17:11:45Z</time>
   </trkpt>
   <trkpt lat="69.6515350" lon="18.5331070">
    <ele>162.2</ele>
    <time>2026-05-09T17:11:46Z</time>
   </trkpt>
   <trkpt lat="69.6515440" lon="18.5331770">
    <ele>162.3</ele>
    <time>2026-05-09T17:11:47Z</time>
   </trkpt>
   <trkpt lat="69.6515440" lon="18.5331770">
    <ele>162.3</ele>
    <time>2026-05-09T17:11:48Z</time>
   </trkpt>
   <trkpt lat="69.6515440" lon="18.5331770">
    <ele>162.3</ele>
    <time>2026-05-09T17:11:49Z</time>
   </trkpt>
   <trkpt lat="69.6515500" lon="18.5332520">
    <ele>162.5</ele>
    <time>2026-05-09T17:11:50Z</time>
   </trkpt>
   <trkpt lat="69.6515500" lon="18.5332520">
    <ele>162.5</ele>
    <time>2026-05-09T17:11:51Z</time>
   </trkpt>
   <trkpt lat="69.6515550" lon="18.5333250">
    <ele>162.7</ele>
    <time>2026-05-09T17:11:52Z</time>
   </trkpt>
   <trkpt lat="69.6515550" lon="18.5333250">
    <ele>162.7</ele>
    <time>2026-05-09T17:11:53Z</time>
   </trkpt>
   <trkpt lat="69.6515610" lon="18.5333980">
    <ele>162.8</ele>
    <time>2026-05-09T17:11:54Z</time>
   </trkpt>
   <trkpt lat="69.6515610" lon="18.5333980">
    <ele>162.8</ele>
    <time>2026-05-09T17:11:55Z</time>
   </trkpt>
   <trkpt lat="69.6515670" lon="18.5334690">
    <ele>163.0</ele>
    <time>2026-05-09T17:11:56Z</time>
   </trkpt>
   <trkpt lat="69.6515710" lon="18.5335400">
    <ele>163.2</ele>
    <time>2026-05-09T17:11:57Z</time>
   </trkpt>
   <trkpt lat="69.6515710" lon="18.5335400">
    <ele>163.2</ele>
    <time>2026-05-09T17:11:58Z</time>
   </trkpt>
   <trkpt lat="69.6515710" lon="18.5335400">
    <ele>163.2</ele>
    <time>2026-05-09T17:11:59Z</time>
   </trkpt>
   <trkpt lat="69.6515770" lon="18.5336110">
    <ele>163.3</ele>
    <time>2026-05-09T17:12:00Z</time>
   </trkpt>
   <trkpt lat="69.6515770" lon="18.5336110">
    <ele>163.3</ele>
    <time>2026-05-09T17:12:01Z</time>
   </trkpt>
   <trkpt lat="69.6515790" lon="18.5336810">
    <ele>163.5</ele>
    <time>2026-05-09T17:12:02Z</time>
   </trkpt>
   <trkpt lat="69.6515790" lon="18.5336810">
    <ele>163.5</ele>
    <time>2026-05-09T17:12:03Z</time>
   </trkpt>
   <trkpt lat="69.6515850" lon="18.5337490">
    <ele>163.6</ele>
    <time>2026-05-09T17:12:04Z</time>
   </trkpt>
   <trkpt lat="69.6515850" lon="18.5337490">
    <ele>163.6</ele>
    <time>2026-05-09T17:12:05Z</time>
   </trkpt>
   <trkpt lat="69.6515860" lon="18.5338200">
    <ele>163.8</ele>
    <time>2026-05-09T17:12:06Z</time>
   </trkpt>
   <trkpt lat="69.6515900" lon="18.5338940">
    <ele>164.0</ele>
    <time>2026-05-09T17:12:07Z</time>
   </trkpt>
   <trkpt lat="69.6515900" lon="18.5338940">
    <ele>164.0</ele>
    <time>2026-05-09T17:12:08Z</time>
   </trkpt>
   <trkpt lat="69.6515900" lon="18.5338940">
    <ele>164.0</ele>
    <time>2026-05-09T17:12:09Z</time>
   </trkpt>
   <trkpt lat="69.6515940" lon="18.5339680">
    <ele>164.1</ele>
    <time>2026-05-09T17:12:10Z</time>
   </trkpt>
   <trkpt lat="69.6515940" lon="18.5339680">
    <ele>164.1</ele>
    <time>2026-05-09T17:12:11Z</time>
   </trkpt>
   <trkpt lat="69.6515970" lon="18.5340360">
    <ele>164.3</ele>
    <time>2026-05-09T17:12:12Z</time>
   </trkpt>
   <trkpt lat="69.6515970" lon="18.5340360">
    <ele>164.3</ele>
    <time>2026-05-09T17:12:13Z</time>
   </trkpt>
   <trkpt lat="69.6516030" lon="18.5341040">
    <ele>164.4</ele>
    <time>2026-05-09T17:12:14Z</time>
   </trkpt>
   <trkpt lat="69.6516030" lon="18.5341040">
    <ele>164.4</ele>
    <time>2026-05-09T17:12:15Z</time>
   </trkpt>
   <trkpt lat="69.6516070" lon="18.5341760">
    <ele>164.6</ele>
    <time>2026-05-09T17:12:16Z</time>
   </trkpt>
   <trkpt lat="69.6516130" lon="18.5342470">
    <ele>164.7</ele>
    <time>2026-05-09T17:12:17Z</time>
   </trkpt>
   <trkpt lat="69.6516130" lon="18.5342470">
    <ele>164.7</ele>
    <time>2026-05-09T17:12:18Z</time>
   </trkpt>
   <trkpt lat="69.6516130" lon="18.5342470">
    <ele>164.7</ele>
    <time>2026-05-09T17:12:19Z</time>
   </trkpt>
   <trkpt lat="69.6516180" lon="18.5343170">
    <ele>164.8</ele>
    <time>2026-05-09T17:12:20Z</time>
   </trkpt>
   <trkpt lat="69.6516180" lon="18.5343170">
    <ele>164.8</ele>
    <time>2026-05-09T17:12:21Z</time>
   </trkpt>
   <trkpt lat="69.6516250" lon="18.5343890">
    <ele>165.0</ele>
    <time>2026-05-09T17:12:22Z</time>
   </trkpt>
   <trkpt lat="69.6516310" lon="18.5344630">
    <ele>165.1</ele>
    <time>2026-05-09T17:12:23Z</time>
   </trkpt>
   <trkpt lat="69.6516310" lon="18.5344630">
    <ele>165.1</ele>
    <time>2026-05-09T17:12:24Z</time>
   </trkpt>
   <trkpt lat="69.6516310" lon="18.5344630">
    <ele>165.1</ele>
    <time>2026-05-09T17:12:25Z</time>
   </trkpt>
   <trkpt lat="69.6516360" lon="18.5345390">
    <ele>165.2</ele>
    <time>2026-05-09T17:12:26Z</time>
   </trkpt>
   <trkpt lat="69.6516430" lon="18.5346130">
    <ele>165.3</ele>
    <time>2026-05-09T17:12:27Z</time>
   </trkpt>
   <trkpt lat="69.6516430" lon="18.5346130">
    <ele>165.3</ele>
    <time>2026-05-09T17:12:28Z</time>
   </trkpt>
   <trkpt lat="69.6516430" lon="18.5346130">
    <ele>165.3</ele>
    <time>2026-05-09T17:12:29Z</time>
   </trkpt>
   <trkpt lat="69.6516520" lon="18.5346740">
    <ele>165.4</ele>
    <time>2026-05-09T17:12:30Z</time>
   </trkpt>
   <trkpt lat="69.6516520" lon="18.5346740">
    <ele>165.4</ele>
    <time>2026-05-09T17:12:31Z</time>
   </trkpt>
   <trkpt lat="69.6516630" lon="18.5347390">
    <ele>165.5</ele>
    <time>2026-05-09T17:12:32Z</time>
   </trkpt>
   <trkpt lat="69.6516630" lon="18.5347390">
    <ele>165.5</ele>
    <time>2026-05-09T17:12:33Z</time>
   </trkpt>
   <trkpt lat="69.6516680" lon="18.5348010">
    <ele>165.6</ele>
    <time>2026-05-09T17:12:34Z</time>
   </trkpt>
   <trkpt lat="69.6516680" lon="18.5348010">
    <ele>165.6</ele>
    <time>2026-05-09T17:12:35Z</time>
   </trkpt>
   <trkpt lat="69.6516770" lon="18.5348640">
    <ele>165.6</ele>
    <time>2026-05-09T17:12:36Z</time>
   </trkpt>
   <trkpt lat="69.6516870" lon="18.5349230">
    <ele>165.7</ele>
    <time>2026-05-09T17:12:37Z</time>
   </trkpt>
   <trkpt lat="69.6516870" lon="18.5349230">
    <ele>165.7</ele>
    <time>2026-05-09T17:12:38Z</time>
   </trkpt>
   <trkpt lat="69.6516870" lon="18.5349230">
    <ele>165.7</ele>
    <time>2026-05-09T17:12:39Z</time>
   </trkpt>
   <trkpt lat="69.6516960" lon="18.5349840">
    <ele>165.8</ele>
    <time>2026-05-09T17:12:40Z</time>
   </trkpt>
   <trkpt lat="69.6516960" lon="18.5349840">
    <ele>165.8</ele>
    <time>2026-05-09T17:12:41Z</time>
   </trkpt>
   <trkpt lat="69.6517040" lon="18.5350400">
    <ele>165.8</ele>
    <time>2026-05-09T17:12:42Z</time>
   </trkpt>
   <trkpt lat="69.6517040" lon="18.5350400">
    <ele>165.8</ele>
    <time>2026-05-09T17:12:43Z</time>
   </trkpt>
   <trkpt lat="69.6517040" lon="18.5350400">
    <ele>165.8</ele>
    <time>2026-05-09T17:12:44Z</time>
   </trkpt>
   <trkpt lat="69.6517040" lon="18.5350400">
    <ele>165.8</ele>
    <time>2026-05-09T17:12:45Z</time>
   </trkpt>
   <trkpt lat="69.6517040" lon="18.5350400">
    <ele>165.8</ele>
    <time>2026-05-09T17:12:46Z</time>
   </trkpt>
   <trkpt lat="69.6517040" lon="18.5350400">
    <ele>165.8</ele>
    <time>2026-05-09T17:12:47Z</time>
   </trkpt>
   <trkpt lat="69.6517040" lon="18.5350400">
    <ele>165.8</ele>
    <time>2026-05-09T17:12:48Z</time>
   </trkpt>
   <trkpt lat="69.6517040" lon="18.5350400">
    <ele>165.8</ele>
    <time>2026-05-09T17:12:49Z</time>
   </trkpt>
   <trkpt lat="69.6517040" lon="18.5350400">
    <ele>165.8</ele>
    <time>2026-05-09T17:12:50Z</time>
   </trkpt>
   <trkpt lat="69.6516960" lon="18.5350880">
    <ele>165.9</ele>
    <time>2026-05-09T17:12:51Z</time>
   </trkpt>
   <trkpt lat="69.6516960" lon="18.5350880">
    <ele>165.9</ele>
    <time>2026-05-09T17:12:52Z</time>
   </trkpt>
   <trkpt lat="69.6516960" lon="18.5350880">
    <ele>165.9</ele>
    <time>2026-05-09T17:12:53Z</time>
   </trkpt>
   <trkpt lat="69.6516960" lon="18.5350880">
    <ele>165.9</ele>
    <time>2026-05-09T17:12:54Z</time>
   </trkpt>
   <trkpt lat="69.6516960" lon="18.5350880">
    <ele>165.9</ele>
    <time>2026-05-09T17:12:55Z</time>
   </trkpt>
   <trkpt lat="69.6516960" lon="18.5350880">
    <ele>165.9</ele>
    <time>2026-05-09T17:12:56Z</time>
   </trkpt>
   <trkpt lat="69.6516960" lon="18.5350880">
    <ele>165.9</ele>
    <time>2026-05-09T17:12:57Z</time>
   </trkpt>
   <trkpt lat="69.6516960" lon="18.5350880">
    <ele>165.9</ele>
    <time>2026-05-09T17:12:58Z</time>
   </trkpt>
   <trkpt lat="69.6516960" lon="18.5350880">
    <ele>165.9</ele>
    <time>2026-05-09T17:12:59Z</time>
   </trkpt>
   <trkpt lat="69.6516960" lon="18.5350880">
    <ele>165.9</ele>
    <time>2026-05-09T17:13:00Z</time>
   </trkpt>
   <trkpt lat="69.6516960" lon="18.5350880">
    <ele>165.9</ele>
    <time>2026-05-09T17:13:01Z</time>
   </trkpt>
   <trkpt lat="69.6516960" lon="18.5350880">
    <ele>165.9</ele>
    <time>2026-05-09T17:13:02Z</time>
   </trkpt>
   <trkpt lat="69.6516960" lon="18.5350880">
    <ele>165.9</ele>
    <time>2026-05-09T17:13:03Z</time>
   </trkpt>
   <trkpt lat="69.6516960" lon="18.5350880">
    <ele>165.9</ele>
    <time>2026-05-09T17:13:04Z</time>
   </trkpt>
   <trkpt lat="69.6516960" lon="18.5350880">
    <ele>165.9</ele>
    <time>2026-05-09T17:13:05Z</time>
   </trkpt>
   <trkpt lat="69.6516960" lon="18.5350880">
    <ele>165.9</ele>
    <time>2026-05-09T17:13:06Z</time>
   </trkpt>
   <trkpt lat="69.6516960" lon="18.5350880">
    <ele>165.9</ele>
    <time>2026-05-09T17:13:07Z</time>
   </trkpt>
   <trkpt lat="69.6516960" lon="18.5350880">
    <ele>165.9</ele>
    <time>2026-05-09T17:13:08Z</time>
   </trkpt>
   <trkpt lat="69.6516960" lon="18.5350880">
    <ele>165.9</ele>
    <time>2026-05-09T17:13:09Z</time>
   </trkpt>
   <trkpt lat="69.6516960" lon="18.5350880">
    <ele>165.9</ele>
    <time>2026-05-09T17:13:10Z</time>
   </trkpt>
   <trkpt lat="69.6516960" lon="18.5350880">
    <ele>165.9</ele>
    <time>2026-05-09T17:13:11Z</time>
   </trkpt>
   <trkpt lat="69.6516960" lon="18.5350880">
    <ele>165.9</ele>
    <time>2026-05-09T17:13:12Z</time>
   </trkpt>
   <trkpt lat="69.6516960" lon="18.5350880">
    <ele>165.9</ele>
    <time>2026-05-09T17:13:13Z</time>
   </trkpt>
   <trkpt lat="69.6516960" lon="18.5350880">
    <ele>165.9</ele>
    <time>2026-05-09T17:13:14Z</time>
   </trkpt>
   <trkpt lat="69.6516960" lon="18.5350880">
    <ele>165.9</ele>
    <time>2026-05-09T17:13:15Z</time>
   </trkpt>
   <trkpt lat="69.6516960" lon="18.5350880">
    <ele>165.9</ele>
    <time>2026-05-09T17:13:16Z</time>
   </trkpt>
   <trkpt lat="69.6516810" lon="18.5351160">
    <ele>165.9</ele>
    <time>2026-05-09T17:13:17Z</time>
   </trkpt>
   <trkpt lat="69.6516810" lon="18.5351160">
    <ele>165.9</ele>
    <time>2026-05-09T17:13:18Z</time>
   </trkpt>
   <trkpt lat="69.6516810" lon="18.5351160">
    <ele>165.9</ele>
    <time>2026-05-09T17:13:19Z</time>
   </trkpt>
   <trkpt lat="69.6516810" lon="18.5351160">
    <ele>165.9</ele>
    <time>2026-05-09T17:13:20Z</time>
   </trkpt>
   <trkpt lat="69.6516810" lon="18.5351160">
    <ele>165.9</ele>
    <time>2026-05-09T17:13:21Z</time>
   </trkpt>
   <trkpt lat="69.6516810" lon="18.5351160">
    <ele>165.9</ele>
    <time>2026-05-09T17:13:22Z</time>
   </trkpt>
   <trkpt lat="69.6516810" lon="18.5351160">
    <ele>165.9</ele>
    <time>2026-05-09T17:13:23Z</time>
   </trkpt>
   <trkpt lat="69.6516810" lon="18.5351160">
    <ele>165.9</ele>
    <time>2026-05-09T17:13:24Z</time>
   </trkpt>
   <trkpt lat="69.6516810" lon="18.5351160">
    <ele>165.9</ele>
    <time>2026-05-09T17:13:25Z</time>
   </trkpt>
   <trkpt lat="69.6516810" lon="18.5351160">
    <ele>165.9</ele>
    <time>2026-05-09T17:13:26Z</time>
   </trkpt>
   <trkpt lat="69.6516810" lon="18.5351160">
    <ele>165.9</ele>
    <time>2026-05-09T17:13:27Z</time>
   </trkpt>
   <trkpt lat="69.6516810" lon="18.5351160">
    <ele>165.9</ele>
    <time>2026-05-09T17:13:28Z</time>
   </trkpt>
   <trkpt lat="69.6516810" lon="18.5351160">
    <ele>165.9</ele>
    <time>2026-05-09T17:13:29Z</time>
   </trkpt>
   <trkpt lat="69.6516810" lon="18.5351160">
    <ele>165.9</ele>
    <time>2026-05-09T17:13:30Z</time>
   </trkpt>
   <trkpt lat="69.6516810" lon="18.5351160">
    <ele>165.9</ele>
    <time>2026-05-09T17:13:31Z</time>
   </trkpt>
   <trkpt lat="69.6516810" lon="18.5351160">
    <ele>165.9</ele>
    <time>2026-05-09T17:13:32Z</time>
   </trkpt>
   <trkpt lat="69.6516810" lon="18.5351160">
    <ele>165.9</ele>
    <time>2026-05-09T17:13:33Z</time>
   </trkpt>
   <trkpt lat="69.6516810" lon="18.5351160">
    <ele>165.9</ele>
    <time>2026-05-09T17:13:34Z</time>
   </trkpt>
   <trkpt lat="69.6516810" lon="18.5351160">
    <ele>165.9</ele>
    <time>2026-05-09T17:13:35Z</time>
   </trkpt>
   <trkpt lat="69.6516810" lon="18.5351160">
    <ele>165.9</ele>
    <time>2026-05-09T17:13:36Z</time>
   </trkpt>
   <trkpt lat="69.6516810" lon="18.5351160">
    <ele>165.9</ele>
    <time>2026-05-09T17:13:37Z</time>
   </trkpt>
   <trkpt lat="69.6516810" lon="18.5351160">
    <ele>165.9</ele>
    <time>2026-05-09T17:13:38Z</time>
   </trkpt>
   <trkpt lat="69.6516810" lon="18.5351160">
    <ele>165.9</ele>
    <time>2026-05-09T17:13:39Z</time>
   </trkpt>
   <trkpt lat="69.6516810" lon="18.5351160">
    <ele>165.9</ele>
    <time>2026-05-09T17:13:40Z</time>
   </trkpt>
   <trkpt lat="69.6516810" lon="18.5351160">
    <ele>165.9</ele>
    <time>2026-05-09T17:13:41Z</time>
   </trkpt>
   <trkpt lat="69.6516810" lon="18.5351160">
    <ele>165.9</ele>
    <time>2026-05-09T17:13:42Z</time>
   </trkpt>
   <trkpt lat="69.6516810" lon="18.5351160">
    <ele>165.9</ele>
    <time>2026-05-09T17:13:43Z</time>
   </trkpt>
   <trkpt lat="69.6516810" lon="18.5351160">
    <ele>165.9</ele>
    <time>2026-05-09T17:13:44Z</time>
   </trkpt>
   <trkpt lat="69.6516810" lon="18.5351160">
    <ele>165.9</ele>
    <time>2026-05-09T17:13:45Z</time>
   </trkpt>
   <trkpt lat="69.6516810" lon="18.5351160">
    <ele>165.9</ele>
    <time>2026-05-09T17:13:46Z</time>
   </trkpt>
   <trkpt lat="69.6516810" lon="18.5351160">
    <ele>165.9</ele>
    <time>2026-05-09T17:13:47Z</time>
   </trkpt>
   <trkpt lat="69.6516810" lon="18.5351160">
    <ele>165.9</ele>
    <time>2026-05-09T17:13:48Z</time>
   </trkpt>
   <trkpt lat="69.6516810" lon="18.5351160">
    <ele>165.9</ele>
    <time>2026-05-09T17:13:49Z</time>
   </trkpt>
   <trkpt lat="69.6516810" lon="18.5351160">
    <ele>165.9</ele>
    <time>2026-05-09T17:13:50Z</time>
   </trkpt>
   <trkpt lat="69.6516810" lon="18.5351160">
    <ele>165.9</ele>
    <time>2026-05-09T17:13:51Z</time>
   </trkpt>
   <trkpt lat="69.6516810" lon="18.5351160">
    <ele>165.9</ele>
    <time>2026-05-09T17:13:52Z</time>
   </trkpt>
   <trkpt lat="69.6516810" lon="18.5351160">
    <ele>165.9</ele>
    <time>2026-05-09T17:13:53Z</time>
   </trkpt>
   <trkpt lat="69.6516810" lon="18.5351160">
    <ele>165.9</ele>
    <time>2026-05-09T17:13:54Z</time>
   </trkpt>
   <trkpt lat="69.6516810" lon="18.5351160">
    <ele>165.9</ele>
    <time>2026-05-09T17:13:55Z</time>
   </trkpt>
   <trkpt lat="69.6516810" lon="18.5351160">
    <ele>165.9</ele>
    <time>2026-05-09T17:13:56Z</time>
   </trkpt>
   <trkpt lat="69.6516810" lon="18.5351160">
    <ele>165.9</ele>
    <time>2026-05-09T17:13:57Z</time>
   </trkpt>
   <trkpt lat="69.6516810" lon="18.5351160">
    <ele>165.9</ele>
    <time>2026-05-09T17:13:58Z</time>
   </trkpt>
   <trkpt lat="69.6516810" lon="18.5351160">
    <ele>165.9</ele>
    <time>2026-05-09T17:13:59Z</time>
   </trkpt>
   <trkpt lat="69.6516810" lon="18.5351160">
    <ele>165.9</ele>
    <time>2026-05-09T17:14:00Z</time>
   </trkpt>
   <trkpt lat="69.6516810" lon="18.5351160">
    <ele>165.9</ele>
    <time>2026-05-09T17:14:01Z</time>
   </trkpt>
   <trkpt lat="69.6516810" lon="18.5351160">
    <ele>165.9</ele>
    <time>2026-05-09T17:14:02Z</time>
   </trkpt>
   <trkpt lat="69.6516810" lon="18.5351160">
    <ele>165.9</ele>
    <time>2026-05-09T17:14:03Z</time>
   </trkpt>
   <trkpt lat="69.6516810" lon="18.5351160">
    <ele>165.9</ele>
    <time>2026-05-09T17:14:04Z</time>
   </trkpt>
   <trkpt lat="69.6516810" lon="18.5351160">
    <ele>165.9</ele>
    <time>2026-05-09T17:14:05Z</time>
   </trkpt>
   <trkpt lat="69.6516810" lon="18.5351160">
    <ele>165.9</ele>
    <time>2026-05-09T17:14:06Z</time>
   </trkpt>
   <trkpt lat="69.6516810" lon="18.5351160">
    <ele>165.9</ele>
    <time>2026-05-09T17:14:07Z</time>
   </trkpt>
   <trkpt lat="69.6516810" lon="18.5351160">
    <ele>165.9</ele>
    <time>2026-05-09T17:14:08Z</time>
   </trkpt>
   <trkpt lat="69.6516810" lon="18.5351160">
    <ele>165.9</ele>
    <time>2026-05-09T17:14:09Z</time>
   </trkpt>
   <trkpt lat="69.6516810" lon="18.5351160">
    <ele>165.9</ele>
    <time>2026-05-09T17:14:10Z</time>
   </trkpt>
   <trkpt lat="69.6516810" lon="18.5351160">
    <ele>165.9</ele>
    <time>2026-05-09T17:14:11Z</time>
   </trkpt>
   <trkpt lat="69.6516810" lon="18.5351160">
    <ele>165.9</ele>
    <time>2026-05-09T17:14:12Z</time>
   </trkpt>
   <trkpt lat="69.6516810" lon="18.5351160">
    <ele>165.9</ele>
    <time>2026-05-09T17:14:13Z</time>
   </trkpt>
   <trkpt lat="69.6516810" lon="18.5351160">
    <ele>165.9</ele>
    <time>2026-05-09T17:14:14Z</time>
   </trkpt>
   <trkpt lat="69.6516810" lon="18.5351160">
    <ele>165.9</ele>
    <time>2026-05-09T17:14:15Z</time>
   </trkpt>
   <trkpt lat="69.6516810" lon="18.5351160">
    <ele>165.9</ele>
    <time>2026-05-09T17:14:16Z</time>
   </trkpt>
   <trkpt lat="69.6516810" lon="18.5351160">
    <ele>165.9</ele>
    <time>2026-05-09T17:14:17Z</time>
   </trkpt>
   <trkpt lat="69.6516810" lon="18.5351160">
    <ele>165.9</ele>
    <time>2026-05-09T17:14:18Z</time>
   </trkpt>
   <trkpt lat="69.6516800" lon="18.5351100">
    <ele>165.9</ele>
    <time>2026-05-09T17:14:19Z</time>
   </trkpt>
  </trkseg>
 </trk>
</gpx>
